generation_id,pokemon_id,base_friendship
2,1,70
2,2,70
2,3,70
2,4,70
2,5,70
2,6,70
2,7,70
2,8,70
2,9,70
2,10,70
2,11,70
2,12,70
2,13,70
2,14,70
2,15,70
2,16,70
2,17,70
2,18,70
2,19,70
2,20,70
2,21,70
2,22,70
2,23,70
2,24,70
2,25,70
2,26,70
2,27,70
2,28,70
2,29,70
2,30,70
2,31,70
2,32,70
2,33,70
2,34,70
2,35,140
2,36,140
2,37,70
2,38,70
2,39,70
2,40,70
2,41,70
2,42,70
2,43,70
2,44,70
2,45,70
2,46,70
2,47,70
2,48,70
2,49,70
2,50,70
2,51,70
2,52,70
2,53,70
2,54,70
2,55,70
2,56,70
2,57,70
2,58,70
2,59,70
2,60,70
2,61,70
2,62,70
2,63,70
2,64,70
2,65,70
2,66,70
2,67,70
2,68,70
2,69,70
2,70,70
2,71,70
2,72,70
2,73,70
2,74,70
2,75,70
2,76,70
2,77,70
2,78,70
2,79,70
2,80,70
2,81,70
2,82,70
2,83,70
2,84,70
2,85,70
2,86,70
2,87,70
2,88,70
2,89,70
2,90,70
2,91,70
2,92,70
2,93,70
2,94,70
2,95,70
2,96,70
2,97,70
2,98,70
2,99,70
2,100,70
2,101,70
2,102,70
2,103,70
2,104,70
2,105,70
2,106,70
2,107,70
2,108,70
2,109,70
2,110,70
2,111,70
2,112,70
2,113,140
2,114,70
2,115,70
2,116,70
2,117,70
2,118,70
2,119,70
2,120,70
2,121,70
2,122,70
2,123,70
2,124,70
2,125,70
2,126,70
2,127,70
2,128,70
2,129,70
2,130,70
2,131,70
2,132,70
2,133,70
2,134,70
2,135,70
2,136,70
2,137,70
2,138,70
2,139,70
2,140,70
2,141,70
2,142,70
2,143,70
2,144,35
2,145,35
2,146,35
2,147,35
2,148,35
2,149,35
2,150,0
2,151,100
2,152,70
2,153,70
2,154,70
2,155,70
2,156,70
2,157,70
2,158,70
2,159,70
2,160,70
2,161,70
2,162,70
2,163,70
2,164,70
2,165,70
2,166,70
2,167,70
2,168,70
2,169,70
2,170,70
2,171,70
2,172,70
2,173,140
2,174,70
2,175,70
2,176,70
2,177,70
2,178,70
2,179,70
2,180,70
2,181,70
2,182,70
2,183,70
2,184,70
2,185,70
2,186,70
2,187,70
2,188,70
2,189,70
2,190,70
2,191,70
2,192,70
2,193,70
2,194,70
2,195,70
2,196,70
2,197,35
2,198,35
2,199,70
2,200,35
2,201,70
2,202,70
2,203,70
2,204,70
2,205,70
2,206,70
2,207,70
2,208,70
2,209,70
2,210,70
2,211,70
2,212,70
2,213,70
2,214,70
2,215,35
2,216,70
2,217,70
2,218,70
2,219,70
2,220,70
2,221,70
2,222,70
2,223,70
2,224,70
2,225,70
2,226,70
2,227,70
2,228,35
2,229,35
2,230,70
2,231,70
2,232,70
2,233,70
2,234,70
2,235,70
2,236,70
2,237,70
2,238,70
2,239,70
2,240,70
2,241,70
2,242,140
2,243,35
2,244,35
2,245,35
2,246,35
2,247,35
2,248,35
2,249,0
2,250,0
2,251,100
3,1,70
3,2,70
3,3,70
3,4,70
3,5,70
3,6,70
3,7,70
3,8,70
3,9,70
3,10,70
3,11,70
3,12,70
3,13,70
3,14,70
3,15,70
3,16,70
3,17,70
3,18,70
3,19,70
3,20,70
3,21,70
3,22,70
3,23,70
3,24,70
3,25,70
3,26,70
3,27,70
3,28,70
3,29,70
3,30,70
3,31,70
3,32,70
3,33,70
3,34,70
3,35,140
3,36,140
3,37,70
3,38,70
3,39,70
3,40,70
3,41,70
3,42,70
3,43,70
3,44,70
3,45,70
3,46,70
3,47,70
3,48,70
3,49,70
3,50,70
3,51,70
3,52,70
3,53,70
3,54,70
3,55,70
3,56,70
3,57,70
3,58,70
3,59,70
3,60,70
3,61,70
3,62,70
3,63,70
3,64,70
3,65,70
3,66,70
3,67,70
3,68,70
3,69,70
3,70,70
3,71,70
3,72,70
3,73,70
3,74,70
3,75,70
3,76,70
3,77,70
3,78,70
3,79,70
3,80,70
3,81,70
3,82,70
3,83,70
3,84,70
3,85,70
3,86,70
3,87,70
3,88,70
3,89,70
3,90,70
3,91,70
3,92,70
3,93,70
3,94,70
3,95,70
3,96,70
3,97,70
3,98,70
3,99,70
3,100,70
3,101,70
3,102,70
3,103,70
3,104,70
3,105,70
3,106,70
3,107,70
3,108,70
3,109,70
3,110,70
3,111,70
3,112,70
3,113,140
3,114,70
3,115,70
3,116,70
3,117,70
3,118,70
3,119,70
3,120,70
3,121,70
3,122,70
3,123,70
3,124,70
3,125,70
3,126,70
3,127,70
3,128,70
3,129,70
3,130,70
3,131,70
3,132,70
3,133,70
3,134,70
3,135,70
3,136,70
3,137,70
3,138,70
3,139,70
3,140,70
3,141,70
3,142,70
3,143,70
3,144,35
3,145,35
3,146,35
3,147,35
3,148,35
3,149,35
3,150,0
3,151,100
3,152,70
3,153,70
3,154,70
3,155,70
3,156,70
3,157,70
3,158,70
3,159,70
3,160,70
3,161,70
3,162,70
3,163,70
3,164,70
3,165,70
3,166,70
3,167,70
3,168,70
3,169,70
3,170,70
3,171,70
3,172,70
3,173,140
3,174,70
3,175,70
3,176,70
3,177,70
3,178,70
3,179,70
3,180,70
3,181,70
3,182,70
3,183,70
3,184,70
3,185,70
3,186,70
3,187,70
3,188,70
3,189,70
3,190,70
3,191,70
3,192,70
3,193,70
3,194,70
3,195,70
3,196,70
3,197,35
3,198,35
3,199,70
3,200,35
3,201,70
3,202,70
3,203,70
3,204,70
3,205,70
3,206,70
3,207,70
3,208,70
3,209,70
3,210,70
3,211,70
3,212,70
3,213,70
3,214,70
3,215,35
3,216,70
3,217,70
3,218,70
3,219,70
3,220,70
3,221,70
3,222,70
3,223,70
3,224,70
3,225,70
3,226,70
3,227,70
3,228,35
3,229,35
3,230,70
3,231,70
3,232,70
3,233,70
3,234,70
3,235,70
3,236,70
3,237,70
3,238,70
3,239,70
3,240,70
3,241,70
3,242,140
3,243,35
3,244,35
3,245,35
3,246,35
3,247,35
3,248,35
3,249,0
3,250,0
3,251,100
3,252,70
3,253,70
3,254,70
3,255,70
3,256,70
3,257,70
3,258,70
3,259,70
3,260,70
3,261,70
3,262,70
3,263,70
3,264,70
3,265,70
3,266,70
3,267,70
3,268,70
3,269,70
3,270,70
3,271,70
3,272,70
3,273,70
3,274,70
3,275,70
3,276,70
3,277,70
3,278,70
3,279,70
3,280,35
3,281,35
3,282,35
3,283,70
3,284,70
3,285,70
3,286,70
3,287,70
3,288,70
3,289,70
3,290,70
3,291,70
3,292,70
3,293,70
3,294,70
3,295,70
3,296,70
3,297,70
3,298,70
3,299,70
3,300,70
3,301,70
3,302,35
3,303,70
3,304,35
3,305,35
3,306,35
3,307,70
3,308,70
3,309,70
3,310,70
3,311,70
3,312,70
3,313,70
3,314,70
3,315,70
3,316,70
3,317,70
3,318,35
3,319,35
3,320,70
3,321,70
3,322,70
3,323,70
3,324,70
3,325,70
3,326,70
3,327,70
3,328,70
3,329,70
3,330,70
3,331,35
3,332,35
3,333,70
3,334,70
3,335,70
3,336,70
3,337,70
3,338,70
3,339,70
3,340,70
3,341,70
3,342,70
3,343,70
3,344,70
3,345,70
3,346,70
3,347,70
3,348,70
3,349,70
3,350,70
3,351,70
3,352,70
3,353,35
3,354,35
3,355,35
3,356,35
3,357,70
3,358,70
3,359,35
3,360,70
3,361,70
3,362,70
3,363,70
3,364,70
3,365,70
3,366,70
3,367,70
3,368,70
3,369,70
3,370,70
3,371,35
3,372,35
3,373,35
3,374,35
3,375,35
3,376,35
3,377,35
3,378,35
3,379,35
3,380,90
3,381,90
3,382,0
3,383,0
3,384,0
3,385,100
3,386,0
3,387,70
3,388,70
3,389,70
3,390,70
3,391,70
3,392,70
3,393,70
3,394,70
3,395,70
3,396,70
3,397,70
3,398,70
3,399,70
3,400,70
3,401,70
3,402,70
3,403,70
3,404,100
3,405,70
3,406,70
3,407,70
3,408,70
3,409,70
3,410,70
3,411,70
3,412,70
3,413,70
3,414,70
3,415,70
3,416,70
3,417,100
3,418,70
3,419,70
3,420,70
3,421,70
3,422,70
3,423,70
3,424,100
3,425,70
3,426,70
3,427,0
3,428,140
3,429,35
3,430,35
3,431,70
3,432,70
3,433,70
3,434,70
3,435,70
3,436,70
3,437,70
3,438,70
3,439,70
3,440,140
3,441,35
3,442,70
3,443,70
3,444,70
3,445,70
3,446,70
3,447,70
3,448,70
3,449,70
3,450,70
3,451,70
3,452,70
3,453,100
3,454,70
3,455,70
3,456,70
3,457,70
3,458,70
3,459,70
3,460,70
3,461,35
3,462,70
3,463,70
3,464,70
3,465,70
3,466,70
3,467,70
3,468,70
3,469,70
3,470,35
3,471,35
3,472,70
3,473,70
3,474,70
3,475,35
3,476,70
3,477,35
3,478,70
3,479,70
3,480,140
3,481,140
3,482,140
3,483,0
3,484,0
3,485,100
3,486,0
3,487,0
3,488,100
3,489,70
3,490,70
3,491,0
3,492,100
3,493,0
3,494,100
3,495,70
3,496,70
3,497,70
3,498,70
3,499,70
3,500,70
3,501,70
3,502,70
3,503,70
3,504,70
3,505,70
3,506,70
3,507,70
3,508,70
3,509,70
3,510,70
3,511,70
3,512,70
3,513,70
3,514,70
3,515,70
3,516,70
3,517,70
3,518,70
3,519,70
3,520,70
3,521,70
3,522,70
3,523,70
3,524,70
3,525,70
3,526,70
3,527,70
3,528,70
3,529,70
3,530,70
3,531,70
3,532,70
3,533,70
3,534,70
3,535,70
3,536,70
3,537,70
3,538,70
3,539,70
3,540,70
3,541,70
3,542,70
3,543,70
3,544,70
3,545,70
3,546,70
3,547,70
3,548,70
3,549,70
3,550,70
3,551,70
3,552,70
3,553,70
3,554,70
3,555,70
3,556,70
3,557,70
3,558,70
3,559,35
3,560,70
3,561,70
3,562,70
3,563,70
3,564,70
3,565,70
3,566,70
3,567,70
3,568,70
3,569,70
3,570,70
3,571,70
3,572,70
3,573,70
3,574,70
3,575,70
3,576,70
3,577,70
3,578,70
3,579,70
3,580,70
3,581,70
3,582,70
3,583,70
3,584,70
3,585,70
3,586,70
3,587,70
3,588,70
3,589,70
3,590,70
3,591,70
3,592,70
3,593,70
3,594,70
3,595,70
3,596,70
3,597,70
3,598,70
3,599,70
3,600,70
3,601,70
3,602,70
3,603,70
3,604,70
3,605,70
3,606,70
3,607,70
3,608,70
3,609,70
3,610,35
3,611,35
3,612,35
3,613,70
3,614,70
3,615,70
3,616,70
3,617,70
3,618,70
3,619,70
3,620,70
3,621,70
3,622,70
3,623,70
3,624,35
3,625,35
3,626,70
3,627,70
3,628,70
3,629,35
3,630,35
3,631,70
3,632,70
3,633,35
3,634,35
3,635,35
3,636,70
3,637,70
3,638,35
3,639,35
3,640,35
3,641,90
3,642,90
3,643,0
3,644,0
3,645,90
3,646,0
3,647,35
3,648,100
3,649,0
3,650,70
3,651,70
3,652,70
3,653,70
3,654,70
3,655,70
3,656,70
3,657,70
3,658,70
3,659,70
3,660,70
3,661,70
3,662,70
3,663,70
3,664,70
3,665,70
3,666,70
3,667,70
3,668,70
3,669,70
3,670,70
3,671,70
3,672,70
3,673,70
3,674,70
3,675,70
3,676,70
3,677,70
3,678,70
3,679,70
3,680,70
3,681,70
3,682,70
3,683,70
3,684,70
3,685,70
3,686,70
3,687,70
3,688,70
3,689,70
3,690,70
3,691,70
3,692,70
3,693,70
3,694,70
3,695,70
3,696,70
3,697,70
3,698,70
3,699,70
3,700,70
3,701,70
3,702,70
3,703,70
3,704,35
3,705,35
3,706,35
3,707,70
3,708,70
3,709,70
3,710,70
3,711,70
3,712,70
3,713,70
3,714,70
3,715,70
3,716,0
3,717,0
3,718,0
3,719,70
3,720,100
3,721,100
3,722,70
3,723,70
3,724,70
3,725,70
3,726,70
3,727,70
3,728,70
3,729,70
3,730,70
3,731,70
3,732,70
3,733,70
3,734,70
3,735,70
3,736,70
3,737,70
3,738,70
3,739,70
3,740,70
3,741,70
3,742,70
3,743,70
3,744,70
3,745,70
3,746,70
3,747,70
3,748,70
3,749,70
3,750,70
3,751,70
3,752,70
3,753,70
3,754,70
3,755,70
3,756,70
3,757,70
3,758,70
3,759,70
3,760,70
3,761,70
3,762,70
3,763,70
3,764,70
3,765,70
3,766,70
3,767,70
3,768,70
3,769,70
3,770,70
3,771,70
3,772,0
3,773,0
3,774,70
3,775,70
3,776,70
3,777,70
3,778,70
3,779,70
3,780,70
3,781,70
3,782,70
3,783,70
3,784,70
3,785,70
3,786,70
3,787,70
3,788,70
3,789,0
3,790,0
3,791,0
3,792,0
3,793,0
3,794,0
3,795,0
3,796,0
3,797,0
3,798,0
3,799,0
3,800,0
3,801,0
3,802,0
3,803,0
3,804,0
3,805,0
3,806,0
3,807,0
3,808,0
3,809,0
3,10001,70
3,10002,70
3,10003,70
3,10004,0
3,10005,0
3,10006,0
4,1,70
4,2,70
4,3,70
4,4,70
4,5,70
4,6,70
4,7,70
4,8,70
4,9,70
4,10,70
4,11,70
4,12,70
4,13,70
4,14,70
4,15,70
4,16,70
4,17,70
4,18,70
4,19,70
4,20,70
4,21,70
4,22,70
4,23,70
4,24,70
4,25,70
4,26,70
4,27,70
4,28,70
4,29,70
4,30,70
4,31,70
4,32,70
4,33,70
4,34,70
4,35,140
4,36,140
4,37,70
4,38,70
4,39,70
4,40,70
4,41,70
4,42,70
4,43,70
4,44,70
4,45,70
4,46,70
4,47,70
4,48,70
4,49,70
4,50,70
4,51,70
4,52,70
4,53,70
4,54,70
4,55,70
4,56,70
4,57,70
4,58,70
4,59,70
4,60,70
4,61,70
4,62,70
4,63,70
4,64,70
4,65,70
4,66,70
4,67,70
4,68,70
4,69,70
4,70,70
4,71,70
4,72,70
4,73,70
4,74,70
4,75,70
4,76,70
4,77,70
4,78,70
4,79,70
4,80,70
4,81,70
4,82,70
4,83,70
4,84,70
4,85,70
4,86,70
4,87,70
4,88,70
4,89,70
4,90,70
4,91,70
4,92,70
4,93,70
4,94,70
4,95,70
4,96,70
4,97,70
4,98,70
4,99,70
4,100,70
4,101,70
4,102,70
4,103,70
4,104,70
4,105,70
4,106,70
4,107,70
4,108,70
4,109,70
4,110,70
4,111,70
4,112,70
4,113,140
4,114,70
4,115,70
4,116,70
4,117,70
4,118,70
4,119,70
4,120,70
4,121,70
4,122,70
4,123,70
4,124,70
4,125,70
4,126,70
4,127,70
4,128,70
4,129,70
4,130,70
4,131,70
4,132,70
4,133,70
4,134,70
4,135,70
4,136,70
4,137,70
4,138,70
4,139,70
4,140,70
4,141,70
4,142,70
4,143,70
4,144,35
4,145,35
4,146,35
4,147,35
4,148,35
4,149,35
4,150,0
4,151,100
4,152,70
4,153,70
4,154,70
4,155,70
4,156,70
4,157,70
4,158,70
4,159,70
4,160,70
4,161,70
4,162,70
4,163,70
4,164,70
4,165,70
4,166,70
4,167,70
4,168,70
4,169,70
4,170,70
4,171,70
4,172,70
4,173,140
4,174,70
4,175,70
4,176,70
4,177,70
4,178,70
4,179,70
4,180,70
4,181,70
4,182,70
4,183,70
4,184,70
4,185,70
4,186,70
4,187,70
4,188,70
4,189,70
4,190,70
4,191,70
4,192,70
4,193,70
4,194,70
4,195,70
4,196,70
4,197,35
4,198,35
4,199,70
4,200,35
4,201,70
4,202,70
4,203,70
4,204,70
4,205,70
4,206,70
4,207,70
4,208,70
4,209,70
4,210,70
4,211,70
4,212,70
4,213,70
4,214,70
4,215,35
4,216,70
4,217,70
4,218,70
4,219,70
4,220,70
4,221,70
4,222,70
4,223,70
4,224,70
4,225,70
4,226,70
4,227,70
4,228,35
4,229,35
4,230,70
4,231,70
4,232,70
4,233,70
4,234,70
4,235,70
4,236,70
4,237,70
4,238,70
4,239,70
4,240,70
4,241,70
4,242,140
4,243,35
4,244,35
4,245,35
4,246,35
4,247,35
4,248,35
4,249,0
4,250,0
4,251,100
4,252,70
4,253,70
4,254,70
4,255,70
4,256,70
4,257,70
4,258,70
4,259,70
4,260,70
4,261,70
4,262,70
4,263,70
4,264,70
4,265,70
4,266,70
4,267,70
4,268,70
4,269,70
4,270,70
4,271,70
4,272,70
4,273,70
4,274,70
4,275,70
4,276,70
4,277,70
4,278,70
4,279,70
4,280,35
4,281,35
4,282,35
4,283,70
4,284,70
4,285,70
4,286,70
4,287,70
4,288,70
4,289,70
4,290,70
4,291,70
4,292,70
4,293,70
4,294,70
4,295,70
4,296,70
4,297,70
4,298,70
4,299,70
4,300,70
4,301,70
4,302,35
4,303,70
4,304,35
4,305,35
4,306,35
4,307,70
4,308,70
4,309,70
4,310,70
4,311,70
4,312,70
4,313,70
4,314,70
4,315,70
4,316,70
4,317,70
4,318,35
4,319,35
4,320,70
4,321,70
4,322,70
4,323,70
4,324,70
4,325,70
4,326,70
4,327,70
4,328,70
4,329,70
4,330,70
4,331,35
4,332,35
4,333,70
4,334,70
4,335,70
4,336,70
4,337,70
4,338,70
4,339,70
4,340,70
4,341,70
4,342,70
4,343,70
4,344,70
4,345,70
4,346,70
4,347,70
4,348,70
4,349,70
4,350,70
4,351,70
4,352,70
4,353,35
4,354,35
4,355,35
4,356,35
4,357,70
4,358,70
4,359,35
4,360,70
4,361,70
4,362,70
4,363,70
4,364,70
4,365,70
4,366,70
4,367,70
4,368,70
4,369,70
4,370,70
4,371,35
4,372,35
4,373,35
4,374,35
4,375,35
4,376,35
4,377,35
4,378,35
4,379,35
4,380,90
4,381,90
4,382,0
4,383,0
4,384,0
4,385,100
4,386,0
4,387,70
4,388,70
4,389,70
4,390,70
4,391,70
4,392,70
4,393,70
4,394,70
4,395,70
4,396,70
4,397,70
4,398,70
4,399,70
4,400,70
4,401,70
4,402,70
4,403,70
4,404,100
4,405,70
4,406,70
4,407,70
4,408,70
4,409,70
4,410,70
4,411,70
4,412,70
4,413,70
4,414,70
4,415,70
4,416,70
4,417,100
4,418,70
4,419,70
4,420,70
4,421,70
4,422,70
4,423,70
4,424,100
4,425,70
4,426,70
4,427,0
4,428,140
4,429,35
4,430,35
4,431,70
4,432,70
4,433,70
4,434,70
4,435,70
4,436,70
4,437,70
4,438,70
4,439,70
4,440,140
4,441,35
4,442,70
4,443,70
4,444,70
4,445,70
4,446,70
4,447,70
4,448,70
4,449,70
4,450,70
4,451,70
4,452,70
4,453,100
4,454,70
4,455,70
4,456,70
4,457,70
4,458,70
4,459,70
4,460,70
4,461,35
4,462,70
4,463,70
4,464,70
4,465,70
4,466,70
4,467,70
4,468,70
4,469,70
4,470,35
4,471,35
4,472,70
4,473,70
4,474,70
4,475,35
4,476,70
4,477,35
4,478,70
4,479,70
4,480,140
4,481,140
4,482,140
4,483,0
4,484,0
4,485,100
4,486,0
4,487,0
4,488,100
4,489,70
4,490,70
4,491,0
4,492,100
4,493,0
4,10001,70
4,10002,70
4,10003,70
4,10004,0
4,10005,0
4,10006,0
4,10007,70
4,10008,70
4,10009,0
4,10010,0
4,10011,0
4,10012,0
4,10013,0
4,10014,0
4,10015,0
4,10016,0
4,10017,0
4,10018,0
4,10019,0
4,10020,0
4,10021,0
4,10022,0
4,10023,0
4,10024,0
4,10025,0
4,10026,70
4,10027,70
4,10028,70
4,10029,70
4,10030,70
4,10031,0
4,10032,100
4,10033,70
5,1,70
5,2,70
5,3,70
5,4,70
5,5,70
5,6,70
5,7,70
5,8,70
5,9,70
5,10,70
5,11,70
5,12,70
5,13,70
5,14,70
5,15,70
5,16,70
5,17,70
5,18,70
5,19,70
5,20,70
5,21,70
5,22,70
5,23,70
5,24,70
5,25,70
5,26,70
5,27,70
5,28,70
5,29,70
5,30,70
5,31,70
5,32,70
5,33,70
5,34,70
5,35,140
5,36,140
5,37,70
5,38,70
5,39,70
5,40,70
5,41,70
5,42,70
5,43,70
5,44,70
5,45,70
5,46,70
5,47,70
5,48,70
5,49,70
5,50,70
5,51,70
5,52,70
5,53,70
5,54,70
5,55,70
5,56,70
5,57,70
5,58,70
5,59,70
5,60,70
5,61,70
5,62,70
5,63,70
5,64,70
5,65,70
5,66,70
5,67,70
5,68,70
5,69,70
5,70,70
5,71,70
5,72,70
5,73,70
5,74,70
5,75,70
5,76,70
5,77,70
5,78,70
5,79,70
5,80,70
5,81,70
5,82,70
5,83,70
5,84,70
5,85,70
5,86,70
5,87,70
5,88,70
5,89,70
5,90,70
5,91,70
5,92,70
5,93,70
5,94,70
5,95,70
5,96,70
5,97,70
5,98,70
5,99,70
5,100,70
5,101,70
5,102,70
5,103,70
5,104,70
5,105,70
5,106,70
5,107,70
5,108,70
5,109,70
5,110,70
5,111,70
5,112,70
5,113,140
5,114,70
5,115,70
5,116,70
5,117,70
5,118,70
5,119,70
5,120,70
5,121,70
5,122,70
5,123,70
5,124,70
5,125,70
5,126,70
5,127,70
5,128,70
5,129,70
5,130,70
5,131,70
5,132,70
5,133,70
5,134,70
5,135,70
5,136,70
5,137,70
5,138,70
5,139,70
5,140,70
5,141,70
5,142,70
5,143,70
5,144,35
5,145,35
5,146,35
5,147,35
5,148,35
5,149,35
5,150,0
5,151,100
5,152,70
5,153,70
5,154,70
5,155,70
5,156,70
5,157,70
5,158,70
5,159,70
5,160,70
5,161,70
5,162,70
5,163,70
5,164,70
5,165,70
5,166,70
5,167,70
5,168,70
5,169,70
5,170,70
5,171,70
5,172,70
5,173,140
5,174,70
5,175,70
5,176,70
5,177,70
5,178,70
5,179,70
5,180,70
5,181,70
5,182,70
5,183,70
5,184,70
5,185,70
5,186,70
5,187,70
5,188,70
5,189,70
5,190,70
5,191,70
5,192,70
5,193,70
5,194,70
5,195,70
5,196,70
5,197,35
5,198,35
5,199,70
5,200,35
5,201,70
5,202,70
5,203,70
5,204,70
5,205,70
5,206,70
5,207,70
5,208,70
5,209,70
5,210,70
5,211,70
5,212,70
5,213,70
5,214,70
5,215,35
5,216,70
5,217,70
5,218,70
5,219,70
5,220,70
5,221,70
5,222,70
5,223,70
5,224,70
5,225,70
5,226,70
5,227,70
5,228,35
5,229,35
5,230,70
5,231,70
5,232,70
5,233,70
5,234,70
5,235,70
5,236,70
5,237,70
5,238,70
5,239,70
5,240,70
5,241,70
5,242,140
5,243,35
5,244,35
5,245,35
5,246,35
5,247,35
5,248,35
5,249,0
5,250,0
5,251,100
5,252,70
5,253,70
5,254,70
5,255,70
5,256,70
5,257,70
5,258,70
5,259,70
5,260,70
5,261,70
5,262,70
5,263,70
5,264,70
5,265,70
5,266,70
5,267,70
5,268,70
5,269,70
5,270,70
5,271,70
5,272,70
5,273,70
5,274,70
5,275,70
5,276,70
5,277,70
5,278,70
5,279,70
5,280,35
5,281,35
5,282,35
5,283,70
5,284,70
5,285,70
5,286,70
5,287,70
5,288,70
5,289,70
5,290,70
5,291,70
5,292,70
5,293,70
5,294,70
5,295,70
5,296,70
5,297,70
5,298,70
5,299,70
5,300,70
5,301,70
5,302,35
5,303,70
5,304,35
5,305,35
5,306,35
5,307,70
5,308,70
5,309,70
5,310,70
5,311,70
5,312,70
5,313,70
5,314,70
5,315,70
5,316,70
5,317,70
5,318,35
5,319,35
5,320,70
5,321,70
5,322,70
5,323,70
5,324,70
5,325,70
5,326,70
5,327,70
5,328,70
5,329,70
5,330,70
5,331,35
5,332,35
5,333,70
5,334,70
5,335,70
5,336,70
5,337,70
5,338,70
5,339,70
5,340,70
5,341,70
5,342,70
5,343,70
5,344,70
5,345,70
5,346,70
5,347,70
5,348,70
5,349,70
5,350,70
5,351,70
5,352,70
5,353,35
5,354,35
5,355,35
5,356,35
5,357,70
5,358,70
5,359,35
5,360,70
5,361,70
5,362,70
5,363,70
5,364,70
5,365,70
5,366,70
5,367,70
5,368,70
5,369,70
5,370,70
5,371,35
5,372,35
5,373,35
5,374,35
5,375,35
5,376,35
5,377,35
5,378,35
5,379,35
5,380,90
5,381,90
5,382,0
5,383,0
5,384,0
5,385,100
5,386,0
5,387,70
5,388,70
5,389,70
5,390,70
5,391,70
5,392,70
5,393,70
5,394,70
5,395,70
5,396,70
5,397,70
5,398,70
5,399,70
5,400,70
5,401,70
5,402,70
5,403,70
5,404,100
5,405,70
5,406,70
5,407,70
5,408,70
5,409,70
5,410,70
5,411,70
5,412,70
5,413,70
5,414,70
5,415,70
5,416,70
5,417,100
5,418,70
5,419,70
5,420,70
5,421,70
5,422,70
5,423,70
5,424,100
5,425,70
5,426,70
5,427,0
5,428,140
5,429,35
5,430,35
5,431,70
5,432,70
5,433,70
5,434,70
5,435,70
5,436,70
5,437,70
5,438,70
5,439,70
5,440,140
5,441,35
5,442,70
5,443,70
5,444,70
5,445,70
5,446,70
5,447,70
5,448,70
5,449,70
5,450,70
5,451,70
5,452,70
5,453,100
5,454,70
5,455,70
5,456,70
5,457,70
5,458,70
5,459,70
5,460,70
5,461,35
5,462,70
5,463,70
5,464,70
5,465,70
5,466,70
5,467,70
5,468,70
5,469,70
5,470,35
5,471,35
5,472,70
5,473,70
5,474,70
5,475,35
5,476,70
5,477,35
5,478,70
5,479,70
5,480,140
5,481,140
5,482,140
5,483,0
5,484,0
5,485,100
5,486,0
5,487,0
5,488,100
5,489,70
5,490,70
5,491,0
5,492,100
5,493,0
5,494,100
5,495,70
5,496,70
5,497,70
5,498,70
5,499,70
5,500,70
5,501,70
5,502,70
5,503,70
5,504,70
5,505,70
5,506,70
5,507,70
5,508,70
5,509,70
5,510,70
5,511,70
5,512,70
5,513,70
5,514,70
5,515,70
5,516,70
5,517,70
5,518,70
5,519,70
5,520,70
5,521,70
5,522,70
5,523,70
5,524,70
5,525,70
5,526,70
5,527,70
5,528,70
5,529,70
5,530,70
5,531,70
5,532,70
5,533,70
5,534,70
5,535,70
5,536,70
5,537,70
5,538,70
5,539,70
5,540,70
5,541,70
5,542,70
5,543,70
5,544,70
5,545,70
5,546,70
5,547,70
5,548,70
5,549,70
5,550,70
5,551,70
5,552,70
5,553,70
5,554,70
5,555,70
5,556,70
5,557,70
5,558,70
5,559,35
5,560,70
5,561,70
5,562,70
5,563,70
5,564,70
5,565,70
5,566,70
5,567,70
5,568,70
5,569,70
5,570,70
5,571,70
5,572,70
5,573,70
5,574,70
5,575,70
5,576,70
5,577,70
5,578,70
5,579,70
5,580,70
5,581,70
5,582,70
5,583,70
5,584,70
5,585,70
5,586,70
5,587,70
5,588,70
5,589,70
5,590,70
5,591,70
5,592,70
5,593,70
5,594,70
5,595,70
5,596,70
5,597,70
5,598,70
5,599,70
5,600,70
5,601,70
5,602,70
5,603,70
5,604,70
5,605,70
5,606,70
5,607,70
5,608,70
5,609,70
5,610,35
5,611,35
5,612,35
5,613,70
5,614,70
5,615,70
5,616,70
5,617,70
5,618,70
5,619,70
5,620,70
5,621,70
5,622,70
5,623,70
5,624,35
5,625,35
5,626,70
5,627,70
5,628,70
5,629,35
5,630,35
5,631,70
5,632,70
5,633,35
5,634,35
5,635,35
5,636,70
5,637,70
5,638,35
5,639,35
5,640,35
5,641,90
5,642,90
5,643,0
5,644,0
5,645,90
5,646,0
5,647,35
5,648,100
5,649,0
5,10001,70
5,10002,70
5,10003,70
5,10004,0
5,10005,0
5,10006,0
5,10007,70
5,10008,70
5,10009,0
5,10010,0
5,10011,0
5,10012,0
5,10013,0
5,10014,0
5,10015,0
5,10016,0
5,10017,0
5,10018,0
5,10019,0
5,10020,0
5,10021,0
5,10022,0
5,10023,0
5,10024,0
5,10026,70
5,10027,70
5,10028,70
5,10029,70
5,10030,70
5,10031,0
5,10032,100
5,10034,70
5,10035,70
5,10036,100
5,10037,90
5,10038,90
5,10039,90
5,10040,0
5,10041,0
6,1,70
6,2,70
6,3,70
6,4,70
6,5,70
6,6,70
6,7,70
6,8,70
6,9,70
6,10,70
6,11,70
6,12,70
6,13,70
6,14,70
6,15,70
6,16,70
6,17,70
6,18,70
6,19,70
6,20,70
6,21,70
6,22,70
6,23,70
6,24,70
6,25,70
6,26,70
6,27,70
6,28,70
6,29,70
6,30,70
6,31,70
6,32,70
6,33,70
6,34,70
6,35,140
6,36,140
6,37,70
6,38,70
6,39,70
6,40,70
6,41,70
6,42,70
6,43,70
6,44,70
6,45,70
6,46,70
6,47,70
6,48,70
6,49,70
6,50,70
6,51,70
6,52,70
6,53,70
6,54,70
6,55,70
6,56,70
6,57,70
6,58,70
6,59,70
6,60,70
6,61,70
6,62,70
6,63,70
6,64,70
6,65,70
6,66,70
6,67,70
6,68,70
6,69,70
6,70,70
6,71,70
6,72,70
6,73,70
6,74,70
6,75,70
6,76,70
6,77,70
6,78,70
6,79,70
6,80,70
6,81,70
6,82,70
6,83,70
6,84,70
6,85,70
6,86,70
6,87,70
6,88,70
6,89,70
6,90,70
6,91,70
6,92,70
6,93,70
6,94,70
6,95,70
6,96,70
6,97,70
6,98,70
6,99,70
6,100,70
6,101,70
6,102,70
6,103,70
6,104,70
6,105,70
6,106,70
6,107,70
6,108,70
6,109,70
6,110,70
6,111,70
6,112,70
6,113,140
6,114,70
6,115,70
6,116,70
6,117,70
6,118,70
6,119,70
6,120,70
6,121,70
6,122,70
6,123,70
6,124,70
6,125,70
6,126,70
6,127,70
6,128,70
6,129,70
6,130,70
6,131,70
6,132,70
6,133,70
6,134,70
6,135,70
6,136,70
6,137,70
6,138,70
6,139,70
6,140,70
6,141,70
6,142,70
6,143,70
6,144,35
6,145,35
6,146,35
6,147,35
6,148,35
6,149,35
6,150,0
6,151,100
6,152,70
6,153,70
6,154,70
6,155,70
6,156,70
6,157,70
6,158,70
6,159,70
6,160,70
6,161,70
6,162,70
6,163,70
6,164,70
6,165,70
6,166,70
6,167,70
6,168,70
6,169,70
6,170,70
6,171,70
6,172,70
6,173,140
6,174,70
6,175,70
6,176,70
6,177,70
6,178,70
6,179,70
6,180,70
6,181,70
6,182,70
6,183,70
6,184,70
6,185,70
6,186,70
6,187,70
6,188,70
6,189,70
6,190,70
6,191,70
6,192,70
6,193,70
6,194,70
6,195,70
6,196,70
6,197,35
6,198,35
6,199,70
6,200,35
6,201,70
6,202,70
6,203,70
6,204,70
6,205,70
6,206,70
6,207,70
6,208,70
6,209,70
6,210,70
6,211,70
6,212,70
6,213,70
6,214,70
6,215,35
6,216,70
6,217,70
6,218,70
6,219,70
6,220,70
6,221,70
6,222,70
6,223,70
6,224,70
6,225,70
6,226,70
6,227,70
6,228,35
6,229,35
6,230,70
6,231,70
6,232,70
6,233,70
6,234,70
6,235,70
6,236,70
6,237,70
6,238,70
6,239,70
6,240,70
6,241,70
6,242,140
6,243,35
6,244,35
6,245,35
6,246,35
6,247,35
6,248,35
6,249,0
6,250,0
6,251,100
6,252,70
6,253,70
6,254,70
6,255,70
6,256,70
6,257,70
6,258,70
6,259,70
6,260,70
6,261,70
6,262,70
6,263,70
6,264,70
6,265,70
6,266,70
6,267,70
6,268,70
6,269,70
6,270,70
6,271,70
6,272,70
6,273,70
6,274,70
6,275,70
6,276,70
6,277,70
6,278,70
6,279,70
6,280,35
6,281,35
6,282,35
6,283,70
6,284,70
6,285,70
6,286,70
6,287,70
6,288,70
6,289,70
6,290,70
6,291,70
6,292,70
6,293,70
6,294,70
6,295,70
6,296,70
6,297,70
6,298,70
6,299,70
6,300,70
6,301,70
6,302,35
6,303,70
6,304,35
6,305,35
6,306,35
6,307,70
6,308,70
6,309,70
6,310,70
6,311,70
6,312,70
6,313,70
6,314,70
6,315,70
6,316,70
6,317,70
6,318,35
6,319,35
6,320,70
6,321,70
6,322,70
6,323,70
6,324,70
6,325,70
6,326,70
6,327,70
6,328,70
6,329,70
6,330,70
6,331,35
6,332,35
6,333,70
6,334,70
6,335,70
6,336,70
6,337,70
6,338,70
6,339,70
6,340,70
6,341,70
6,342,70
6,343,70
6,344,70
6,345,70
6,346,70
6,347,70
6,348,70
6,349,70
6,350,70
6,351,70
6,352,70
6,353,35
6,354,35
6,355,35
6,356,35
6,357,70
6,358,70
6,359,35
6,360,70
6,361,70
6,362,70
6,363,70
6,364,70
6,365,70
6,366,70
6,367,70
6,368,70
6,369,70
6,370,70
6,371,35
6,372,35
6,373,35
6,374,35
6,375,35
6,376,35
6,377,35
6,378,35
6,379,35
6,380,90
6,381,90
6,382,0
6,383,0
6,384,0
6,385,100
6,386,0
6,387,70
6,388,70
6,389,70
6,390,70
6,391,70
6,392,70
6,393,70
6,394,70
6,395,70
6,396,70
6,397,70
6,398,70
6,399,70
6,400,70
6,401,70
6,402,70
6,403,70
6,404,100
6,405,70
6,406,70
6,407,70
6,408,70
6,409,70
6,410,70
6,411,70
6,412,70
6,413,70
6,414,70
6,415,70
6,416,70
6,417,100
6,418,70
6,419,70
6,420,70
6,421,70
6,422,70
6,423,70
6,424,100
6,425,70
6,426,70
6,427,0
6,428,140
6,429,35
6,430,35
6,431,70
6,432,70
6,433,70
6,434,70
6,435,70
6,436,70
6,437,70
6,438,70
6,439,70
6,440,140
6,441,35
6,442,70
6,443,70
6,444,70
6,445,70
6,446,70
6,447,70
6,448,70
6,449,70
6,450,70
6,451,70
6,452,70
6,453,100
6,454,70
6,455,70
6,456,70
6,457,70
6,458,70
6,459,70
6,460,70
6,461,35
6,462,70
6,463,70
6,464,70
6,465,70
6,466,70
6,467,70
6,468,70
6,469,70
6,470,35
6,471,35
6,472,70
6,473,70
6,474,70
6,475,35
6,476,70
6,477,35
6,478,70
6,479,70
6,480,140
6,481,140
6,482,140
6,483,0
6,484,0
6,485,100
6,486,0
6,487,0
6,488,100
6,489,70
6,490,70
6,491,0
6,492,100
6,493,0
6,494,100
6,495,70
6,496,70
6,497,70
6,498,70
6,499,70
6,500,70
6,501,70
6,502,70
6,503,70
6,504,70
6,505,70
6,506,70
6,507,70
6,508,70
6,509,70
6,510,70
6,511,70
6,512,70
6,513,70
6,514,70
6,515,70
6,516,70
6,517,70
6,518,70
6,519,70
6,520,70
6,521,70
6,522,70
6,523,70
6,524,70
6,525,70
6,526,70
6,527,70
6,528,70
6,529,70
6,530,70
6,531,70
6,532,70
6,533,70
6,534,70
6,535,70
6,536,70
6,537,70
6,538,70
6,539,70
6,540,70
6,541,70
6,542,70
6,543,70
6,544,70
6,545,70
6,546,70
6,547,70
6,548,70
6,549,70
6,550,70
6,551,70
6,552,70
6,553,70
6,554,70
6,555,70
6,556,70
6,557,70
6,558,70
6,559,35
6,560,70
6,561,70
6,562,70
6,563,70
6,564,70
6,565,70
6,566,70
6,567,70
6,568,70
6,569,70
6,570,70
6,571,70
6,572,70
6,573,70
6,574,70
6,575,70
6,576,70
6,577,70
6,578,70
6,579,70
6,580,70
6,581,70
6,582,70
6,583,70
6,584,70
6,585,70
6,586,70
6,587,70
6,588,70
6,589,70
6,590,70
6,591,70
6,592,70
6,593,70
6,594,70
6,595,70
6,596,70
6,597,70
6,598,70
6,599,70
6,600,70
6,601,70
6,602,70
6,603,70
6,604,70
6,605,70
6,606,70
6,607,70
6,608,70
6,609,70
6,610,35
6,611,35
6,612,35
6,613,70
6,614,70
6,615,70
6,616,70
6,617,70
6,618,70
6,619,70
6,620,70
6,621,70
6,622,70
6,623,70
6,624,35
6,625,35
6,626,70
6,627,70
6,628,70
6,629,35
6,630,35
6,631,70
6,632,70
6,633,35
6,634,35
6,635,35
6,636,70
6,637,70
6,638,35
6,639,35
6,640,35
6,641,90
6,642,90
6,643,0
6,644,0
6,645,90
6,646,0
6,647,35
6,648,100
6,649,0
6,650,70
6,651,70
6,652,70
6,653,70
6,654,70
6,655,70
6,656,70
6,657,70
6,658,70
6,659,70
6,660,70
6,661,70
6,662,70
6,663,70
6,664,70
6,665,70
6,666,70
6,667,70
6,668,70
6,669,70
6,670,70
6,671,70
6,672,70
6,673,70
6,674,70
6,675,70
6,676,70
6,677,70
6,678,70
6,679,70
6,680,70
6,681,70
6,682,70
6,683,70
6,684,70
6,685,70
6,686,70
6,687,70
6,688,70
6,689,70
6,690,70
6,691,70
6,692,70
6,693,70
6,694,70
6,695,70
6,696,70
6,697,70
6,698,70
6,699,70
6,700,70
6,701,70
6,702,70
6,703,70
6,704,35
6,705,35
6,706,35
6,707,70
6,708,70
6,709,70
6,710,70
6,711,70
6,712,70
6,713,70
6,714,70
6,715,70
6,716,0
6,717,0
6,718,0
6,719,70
6,720,100
6,721,100
6,10001,70
6,10002,70
6,10003,70
6,10004,0
6,10005,0
6,10006,0
6,10007,70
6,10008,70
6,10009,0
6,10010,0
6,10011,0
6,10012,0
6,10013,0
6,10014,0
6,10015,0
6,10016,0
6,10017,0
6,10018,0
6,10019,0
6,10020,0
6,10021,0
6,10022,0
6,10023,0
6,10024,0
6,10026,70
6,10027,70
6,10028,70
6,10029,70
6,10030,70
6,10031,0
6,10032,100
6,10034,70
6,10035,70
6,10036,100
6,10037,90
6,10038,90
6,10039,90
6,10040,0
6,10041,0
6,10042,70
6,10043,70
6,10044,70
6,10045,70
6,10046,70
6,10047,70
6,10048,70
6,10049,70
6,10050,70
6,10051,70
6,10052,0
6,10053,0
6,10054,70
6,10055,70
6,10056,70
6,10057,35
6,10058,35
6,10059,70
6,10060,35
6,10061,70
6,10062,35
6,10063,70
6,10064,70
6,10065,35
6,10066,35
6,10067,90
6,10068,90
6,10069,70
6,10070,70
6,10071,70
6,10072,0
6,10073,70
6,10074,70
6,10075,70
6,10076,70
6,10077,70
6,10078,70
6,10079,70
6,10080,70
6,10081,70
6,10082,70
6,10083,70
6,10084,70
6,10085,70
6,10086,70
6,10087,70
6,10088,70
6,10089,70
6,10090,70
6,10091,70
6,10092,70
6,10093,70
6,10094,35
6,10095,35
6,10096,70
6,10097,70
6,10098,70
6,10099,35
6,10100,35
6,10101,0
6,10102,0
6,10103,0
6,10104,140
6,10105,35
6,10106,70
6,10107,70
6,10108,100
7,1,70
7,2,70
7,3,70
7,4,70
7,5,70
7,6,70
7,7,70
7,8,70
7,9,70
7,10,70
7,11,70
7,12,70
7,13,70
7,14,70
7,15,70
7,16,70
7,17,70
7,18,70
7,19,70
7,20,70
7,21,70
7,22,70
7,23,70
7,24,70
7,25,70
7,26,70
7,27,70
7,28,70
7,29,70
7,30,70
7,31,70
7,32,70
7,33,70
7,34,70
7,35,140
7,36,140
7,37,70
7,38,70
7,39,70
7,40,70
7,41,70
7,42,70
7,43,70
7,44,70
7,45,70
7,46,70
7,47,70
7,48,70
7,49,70
7,50,70
7,51,70
7,52,70
7,53,70
7,54,70
7,55,70
7,56,70
7,57,70
7,58,70
7,59,70
7,60,70
7,61,70
7,62,70
7,63,70
7,64,70
7,65,70
7,66,70
7,67,70
7,68,70
7,69,70
7,70,70
7,71,70
7,72,70
7,73,70
7,74,70
7,75,70
7,76,70
7,77,70
7,78,70
7,79,70
7,80,70
7,81,70
7,82,70
7,83,70
7,84,70
7,85,70
7,86,70
7,87,70
7,88,70
7,89,70
7,90,70
7,91,70
7,92,70
7,93,70
7,94,70
7,95,70
7,96,70
7,97,70
7,98,70
7,99,70
7,100,70
7,101,70
7,102,70
7,103,70
7,104,70
7,105,70
7,106,70
7,107,70
7,108,70
7,109,70
7,110,70
7,111,70
7,112,70
7,113,140
7,114,70
7,115,70
7,116,70
7,117,70
7,118,70
7,119,70
7,120,70
7,121,70
7,122,70
7,123,70
7,124,70
7,125,70
7,126,70
7,127,70
7,128,70
7,129,70
7,130,70
7,131,70
7,132,70
7,133,70
7,134,70
7,135,70
7,136,70
7,137,70
7,138,70
7,139,70
7,140,70
7,141,70
7,142,70
7,143,70
7,144,35
7,145,35
7,146,35
7,147,35
7,148,35
7,149,35
7,150,0
7,151,100
7,152,70
7,153,70
7,154,70
7,155,70
7,156,70
7,157,70
7,158,70
7,159,70
7,160,70
7,161,70
7,162,70
7,163,70
7,164,70
7,165,70
7,166,70
7,167,70
7,168,70
7,169,70
7,170,70
7,171,70
7,172,70
7,173,140
7,174,70
7,175,70
7,176,70
7,177,70
7,178,70
7,179,70
7,180,70
7,181,70
7,182,70
7,183,70
7,184,70
7,185,70
7,186,70
7,187,70
7,188,70
7,189,70
7,190,70
7,191,70
7,192,70
7,193,70
7,194,70
7,195,70
7,196,70
7,197,35
7,198,35
7,199,70
7,200,35
7,201,70
7,202,70
7,203,70
7,204,70
7,205,70
7,206,70
7,207,70
7,208,70
7,209,70
7,210,70
7,211,70
7,212,70
7,213,70
7,214,70
7,215,35
7,216,70
7,217,70
7,218,70
7,219,70
7,220,70
7,221,70
7,222,70
7,223,70
7,224,70
7,225,70
7,226,70
7,227,70
7,228,35
7,229,35
7,230,70
7,231,70
7,232,70
7,233,70
7,234,70
7,235,70
7,236,70
7,237,70
7,238,70
7,239,70
7,240,70
7,241,70
7,242,140
7,243,35
7,244,35
7,245,35
7,246,35
7,247,35
7,248,35
7,249,0
7,250,0
7,251,100
7,252,70
7,253,70
7,254,70
7,255,70
7,256,70
7,257,70
7,258,70
7,259,70
7,260,70
7,261,70
7,262,70
7,263,70
7,264,70
7,265,70
7,266,70
7,267,70
7,268,70
7,269,70
7,270,70
7,271,70
7,272,70
7,273,70
7,274,70
7,275,70
7,276,70
7,277,70
7,278,70
7,279,70
7,280,35
7,281,35
7,282,35
7,283,70
7,284,70
7,285,70
7,286,70
7,287,70
7,288,70
7,289,70
7,290,70
7,291,70
7,292,70
7,293,70
7,294,70
7,295,70
7,296,70
7,297,70
7,298,70
7,299,70
7,300,70
7,301,70
7,302,35
7,303,70
7,304,35
7,305,35
7,306,35
7,307,70
7,308,70
7,309,70
7,310,70
7,311,70
7,312,70
7,313,70
7,314,70
7,315,70
7,316,70
7,317,70
7,318,35
7,319,35
7,320,70
7,321,70
7,322,70
7,323,70
7,324,70
7,325,70
7,326,70
7,327,70
7,328,70
7,329,70
7,330,70
7,331,35
7,332,35
7,333,70
7,334,70
7,335,70
7,336,70
7,337,70
7,338,70
7,339,70
7,340,70
7,341,70
7,342,70
7,343,70
7,344,70
7,345,70
7,346,70
7,347,70
7,348,70
7,349,70
7,350,70
7,351,70
7,352,70
7,353,35
7,354,35
7,355,35
7,356,35
7,357,70
7,358,70
7,359,35
7,360,70
7,361,70
7,362,70
7,363,70
7,364,70
7,365,70
7,366,70
7,367,70
7,368,70
7,369,70
7,370,70
7,371,35
7,372,35
7,373,35
7,374,35
7,375,35
7,376,35
7,377,35
7,378,35
7,379,35
7,380,90
7,381,90
7,382,0
7,383,0
7,384,0
7,385,100
7,386,0
7,387,70
7,388,70
7,389,70
7,390,70
7,391,70
7,392,70
7,393,70
7,394,70
7,395,70
7,396,70
7,397,70
7,398,70
7,399,70
7,400,70
7,401,70
7,402,70
7,403,70
7,404,100
7,405,70
7,406,70
7,407,70
7,408,70
7,409,70
7,410,70
7,411,70
7,412,70
7,413,70
7,414,70
7,415,70
7,416,70
7,417,100
7,418,70
7,419,70
7,420,70
7,421,70
7,422,70
7,423,70
7,424,100
7,425,70
7,426,70
7,427,0
7,428,140
7,429,35
7,430,35
7,431,70
7,432,70
7,433,70
7,434,70
7,435,70
7,436,70
7,437,70
7,438,70
7,439,70
7,440,140
7,441,35
7,442,70
7,443,70
7,444,70
7,445,70
7,446,70
7,447,70
7,448,70
7,449,70
7,450,70
7,451,70
7,452,70
7,453,100
7,454,70
7,455,70
7,456,70
7,457,70
7,458,70
7,459,70
7,460,70
7,461,35
7,462,70
7,463,70
7,464,70
7,465,70
7,466,70
7,467,70
7,468,70
7,469,70
7,470,35
7,471,35
7,472,70
7,473,70
7,474,70
7,475,35
7,476,70
7,477,35
7,478,70
7,479,70
7,480,140
7,481,140
7,482,140
7,483,0
7,484,0
7,485,100
7,486,0
7,487,0
7,488,100
7,489,70
7,490,70
7,491,0
7,492,100
7,493,0
7,494,100
7,495,70
7,496,70
7,497,70
7,498,70
7,499,70
7,500,70
7,501,70
7,502,70
7,503,70
7,504,70
7,505,70
7,506,70
7,507,70
7,508,70
7,509,70
7,510,70
7,511,70
7,512,70
7,513,70
7,514,70
7,515,70
7,516,70
7,517,70
7,518,70
7,519,70
7,520,70
7,521,70
7,522,70
7,523,70
7,524,70
7,525,70
7,526,70
7,527,70
7,528,70
7,529,70
7,530,70
7,531,70
7,532,70
7,533,70
7,534,70
7,535,70
7,536,70
7,537,70
7,538,70
7,539,70
7,540,70
7,541,70
7,542,70
7,543,70
7,544,70
7,545,70
7,546,70
7,547,70
7,548,70
7,549,70
7,550,70
7,551,70
7,552,70
7,553,70
7,554,70
7,555,70
7,556,70
7,557,70
7,558,70
7,559,35
7,560,70
7,561,70
7,562,70
7,563,70
7,564,70
7,565,70
7,566,70
7,567,70
7,568,70
7,569,70
7,570,70
7,571,70
7,572,70
7,573,70
7,574,70
7,575,70
7,576,70
7,577,70
7,578,70
7,579,70
7,580,70
7,581,70
7,582,70
7,583,70
7,584,70
7,585,70
7,586,70
7,587,70
7,588,70
7,589,70
7,590,70
7,591,70
7,592,70
7,593,70
7,594,70
7,595,70
7,596,70
7,597,70
7,598,70
7,599,70
7,600,70
7,601,70
7,602,70
7,603,70
7,604,70
7,605,70
7,606,70
7,607,70
7,608,70
7,609,70
7,610,35
7,611,35
7,612,35
7,613,70
7,614,70
7,615,70
7,616,70
7,617,70
7,618,70
7,619,70
7,620,70
7,621,70
7,622,70
7,623,70
7,624,35
7,625,35
7,626,70
7,627,70
7,628,70
7,629,35
7,630,35
7,631,70
7,632,70
7,633,35
7,634,35
7,635,35
7,636,70
7,637,70
7,638,35
7,639,35
7,640,35
7,641,90
7,642,90
7,643,0
7,644,0
7,645,90
7,646,0
7,647,35
7,648,100
7,649,0
7,650,70
7,651,70
7,652,70
7,653,70
7,654,70
7,655,70
7,656,70
7,657,70
7,658,70
7,659,70
7,660,70
7,661,70
7,662,70
7,663,70
7,664,70
7,665,70
7,666,70
7,667,70
7,668,70
7,669,70
7,670,70
7,671,70
7,672,70
7,673,70
7,674,70
7,675,70
7,676,70
7,677,70
7,678,70
7,679,70
7,680,70
7,681,70
7,682,70
7,683,70
7,684,70
7,685,70
7,686,70
7,687,70
7,688,70
7,689,70
7,690,70
7,691,70
7,692,70
7,693,70
7,694,70
7,695,70
7,696,70
7,697,70
7,698,70
7,699,70
7,700,70
7,701,70
7,702,70
7,703,70
7,704,35
7,705,35
7,706,35
7,707,70
7,708,70
7,709,70
7,710,70
7,711,70
7,712,70
7,713,70
7,714,70
7,715,70
7,716,0
7,717,0
7,718,0
7,719,70
7,720,100
7,721,100
7,722,70
7,723,70
7,724,70
7,725,70
7,726,70
7,727,70
7,728,70
7,729,70
7,730,70
7,731,70
7,732,70
7,733,70
7,734,70
7,735,70
7,736,70
7,737,70
7,738,70
7,739,70
7,740,70
7,741,70
7,742,70
7,743,70
7,744,70
7,745,70
7,746,70
7,747,70
7,748,70
7,749,70
7,750,70
7,751,70
7,752,70
7,753,70
7,754,70
7,755,70
7,756,70
7,757,70
7,758,70
7,759,70
7,760,70
7,761,70
7,762,70
7,763,70
7,764,70
7,765,70
7,766,70
7,767,70
7,768,70
7,769,70
7,770,70
7,771,70
7,772,0
7,773,0
7,774,70
7,775,70
7,776,70
7,777,70
7,778,70
7,779,70
7,780,70
7,781,70
7,782,70
7,783,70
7,784,70
7,785,70
7,786,70
7,787,70
7,788,70
7,789,0
7,790,0
7,791,0
7,792,0
7,793,0
7,794,0
7,795,0
7,796,0
7,797,0
7,798,0
7,799,0
7,800,0
7,801,0
7,802,0
7,803,0
7,804,0
7,805,0
7,806,0
7,807,0
7,808,0
7,809,0
7,10001,70
7,10002,70
7,10003,70
7,10004,0
7,10005,0
7,10006,0
7,10007,70
7,10008,70
7,10009,0
7,10010,0
7,10011,0
7,10012,0
7,10013,0
7,10014,0
7,10015,0
7,10016,0
7,10017,0
7,10018,0
7,10019,0
7,10020,0
7,10021,0
7,10022,0
7,10023,0
7,10024,0
7,10026,70
7,10027,70
7,10028,70
7,10029,70
7,10030,70
7,10031,0
7,10032,100
7,10034,70
7,10035,70
7,10036,100
7,10037,90
7,10038,90
7,10039,90
7,10040,0
7,10041,0
7,10042,70
7,10043,70
7,10044,70
7,10045,70
7,10046,70
7,10047,70
7,10048,70
7,10049,70
7,10050,70
7,10051,70
7,10052,0
7,10053,0
7,10054,70
7,10055,70
7,10056,70
7,10057,35
7,10058,35
7,10059,70
7,10060,35
7,10061,70
7,10062,35
7,10063,70
7,10064,70
7,10065,35
7,10066,35
7,10067,90
7,10068,90
7,10069,70
7,10070,70
7,10071,70
7,10072,0
7,10073,70
7,10074,70
7,10075,70
7,10076,70
7,10077,70
7,10078,70
7,10079,70
7,10080,70
7,10081,70
7,10082,70
7,10083,70
7,10090,70
7,10091,70
7,10092,70
7,10093,70
7,10094,35
7,10095,35
7,10096,70
7,10097,70
7,10098,70
7,10099,35
7,10100,35
7,10101,0
7,10102,0
7,10103,0
7,10104,140
7,10105,35
7,10106,70
7,10107,70
7,10108,100
7,10109,70
7,10110,70
7,10111,70
7,10112,70
7,10113,70
7,10114,70
7,10115,70
7,10116,70
7,10117,70
7,10118,70
7,10119,70
7,10120,70
7,10121,70
7,10122,70
7,10123,70
7,10124,70
7,10125,70
7,10126,70
7,10127,70
7,10128,70
7,10129,70
7,10130,70
7,10131,0
7,10132,0
7,10133,0
7,10134,0
7,10135,70
7,10136,70
7,10137,70
7,10138,70
7,10139,70
7,10140,70
7,10141,70
7,10142,70
7,10143,70
7,10144,0
7,10145,0
7,10146,0
7,10147,0
7,10148,0
7,10149,0
7,10150,0
7,10151,0
7,10152,0
7,10153,0
7,10154,0
7,10155,0
7,10156,0
7,10157,0
7,10158,0
7,10159,0
7,10160,0
7,10161,70
7,10162,70
7,10163,70
7,10164,70
7,10165,70
7,10166,70
7,10167,70
7,10168,70
7,10169,70
7,10170,0
7,10171,0
7,10172,0
7,10173,70
7,10174,70
