version_group_id,species_id,catch_rate
1,1,45
1,2,45
1,3,45
1,4,45
1,5,45
1,6,45
1,7,45
1,8,45
1,9,45
1,10,255
1,11,120
1,12,45
1,13,255
1,14,120
1,15,45
1,16,255
1,17,120
1,18,45
1,19,255
1,20,90
1,21,255
1,22,90
1,23,255
1,24,90
1,25,190
1,26,75
1,27,255
1,28,90
1,29,235
1,30,120
1,31,45
1,32,235
1,33,120
1,34,45
1,35,150
1,36,25
1,37,190
1,38,75
1,39,170
1,40,50
1,41,255
1,42,90
1,43,255
1,44,120
1,45,45
1,46,190
1,47,75
1,48,190
1,49,75
1,50,255
1,51,50
1,52,255
1,53,90
1,54,190
1,55,75
1,56,190
1,57,75
1,58,190
1,59,75
1,60,255
1,61,120
1,62,45
1,63,200
1,64,100
1,65,50
1,66,180
1,67,90
1,68,45
1,69,255
1,70,120
1,71,45
1,72,190
1,73,60
1,74,255
1,75,120
1,76,45
1,77,190
1,78,60
1,79,190
1,80,75
1,81,190
1,82,60
1,83,45
1,84,190
1,85,45
1,86,190
1,87,75
1,88,190
1,89,75
1,90,190
1,91,60
1,92,190
1,93,90
1,94,45
1,95,45
1,96,190
1,97,75
1,98,225
1,99,60
1,100,190
1,101,60
1,102,90
1,103,45
1,104,190
1,105,75
1,106,45
1,107,45
1,108,45
1,109,190
1,110,60
1,111,120
1,112,60
1,113,30
1,114,45
1,115,45
1,116,225
1,117,75
1,118,225
1,119,60
1,120,225
1,121,60
1,122,45
1,123,45
1,124,45
1,125,45
1,126,45
1,127,45
1,128,45
1,129,255
1,130,45
1,131,45
1,132,35
1,133,45
1,134,45
1,135,45
1,136,45
1,137,45
1,138,45
1,139,45
1,140,45
1,141,45
1,142,45
1,143,25
1,144,3
1,145,3
1,146,3
1,147,45
1,148,45
1,149,45
1,150,3
1,151,45
2,1,45
2,2,45
2,3,45
2,4,45
2,5,45
2,6,45
2,7,45
2,8,45
2,9,45
2,10,255
2,11,120
2,12,45
2,13,255
2,14,120
2,15,45
2,16,255
2,17,120
2,18,45
2,19,255
2,20,90
2,21,255
2,22,90
2,23,255
2,24,90
2,25,190
2,26,75
2,27,255
2,28,90
2,29,235
2,30,120
2,31,45
2,32,235
2,33,120
2,34,45
2,35,150
2,36,25
2,37,190
2,38,75
2,39,170
2,40,50
2,41,255
2,42,90
2,43,255
2,44,120
2,45,45
2,46,190
2,47,75
2,48,190
2,49,75
2,50,255
2,51,50
2,52,255
2,53,90
2,54,190
2,55,75
2,56,190
2,57,75
2,58,190
2,59,75
2,60,255
2,61,120
2,62,45
2,63,200
2,64,100
2,65,50
2,66,180
2,67,90
2,68,45
2,69,255
2,70,120
2,71,45
2,72,190
2,73,60
2,74,255
2,75,120
2,76,45
2,77,190
2,78,60
2,79,190
2,80,75
2,81,190
2,82,60
2,83,45
2,84,190
2,85,45
2,86,190
2,87,75
2,88,190
2,89,75
2,90,190
2,91,60
2,92,190
2,93,90
2,94,45
2,95,45
2,96,190
2,97,75
2,98,225
2,99,60
2,100,190
2,101,60
2,102,90
2,103,45
2,104,190
2,105,75
2,106,45
2,107,45
2,108,45
2,109,190
2,110,60
2,111,120
2,112,60
2,113,30
2,114,45
2,115,45
2,116,225
2,117,75
2,118,225
2,119,60
2,120,225
2,121,60
2,122,45
2,123,45
2,124,45
2,125,45
2,126,45
2,127,45
2,128,45
2,129,255
2,130,45
2,131,45
2,132,35
2,133,45
2,134,45
2,135,45
2,136,45
2,137,45
2,138,45
2,139,45
2,140,45
2,141,45
2,142,45
2,143,25
2,144,3
2,145,3
2,146,3
2,147,45
2,148,45
2,149,45
2,150,3
2,151,45
3,1,45
3,2,45
3,3,45
3,4,45
3,5,45
3,6,45
3,7,45
3,8,45
3,9,45
3,10,255
3,11,120
3,12,45
3,13,255
3,14,120
3,15,45
3,16,255
3,17,120
3,18,45
3,19,255
3,20,90
3,21,255
3,22,90
3,23,255
3,24,90
3,25,190
3,26,75
3,27,255
3,28,90
3,29,235
3,30,120
3,31,45
3,32,235
3,33,120
3,34,45
3,35,150
3,36,25
3,37,190
3,38,75
3,39,170
3,40,50
3,41,255
3,42,90
3,43,255
3,44,120
3,45,45
3,46,190
3,47,75
3,48,190
3,49,75
3,50,255
3,51,50
3,52,255
3,53,90
3,54,190
3,55,75
3,56,190
3,57,75
3,58,190
3,59,75
3,60,255
3,61,120
3,62,45
3,63,200
3,64,100
3,65,50
3,66,180
3,67,90
3,68,45
3,69,255
3,70,120
3,71,45
3,72,190
3,73,60
3,74,255
3,75,120
3,76,45
3,77,190
3,78,60
3,79,190
3,80,75
3,81,190
3,82,60
3,83,45
3,84,190
3,85,45
3,86,190
3,87,75
3,88,190
3,89,75
3,90,190
3,91,60
3,92,190
3,93,90
3,94,45
3,95,45
3,96,190
3,97,75
3,98,225
3,99,60
3,100,190
3,101,60
3,102,90
3,103,45
3,104,190
3,105,75
3,106,45
3,107,45
3,108,45
3,109,190
3,110,60
3,111,120
3,112,60
3,113,30
3,114,45
3,115,45
3,116,225
3,117,75
3,118,225
3,119,60
3,120,225
3,121,60
3,122,45
3,123,45
3,124,45
3,125,45
3,126,45
3,127,45
3,128,45
3,129,255
3,130,45
3,131,45
3,132,35
3,133,45
3,134,45
3,135,45
3,136,45
3,137,45
3,138,45
3,139,45
3,140,45
3,141,45
3,142,45
3,143,25
3,144,3
3,145,3
3,146,3
3,147,45
3,148,45
3,149,45
3,150,3
3,151,45
4,1,45
4,2,45
4,3,45
4,4,45
4,5,45
4,6,45
4,7,45
4,8,45
4,9,45
4,10,255
4,11,120
4,12,45
4,13,255
4,14,120
4,15,45
4,16,255
4,17,120
4,18,45
4,19,255
4,20,90
4,21,255
4,22,90
4,23,255
4,24,90
4,25,190
4,26,75
4,27,255
4,28,90
4,29,235
4,30,120
4,31,45
4,32,235
4,33,120
4,34,45
4,35,150
4,36,25
4,37,190
4,38,75
4,39,170
4,40,50
4,41,255
4,42,90
4,43,255
4,44,120
4,45,45
4,46,190
4,47,75
4,48,190
4,49,75
4,50,255
4,51,50
4,52,255
4,53,90
4,54,190
4,55,75
4,56,190
4,57,75
4,58,190
4,59,75
4,60,255
4,61,120
4,62,45
4,63,200
4,64,100
4,65,50
4,66,180
4,67,90
4,68,45
4,69,255
4,70,120
4,71,45
4,72,190
4,73,60
4,74,255
4,75,120
4,76,45
4,77,190
4,78,60
4,79,190
4,80,75
4,81,190
4,82,60
4,83,45
4,84,190
4,85,45
4,86,190
4,87,75
4,88,190
4,89,75
4,90,190
4,91,60
4,92,190
4,93,90
4,94,45
4,95,45
4,96,190
4,97,75
4,98,225
4,99,60
4,100,190
4,101,60
4,102,90
4,103,45
4,104,190
4,105,75
4,106,45
4,107,45
4,108,45
4,109,190
4,110,60
4,111,120
4,112,60
4,113,30
4,114,45
4,115,45
4,116,225
4,117,75
4,118,225
4,119,60
4,120,225
4,121,60
4,122,45
4,123,45
4,124,45
4,125,45
4,126,45
4,127,45
4,128,45
4,129,255
4,130,45
4,131,45
4,132,35
4,133,45
4,134,45
4,135,45
4,136,45
4,137,45
4,138,45
4,139,45
4,140,45
4,141,45
4,142,45
4,143,25
4,144,3
4,145,3
4,146,3
4,147,45
4,148,27
4,149,9
4,150,3
4,151,45
5,1,45
5,2,45
5,3,45
5,4,45
5,5,45
5,6,45
5,7,45
5,8,45
5,9,45
5,10,255
5,11,120
5,12,45
5,13,255
5,14,120
5,15,45
5,16,255
5,17,120
5,18,45
5,19,255
5,20,90
5,21,255
5,22,90
5,23,255
5,24,90
5,25,190
5,26,75
5,27,255
5,28,90
5,29,235
5,30,120
5,31,45
5,32,235
5,33,120
5,34,45
5,35,150
5,36,25
5,37,190
5,38,75
5,39,170
5,40,50
5,41,255
5,42,90
5,43,255
5,44,120
5,45,45
5,46,190
5,47,75
5,48,190
5,49,75
5,50,255
5,51,50
5,52,255
5,53,90
5,54,190
5,55,75
5,56,190
5,57,75
5,58,190
5,59,75
5,60,255
5,61,120
5,62,45
5,63,200
5,64,100
5,65,50
5,66,180
5,67,90
5,68,45
5,69,255
5,70,120
5,71,45
5,72,190
5,73,60
5,74,255
5,75,120
5,76,45
5,77,190
5,78,60
5,79,190
5,80,75
5,81,190
5,82,60
5,83,45
5,84,190
5,85,45
5,86,190
5,87,75
5,88,190
5,89,75
5,90,190
5,91,60
5,92,190
5,93,90
5,94,45
5,95,45
5,96,190
5,97,75
5,98,225
5,99,60
5,100,190
5,101,60
5,102,90
5,103,45
5,104,190
5,105,75
5,106,45
5,107,45
5,108,45
5,109,190
5,110,60
5,111,120
5,112,60
5,113,30
5,114,45
5,115,45
5,116,225
5,117,75
5,118,225
5,119,60
5,120,225
5,121,60
5,122,45
5,123,45
5,124,45
5,125,45
5,126,45
5,127,45
5,128,45
5,129,255
5,130,45
5,131,45
5,132,35
5,133,45
5,134,45
5,135,45
5,136,45
5,137,45
5,138,45
5,139,45
5,140,45
5,141,45
5,142,45
5,143,25
5,144,3
5,145,3
5,146,3
5,147,45
5,148,45
5,149,45
5,150,3
5,151,45
5,152,45
5,153,45
5,154,45
5,155,45
5,156,45
5,157,45
5,158,45
5,159,45
5,160,45
5,161,255
5,162,90
5,163,255
5,164,90
5,165,255
5,166,90
5,167,255
5,168,90
5,169,90
5,170,190
5,171,75
5,172,190
5,173,150
5,174,170
5,175,190
5,176,75
5,177,190
5,178,75
5,179,235
5,180,120
5,181,45
5,182,45
5,183,190
5,184,75
5,185,65
5,186,45
5,187,255
5,188,120
5,189,45
5,190,45
5,191,235
5,192,120
5,193,75
5,194,255
5,195,90
5,196,45
5,197,45
5,198,30
5,199,70
5,200,45
5,201,225
5,202,45
5,203,60
5,204,190
5,205,75
5,206,190
5,207,60
5,208,25
5,209,190
5,210,75
5,211,45
5,212,25
5,213,190
5,214,45
5,215,60
5,216,120
5,217,60
5,218,190
5,219,75
5,220,225
5,221,75
5,222,60
5,223,190
5,224,75
5,225,45
5,226,25
5,227,25
5,228,120
5,229,45
5,230,45
5,231,120
5,232,60
5,233,45
5,234,45
5,235,45
5,236,75
5,237,45
5,238,45
5,239,45
5,240,45
5,241,45
5,242,30
5,243,3
5,244,3
5,245,3
5,246,45
5,247,45
5,248,45
5,249,3
5,250,3
5,251,45
6,1,45
6,2,45
6,3,45
6,4,45
6,5,45
6,6,45
6,7,45
6,8,45
6,9,45
6,10,255
6,11,120
6,12,45
6,13,255
6,14,120
6,15,45
6,16,255
6,17,120
6,18,45
6,19,255
6,20,90
6,21,255
6,22,90
6,23,255
6,24,90
6,25,190
6,26,75
6,27,255
6,28,90
6,29,235
6,30,120
6,31,45
6,32,235
6,33,120
6,34,45
6,35,150
6,36,25
6,37,190
6,38,75
6,39,170
6,40,50
6,41,255
6,42,90
6,43,255
6,44,120
6,45,45
6,46,190
6,47,75
6,48,190
6,49,75
6,50,255
6,51,50
6,52,255
6,53,90
6,54,190
6,55,75
6,56,190
6,57,75
6,58,190
6,59,75
6,60,255
6,61,120
6,62,45
6,63,200
6,64,100
6,65,50
6,66,180
6,67,90
6,68,45
6,69,255
6,70,120
6,71,45
6,72,190
6,73,60
6,74,255
6,75,120
6,76,45
6,77,190
6,78,60
6,79,190
6,80,75
6,81,190
6,82,60
6,83,45
6,84,190
6,85,45
6,86,190
6,87,75
6,88,190
6,89,75
6,90,190
6,91,60
6,92,190
6,93,90
6,94,45
6,95,45
6,96,190
6,97,75
6,98,225
6,99,60
6,100,190
6,101,60
6,102,90
6,103,45
6,104,190
6,105,75
6,106,45
6,107,45
6,108,45
6,109,190
6,110,60
6,111,120
6,112,60
6,113,30
6,114,45
6,115,45
6,116,225
6,117,75
6,118,225
6,119,60
6,120,225
6,121,60
6,122,45
6,123,45
6,124,45
6,125,45
6,126,45
6,127,45
6,128,45
6,129,255
6,130,45
6,131,45
6,132,35
6,133,45
6,134,45
6,135,45
6,136,45
6,137,45
6,138,45
6,139,45
6,140,45
6,141,45
6,142,45
6,143,25
6,144,3
6,145,3
6,146,3
6,147,45
6,148,45
6,149,45
6,150,3
6,151,45
6,152,45
6,153,45
6,154,45
6,155,45
6,156,45
6,157,45
6,158,45
6,159,45
6,160,45
6,161,255
6,162,90
6,163,255
6,164,90
6,165,255
6,166,90
6,167,255
6,168,90
6,169,90
6,170,190
6,171,75
6,172,190
6,173,150
6,174,170
6,175,190
6,176,75
6,177,190
6,178,75
6,179,235
6,180,120
6,181,45
6,182,45
6,183,190
6,184,75
6,185,65
6,186,45
6,187,255
6,188,120
6,189,45
6,190,45
6,191,235
6,192,120
6,193,75
6,194,255
6,195,90
6,196,45
6,197,45
6,198,30
6,199,70
6,200,45
6,201,225
6,202,45
6,203,60
6,204,190
6,205,75
6,206,190
6,207,60
6,208,25
6,209,190
6,210,75
6,211,45
6,212,25
6,213,190
6,214,45
6,215,60
6,216,120
6,217,60
6,218,190
6,219,75
6,220,225
6,221,75
6,222,60
6,223,190
6,224,75
6,225,45
6,226,25
6,227,25
6,228,120
6,229,45
6,230,45
6,231,120
6,232,60
6,233,45
6,234,45
6,235,45
6,236,75
6,237,45
6,238,45
6,239,45
6,240,45
6,241,45
6,242,30
6,243,3
6,244,3
6,245,3
6,246,45
6,247,45
6,248,45
6,249,3
6,250,3
6,251,45
7,1,45
7,2,45
7,3,45
7,4,45
7,5,45
7,6,45
7,7,45
7,8,45
7,9,45
7,10,255
7,11,120
7,12,45
7,13,255
7,14,120
7,15,45
7,16,255
7,17,120
7,18,45
7,19,255
7,20,127
7,21,255
7,22,90
7,23,255
7,24,90
7,25,190
7,26,75
7,27,255
7,28,90
7,29,235
7,30,120
7,31,45
7,32,235
7,33,120
7,34,45
7,35,150
7,36,25
7,37,190
7,38,75
7,39,170
7,40,50
7,41,255
7,42,90
7,43,255
7,44,120
7,45,45
7,46,190
7,47,75
7,48,190
7,49,75
7,50,255
7,51,50
7,52,255
7,53,90
7,54,190
7,55,75
7,56,190
7,57,75
7,58,190
7,59,75
7,60,255
7,61,120
7,62,45
7,63,200
7,64,100
7,65,50
7,66,180
7,67,90
7,68,45
7,69,255
7,70,120
7,71,45
7,72,190
7,73,60
7,74,255
7,75,120
7,76,45
7,77,190
7,78,60
7,79,190
7,80,75
7,81,190
7,82,60
7,83,45
7,84,190
7,85,45
7,86,190
7,87,75
7,88,190
7,89,75
7,90,190
7,91,60
7,92,190
7,93,90
7,94,45
7,95,45
7,96,190
7,97,75
7,98,225
7,99,60
7,100,190
7,101,60
7,102,90
7,103,45
7,104,190
7,105,75
7,106,45
7,107,45
7,108,45
7,109,190
7,110,60
7,111,120
7,112,60
7,113,30
7,114,45
7,115,45
7,116,225
7,117,75
7,118,225
7,119,60
7,120,225
7,121,60
7,122,45
7,123,45
7,124,45
7,125,45
7,126,45
7,127,45
7,128,45
7,129,255
7,130,45
7,131,45
7,132,35
7,133,45
7,134,45
7,135,45
7,136,45
7,137,45
7,138,45
7,139,45
7,140,45
7,141,45
7,142,45
7,143,25
7,144,3
7,145,3
7,146,3
7,147,45
7,148,45
7,149,45
7,150,3
7,151,45
7,152,45
7,153,45
7,154,45
7,155,45
7,156,45
7,157,45
7,158,45
7,159,45
7,160,45
7,161,255
7,162,90
7,163,255
7,164,90
7,165,255
7,166,90
7,167,255
7,168,90
7,169,90
7,170,190
7,171,75
7,172,190
7,173,150
7,174,170
7,175,190
7,176,75
7,177,190
7,178,75
7,179,235
7,180,120
7,181,45
7,182,45
7,183,190
7,184,75
7,185,65
7,186,45
7,187,255
7,188,120
7,189,45
7,190,45
7,191,235
7,192,120
7,193,75
7,194,255
7,195,90
7,196,45
7,197,45
7,198,30
7,199,70
7,200,45
7,201,225
7,202,45
7,203,60
7,204,190
7,205,75
7,206,190
7,207,60
7,208,25
7,209,190
7,210,75
7,211,45
7,212,25
7,213,190
7,214,45
7,215,60
7,216,120
7,217,60
7,218,190
7,219,75
7,220,225
7,221,75
7,222,60
7,223,190
7,224,75
7,225,45
7,226,25
7,227,25
7,228,120
7,229,45
7,230,45
7,231,120
7,232,60
7,233,45
7,234,45
7,235,45
7,236,75
7,237,45
7,238,45
7,239,45
7,240,45
7,241,45
7,242,30
7,243,3
7,244,3
7,245,3
7,246,45
7,247,45
7,248,45
7,249,3
7,250,3
7,251,45
7,252,45
7,253,45
7,254,45
7,255,45
7,256,45
7,257,45
7,258,45
7,259,45
7,260,45
7,261,255
7,262,127
7,263,255
7,264,90
7,265,255
7,266,120
7,267,45
7,268,120
7,269,45
7,270,255
7,271,120
7,272,45
7,273,255
7,274,120
7,275,45
7,276,200
7,277,45
7,278,190
7,279,45
7,280,235
7,281,120
7,282,45
7,283,200
7,284,75
7,285,255
7,286,90
7,287,255
7,288,120
7,289,45
7,290,255
7,291,120
7,292,45
7,293,190
7,294,120
7,295,45
7,296,180
7,297,200
7,298,150
7,299,255
7,300,255
7,301,60
7,302,45
7,303,45
7,304,180
7,305,90
7,306,45
7,307,180
7,308,90
7,309,120
7,310,45
7,311,200
7,312,200
7,313,150
7,314,150
7,315,150
7,316,225
7,317,75
7,318,225
7,319,60
7,320,125
7,321,60
7,322,255
7,323,150
7,324,90
7,325,255
7,326,60
7,327,255
7,328,255
7,329,120
7,330,45
7,331,190
7,332,60
7,333,255
7,334,45
7,335,90
7,336,90
7,337,45
7,338,45
7,339,190
7,340,75
7,341,205
7,342,155
7,343,255
7,344,90
7,345,45
7,346,45
7,347,45
7,348,45
7,349,255
7,350,60
7,351,45
7,352,200
7,353,225
7,354,45
7,355,190
7,356,90
7,357,200
7,358,45
7,359,30
7,360,125
7,361,190
7,362,75
7,363,255
7,364,120
7,365,45
7,366,255
7,367,60
7,368,60
7,369,25
7,370,225
7,371,45
7,372,45
7,373,45
7,374,3
7,375,3
7,376,3
7,377,3
7,378,3
7,379,3
7,380,3
7,381,3
7,382,5
7,383,5
7,384,3
7,385,3
7,386,3
8,1,45
8,2,45
8,3,45
8,4,45
8,5,45
8,6,45
8,7,45
8,8,45
8,9,45
8,10,255
8,11,120
8,12,45
8,13,255
8,14,120
8,15,45
8,16,255
8,17,120
8,18,45
8,19,255
8,20,127
8,21,255
8,22,90
8,23,255
8,24,90
8,25,190
8,26,75
8,27,255
8,28,90
8,29,235
8,30,120
8,31,45
8,32,235
8,33,120
8,34,45
8,35,150
8,36,25
8,37,190
8,38,75
8,39,170
8,40,50
8,41,255
8,42,90
8,43,255
8,44,120
8,45,45
8,46,190
8,47,75
8,48,190
8,49,75
8,50,255
8,51,50
8,52,255
8,53,90
8,54,190
8,55,75
8,56,190
8,57,75
8,58,190
8,59,75
8,60,255
8,61,120
8,62,45
8,63,200
8,64,100
8,65,50
8,66,180
8,67,90
8,68,45
8,69,255
8,70,120
8,71,45
8,72,190
8,73,60
8,74,255
8,75,120
8,76,45
8,77,190
8,78,60
8,79,190
8,80,75
8,81,190
8,82,60
8,83,45
8,84,190
8,85,45
8,86,190
8,87,75
8,88,190
8,89,75
8,90,190
8,91,60
8,92,190
8,93,90
8,94,45
8,95,45
8,96,190
8,97,75
8,98,225
8,99,60
8,100,190
8,101,60
8,102,90
8,103,45
8,104,190
8,105,75
8,106,45
8,107,45
8,108,45
8,109,190
8,110,60
8,111,120
8,112,60
8,113,30
8,114,45
8,115,45
8,116,225
8,117,75
8,118,225
8,119,60
8,120,225
8,121,60
8,122,45
8,123,45
8,124,45
8,125,45
8,126,45
8,127,45
8,128,45
8,129,255
8,130,45
8,131,45
8,132,35
8,133,45
8,134,45
8,135,45
8,136,45
8,137,45
8,138,45
8,139,45
8,140,45
8,141,45
8,142,45
8,143,25
8,144,3
8,145,3
8,146,3
8,147,45
8,148,45
8,149,45
8,150,3
8,151,45
8,152,45
8,153,45
8,154,45
8,155,45
8,156,45
8,157,45
8,158,45
8,159,45
8,160,45
8,161,255
8,162,90
8,163,255
8,164,90
8,165,255
8,166,90
8,167,255
8,168,90
8,169,90
8,170,190
8,171,75
8,172,190
8,173,150
8,174,170
8,175,190
8,176,75
8,177,190
8,178,75
8,179,235
8,180,120
8,181,45
8,182,45
8,183,190
8,184,75
8,185,65
8,186,45
8,187,255
8,188,120
8,189,45
8,190,45
8,191,235
8,192,120
8,193,75
8,194,255
8,195,90
8,196,45
8,197,45
8,198,30
8,199,70
8,200,45
8,201,225
8,202,45
8,203,60
8,204,190
8,205,75
8,206,190
8,207,60
8,208,25
8,209,190
8,210,75
8,211,45
8,212,25
8,213,190
8,214,45
8,215,60
8,216,120
8,217,60
8,218,190
8,219,75
8,220,225
8,221,75
8,222,60
8,223,190
8,224,75
8,225,45
8,226,25
8,227,25
8,228,120
8,229,45
8,230,45
8,231,120
8,232,60
8,233,45
8,234,45
8,235,45
8,236,75
8,237,45
8,238,45
8,239,45
8,240,45
8,241,45
8,242,30
8,243,3
8,244,3
8,245,3
8,246,45
8,247,45
8,248,45
8,249,3
8,250,3
8,251,45
8,252,45
8,253,45
8,254,45
8,255,45
8,256,45
8,257,45
8,258,45
8,259,45
8,260,45
8,261,255
8,262,127
8,263,255
8,264,90
8,265,255
8,266,120
8,267,45
8,268,120
8,269,45
8,270,255
8,271,120
8,272,45
8,273,255
8,274,120
8,275,45
8,276,200
8,277,45
8,278,190
8,279,45
8,280,235
8,281,120
8,282,45
8,283,200
8,284,75
8,285,255
8,286,90
8,287,255
8,288,120
8,289,45
8,290,255
8,291,120
8,292,45
8,293,190
8,294,120
8,295,45
8,296,180
8,297,200
8,298,150
8,299,255
8,300,255
8,301,60
8,302,45
8,303,45
8,304,180
8,305,90
8,306,45
8,307,180
8,308,90
8,309,120
8,310,45
8,311,200
8,312,200
8,313,150
8,314,150
8,315,150
8,316,225
8,317,75
8,318,225
8,319,60
8,320,125
8,321,60
8,322,255
8,323,150
8,324,90
8,325,255
8,326,60
8,327,255
8,328,255
8,329,120
8,330,45
8,331,190
8,332,60
8,333,255
8,334,45
8,335,90
8,336,90
8,337,45
8,338,45
8,339,190
8,340,75
8,341,205
8,342,155
8,343,255
8,344,90
8,345,45
8,346,45
8,347,45
8,348,45
8,349,255
8,350,60
8,351,45
8,352,200
8,353,225
8,354,45
8,355,190
8,356,90
8,357,200
8,358,45
8,359,30
8,360,125
8,361,190
8,362,75
8,363,255
8,364,120
8,365,45
8,366,255
8,367,60
8,368,60
8,369,25
8,370,225
8,371,45
8,372,45
8,373,45
8,374,3
8,375,3
8,376,3
8,377,3
8,378,3
8,379,3
8,380,3
8,381,3
8,382,5
8,383,5
8,384,3
8,385,3
8,386,3
9,1,45
9,2,45
9,3,45
9,4,45
9,5,45
9,6,45
9,7,45
9,8,45
9,9,45
9,10,255
9,11,120
9,12,45
9,13,255
9,14,120
9,15,45
9,16,255
9,17,120
9,18,45
9,19,255
9,20,127
9,21,255
9,22,90
9,23,255
9,24,90
9,25,190
9,26,75
9,27,255
9,28,90
9,29,235
9,30,120
9,31,45
9,32,235
9,33,120
9,34,45
9,35,150
9,36,25
9,37,190
9,38,75
9,39,170
9,40,50
9,41,255
9,42,90
9,43,255
9,44,120
9,45,45
9,46,190
9,47,75
9,48,190
9,49,75
9,50,255
9,51,50
9,52,255
9,53,90
9,54,190
9,55,75
9,56,190
9,57,75
9,58,190
9,59,75
9,60,255
9,61,120
9,62,45
9,63,200
9,64,100
9,65,50
9,66,180
9,67,90
9,68,45
9,69,255
9,70,120
9,71,45
9,72,190
9,73,60
9,74,255
9,75,120
9,76,45
9,77,190
9,78,60
9,79,190
9,80,75
9,81,190
9,82,60
9,83,45
9,84,190
9,85,45
9,86,190
9,87,75
9,88,190
9,89,75
9,90,190
9,91,60
9,92,190
9,93,90
9,94,45
9,95,45
9,96,190
9,97,75
9,98,225
9,99,60
9,100,190
9,101,60
9,102,90
9,103,45
9,104,190
9,105,75
9,106,45
9,107,45
9,108,45
9,109,190
9,110,60
9,111,120
9,112,60
9,113,30
9,114,45
9,115,45
9,116,225
9,117,75
9,118,225
9,119,60
9,120,225
9,121,60
9,122,45
9,123,45
9,124,45
9,125,45
9,126,45
9,127,45
9,128,45
9,129,255
9,130,45
9,131,45
9,132,35
9,133,45
9,134,45
9,135,45
9,136,45
9,137,45
9,138,45
9,139,45
9,140,45
9,141,45
9,142,45
9,143,25
9,144,3
9,145,3
9,146,3
9,147,45
9,148,45
9,149,45
9,150,3
9,151,45
9,152,45
9,153,45
9,154,45
9,155,45
9,156,45
9,157,45
9,158,45
9,159,45
9,160,45
9,161,255
9,162,90
9,163,255
9,164,90
9,165,255
9,166,90
9,167,255
9,168,90
9,169,90
9,170,190
9,171,75
9,172,190
9,173,150
9,174,170
9,175,190
9,176,75
9,177,190
9,178,75
9,179,235
9,180,120
9,181,45
9,182,45
9,183,190
9,184,75
9,185,65
9,186,45
9,187,255
9,188,120
9,189,45
9,190,45
9,191,235
9,192,120
9,193,75
9,194,255
9,195,90
9,196,45
9,197,45
9,198,30
9,199,70
9,200,45
9,201,225
9,202,45
9,203,60
9,204,190
9,205,75
9,206,190
9,207,60
9,208,25
9,209,190
9,210,75
9,211,45
9,212,25
9,213,190
9,214,45
9,215,60
9,216,120
9,217,60
9,218,190
9,219,75
9,220,225
9,221,75
9,222,60
9,223,190
9,224,75
9,225,45
9,226,25
9,227,25
9,228,120
9,229,45
9,230,45
9,231,120
9,232,60
9,233,45
9,234,45
9,235,45
9,236,75
9,237,45
9,238,45
9,239,45
9,240,45
9,241,45
9,242,30
9,243,3
9,244,3
9,245,3
9,246,45
9,247,45
9,248,45
9,249,3
9,250,3
9,251,45
9,252,45
9,253,45
9,254,45
9,255,45
9,256,45
9,257,45
9,258,45
9,259,45
9,260,45
9,261,255
9,262,127
9,263,255
9,264,90
9,265,255
9,266,120
9,267,45
9,268,120
9,269,45
9,270,255
9,271,120
9,272,45
9,273,255
9,274,120
9,275,45
9,276,200
9,277,45
9,278,190
9,279,45
9,280,235
9,281,120
9,282,45
9,283,200
9,284,75
9,285,255
9,286,90
9,287,255
9,288,120
9,289,45
9,290,255
9,291,120
9,292,45
9,293,190
9,294,120
9,295,45
9,296,180
9,297,200
9,298,150
9,299,255
9,300,255
9,301,60
9,302,45
9,303,45
9,304,180
9,305,90
9,306,45
9,307,180
9,308,90
9,309,120
9,310,45
9,311,200
9,312,200
9,313,150
9,314,150
9,315,150
9,316,225
9,317,75
9,318,225
9,319,60
9,320,125
9,321,60
9,322,255
9,323,150
9,324,90
9,325,255
9,326,60
9,327,255
9,328,255
9,329,120
9,330,45
9,331,190
9,332,60
9,333,255
9,334,45
9,335,90
9,336,90
9,337,45
9,338,45
9,339,190
9,340,75
9,341,205
9,342,155
9,343,255
9,344,90
9,345,45
9,346,45
9,347,45
9,348,45
9,349,255
9,350,60
9,351,45
9,352,200
9,353,225
9,354,45
9,355,190
9,356,90
9,357,200
9,358,45
9,359,30
9,360,125
9,361,190
9,362,75
9,363,255
9,364,120
9,365,45
9,366,255
9,367,60
9,368,60
9,369,25
9,370,225
9,371,45
9,372,45
9,373,45
9,374,3
9,375,3
9,376,3
9,377,3
9,378,3
9,379,3
9,380,3
9,381,3
9,382,5
9,383,5
9,384,3
9,385,3
9,386,3
10,1,45
10,2,45
10,3,45
10,4,45
10,5,45
10,6,45
10,7,45
10,8,45
10,9,45
10,10,255
10,11,120
10,12,45
10,13,255
10,14,120
10,15,45
10,16,255
10,17,120
10,18,45
10,19,255
10,20,127
10,21,255
10,22,90
10,23,255
10,24,90
10,25,190
10,26,75
10,27,255
10,28,90
10,29,235
10,30,120
10,31,45
10,32,235
10,33,120
10,34,45
10,35,150
10,36,25
10,37,190
10,38,75
10,39,170
10,40,50
10,41,255
10,42,90
10,43,255
10,44,120
10,45,45
10,46,190
10,47,75
10,48,190
10,49,75
10,50,255
10,51,50
10,52,255
10,53,90
10,54,190
10,55,75
10,56,190
10,57,75
10,58,190
10,59,75
10,60,255
10,61,120
10,62,45
10,63,200
10,64,100
10,65,50
10,66,180
10,67,90
10,68,45
10,69,255
10,70,120
10,71,45
10,72,190
10,73,60
10,74,255
10,75,120
10,76,45
10,77,190
10,78,60
10,79,190
10,80,75
10,81,190
10,82,60
10,83,45
10,84,190
10,85,45
10,86,190
10,87,75
10,88,190
10,89,75
10,90,190
10,91,60
10,92,190
10,93,90
10,94,45
10,95,45
10,96,190
10,97,75
10,98,225
10,99,60
10,100,190
10,101,60
10,102,90
10,103,45
10,104,190
10,105,75
10,106,45
10,107,45
10,108,45
10,109,190
10,110,60
10,111,120
10,112,60
10,113,30
10,114,45
10,115,45
10,116,225
10,117,75
10,118,225
10,119,60
10,120,225
10,121,60
10,122,45
10,123,45
10,124,45
10,125,45
10,126,45
10,127,45
10,128,45
10,129,255
10,130,45
10,131,45
10,132,35
10,133,45
10,134,45
10,135,45
10,136,45
10,137,45
10,138,45
10,139,45
10,140,45
10,141,45
10,142,45
10,143,25
10,144,3
10,145,3
10,146,3
10,147,45
10,148,45
10,149,45
10,150,3
10,151,45
10,152,45
10,153,45
10,154,45
10,155,45
10,156,45
10,157,45
10,158,45
10,159,45
10,160,45
10,161,255
10,162,90
10,163,255
10,164,90
10,165,255
10,166,90
10,167,255
10,168,90
10,169,90
10,170,190
10,171,75
10,172,190
10,173,150
10,174,170
10,175,190
10,176,75
10,177,190
10,178,75
10,179,235
10,180,120
10,181,45
10,182,45
10,183,190
10,184,75
10,185,65
10,186,45
10,187,255
10,188,120
10,189,45
10,190,45
10,191,235
10,192,120
10,193,75
10,194,255
10,195,90
10,196,45
10,197,45
10,198,30
10,199,70
10,200,45
10,201,225
10,202,45
10,203,60
10,204,190
10,205,75
10,206,190
10,207,60
10,208,25
10,209,190
10,210,75
10,211,45
10,212,25
10,213,190
10,214,45
10,215,60
10,216,120
10,217,60
10,218,190
10,219,75
10,220,225
10,221,75
10,222,60
10,223,190
10,224,75
10,225,45
10,226,25
10,227,25
10,228,120
10,229,45
10,230,45
10,231,120
10,232,60
10,233,45
10,234,45
10,235,45
10,236,75
10,237,45
10,238,45
10,239,45
10,240,45
10,241,45
10,242,30
10,243,3
10,244,3
10,245,3
10,246,45
10,247,45
10,248,45
10,249,3
10,250,3
10,251,45
10,252,45
10,253,45
10,254,45
10,255,45
10,256,45
10,257,45
10,258,45
10,259,45
10,260,45
10,261,255
10,262,127
10,263,255
10,264,90
10,265,255
10,266,120
10,267,45
10,268,120
10,269,45
10,270,255
10,271,120
10,272,45
10,273,255
10,274,120
10,275,45
10,276,200
10,277,45
10,278,190
10,279,45
10,280,235
10,281,120
10,282,45
10,283,200
10,284,75
10,285,255
10,286,90
10,287,255
10,288,120
10,289,45
10,290,255
10,291,120
10,292,45
10,293,190
10,294,120
10,295,45
10,296,180
10,297,200
10,298,150
10,299,255
10,300,255
10,301,60
10,302,45
10,303,45
10,304,180
10,305,90
10,306,45
10,307,180
10,308,90
10,309,120
10,310,45
10,311,200
10,312,200
10,313,150
10,314,150
10,315,150
10,316,225
10,317,75
10,318,225
10,319,60
10,320,125
10,321,60
10,322,255
10,323,150
10,324,90
10,325,255
10,326,60
10,327,255
10,328,255
10,329,120
10,330,45
10,331,190
10,332,60
10,333,255
10,334,45
10,335,90
10,336,90
10,337,45
10,338,45
10,339,190
10,340,75
10,341,205
10,342,155
10,343,255
10,344,90
10,345,45
10,346,45
10,347,45
10,348,45
10,349,255
10,350,60
10,351,45
10,352,200
10,353,225
10,354,45
10,355,190
10,356,90
10,357,200
10,358,45
10,359,30
10,360,125
10,361,190
10,362,75
10,363,255
10,364,120
10,365,45
10,366,255
10,367,60
10,368,60
10,369,25
10,370,225
10,371,45
10,372,45
10,373,45
10,374,3
10,375,3
10,376,3
10,377,3
10,378,3
10,379,3
10,380,3
10,381,3
10,382,5
10,383,5
10,384,3
10,385,3
10,386,3
10,387,45
10,388,45
10,389,45
10,390,45
10,391,45
10,392,45
10,393,45
10,394,45
10,395,45
10,396,255
10,397,120
10,398,45
10,399,255
10,400,127
10,401,255
10,402,45
10,403,235
10,404,120
10,405,45
10,406,255
10,407,75
10,408,45
10,409,45
10,410,45
10,411,45
10,412,120
10,413,45
10,414,45
10,415,120
10,416,45
10,417,200
10,418,190
10,419,75
10,420,190
10,421,75
10,422,190
10,423,75
10,424,45
10,425,125
10,426,60
10,427,190
10,428,60
10,429,45
10,430,30
10,431,190
10,432,75
10,433,120
10,434,225
10,435,60
10,436,255
10,437,90
10,438,255
10,439,145
10,440,130
10,441,30
10,442,100
10,443,45
10,444,45
10,445,45
10,446,50
10,447,75
10,448,45
10,449,140
10,450,60
10,451,120
10,452,45
10,453,140
10,454,75
10,455,200
10,456,190
10,457,75
10,458,25
10,459,120
10,460,60
10,461,45
10,462,30
10,463,30
10,464,30
10,465,30
10,466,30
10,467,30
10,468,30
10,469,30
10,470,45
10,471,45
10,472,30
10,473,50
10,474,30
10,475,45
10,476,60
10,477,45
10,478,75
10,479,45
10,480,3
10,481,3
10,482,3
10,483,30
10,484,30
10,485,3
10,486,3
10,487,3
10,488,3
10,489,30
10,490,3
10,491,3
10,492,45
10,493,3
11,1,45
11,2,45
11,3,45
11,4,45
11,5,45
11,6,45
11,7,45
11,8,45
11,9,45
11,10,255
11,11,120
11,12,45
11,13,255
11,14,120
11,15,45
11,16,255
11,17,120
11,18,45
11,19,255
11,20,127
11,21,255
11,22,90
11,23,255
11,24,90
11,25,190
11,26,75
11,27,255
11,28,90
11,29,235
11,30,120
11,31,45
11,32,235
11,33,120
11,34,45
11,35,150
11,36,25
11,37,190
11,38,75
11,39,170
11,40,50
11,41,255
11,42,90
11,43,255
11,44,120
11,45,45
11,46,190
11,47,75
11,48,190
11,49,75
11,50,255
11,51,50
11,52,255
11,53,90
11,54,190
11,55,75
11,56,190
11,57,75
11,58,190
11,59,75
11,60,255
11,61,120
11,62,45
11,63,200
11,64,100
11,65,50
11,66,180
11,67,90
11,68,45
11,69,255
11,70,120
11,71,45
11,72,190
11,73,60
11,74,255
11,75,120
11,76,45
11,77,190
11,78,60
11,79,190
11,80,75
11,81,190
11,82,60
11,83,45
11,84,190
11,85,45
11,86,190
11,87,75
11,88,190
11,89,75
11,90,190
11,91,60
11,92,190
11,93,90
11,94,45
11,95,45
11,96,190
11,97,75
11,98,225
11,99,60
11,100,190
11,101,60
11,102,90
11,103,45
11,104,190
11,105,75
11,106,45
11,107,45
11,108,45
11,109,190
11,110,60
11,111,120
11,112,60
11,113,30
11,114,45
11,115,45
11,116,225
11,117,75
11,118,225
11,119,60
11,120,225
11,121,60
11,122,45
11,123,45
11,124,45
11,125,45
11,126,45
11,127,45
11,128,45
11,129,255
11,130,45
11,131,45
11,132,35
11,133,45
11,134,45
11,135,45
11,136,45
11,137,45
11,138,45
11,139,45
11,140,45
11,141,45
11,142,45
11,143,25
11,144,3
11,145,3
11,146,3
11,147,45
11,148,45
11,149,45
11,150,3
11,151,45
11,152,45
11,153,45
11,154,45
11,155,45
11,156,45
11,157,45
11,158,45
11,159,45
11,160,45
11,161,255
11,162,90
11,163,255
11,164,90
11,165,255
11,166,90
11,167,255
11,168,90
11,169,90
11,170,190
11,171,75
11,172,190
11,173,150
11,174,170
11,175,190
11,176,75
11,177,190
11,178,75
11,179,235
11,180,120
11,181,45
11,182,45
11,183,190
11,184,75
11,185,65
11,186,45
11,187,255
11,188,120
11,189,45
11,190,45
11,191,235
11,192,120
11,193,75
11,194,255
11,195,90
11,196,45
11,197,45
11,198,30
11,199,70
11,200,45
11,201,225
11,202,45
11,203,60
11,204,190
11,205,75
11,206,190
11,207,60
11,208,25
11,209,190
11,210,75
11,211,45
11,212,25
11,213,190
11,214,45
11,215,60
11,216,120
11,217,60
11,218,190
11,219,75
11,220,225
11,221,75
11,222,60
11,223,190
11,224,75
11,225,45
11,226,25
11,227,25
11,228,120
11,229,45
11,230,45
11,231,120
11,232,60
11,233,45
11,234,45
11,235,45
11,236,75
11,237,45
11,238,45
11,239,45
11,240,45
11,241,45
11,242,30
11,243,3
11,244,3
11,245,3
11,246,45
11,247,45
11,248,45
11,249,3
11,250,3
11,251,45
11,252,45
11,253,45
11,254,45
11,255,45
11,256,45
11,257,45
11,258,45
11,259,45
11,260,45
11,261,255
11,262,127
11,263,255
11,264,90
11,265,255
11,266,120
11,267,45
11,268,120
11,269,45
11,270,255
11,271,120
11,272,45
11,273,255
11,274,120
11,275,45
11,276,200
11,277,45
11,278,190
11,279,45
11,280,235
11,281,120
11,282,45
11,283,200
11,284,75
11,285,255
11,286,90
11,287,255
11,288,120
11,289,45
11,290,255
11,291,120
11,292,45
11,293,190
11,294,120
11,295,45
11,296,180
11,297,200
11,298,150
11,299,255
11,300,255
11,301,60
11,302,45
11,303,45
11,304,180
11,305,90
11,306,45
11,307,180
11,308,90
11,309,120
11,310,45
11,311,200
11,312,200
11,313,150
11,314,150
11,315,150
11,316,225
11,317,75
11,318,225
11,319,60
11,320,125
11,321,60
11,322,255
11,323,150
11,324,90
11,325,255
11,326,60
11,327,255
11,328,255
11,329,120
11,330,45
11,331,190
11,332,60
11,333,255
11,334,45
11,335,90
11,336,90
11,337,45
11,338,45
11,339,190
11,340,75
11,341,205
11,342,155
11,343,255
11,344,90
11,345,45
11,346,45
11,347,45
11,348,45
11,349,255
11,350,60
11,351,45
11,352,200
11,353,225
11,354,45
11,355,190
11,356,90
11,357,200
11,358,45
11,359,30
11,360,125
11,361,190
11,362,75
11,363,255
11,364,120
11,365,45
11,366,255
11,367,60
11,368,60
11,369,25
11,370,225
11,371,45
11,372,45
11,373,45
11,374,3
11,375,3
11,376,3
11,377,3
11,378,3
11,379,3
11,380,3
11,381,3
11,382,5
11,383,5
11,384,3
11,385,3
11,386,3
11,387,45
11,388,45
11,389,45
11,390,45
11,391,45
11,392,45
11,393,45
11,394,45
11,395,45
11,396,255
11,397,120
11,398,45
11,399,255
11,400,127
11,401,255
11,402,45
11,403,235
11,404,120
11,405,45
11,406,255
11,407,75
11,408,45
11,409,45
11,410,45
11,411,45
11,412,120
11,413,45
11,414,45
11,415,120
11,416,45
11,417,200
11,418,190
11,419,75
11,420,190
11,421,75
11,422,190
11,423,75
11,424,45
11,425,125
11,426,60
11,427,190
11,428,60
11,429,45
11,430,30
11,431,190
11,432,75
11,433,120
11,434,225
11,435,60
11,436,255
11,437,90
11,438,255
11,439,145
11,440,130
11,441,30
11,442,100
11,443,45
11,444,45
11,445,45
11,446,50
11,447,75
11,448,45
11,449,140
11,450,60
11,451,120
11,452,45
11,453,140
11,454,75
11,455,200
11,456,190
11,457,75
11,458,25
11,459,120
11,460,60
11,461,45
11,462,30
11,463,30
11,464,30
11,465,30
11,466,30
11,467,30
11,468,30
11,469,30
11,470,45
11,471,45
11,472,30
11,473,50
11,474,30
11,475,45
11,476,60
11,477,45
11,478,75
11,479,45
11,480,3
11,481,3
11,482,3
11,483,30
11,484,30
11,485,3
11,486,3
11,487,3
11,488,3
11,489,30
11,490,3
11,491,3
11,492,45
11,493,3
12,1,45
12,2,45
12,3,45
12,4,45
12,5,45
12,6,45
12,7,45
12,8,45
12,9,45
12,10,255
12,11,120
12,12,45
12,13,255
12,14,120
12,15,45
12,16,255
12,17,120
12,18,45
12,19,255
12,20,127
12,21,255
12,22,90
12,23,255
12,24,90
12,25,190
12,26,75
12,27,255
12,28,90
12,29,235
12,30,120
12,31,45
12,32,235
12,33,120
12,34,45
12,35,150
12,36,25
12,37,190
12,38,75
12,39,170
12,40,50
12,41,255
12,42,90
12,43,255
12,44,120
12,45,45
12,46,190
12,47,75
12,48,190
12,49,75
12,50,255
12,51,50
12,52,255
12,53,90
12,54,190
12,55,75
12,56,190
12,57,75
12,58,190
12,59,75
12,60,255
12,61,120
12,62,45
12,63,200
12,64,100
12,65,50
12,66,180
12,67,90
12,68,45
12,69,255
12,70,120
12,71,45
12,72,190
12,73,60
12,74,255
12,75,120
12,76,45
12,77,190
12,78,60
12,79,190
12,80,75
12,81,190
12,82,60
12,83,45
12,84,190
12,85,45
12,86,190
12,87,75
12,88,190
12,89,75
12,90,190
12,91,60
12,92,190
12,93,90
12,94,45
12,95,45
12,96,190
12,97,75
12,98,225
12,99,60
12,100,190
12,101,60
12,102,90
12,103,45
12,104,190
12,105,75
12,106,45
12,107,45
12,108,45
12,109,190
12,110,60
12,111,120
12,112,60
12,113,30
12,114,45
12,115,45
12,116,225
12,117,75
12,118,225
12,119,60
12,120,225
12,121,60
12,122,45
12,123,45
12,124,45
12,125,45
12,126,45
12,127,45
12,128,45
12,129,255
12,130,45
12,131,45
12,132,35
12,133,45
12,134,45
12,135,45
12,136,45
12,137,45
12,138,45
12,139,45
12,140,45
12,141,45
12,142,45
12,143,25
12,144,3
12,145,3
12,146,3
12,147,45
12,148,45
12,149,45
12,150,3
12,151,45
12,152,45
12,153,45
12,154,45
12,155,45
12,156,45
12,157,45
12,158,45
12,159,45
12,160,45
12,161,255
12,162,90
12,163,255
12,164,90
12,165,255
12,166,90
12,167,255
12,168,90
12,169,90
12,170,190
12,171,75
12,172,190
12,173,150
12,174,170
12,175,190
12,176,75
12,177,190
12,178,75
12,179,235
12,180,120
12,181,45
12,182,45
12,183,190
12,184,75
12,185,65
12,186,45
12,187,255
12,188,120
12,189,45
12,190,45
12,191,235
12,192,120
12,193,75
12,194,255
12,195,90
12,196,45
12,197,45
12,198,30
12,199,70
12,200,45
12,201,225
12,202,45
12,203,60
12,204,190
12,205,75
12,206,190
12,207,60
12,208,25
12,209,190
12,210,75
12,211,45
12,212,25
12,213,190
12,214,45
12,215,60
12,216,120
12,217,60
12,218,190
12,219,75
12,220,225
12,221,75
12,222,60
12,223,190
12,224,75
12,225,45
12,226,25
12,227,25
12,228,120
12,229,45
12,230,45
12,231,120
12,232,60
12,233,45
12,234,45
12,235,45
12,236,75
12,237,45
12,238,45
12,239,45
12,240,45
12,241,45
12,242,30
12,243,3
12,244,3
12,245,3
12,246,45
12,247,45
12,248,45
12,249,3
12,250,3
12,251,45
12,252,45
12,253,45
12,254,45
12,255,45
12,256,45
12,257,45
12,258,45
12,259,45
12,260,45
12,261,255
12,262,127
12,263,255
12,264,90
12,265,255
12,266,120
12,267,45
12,268,120
12,269,45
12,270,255
12,271,120
12,272,45
12,273,255
12,274,120
12,275,45
12,276,200
12,277,45
12,278,190
12,279,45
12,280,235
12,281,120
12,282,45
12,283,200
12,284,75
12,285,255
12,286,90
12,287,255
12,288,120
12,289,45
12,290,255
12,291,120
12,292,45
12,293,190
12,294,120
12,295,45
12,296,180
12,297,200
12,298,150
12,299,255
12,300,255
12,301,60
12,302,45
12,303,45
12,304,180
12,305,90
12,306,45
12,307,180
12,308,90
12,309,120
12,310,45
12,311,200
12,312,200
12,313,150
12,314,150
12,315,150
12,316,225
12,317,75
12,318,225
12,319,60
12,320,125
12,321,60
12,322,255
12,323,150
12,324,90
12,325,255
12,326,60
12,327,255
12,328,255
12,329,120
12,330,45
12,331,190
12,332,60
12,333,255
12,334,45
12,335,90
12,336,90
12,337,45
12,338,45
12,339,190
12,340,75
12,341,205
12,342,155
12,343,255
12,344,90
12,345,45
12,346,45
12,347,45
12,348,45
12,349,255
12,350,60
12,351,45
12,352,200
12,353,225
12,354,45
12,355,190
12,356,90
12,357,200
12,358,45
12,359,30
12,360,125
12,361,190
12,362,75
12,363,255
12,364,120
12,365,45
12,366,255
12,367,60
12,368,60
12,369,25
12,370,225
12,371,45
12,372,45
12,373,45
12,374,3
12,375,3
12,376,3
12,377,3
12,378,3
12,379,3
12,380,3
12,381,3
12,382,5
12,383,5
12,384,3
12,385,3
12,386,3
12,387,45
12,388,45
12,389,45
12,390,45
12,391,45
12,392,45
12,393,45
12,394,45
12,395,45
12,396,255
12,397,120
12,398,45
12,399,255
12,400,127
12,401,255
12,402,45
12,403,235
12,404,120
12,405,45
12,406,255
12,407,75
12,408,45
12,409,45
12,410,45
12,411,45
12,412,120
12,413,45
12,414,45
12,415,120
12,416,45
12,417,200
12,418,190
12,419,75
12,420,190
12,421,75
12,422,190
12,423,75
12,424,45
12,425,125
12,426,60
12,427,190
12,428,60
12,429,45
12,430,30
12,431,190
12,432,75
12,433,120
12,434,225
12,435,60
12,436,255
12,437,90
12,438,255
12,439,145
12,440,130
12,441,30
12,442,100
12,443,45
12,444,45
12,445,45
12,446,50
12,447,75
12,448,45
12,449,140
12,450,60
12,451,120
12,452,45
12,453,140
12,454,75
12,455,200
12,456,190
12,457,75
12,458,25
12,459,120
12,460,60
12,461,45
12,462,30
12,463,30
12,464,30
12,465,30
12,466,30
12,467,30
12,468,30
12,469,30
12,470,45
12,471,45
12,472,30
12,473,50
12,474,30
12,475,45
12,476,60
12,477,45
12,478,75
12,479,45
12,480,3
12,481,3
12,482,3
12,483,30
12,484,30
12,485,3
12,486,3
12,487,3
12,488,3
12,489,30
12,490,3
12,491,3
12,492,45
12,493,3
13,1,45
13,2,45
13,3,45
13,4,45
13,5,45
13,6,45
13,7,45
13,8,45
13,9,45
13,10,255
13,11,120
13,12,45
13,13,255
13,14,120
13,15,45
13,16,255
13,17,120
13,18,45
13,19,255
13,20,127
13,21,255
13,22,90
13,23,255
13,24,90
13,25,190
13,26,75
13,27,255
13,28,90
13,29,235
13,30,120
13,31,45
13,32,235
13,33,120
13,34,45
13,35,150
13,36,25
13,37,190
13,38,75
13,39,170
13,40,50
13,41,255
13,42,90
13,43,255
13,44,120
13,45,45
13,46,190
13,47,75
13,48,190
13,49,75
13,50,255
13,51,50
13,52,255
13,53,90
13,54,190
13,55,75
13,56,190
13,57,75
13,58,190
13,59,75
13,60,255
13,61,120
13,62,45
13,63,200
13,64,100
13,65,50
13,66,180
13,67,90
13,68,45
13,69,255
13,70,120
13,71,45
13,72,190
13,73,60
13,74,255
13,75,120
13,76,45
13,77,190
13,78,60
13,79,190
13,80,75
13,81,190
13,82,60
13,83,45
13,84,190
13,85,45
13,86,190
13,87,75
13,88,190
13,89,75
13,90,190
13,91,60
13,92,190
13,93,90
13,94,45
13,95,45
13,96,190
13,97,75
13,98,225
13,99,60
13,100,190
13,101,60
13,102,90
13,103,45
13,104,190
13,105,75
13,106,45
13,107,45
13,108,45
13,109,190
13,110,60
13,111,120
13,112,60
13,113,30
13,114,45
13,115,45
13,116,225
13,117,75
13,118,225
13,119,60
13,120,225
13,121,60
13,122,45
13,123,45
13,124,45
13,125,45
13,126,45
13,127,45
13,128,45
13,129,255
13,130,45
13,131,45
13,132,35
13,133,45
13,134,45
13,135,45
13,136,45
13,137,45
13,138,45
13,139,45
13,140,45
13,141,45
13,142,45
13,143,25
13,144,3
13,145,3
13,146,3
13,147,45
13,148,45
13,149,45
13,150,3
13,151,45
13,152,45
13,153,45
13,154,45
13,155,45
13,156,45
13,157,45
13,158,45
13,159,45
13,160,45
13,161,255
13,162,90
13,163,255
13,164,90
13,165,255
13,166,90
13,167,255
13,168,90
13,169,90
13,170,190
13,171,75
13,172,190
13,173,150
13,174,170
13,175,190
13,176,75
13,177,190
13,178,75
13,179,235
13,180,120
13,181,45
13,182,45
13,183,190
13,184,75
13,185,65
13,186,45
13,187,255
13,188,120
13,189,45
13,190,45
13,191,235
13,192,120
13,193,75
13,194,255
13,195,90
13,196,45
13,197,45
13,198,30
13,199,70
13,200,45
13,201,225
13,202,45
13,203,60
13,204,190
13,205,75
13,206,190
13,207,60
13,208,25
13,209,190
13,210,75
13,211,45
13,212,25
13,213,190
13,214,45
13,215,60
13,216,120
13,217,60
13,218,190
13,219,75
13,220,225
13,221,75
13,222,60
13,223,190
13,224,75
13,225,45
13,226,25
13,227,25
13,228,120
13,229,45
13,230,45
13,231,120
13,232,60
13,233,45
13,234,45
13,235,45
13,236,75
13,237,45
13,238,45
13,239,45
13,240,45
13,241,45
13,242,30
13,243,3
13,244,3
13,245,3
13,246,45
13,247,45
13,248,45
13,249,3
13,250,3
13,251,45
13,252,45
13,253,45
13,254,45
13,255,45
13,256,45
13,257,45
13,258,45
13,259,45
13,260,45
13,261,255
13,262,127
13,263,255
13,264,90
13,265,255
13,266,120
13,267,45
13,268,120
13,269,45
13,270,255
13,271,120
13,272,45
13,273,255
13,274,120
13,275,45
13,276,200
13,277,45
13,278,190
13,279,45
13,280,235
13,281,120
13,282,45
13,283,200
13,284,75
13,285,255
13,286,90
13,287,255
13,288,120
13,289,45
13,290,255
13,291,120
13,292,45
13,293,190
13,294,120
13,295,45
13,296,180
13,297,200
13,298,150
13,299,255
13,300,255
13,301,60
13,302,45
13,303,45
13,304,180
13,305,90
13,306,45
13,307,180
13,308,90
13,309,120
13,310,45
13,311,200
13,312,200
13,313,150
13,314,150
13,315,150
13,316,225
13,317,75
13,318,225
13,319,60
13,320,125
13,321,60
13,322,255
13,323,150
13,324,90
13,325,255
13,326,60
13,327,255
13,328,255
13,329,120
13,330,45
13,331,190
13,332,60
13,333,255
13,334,45
13,335,90
13,336,90
13,337,45
13,338,45
13,339,190
13,340,75
13,341,205
13,342,155
13,343,255
13,344,90
13,345,45
13,346,45
13,347,45
13,348,45
13,349,255
13,350,60
13,351,45
13,352,200
13,353,225
13,354,45
13,355,190
13,356,90
13,357,200
13,358,45
13,359,30
13,360,125
13,361,190
13,362,75
13,363,255
13,364,120
13,365,45
13,366,255
13,367,60
13,368,60
13,369,25
13,370,225
13,371,45
13,372,45
13,373,45
13,374,3
13,375,3
13,376,3
13,377,3
13,378,3
13,379,3
13,380,3
13,381,3
13,382,5
13,383,5
13,384,3
13,385,3
13,386,3
13,387,45
13,388,45
13,389,45
13,390,45
13,391,45
13,392,45
13,393,45
13,394,45
13,395,45
13,396,255
13,397,120
13,398,45
13,399,255
13,400,127
13,401,255
13,402,45
13,403,235
13,404,120
13,405,45
13,406,255
13,407,75
13,408,45
13,409,45
13,410,45
13,411,45
13,412,120
13,413,45
13,414,45
13,415,120
13,416,45
13,417,200
13,418,190
13,419,75
13,420,190
13,421,75
13,422,190
13,423,75
13,424,45
13,425,125
13,426,60
13,427,190
13,428,60
13,429,45
13,430,30
13,431,190
13,432,75
13,433,120
13,434,225
13,435,60
13,436,255
13,437,90
13,438,255
13,439,145
13,440,130
13,441,30
13,442,100
13,443,45
13,444,45
13,445,45
13,446,50
13,447,75
13,448,45
13,449,140
13,450,60
13,451,120
13,452,45
13,453,140
13,454,75
13,455,200
13,456,190
13,457,75
13,458,25
13,459,120
13,460,60
13,461,45
13,462,30
13,463,30
13,464,30
13,465,30
13,466,30
13,467,30
13,468,30
13,469,30
13,470,45
13,471,45
13,472,30
13,473,50
13,474,30
13,475,45
13,476,60
13,477,45
13,478,75
13,479,45
13,480,3
13,481,3
13,482,3
13,483,30
13,484,30
13,485,3
13,486,3
13,487,3
13,488,3
13,489,30
13,490,3
13,491,3
13,492,45
13,493,3
13,494,3
13,495,45
13,496,45
13,497,45
13,498,45
13,499,45
13,500,45
13,501,45
13,502,45
13,503,45
13,504,255
13,505,255
13,506,255
13,507,120
13,508,45
13,509,255
13,510,90
13,511,190
13,512,75
13,513,190
13,514,75
13,515,190
13,516,75
13,517,190
13,518,75
13,519,255
13,520,120
13,521,45
13,522,190
13,523,75
13,524,255
13,525,120
13,526,45
13,527,190
13,528,45
13,529,120
13,530,60
13,531,255
13,532,180
13,533,90
13,534,45
13,535,255
13,536,120
13,537,45
13,538,45
13,539,45
13,540,255
13,541,120
13,542,45
13,543,255
13,544,120
13,545,45
13,546,190
13,547,75
13,548,190
13,549,75
13,550,25
13,551,180
13,552,90
13,553,45
13,554,120
13,555,60
13,556,255
13,557,190
13,558,75
13,559,180
13,560,90
13,561,45
13,562,190
13,563,90
13,564,45
13,565,45
13,566,45
13,567,45
13,568,190
13,569,60
13,570,75
13,571,45
13,572,255
13,573,60
13,574,200
13,575,100
13,576,50
13,577,200
13,578,100
13,579,50
13,580,190
13,581,45
13,582,255
13,583,120
13,584,45
13,585,190
13,586,75
13,587,200
13,588,200
13,589,75
13,590,190
13,591,75
13,592,190
13,593,60
13,594,75
13,595,190
13,596,75
13,597,255
13,598,90
13,599,130
13,600,60
13,601,30
13,602,190
13,603,60
13,604,30
13,605,255
13,606,90
13,607,190
13,608,90
13,609,45
13,610,75
13,611,60
13,612,45
13,613,120
13,614,60
13,615,25
13,616,200
13,617,75
13,618,75
13,619,180
13,620,45
13,621,45
13,622,190
13,623,90
13,624,120
13,625,45
13,626,45
13,627,190
13,628,60
13,629,190
13,630,60
13,631,90
13,632,90
13,633,45
13,634,45
13,635,45
13,636,45
13,637,15
13,638,3
13,639,3
13,640,3
13,641,3
13,642,3
13,643,45
13,644,45
13,645,3
13,646,3
13,647,3
13,648,3
13,649,3
14,1,45
14,2,45
14,3,45
14,4,45
14,5,45
14,6,45
14,7,45
14,8,45
14,9,45
14,10,255
14,11,120
14,12,45
14,13,255
14,14,120
14,15,45
14,16,255
14,17,120
14,18,45
14,19,255
14,20,127
14,21,255
14,22,90
14,23,255
14,24,90
14,25,190
14,26,75
14,27,255
14,28,90
14,29,235
14,30,120
14,31,45
14,32,235
14,33,120
14,34,45
14,35,150
14,36,25
14,37,190
14,38,75
14,39,170
14,40,50
14,41,255
14,42,90
14,43,255
14,44,120
14,45,45
14,46,190
14,47,75
14,48,190
14,49,75
14,50,255
14,51,50
14,52,255
14,53,90
14,54,190
14,55,75
14,56,190
14,57,75
14,58,190
14,59,75
14,60,255
14,61,120
14,62,45
14,63,200
14,64,100
14,65,50
14,66,180
14,67,90
14,68,45
14,69,255
14,70,120
14,71,45
14,72,190
14,73,60
14,74,255
14,75,120
14,76,45
14,77,190
14,78,60
14,79,190
14,80,75
14,81,190
14,82,60
14,83,45
14,84,190
14,85,45
14,86,190
14,87,75
14,88,190
14,89,75
14,90,190
14,91,60
14,92,190
14,93,90
14,94,45
14,95,45
14,96,190
14,97,75
14,98,225
14,99,60
14,100,190
14,101,60
14,102,90
14,103,45
14,104,190
14,105,75
14,106,45
14,107,45
14,108,45
14,109,190
14,110,60
14,111,120
14,112,60
14,113,30
14,114,45
14,115,45
14,116,225
14,117,75
14,118,225
14,119,60
14,120,225
14,121,60
14,122,45
14,123,45
14,124,45
14,125,45
14,126,45
14,127,45
14,128,45
14,129,255
14,130,45
14,131,45
14,132,35
14,133,45
14,134,45
14,135,45
14,136,45
14,137,45
14,138,45
14,139,45
14,140,45
14,141,45
14,142,45
14,143,25
14,144,3
14,145,3
14,146,3
14,147,45
14,148,45
14,149,45
14,150,3
14,151,45
14,152,45
14,153,45
14,154,45
14,155,45
14,156,45
14,157,45
14,158,45
14,159,45
14,160,45
14,161,255
14,162,90
14,163,255
14,164,90
14,165,255
14,166,90
14,167,255
14,168,90
14,169,90
14,170,190
14,171,75
14,172,190
14,173,150
14,174,170
14,175,190
14,176,75
14,177,190
14,178,75
14,179,235
14,180,120
14,181,45
14,182,45
14,183,190
14,184,75
14,185,65
14,186,45
14,187,255
14,188,120
14,189,45
14,190,45
14,191,235
14,192,120
14,193,75
14,194,255
14,195,90
14,196,45
14,197,45
14,198,30
14,199,70
14,200,45
14,201,225
14,202,45
14,203,60
14,204,190
14,205,75
14,206,190
14,207,60
14,208,25
14,209,190
14,210,75
14,211,45
14,212,25
14,213,190
14,214,45
14,215,60
14,216,120
14,217,60
14,218,190
14,219,75
14,220,225
14,221,75
14,222,60
14,223,190
14,224,75
14,225,45
14,226,25
14,227,25
14,228,120
14,229,45
14,230,45
14,231,120
14,232,60
14,233,45
14,234,45
14,235,45
14,236,75
14,237,45
14,238,45
14,239,45
14,240,45
14,241,45
14,242,30
14,243,3
14,244,3
14,245,3
14,246,45
14,247,45
14,248,45
14,249,3
14,250,3
14,251,45
14,252,45
14,253,45
14,254,45
14,255,45
14,256,45
14,257,45
14,258,45
14,259,45
14,260,45
14,261,255
14,262,127
14,263,255
14,264,90
14,265,255
14,266,120
14,267,45
14,268,120
14,269,45
14,270,255
14,271,120
14,272,45
14,273,255
14,274,120
14,275,45
14,276,200
14,277,45
14,278,190
14,279,45
14,280,235
14,281,120
14,282,45
14,283,200
14,284,75
14,285,255
14,286,90
14,287,255
14,288,120
14,289,45
14,290,255
14,291,120
14,292,45
14,293,190
14,294,120
14,295,45
14,296,180
14,297,200
14,298,150
14,299,255
14,300,255
14,301,60
14,302,45
14,303,45
14,304,180
14,305,90
14,306,45
14,307,180
14,308,90
14,309,120
14,310,45
14,311,200
14,312,200
14,313,150
14,314,150
14,315,150
14,316,225
14,317,75
14,318,225
14,319,60
14,320,125
14,321,60
14,322,255
14,323,150
14,324,90
14,325,255
14,326,60
14,327,255
14,328,255
14,329,120
14,330,45
14,331,190
14,332,60
14,333,255
14,334,45
14,335,90
14,336,90
14,337,45
14,338,45
14,339,190
14,340,75
14,341,205
14,342,155
14,343,255
14,344,90
14,345,45
14,346,45
14,347,45
14,348,45
14,349,255
14,350,60
14,351,45
14,352,200
14,353,225
14,354,45
14,355,190
14,356,90
14,357,200
14,358,45
14,359,30
14,360,125
14,361,190
14,362,75
14,363,255
14,364,120
14,365,45
14,366,255
14,367,60
14,368,60
14,369,25
14,370,225
14,371,45
14,372,45
14,373,45
14,374,3
14,375,3
14,376,3
14,377,3
14,378,3
14,379,3
14,380,3
14,381,3
14,382,5
14,383,5
14,384,3
14,385,3
14,386,3
14,387,45
14,388,45
14,389,45
14,390,45
14,391,45
14,392,45
14,393,45
14,394,45
14,395,45
14,396,255
14,397,120
14,398,45
14,399,255
14,400,127
14,401,255
14,402,45
14,403,235
14,404,120
14,405,45
14,406,255
14,407,75
14,408,45
14,409,45
14,410,45
14,411,45
14,412,120
14,413,45
14,414,45
14,415,120
14,416,45
14,417,200
14,418,190
14,419,75
14,420,190
14,421,75
14,422,190
14,423,75
14,424,45
14,425,125
14,426,60
14,427,190
14,428,60
14,429,45
14,430,30
14,431,190
14,432,75
14,433,120
14,434,225
14,435,60
14,436,255
14,437,90
14,438,255
14,439,145
14,440,130
14,441,30
14,442,100
14,443,45
14,444,45
14,445,45
14,446,50
14,447,75
14,448,45
14,449,140
14,450,60
14,451,120
14,452,45
14,453,140
14,454,75
14,455,200
14,456,190
14,457,75
14,458,25
14,459,120
14,460,60
14,461,45
14,462,30
14,463,30
14,464,30
14,465,30
14,466,30
14,467,30
14,468,30
14,469,30
14,470,45
14,471,45
14,472,30
14,473,50
14,474,30
14,475,45
14,476,60
14,477,45
14,478,75
14,479,45
14,480,3
14,481,3
14,482,3
14,483,30
14,484,30
14,485,3
14,486,3
14,487,3
14,488,3
14,489,30
14,490,3
14,491,3
14,492,45
14,493,3
14,494,3
14,495,45
14,496,45
14,497,45
14,498,45
14,499,45
14,500,45
14,501,45
14,502,45
14,503,45
14,504,255
14,505,255
14,506,255
14,507,120
14,508,45
14,509,255
14,510,90
14,511,190
14,512,75
14,513,190
14,514,75
14,515,190
14,516,75
14,517,190
14,518,75
14,519,255
14,520,120
14,521,45
14,522,190
14,523,75
14,524,255
14,525,120
14,526,45
14,527,190
14,528,45
14,529,120
14,530,60
14,531,255
14,532,180
14,533,90
14,534,45
14,535,255
14,536,120
14,537,45
14,538,45
14,539,45
14,540,255
14,541,120
14,542,45
14,543,255
14,544,120
14,545,45
14,546,190
14,547,75
14,548,190
14,549,75
14,550,25
14,551,180
14,552,90
14,553,45
14,554,120
14,555,60
14,556,255
14,557,190
14,558,75
14,559,180
14,560,90
14,561,45
14,562,190
14,563,90
14,564,45
14,565,45
14,566,45
14,567,45
14,568,190
14,569,60
14,570,75
14,571,45
14,572,255
14,573,60
14,574,200
14,575,100
14,576,50
14,577,200
14,578,100
14,579,50
14,580,190
14,581,45
14,582,255
14,583,120
14,584,45
14,585,190
14,586,75
14,587,200
14,588,200
14,589,75
14,590,190
14,591,75
14,592,190
14,593,60
14,594,75
14,595,190
14,596,75
14,597,255
14,598,90
14,599,130
14,600,60
14,601,30
14,602,190
14,603,60
14,604,30
14,605,255
14,606,90
14,607,190
14,608,90
14,609,45
14,610,75
14,611,60
14,612,45
14,613,120
14,614,60
14,615,25
14,616,200
14,617,75
14,618,75
14,619,180
14,620,45
14,621,45
14,622,190
14,623,90
14,624,120
14,625,45
14,626,45
14,627,190
14,628,60
14,629,190
14,630,60
14,631,90
14,632,90
14,633,45
14,634,45
14,635,45
14,636,45
14,637,15
14,638,3
14,639,3
14,640,3
14,641,3
14,642,3
14,643,45
14,644,45
14,645,3
14,646,3
14,647,3
14,648,3
14,649,3
15,1,45
15,2,45
15,3,45
15,4,45
15,5,45
15,6,45
15,7,45
15,8,45
15,9,45
15,10,255
15,11,120
15,12,45
15,13,255
15,14,120
15,15,45
15,16,255
15,17,120
15,18,45
15,19,255
15,20,127
15,21,255
15,22,90
15,23,255
15,24,90
15,25,190
15,26,75
15,27,255
15,28,90
15,29,235
15,30,120
15,31,45
15,32,235
15,33,120
15,34,45
15,35,150
15,36,25
15,37,190
15,38,75
15,39,170
15,40,50
15,41,255
15,42,90
15,43,255
15,44,120
15,45,45
15,46,190
15,47,75
15,48,190
15,49,75
15,50,255
15,51,50
15,52,255
15,53,90
15,54,190
15,55,75
15,56,190
15,57,75
15,58,190
15,59,75
15,60,255
15,61,120
15,62,45
15,63,200
15,64,100
15,65,50
15,66,180
15,67,90
15,68,45
15,69,255
15,70,120
15,71,45
15,72,190
15,73,60
15,74,255
15,75,120
15,76,45
15,77,190
15,78,60
15,79,190
15,80,75
15,81,190
15,82,60
15,83,45
15,84,190
15,85,45
15,86,190
15,87,75
15,88,190
15,89,75
15,90,190
15,91,60
15,92,190
15,93,90
15,94,45
15,95,45
15,96,190
15,97,75
15,98,225
15,99,60
15,100,190
15,101,60
15,102,90
15,103,45
15,104,190
15,105,75
15,106,45
15,107,45
15,108,45
15,109,190
15,110,60
15,111,120
15,112,60
15,113,30
15,114,45
15,115,45
15,116,225
15,117,75
15,118,225
15,119,60
15,120,225
15,121,60
15,122,45
15,123,45
15,124,45
15,125,45
15,126,45
15,127,45
15,128,45
15,129,255
15,130,45
15,131,45
15,132,35
15,133,45
15,134,45
15,135,45
15,136,45
15,137,45
15,138,45
15,139,45
15,140,45
15,141,45
15,142,45
15,143,25
15,144,3
15,145,3
15,146,3
15,147,45
15,148,45
15,149,45
15,150,3
15,151,45
15,152,45
15,153,45
15,154,45
15,155,45
15,156,45
15,157,45
15,158,45
15,159,45
15,160,45
15,161,255
15,162,90
15,163,255
15,164,90
15,165,255
15,166,90
15,167,255
15,168,90
15,169,90
15,170,190
15,171,75
15,172,190
15,173,150
15,174,170
15,175,190
15,176,75
15,177,190
15,178,75
15,179,235
15,180,120
15,181,45
15,182,45
15,183,190
15,184,75
15,185,65
15,186,45
15,187,255
15,188,120
15,189,45
15,190,45
15,191,235
15,192,120
15,193,75
15,194,255
15,195,90
15,196,45
15,197,45
15,198,30
15,199,70
15,200,45
15,201,225
15,202,45
15,203,60
15,204,190
15,205,75
15,206,190
15,207,60
15,208,25
15,209,190
15,210,75
15,211,45
15,212,25
15,213,190
15,214,45
15,215,60
15,216,120
15,217,60
15,218,190
15,219,75
15,220,225
15,221,75
15,222,60
15,223,190
15,224,75
15,225,45
15,226,25
15,227,25
15,228,120
15,229,45
15,230,45
15,231,120
15,232,60
15,233,45
15,234,45
15,235,45
15,236,75
15,237,45
15,238,45
15,239,45
15,240,45
15,241,45
15,242,30
15,243,3
15,244,3
15,245,3
15,246,45
15,247,45
15,248,45
15,249,3
15,250,3
15,251,45
15,252,45
15,253,45
15,254,45
15,255,45
15,256,45
15,257,45
15,258,45
15,259,45
15,260,45
15,261,255
15,262,127
15,263,255
15,264,90
15,265,255
15,266,120
15,267,45
15,268,120
15,269,45
15,270,255
15,271,120
15,272,45
15,273,255
15,274,120
15,275,45
15,276,200
15,277,45
15,278,190
15,279,45
15,280,235
15,281,120
15,282,45
15,283,200
15,284,75
15,285,255
15,286,90
15,287,255
15,288,120
15,289,45
15,290,255
15,291,120
15,292,45
15,293,190
15,294,120
15,295,45
15,296,180
15,297,200
15,298,150
15,299,255
15,300,255
15,301,60
15,302,45
15,303,45
15,304,180
15,305,90
15,306,45
15,307,180
15,308,90
15,309,120
15,310,45
15,311,200
15,312,200
15,313,150
15,314,150
15,315,150
15,316,225
15,317,75
15,318,225
15,319,60
15,320,125
15,321,60
15,322,255
15,323,150
15,324,90
15,325,255
15,326,60
15,327,255
15,328,255
15,329,120
15,330,45
15,331,190
15,332,60
15,333,255
15,334,45
15,335,90
15,336,90
15,337,45
15,338,45
15,339,190
15,340,75
15,341,205
15,342,155
15,343,255
15,344,90
15,345,45
15,346,45
15,347,45
15,348,45
15,349,255
15,350,60
15,351,45
15,352,200
15,353,225
15,354,45
15,355,190
15,356,90
15,357,200
15,358,45
15,359,30
15,360,125
15,361,190
15,362,75
15,363,255
15,364,120
15,365,45
15,366,255
15,367,60
15,368,60
15,369,25
15,370,225
15,371,45
15,372,45
15,373,45
15,374,3
15,375,3
15,376,3
15,377,3
15,378,3
15,379,3
15,380,3
15,381,3
15,382,5
15,383,5
15,384,3
15,385,3
15,386,3
15,387,45
15,388,45
15,389,45
15,390,45
15,391,45
15,392,45
15,393,45
15,394,45
15,395,45
15,396,255
15,397,120
15,398,45
15,399,255
15,400,127
15,401,255
15,402,45
15,403,235
15,404,120
15,405,45
15,406,255
15,407,75
15,408,45
15,409,45
15,410,45
15,411,45
15,412,120
15,413,45
15,414,45
15,415,120
15,416,45
15,417,200
15,418,190
15,419,75
15,420,190
15,421,75
15,422,190
15,423,75
15,424,45
15,425,125
15,426,60
15,427,190
15,428,60
15,429,45
15,430,30
15,431,190
15,432,75
15,433,120
15,434,225
15,435,60
15,436,255
15,437,90
15,438,255
15,439,145
15,440,130
15,441,30
15,442,100
15,443,45
15,444,45
15,445,45
15,446,50
15,447,75
15,448,45
15,449,140
15,450,60
15,451,120
15,452,45
15,453,140
15,454,75
15,455,200
15,456,190
15,457,75
15,458,25
15,459,120
15,460,60
15,461,45
15,462,30
15,463,30
15,464,30
15,465,30
15,466,30
15,467,30
15,468,30
15,469,30
15,470,45
15,471,45
15,472,30
15,473,50
15,474,30
15,475,45
15,476,60
15,477,45
15,478,75
15,479,45
15,480,3
15,481,3
15,482,3
15,483,30
15,484,30
15,485,3
15,486,3
15,487,3
15,488,3
15,489,30
15,490,3
15,491,3
15,492,45
15,493,3
15,494,3
15,495,45
15,496,45
15,497,45
15,498,45
15,499,45
15,500,45
15,501,45
15,502,45
15,503,45
15,504,255
15,505,255
15,506,255
15,507,120
15,508,45
15,509,255
15,510,90
15,511,190
15,512,75
15,513,190
15,514,75
15,515,190
15,516,75
15,517,190
15,518,75
15,519,255
15,520,120
15,521,45
15,522,190
15,523,75
15,524,255
15,525,120
15,526,45
15,527,190
15,528,45
15,529,120
15,530,60
15,531,255
15,532,180
15,533,90
15,534,45
15,535,255
15,536,120
15,537,45
15,538,45
15,539,45
15,540,255
15,541,120
15,542,45
15,543,255
15,544,120
15,545,45
15,546,190
15,547,75
15,548,190
15,549,75
15,550,25
15,551,180
15,552,90
15,553,45
15,554,120
15,555,60
15,556,255
15,557,190
15,558,75
15,559,180
15,560,90
15,561,45
15,562,190
15,563,90
15,564,45
15,565,45
15,566,45
15,567,45
15,568,190
15,569,60
15,570,75
15,571,45
15,572,255
15,573,60
15,574,200
15,575,100
15,576,50
15,577,200
15,578,100
15,579,50
15,580,190
15,581,45
15,582,255
15,583,120
15,584,45
15,585,190
15,586,75
15,587,200
15,588,200
15,589,75
15,590,190
15,591,75
15,592,190
15,593,60
15,594,75
15,595,190
15,596,75
15,597,255
15,598,90
15,599,130
15,600,60
15,601,30
15,602,190
15,603,60
15,604,30
15,605,255
15,606,90
15,607,190
15,608,90
15,609,45
15,610,75
15,611,60
15,612,45
15,613,120
15,614,60
15,615,25
15,616,200
15,617,75
15,618,75
15,619,180
15,620,45
15,621,45
15,622,190
15,623,90
15,624,120
15,625,45
15,626,45
15,627,190
15,628,60
15,629,190
15,630,60
15,631,90
15,632,90
15,633,45
15,634,45
15,635,45
15,636,45
15,637,15
15,638,3
15,639,3
15,640,3
15,641,3
15,642,3
15,643,45
15,644,45
15,645,3
15,646,3
15,647,3
15,648,3
15,649,3
15,650,45
15,651,45
15,652,45
15,653,45
15,654,45
15,655,45
15,656,45
15,657,45
15,658,45
15,659,255
15,660,127
15,661,255
15,662,120
15,663,45
15,664,255
15,665,120
15,666,45
15,667,220
15,668,65
15,669,225
15,670,120
15,671,45
15,672,200
15,673,45
15,674,220
15,675,65
15,676,160
15,677,190
15,678,75
15,679,180
15,680,90
15,681,45
15,682,200
15,683,140
15,684,200
15,685,140
15,686,190
15,687,80
15,688,120
15,689,45
15,690,225
15,691,55
15,692,225
15,693,55
15,694,190
15,695,75
15,696,45
15,697,45
15,698,45
15,699,45
15,700,45
15,701,100
15,702,180
15,703,60
15,704,45
15,705,45
15,706,45
15,707,75
15,708,120
15,709,60
15,710,120
15,711,60
15,712,190
15,713,55
15,714,190
15,715,45
15,716,45
15,717,45
15,718,3
15,719,3
15,720,3
15,721,3
16,1,45
16,2,45
16,3,45
16,4,45
16,5,45
16,6,45
16,7,45
16,8,45
16,9,45
16,10,255
16,11,120
16,12,45
16,13,255
16,14,120
16,15,45
16,16,255
16,17,120
16,18,45
16,19,255
16,20,127
16,21,255
16,22,90
16,23,255
16,24,90
16,25,190
16,26,75
16,27,255
16,28,90
16,29,235
16,30,120
16,31,45
16,32,235
16,33,120
16,34,45
16,35,150
16,36,25
16,37,190
16,38,75
16,39,170
16,40,50
16,41,255
16,42,90
16,43,255
16,44,120
16,45,45
16,46,190
16,47,75
16,48,190
16,49,75
16,50,255
16,51,50
16,52,255
16,53,90
16,54,190
16,55,75
16,56,190
16,57,75
16,58,190
16,59,75
16,60,255
16,61,120
16,62,45
16,63,200
16,64,100
16,65,50
16,66,180
16,67,90
16,68,45
16,69,255
16,70,120
16,71,45
16,72,190
16,73,60
16,74,255
16,75,120
16,76,45
16,77,190
16,78,60
16,79,190
16,80,75
16,81,190
16,82,60
16,83,45
16,84,190
16,85,45
16,86,190
16,87,75
16,88,190
16,89,75
16,90,190
16,91,60
16,92,190
16,93,90
16,94,45
16,95,45
16,96,190
16,97,75
16,98,225
16,99,60
16,100,190
16,101,60
16,102,90
16,103,45
16,104,190
16,105,75
16,106,45
16,107,45
16,108,45
16,109,190
16,110,60
16,111,120
16,112,60
16,113,30
16,114,45
16,115,45
16,116,225
16,117,75
16,118,225
16,119,60
16,120,225
16,121,60
16,122,45
16,123,45
16,124,45
16,125,45
16,126,45
16,127,45
16,128,45
16,129,255
16,130,45
16,131,45
16,132,35
16,133,45
16,134,45
16,135,45
16,136,45
16,137,45
16,138,45
16,139,45
16,140,45
16,141,45
16,142,45
16,143,25
16,144,3
16,145,3
16,146,3
16,147,45
16,148,45
16,149,45
16,150,3
16,151,45
16,152,45
16,153,45
16,154,45
16,155,45
16,156,45
16,157,45
16,158,45
16,159,45
16,160,45
16,161,255
16,162,90
16,163,255
16,164,90
16,165,255
16,166,90
16,167,255
16,168,90
16,169,90
16,170,190
16,171,75
16,172,190
16,173,150
16,174,170
16,175,190
16,176,75
16,177,190
16,178,75
16,179,235
16,180,120
16,181,45
16,182,45
16,183,190
16,184,75
16,185,65
16,186,45
16,187,255
16,188,120
16,189,45
16,190,45
16,191,235
16,192,120
16,193,75
16,194,255
16,195,90
16,196,45
16,197,45
16,198,30
16,199,70
16,200,45
16,201,225
16,202,45
16,203,60
16,204,190
16,205,75
16,206,190
16,207,60
16,208,25
16,209,190
16,210,75
16,211,45
16,212,25
16,213,190
16,214,45
16,215,60
16,216,120
16,217,60
16,218,190
16,219,75
16,220,225
16,221,75
16,222,60
16,223,190
16,224,75
16,225,45
16,226,25
16,227,25
16,228,120
16,229,45
16,230,45
16,231,120
16,232,60
16,233,45
16,234,45
16,235,45
16,236,75
16,237,45
16,238,45
16,239,45
16,240,45
16,241,45
16,242,30
16,243,3
16,244,3
16,245,3
16,246,45
16,247,45
16,248,45
16,249,3
16,250,3
16,251,45
16,252,45
16,253,45
16,254,45
16,255,45
16,256,45
16,257,45
16,258,45
16,259,45
16,260,45
16,261,255
16,262,127
16,263,255
16,264,90
16,265,255
16,266,120
16,267,45
16,268,120
16,269,45
16,270,255
16,271,120
16,272,45
16,273,255
16,274,120
16,275,45
16,276,200
16,277,45
16,278,190
16,279,45
16,280,235
16,281,120
16,282,45
16,283,200
16,284,75
16,285,255
16,286,90
16,287,255
16,288,120
16,289,45
16,290,255
16,291,120
16,292,45
16,293,190
16,294,120
16,295,45
16,296,180
16,297,200
16,298,150
16,299,255
16,300,255
16,301,60
16,302,45
16,303,45
16,304,180
16,305,90
16,306,45
16,307,180
16,308,90
16,309,120
16,310,45
16,311,200
16,312,200
16,313,150
16,314,150
16,315,150
16,316,225
16,317,75
16,318,225
16,319,60
16,320,125
16,321,60
16,322,255
16,323,150
16,324,90
16,325,255
16,326,60
16,327,255
16,328,255
16,329,120
16,330,45
16,331,190
16,332,60
16,333,255
16,334,45
16,335,90
16,336,90
16,337,45
16,338,45
16,339,190
16,340,75
16,341,205
16,342,155
16,343,255
16,344,90
16,345,45
16,346,45
16,347,45
16,348,45
16,349,255
16,350,60
16,351,45
16,352,200
16,353,225
16,354,45
16,355,190
16,356,90
16,357,200
16,358,45
16,359,30
16,360,125
16,361,190
16,362,75
16,363,255
16,364,120
16,365,45
16,366,255
16,367,60
16,368,60
16,369,25
16,370,225
16,371,45
16,372,45
16,373,45
16,374,3
16,375,3
16,376,3
16,377,3
16,378,3
16,379,3
16,380,3
16,381,3
16,382,3
16,383,3
16,384,45
16,385,3
16,386,3
16,387,45
16,388,45
16,389,45
16,390,45
16,391,45
16,392,45
16,393,45
16,394,45
16,395,45
16,396,255
16,397,120
16,398,45
16,399,255
16,400,127
16,401,255
16,402,45
16,403,235
16,404,120
16,405,45
16,406,255
16,407,75
16,408,45
16,409,45
16,410,45
16,411,45
16,412,120
16,413,45
16,414,45
16,415,120
16,416,45
16,417,200
16,418,190
16,419,75
16,420,190
16,421,75
16,422,190
16,423,75
16,424,45
16,425,125
16,426,60
16,427,190
16,428,60
16,429,45
16,430,30
16,431,190
16,432,75
16,433,120
16,434,225
16,435,60
16,436,255
16,437,90
16,438,255
16,439,145
16,440,130
16,441,30
16,442,100
16,443,45
16,444,45
16,445,45
16,446,50
16,447,75
16,448,45
16,449,140
16,450,60
16,451,120
16,452,45
16,453,140
16,454,75
16,455,200
16,456,190
16,457,75
16,458,25
16,459,120
16,460,60
16,461,45
16,462,30
16,463,30
16,464,30
16,465,30
16,466,30
16,467,30
16,468,30
16,469,30
16,470,45
16,471,45
16,472,30
16,473,50
16,474,30
16,475,45
16,476,60
16,477,45
16,478,75
16,479,45
16,480,3
16,481,3
16,482,3
16,483,3
16,484,3
16,485,3
16,486,3
16,487,3
16,488,3
16,489,30
16,490,3
16,491,3
16,492,45
16,493,3
16,494,3
16,495,45
16,496,45
16,497,45
16,498,45
16,499,45
16,500,45
16,501,45
16,502,45
16,503,45
16,504,255
16,505,255
16,506,255
16,507,120
16,508,45
16,509,255
16,510,90
16,511,190
16,512,75
16,513,190
16,514,75
16,515,190
16,516,75
16,517,190
16,518,75
16,519,255
16,520,120
16,521,45
16,522,190
16,523,75
16,524,255
16,525,120
16,526,45
16,527,190
16,528,45
16,529,120
16,530,60
16,531,255
16,532,180
16,533,90
16,534,45
16,535,255
16,536,120
16,537,45
16,538,45
16,539,45
16,540,255
16,541,120
16,542,45
16,543,255
16,544,120
16,545,45
16,546,190
16,547,75
16,548,190
16,549,75
16,550,25
16,551,180
16,552,90
16,553,45
16,554,120
16,555,60
16,556,255
16,557,190
16,558,75
16,559,180
16,560,90
16,561,45
16,562,190
16,563,90
16,564,45
16,565,45
16,566,45
16,567,45
16,568,190
16,569,60
16,570,75
16,571,45
16,572,255
16,573,60
16,574,200
16,575,100
16,576,50
16,577,200
16,578,100
16,579,50
16,580,190
16,581,45
16,582,255
16,583,120
16,584,45
16,585,190
16,586,75
16,587,200
16,588,200
16,589,75
16,590,190
16,591,75
16,592,190
16,593,60
16,594,75
16,595,190
16,596,75
16,597,255
16,598,90
16,599,130
16,600,60
16,601,30
16,602,190
16,603,60
16,604,30
16,605,255
16,606,90
16,607,190
16,608,90
16,609,45
16,610,75
16,611,60
16,612,45
16,613,120
16,614,60
16,615,25
16,616,200
16,617,75
16,618,75
16,619,180
16,620,45
16,621,45
16,622,190
16,623,90
16,624,120
16,625,45
16,626,45
16,627,190
16,628,60
16,629,190
16,630,60
16,631,90
16,632,90
16,633,45
16,634,45
16,635,45
16,636,45
16,637,15
16,638,3
16,639,3
16,640,3
16,641,3
16,642,3
16,643,4
16,644,4
16,645,3
16,646,3
16,647,3
16,648,3
16,649,3
16,650,45
16,651,45
16,652,45
16,653,45
16,654,45
16,655,45
16,656,45
16,657,45
16,658,45
16,659,255
16,660,127
16,661,255
16,662,120
16,663,45
16,664,255
16,665,120
16,666,45
16,667,220
16,668,65
16,669,225
16,670,120
16,671,45
16,672,200
16,673,45
16,674,220
16,675,65
16,676,160
16,677,190
16,678,75
16,679,180
16,680,90
16,681,45
16,682,200
16,683,140
16,684,200
16,685,140
16,686,190
16,687,80
16,688,120
16,689,45
16,690,225
16,691,55
16,692,225
16,693,55
16,694,190
16,695,75
16,696,45
16,697,45
16,698,45
16,699,45
16,700,45
16,701,100
16,702,180
16,703,60
16,704,45
16,705,45
16,706,45
16,707,75
16,708,120
16,709,60
16,710,120
16,711,60
16,712,190
16,713,55
16,714,190
16,715,45
16,716,45
16,717,45
16,718,3
16,719,3
16,720,3
16,721,3
17,1,45
17,2,45
17,3,45
17,4,45
17,5,45
17,6,45
17,7,45
17,8,45
17,9,45
17,10,255
17,11,120
17,12,45
17,13,255
17,14,120
17,15,45
17,16,255
17,17,120
17,18,45
17,19,255
17,20,127
17,21,255
17,22,90
17,23,255
17,24,90
17,25,190
17,26,75
17,27,255
17,28,90
17,29,235
17,30,120
17,31,45
17,32,235
17,33,120
17,34,45
17,35,150
17,36,25
17,37,190
17,38,75
17,39,170
17,40,50
17,41,255
17,42,90
17,43,255
17,44,120
17,45,45
17,46,190
17,47,75
17,48,190
17,49,75
17,50,255
17,51,50
17,52,255
17,53,90
17,54,190
17,55,75
17,56,190
17,57,75
17,58,190
17,59,75
17,60,255
17,61,120
17,62,45
17,63,200
17,64,100
17,65,50
17,66,180
17,67,90
17,68,45
17,69,255
17,70,120
17,71,45
17,72,190
17,73,60
17,74,255
17,75,120
17,76,45
17,77,190
17,78,60
17,79,190
17,80,75
17,81,190
17,82,60
17,83,45
17,84,190
17,85,45
17,86,190
17,87,75
17,88,190
17,89,75
17,90,190
17,91,60
17,92,190
17,93,90
17,94,45
17,95,45
17,96,190
17,97,75
17,98,225
17,99,60
17,100,190
17,101,60
17,102,90
17,103,45
17,104,190
17,105,75
17,106,45
17,107,45
17,108,45
17,109,190
17,110,60
17,111,120
17,112,60
17,113,30
17,114,45
17,115,45
17,116,225
17,117,75
17,118,225
17,119,60
17,120,225
17,121,60
17,122,45
17,123,45
17,124,45
17,125,45
17,126,45
17,127,45
17,128,45
17,129,255
17,130,45
17,131,45
17,132,35
17,133,45
17,134,45
17,135,45
17,136,45
17,137,45
17,138,45
17,139,45
17,140,45
17,141,45
17,142,45
17,143,25
17,144,3
17,145,3
17,146,3
17,147,45
17,148,45
17,149,45
17,150,3
17,151,45
17,152,45
17,153,45
17,154,45
17,155,45
17,156,45
17,157,45
17,158,45
17,159,45
17,160,45
17,161,255
17,162,90
17,163,255
17,164,90
17,165,255
17,166,90
17,167,255
17,168,90
17,169,90
17,170,190
17,171,75
17,172,190
17,173,150
17,174,170
17,175,190
17,176,75
17,177,190
17,178,75
17,179,235
17,180,120
17,181,45
17,182,45
17,183,190
17,184,75
17,185,65
17,186,45
17,187,255
17,188,120
17,189,45
17,190,45
17,191,235
17,192,120
17,193,75
17,194,255
17,195,90
17,196,45
17,197,45
17,198,30
17,199,70
17,200,45
17,201,225
17,202,45
17,203,60
17,204,190
17,205,75
17,206,190
17,207,60
17,208,25
17,209,190
17,210,75
17,211,45
17,212,25
17,213,190
17,214,45
17,215,60
17,216,120
17,217,60
17,218,190
17,219,75
17,220,225
17,221,75
17,222,60
17,223,190
17,224,75
17,225,45
17,226,25
17,227,25
17,228,120
17,229,45
17,230,45
17,231,120
17,232,60
17,233,45
17,234,45
17,235,45
17,236,75
17,237,45
17,238,45
17,239,45
17,240,45
17,241,45
17,242,30
17,243,3
17,244,3
17,245,3
17,246,45
17,247,45
17,248,45
17,249,3
17,250,3
17,251,45
17,252,45
17,253,45
17,254,45
17,255,45
17,256,45
17,257,45
17,258,45
17,259,45
17,260,45
17,261,255
17,262,127
17,263,255
17,264,90
17,265,255
17,266,120
17,267,45
17,268,120
17,269,45
17,270,255
17,271,120
17,272,45
17,273,255
17,274,120
17,275,45
17,276,200
17,277,45
17,278,190
17,279,45
17,280,235
17,281,120
17,282,45
17,283,200
17,284,75
17,285,255
17,286,90
17,287,255
17,288,120
17,289,45
17,290,255
17,291,120
17,292,45
17,293,190
17,294,120
17,295,45
17,296,180
17,297,200
17,298,150
17,299,255
17,300,255
17,301,60
17,302,45
17,303,45
17,304,180
17,305,90
17,306,45
17,307,180
17,308,90
17,309,120
17,310,45
17,311,200
17,312,200
17,313,150
17,314,150
17,315,150
17,316,225
17,317,75
17,318,225
17,319,60
17,320,125
17,321,60
17,322,255
17,323,150
17,324,90
17,325,255
17,326,60
17,327,255
17,328,255
17,329,120
17,330,45
17,331,190
17,332,60
17,333,255
17,334,45
17,335,90
17,336,90
17,337,45
17,338,45
17,339,190
17,340,75
17,341,205
17,342,155
17,343,255
17,344,90
17,345,45
17,346,45
17,347,45
17,348,45
17,349,255
17,350,60
17,351,45
17,352,200
17,353,225
17,354,45
17,355,190
17,356,90
17,357,200
17,358,45
17,359,30
17,360,125
17,361,190
17,362,75
17,363,255
17,364,120
17,365,45
17,366,255
17,367,60
17,368,60
17,369,25
17,370,225
17,371,45
17,372,45
17,373,45
17,374,3
17,375,3
17,376,3
17,377,3
17,378,3
17,379,3
17,380,3
17,381,3
17,382,3
17,383,3
17,384,45
17,385,3
17,386,3
17,387,45
17,388,45
17,389,45
17,390,45
17,391,45
17,392,45
17,393,45
17,394,45
17,395,45
17,396,255
17,397,120
17,398,45
17,399,255
17,400,127
17,401,255
17,402,45
17,403,235
17,404,120
17,405,45
17,406,255
17,407,75
17,408,45
17,409,45
17,410,45
17,411,45
17,412,120
17,413,45
17,414,45
17,415,120
17,416,45
17,417,200
17,418,190
17,419,75
17,420,190
17,421,75
17,422,190
17,423,75
17,424,45
17,425,125
17,426,60
17,427,190
17,428,60
17,429,45
17,430,30
17,431,190
17,432,75
17,433,120
17,434,225
17,435,60
17,436,255
17,437,90
17,438,255
17,439,145
17,440,130
17,441,30
17,442,100
17,443,45
17,444,45
17,445,45
17,446,50
17,447,75
17,448,45
17,449,140
17,450,60
17,451,120
17,452,45
17,453,140
17,454,75
17,455,200
17,456,190
17,457,75
17,458,25
17,459,120
17,460,60
17,461,45
17,462,30
17,463,30
17,464,30
17,465,30
17,466,30
17,467,30
17,468,30
17,469,30
17,470,45
17,471,45
17,472,30
17,473,50
17,474,30
17,475,45
17,476,60
17,477,45
17,478,75
17,479,45
17,480,3
17,481,3
17,482,3
17,483,3
17,484,3
17,485,3
17,486,3
17,487,3
17,488,3
17,489,30
17,490,3
17,491,3
17,492,45
17,493,3
17,494,3
17,495,45
17,496,45
17,497,45
17,498,45
17,499,45
17,500,45
17,501,45
17,502,45
17,503,45
17,504,255
17,505,255
17,506,255
17,507,120
17,508,45
17,509,255
17,510,90
17,511,190
17,512,75
17,513,190
17,514,75
17,515,190
17,516,75
17,517,190
17,518,75
17,519,255
17,520,120
17,521,45
17,522,190
17,523,75
17,524,255
17,525,120
17,526,45
17,527,190
17,528,45
17,529,120
17,530,60
17,531,255
17,532,180
17,533,90
17,534,45
17,535,255
17,536,120
17,537,45
17,538,45
17,539,45
17,540,255
17,541,120
17,542,45
17,543,255
17,544,120
17,545,45
17,546,190
17,547,75
17,548,190
17,549,75
17,550,25
17,551,180
17,552,90
17,553,45
17,554,120
17,555,60
17,556,255
17,557,190
17,558,75
17,559,180
17,560,90
17,561,45
17,562,190
17,563,90
17,564,45
17,565,45
17,566,45
17,567,45
17,568,190
17,569,60
17,570,75
17,571,45
17,572,255
17,573,60
17,574,200
17,575,100
17,576,50
17,577,200
17,578,100
17,579,50
17,580,190
17,581,45
17,582,255
17,583,120
17,584,45
17,585,190
17,586,75
17,587,200
17,588,200
17,589,75
17,590,190
17,591,75
17,592,190
17,593,60
17,594,75
17,595,190
17,596,75
17,597,255
17,598,90
17,599,130
17,600,60
17,601,30
17,602,190
17,603,60
17,604,30
17,605,255
17,606,90
17,607,190
17,608,90
17,609,45
17,610,75
17,611,60
17,612,45
17,613,120
17,614,60
17,615,25
17,616,200
17,617,75
17,618,75
17,619,180
17,620,45
17,621,45
17,622,190
17,623,90
17,624,120
17,625,45
17,626,45
17,627,190
17,628,60
17,629,190
17,630,60
17,631,90
17,632,90
17,633,45
17,634,45
17,635,45
17,636,45
17,637,15
17,638,3
17,639,3
17,640,3
17,641,3
17,642,3
17,643,4
17,644,4
17,645,3
17,646,3
17,647,3
17,648,3
17,649,3
17,650,45
17,651,45
17,652,45
17,653,45
17,654,45
17,655,45
17,656,45
17,657,45
17,658,45
17,659,255
17,660,127
17,661,255
17,662,120
17,663,45
17,664,255
17,665,120
17,666,45
17,667,220
17,668,65
17,669,225
17,670,120
17,671,45
17,672,200
17,673,45
17,674,220
17,675,65
17,676,160
17,677,190
17,678,75
17,679,180
17,680,90
17,681,45
17,682,200
17,683,140
17,684,200
17,685,140
17,686,190
17,687,80
17,688,120
17,689,45
17,690,225
17,691,55
17,692,225
17,693,55
17,694,190
17,695,75
17,696,45
17,697,45
17,698,45
17,699,45
17,700,45
17,701,100
17,702,180
17,703,60
17,704,45
17,705,45
17,706,45
17,707,75
17,708,120
17,709,60
17,710,120
17,711,60
17,712,190
17,713,55
17,714,190
17,715,45
17,716,45
17,717,45
17,718,3
17,719,3
17,720,3
17,721,3
17,722,45
17,723,45
17,724,45
17,725,45
17,726,45
17,727,45
17,728,45
17,729,45
17,730,45
17,731,255
17,732,120
17,733,45
17,734,255
17,735,127
17,736,255
17,737,120
17,738,45
17,739,225
17,740,60
17,741,45
17,742,190
17,743,75
17,744,190
17,745,90
17,746,60
17,747,190
17,748,75
17,749,190
17,750,60
17,751,200
17,752,100
17,753,190
17,754,75
17,755,190
17,756,75
17,757,120
17,758,45
17,759,140
17,760,70
17,761,235
17,762,120
17,763,45
17,764,60
17,765,45
17,766,45
17,767,90
17,768,45
17,769,140
17,770,60
17,771,60
17,772,3
17,773,3
17,774,30
17,775,45
17,776,70
17,777,180
17,778,45
17,779,80
17,780,70
17,781,25
17,782,45
17,783,45
17,784,45
17,785,3
17,786,3
17,787,3
17,788,3
17,789,45
17,790,45
17,791,45
17,792,45
17,793,45
17,794,25
17,795,255
17,796,30
17,797,25
17,798,255
17,799,15
17,800,3
17,801,3
17,802,3
18,1,45
18,2,45
18,3,45
18,4,45
18,5,45
18,6,45
18,7,45
18,8,45
18,9,45
18,10,255
18,11,120
18,12,45
18,13,255
18,14,120
18,15,45
18,16,255
18,17,120
18,18,45
18,19,255
18,20,127
18,21,255
18,22,90
18,23,255
18,24,90
18,25,190
18,26,75
18,27,255
18,28,90
18,29,235
18,30,120
18,31,45
18,32,235
18,33,120
18,34,45
18,35,150
18,36,25
18,37,190
18,38,75
18,39,170
18,40,50
18,41,255
18,42,90
18,43,255
18,44,120
18,45,45
18,46,190
18,47,75
18,48,190
18,49,75
18,50,255
18,51,50
18,52,255
18,53,90
18,54,190
18,55,75
18,56,190
18,57,75
18,58,190
18,59,75
18,60,255
18,61,120
18,62,45
18,63,200
18,64,100
18,65,50
18,66,180
18,67,90
18,68,45
18,69,255
18,70,120
18,71,45
18,72,190
18,73,60
18,74,255
18,75,120
18,76,45
18,77,190
18,78,60
18,79,190
18,80,75
18,81,190
18,82,60
18,83,45
18,84,190
18,85,45
18,86,190
18,87,75
18,88,190
18,89,75
18,90,190
18,91,60
18,92,190
18,93,90
18,94,45
18,95,45
18,96,190
18,97,75
18,98,225
18,99,60
18,100,190
18,101,60
18,102,90
18,103,45
18,104,190
18,105,75
18,106,45
18,107,45
18,108,45
18,109,190
18,110,60
18,111,120
18,112,60
18,113,30
18,114,45
18,115,45
18,116,225
18,117,75
18,118,225
18,119,60
18,120,225
18,121,60
18,122,45
18,123,45
18,124,45
18,125,45
18,126,45
18,127,45
18,128,45
18,129,255
18,130,45
18,131,45
18,132,35
18,133,45
18,134,45
18,135,45
18,136,45
18,137,45
18,138,45
18,139,45
18,140,45
18,141,45
18,142,45
18,143,25
18,144,3
18,145,3
18,146,3
18,147,45
18,148,45
18,149,45
18,150,3
18,151,45
18,152,45
18,153,45
18,154,45
18,155,45
18,156,45
18,157,45
18,158,45
18,159,45
18,160,45
18,161,255
18,162,90
18,163,255
18,164,90
18,165,255
18,166,90
18,167,255
18,168,90
18,169,90
18,170,190
18,171,75
18,172,190
18,173,150
18,174,170
18,175,190
18,176,75
18,177,190
18,178,75
18,179,235
18,180,120
18,181,45
18,182,45
18,183,190
18,184,75
18,185,65
18,186,45
18,187,255
18,188,120
18,189,45
18,190,45
18,191,235
18,192,120
18,193,75
18,194,255
18,195,90
18,196,45
18,197,45
18,198,30
18,199,70
18,200,45
18,201,225
18,202,45
18,203,60
18,204,190
18,205,75
18,206,190
18,207,60
18,208,25
18,209,190
18,210,75
18,211,45
18,212,25
18,213,190
18,214,45
18,215,60
18,216,120
18,217,60
18,218,190
18,219,75
18,220,225
18,221,75
18,222,60
18,223,190
18,224,75
18,225,45
18,226,25
18,227,25
18,228,120
18,229,45
18,230,45
18,231,120
18,232,60
18,233,45
18,234,45
18,235,45
18,236,75
18,237,45
18,238,45
18,239,45
18,240,45
18,241,45
18,242,30
18,243,3
18,244,3
18,245,3
18,246,45
18,247,45
18,248,45
18,249,3
18,250,3
18,251,45
18,252,45
18,253,45
18,254,45
18,255,45
18,256,45
18,257,45
18,258,45
18,259,45
18,260,45
18,261,255
18,262,127
18,263,255
18,264,90
18,265,255
18,266,120
18,267,45
18,268,120
18,269,45
18,270,255
18,271,120
18,272,45
18,273,255
18,274,120
18,275,45
18,276,200
18,277,45
18,278,190
18,279,45
18,280,235
18,281,120
18,282,45
18,283,200
18,284,75
18,285,255
18,286,90
18,287,255
18,288,120
18,289,45
18,290,255
18,291,120
18,292,45
18,293,190
18,294,120
18,295,45
18,296,180
18,297,200
18,298,150
18,299,255
18,300,255
18,301,60
18,302,45
18,303,45
18,304,180
18,305,90
18,306,45
18,307,180
18,308,90
18,309,120
18,310,45
18,311,200
18,312,200
18,313,150
18,314,150
18,315,150
18,316,225
18,317,75
18,318,225
18,319,60
18,320,125
18,321,60
18,322,255
18,323,150
18,324,90
18,325,255
18,326,60
18,327,255
18,328,255
18,329,120
18,330,45
18,331,190
18,332,60
18,333,255
18,334,45
18,335,90
18,336,90
18,337,45
18,338,45
18,339,190
18,340,75
18,341,205
18,342,155
18,343,255
18,344,90
18,345,45
18,346,45
18,347,45
18,348,45
18,349,255
18,350,60
18,351,45
18,352,200
18,353,225
18,354,45
18,355,190
18,356,90
18,357,200
18,358,45
18,359,30
18,360,125
18,361,190
18,362,75
18,363,255
18,364,120
18,365,45
18,366,255
18,367,60
18,368,60
18,369,25
18,370,225
18,371,45
18,372,45
18,373,45
18,374,3
18,375,3
18,376,3
18,377,3
18,378,3
18,379,3
18,380,3
18,381,3
18,382,3
18,383,3
18,384,45
18,385,3
18,386,3
18,387,45
18,388,45
18,389,45
18,390,45
18,391,45
18,392,45
18,393,45
18,394,45
18,395,45
18,396,255
18,397,120
18,398,45
18,399,255
18,400,127
18,401,255
18,402,45
18,403,235
18,404,120
18,405,45
18,406,255
18,407,75
18,408,45
18,409,45
18,410,45
18,411,45
18,412,120
18,413,45
18,414,45
18,415,120
18,416,45
18,417,200
18,418,190
18,419,75
18,420,190
18,421,75
18,422,190
18,423,75
18,424,45
18,425,125
18,426,60
18,427,190
18,428,60
18,429,45
18,430,30
18,431,190
18,432,75
18,433,120
18,434,225
18,435,60
18,436,255
18,437,90
18,438,255
18,439,145
18,440,130
18,441,30
18,442,100
18,443,45
18,444,45
18,445,45
18,446,50
18,447,75
18,448,45
18,449,140
18,450,60
18,451,120
18,452,45
18,453,140
18,454,75
18,455,200
18,456,190
18,457,75
18,458,25
18,459,120
18,460,60
18,461,45
18,462,30
18,463,30
18,464,30
18,465,30
18,466,30
18,467,30
18,468,30
18,469,30
18,470,45
18,471,45
18,472,30
18,473,50
18,474,30
18,475,45
18,476,60
18,477,45
18,478,75
18,479,45
18,480,3
18,481,3
18,482,3
18,483,3
18,484,3
18,485,3
18,486,3
18,487,3
18,488,3
18,489,30
18,490,3
18,491,3
18,492,45
18,493,3
18,494,3
18,495,45
18,496,45
18,497,45
18,498,45
18,499,45
18,500,45
18,501,45
18,502,45
18,503,45
18,504,255
18,505,255
18,506,255
18,507,120
18,508,45
18,509,255
18,510,90
18,511,190
18,512,75
18,513,190
18,514,75
18,515,190
18,516,75
18,517,190
18,518,75
18,519,255
18,520,120
18,521,45
18,522,190
18,523,75
18,524,255
18,525,120
18,526,45
18,527,190
18,528,45
18,529,120
18,530,60
18,531,255
18,532,180
18,533,90
18,534,45
18,535,255
18,536,120
18,537,45
18,538,45
18,539,45
18,540,255
18,541,120
18,542,45
18,543,255
18,544,120
18,545,45
18,546,190
18,547,75
18,548,190
18,549,75
18,550,25
18,551,180
18,552,90
18,553,45
18,554,120
18,555,60
18,556,255
18,557,190
18,558,75
18,559,180
18,560,90
18,561,45
18,562,190
18,563,90
18,564,45
18,565,45
18,566,45
18,567,45
18,568,190
18,569,60
18,570,75
18,571,45
18,572,255
18,573,60
18,574,200
18,575,100
18,576,50
18,577,200
18,578,100
18,579,50
18,580,190
18,581,45
18,582,255
18,583,120
18,584,45
18,585,190
18,586,75
18,587,200
18,588,200
18,589,75
18,590,190
18,591,75
18,592,190
18,593,60
18,594,75
18,595,190
18,596,75
18,597,255
18,598,90
18,599,130
18,600,60
18,601,30
18,602,190
18,603,60
18,604,30
18,605,255
18,606,90
18,607,190
18,608,90
18,609,45
18,610,75
18,611,60
18,612,45
18,613,120
18,614,60
18,615,25
18,616,200
18,617,75
18,618,75
18,619,180
18,620,45
18,621,45
18,622,190
18,623,90
18,624,120
18,625,45
18,626,45
18,627,190
18,628,60
18,629,190
18,630,60
18,631,90
18,632,90
18,633,45
18,634,45
18,635,45
18,636,45
18,637,15
18,638,3
18,639,3
18,640,3
18,641,3
18,642,3
18,643,4
18,644,4
18,645,3
18,646,3
18,647,3
18,648,3
18,649,3
18,650,45
18,651,45
18,652,45
18,653,45
18,654,45
18,655,45
18,656,45
18,657,45
18,658,45
18,659,255
18,660,127
18,661,255
18,662,120
18,663,45
18,664,255
18,665,120
18,666,45
18,667,220
18,668,65
18,669,225
18,670,120
18,671,45
18,672,200
18,673,45
18,674,220
18,675,65
18,676,160
18,677,190
18,678,75
18,679,180
18,680,90
18,681,45
18,682,200
18,683,140
18,684,200
18,685,140
18,686,190
18,687,80
18,688,120
18,689,45
18,690,225
18,691,55
18,692,225
18,693,55
18,694,190
18,695,75
18,696,45
18,697,45
18,698,45
18,699,45
18,700,45
18,701,100
18,702,180
18,703,60
18,704,45
18,705,45
18,706,45
18,707,75
18,708,120
18,709,60
18,710,120
18,711,60
18,712,190
18,713,55
18,714,190
18,715,45
18,716,45
18,717,45
18,718,3
18,719,3
18,720,3
18,721,3
18,722,45
18,723,45
18,724,45
18,725,45
18,726,45
18,727,45
18,728,45
18,729,45
18,730,45
18,731,255
18,732,120
18,733,45
18,734,255
18,735,127
18,736,255
18,737,120
18,738,45
18,739,225
18,740,60
18,741,45
18,742,190
18,743,75
18,744,190
18,745,90
18,746,60
18,747,190
18,748,75
18,749,190
18,750,60
18,751,200
18,752,100
18,753,190
18,754,75
18,755,190
18,756,75
18,757,120
18,758,45
18,759,140
18,760,70
18,761,235
18,762,120
18,763,45
18,764,60
18,765,45
18,766,45
18,767,90
18,768,45
18,769,140
18,770,60
18,771,60
18,772,3
18,773,3
18,774,30
18,775,45
18,776,70
18,777,180
18,778,45
18,779,80
18,780,70
18,781,25
18,782,45
18,783,45
18,784,45
18,785,3
18,786,3
18,787,3
18,788,3
18,789,45
18,790,45
18,791,45
18,792,45
18,793,45
18,794,45
18,795,45
18,796,45
18,797,45
18,798,45
18,799,45
18,800,255
18,801,3
18,802,3
18,803,45
18,804,45
18,805,30
18,806,30
18,807,3
