version_group_id,pokemon_id,stat_id,value
7,1,8,1
7,2,8,1
7,2,9,1
7,3,8,2
7,3,9,1
7,4,4,1
7,5,4,1
7,5,8,1
7,6,8,3
7,7,3,1
7,8,3,1
7,8,9,1
7,9,9,3
7,10,1,1
7,11,3,2
7,12,8,2
7,12,9,1
7,13,4,1
7,14,3,2
7,15,2,2
7,15,9,1
7,16,4,1
7,17,4,2
7,18,4,3
7,19,4,1
7,20,4,2
7,21,4,1
7,22,4,2
7,23,2,1
7,24,2,2
7,25,4,2
7,26,4,3
7,27,3,1
7,28,3,2
7,29,1,1
7,30,1,2
7,31,1,3
7,32,2,1
7,33,2,2
7,34,2,3
7,35,1,2
7,36,1,3
7,37,4,1
7,38,8,1
7,38,9,1
7,39,1,2
7,40,1,3
7,41,4,1
7,42,4,2
7,43,8,1
7,44,8,2
7,45,8,3
7,46,2,1
7,47,2,2
7,47,3,1
7,48,9,1
7,49,4,1
7,49,8,1
7,50,4,1
7,51,4,2
7,52,4,1
7,53,4,2
7,54,8,1
7,55,8,2
7,56,2,1
7,57,2,2
7,58,2,1
7,59,2,2
7,60,4,1
7,61,4,2
7,62,3,3
7,63,8,1
7,64,8,2
7,65,8,3
7,66,2,1
7,67,2,2
7,68,2,3
7,69,2,1
7,70,2,2
7,71,2,3
7,72,9,1
7,73,9,2
7,74,3,1
7,75,3,2
7,76,3,3
7,77,4,1
7,78,4,2
7,79,1,1
7,80,3,2
7,81,8,1
7,82,8,2
7,83,2,1
7,84,2,1
7,85,2,2
7,86,9,1
7,87,9,2
7,88,1,1
7,89,1,1
7,89,2,1
7,90,3,1
7,91,3,2
7,92,8,1
7,93,8,2
7,94,8,3
7,95,3,1
7,96,9,1
7,97,9,2
7,98,2,1
7,99,2,2
7,100,4,1
7,101,4,2
7,102,3,1
7,103,8,2
7,104,3,1
7,105,3,2
7,106,2,2
7,107,9,2
7,108,1,2
7,109,3,1
7,110,3,2
7,111,3,1
7,112,2,2
7,113,1,2
7,114,3,1
7,115,1,2
7,116,8,1
7,117,3,1
7,117,8,1
7,118,2,1
7,119,2,2
7,120,4,1
7,121,4,2
7,122,9,2
7,123,2,1
7,124,8,2
7,125,4,2
7,126,8,2
7,127,2,2
7,128,2,1
7,128,4,1
7,129,4,1
7,130,2,2
7,131,1,2
7,132,1,1
7,133,9,1
7,134,1,2
7,135,4,2
7,136,2,2
7,137,8,1
7,138,3,1
7,139,3,2
7,140,3,1
7,141,2,2
7,142,4,2
7,143,1,2
7,144,9,3
7,145,8,3
7,146,8,3
7,147,2,1
7,148,2,2
7,149,2,3
7,150,8,3
7,151,1,3
7,152,9,1
7,153,3,1
7,153,9,1
7,154,3,1
7,154,9,2
7,155,4,1
7,156,4,1
7,156,8,1
7,157,8,3
7,158,2,1
7,159,2,1
7,159,3,1
7,160,2,2
7,160,3,1
7,161,2,1
7,162,4,2
7,163,1,1
7,164,1,2
7,165,9,1
7,166,9,2
7,167,2,1
7,168,2,2
7,169,4,3
7,170,1,1
7,171,1,2
7,172,4,1
7,173,9,1
7,174,1,1
7,175,9,1
7,176,9,2
7,177,8,1
7,178,4,1
7,178,8,1
7,179,8,1
7,180,8,2
7,181,8,3
7,182,9,3
7,183,1,2
7,184,1,3
7,185,3,2
7,186,9,3
7,187,9,1
7,188,4,2
7,189,4,3
7,190,4,1
7,191,8,1
7,192,8,2
7,193,4,1
7,194,1,1
7,195,1,2
7,196,8,2
7,197,9,2
7,198,4,1
7,199,9,3
7,200,9,1
7,201,2,1
7,201,8,1
7,202,1,2
7,203,8,2
7,204,3,1
7,205,3,2
7,206,1,1
7,207,3,1
7,208,3,2
7,209,2,1
7,210,2,2
7,211,2,1
7,212,2,2
7,213,3,1
7,213,9,1
7,214,2,2
7,215,4,1
7,216,2,1
7,217,2,2
7,218,8,1
7,219,3,2
7,220,2,1
7,221,1,1
7,221,2,1
7,222,3,1
7,222,9,1
7,223,8,1
7,224,2,1
7,224,8,1
7,225,4,1
7,226,9,2
7,227,3,2
7,228,8,1
7,229,8,2
7,230,2,1
7,230,8,1
7,230,9,1
7,231,1,1
7,232,2,1
7,232,3,1
7,233,8,2
7,234,2,1
7,235,4,1
7,236,2,1
7,237,9,2
7,238,8,1
7,239,4,1
7,240,4,1
7,241,3,2
7,242,1,3
7,243,4,2
7,243,8,1
7,244,1,1
7,244,2,2
7,245,3,1
7,245,9,2
7,246,2,1
7,247,2,2
7,248,2,3
7,249,9,3
7,250,9,3
7,251,1,3
7,252,4,1
7,253,4,2
7,254,4,3
7,255,8,1
7,256,2,1
7,256,8,1
7,257,2,3
7,258,2,1
7,259,2,2
7,260,2,3
7,261,2,1
7,262,2,2
7,263,4,1
7,264,4,2
7,265,1,1
7,266,3,2
7,267,8,3
7,268,3,2
7,269,9,3
7,270,9,1
7,271,9,2
7,272,9,3
7,273,3,1
7,274,2,2
7,275,2,3
7,276,4,1
7,277,4,2
7,278,4,1
7,279,3,2
7,280,8,1
7,281,8,2
7,282,8,3
7,283,4,1
7,284,8,1
7,284,9,1
7,285,1,1
7,286,2,2
7,287,1,1
7,288,4,2
7,289,1,3
7,290,3,1
7,291,4,2
7,292,1,2
7,293,1,1
7,294,1,2
7,295,1,3
7,296,1,1
7,297,1,2
7,298,1,1
7,299,3,1
7,300,4,1
7,301,1,1
7,301,4,1
7,302,2,1
7,302,3,1
7,303,2,1
7,303,3,1
7,304,3,1
7,305,3,2
7,306,3,3
7,307,4,1
7,308,4,2
7,309,4,1
7,310,4,2
7,311,4,1
7,312,4,1
7,313,4,1
7,314,4,1
7,315,8,2
7,316,1,1
7,317,1,2
7,318,2,1
7,319,2,2
7,320,1,1
7,321,1,2
7,322,8,1
7,323,2,1
7,323,8,1
7,324,3,2
7,325,9,1
7,326,9,2
7,327,8,1
7,328,2,1
7,329,2,1
7,329,4,1
7,330,2,1
7,330,4,2
7,331,8,1
7,332,2,1
7,332,8,1
7,333,9,1
7,334,9,2
7,335,2,2
7,336,2,1
7,336,8,1
7,337,8,2
7,338,2,2
7,339,1,1
7,340,1,2
7,341,2,1
7,342,2,2
7,343,9,1
7,344,9,2
7,345,9,1
7,346,9,2
7,347,2,1
7,348,2,2
7,349,4,1
7,350,9,2
7,351,1,1
7,352,9,1
7,353,2,1
7,354,2,2
7,355,9,1
7,356,3,1
7,356,9,1
7,357,1,2
7,358,8,1
7,358,9,1
7,359,2,2
7,360,1,1
7,361,1,1
7,362,1,2
7,363,1,1
7,364,1,2
7,365,1,3
7,366,3,1
7,367,2,1
7,367,3,1
7,368,8,2
7,369,1,1
7,369,3,1
7,370,4,1
7,371,2,1
7,372,3,2
7,373,2,3
7,374,3,1
7,375,3,2
7,376,3,3
7,377,3,3
7,378,9,3
7,379,3,2
7,379,9,1
7,380,9,3
7,381,8,3
7,382,8,3
7,383,2,3
7,384,2,2
7,384,8,1
7,385,1,3
7,386,2,1
7,386,4,1
7,386,9,1
7,10001,1,1
7,10002,1,1
7,10003,1,1
8,1,8,1
8,2,8,1
8,2,9,1
8,3,8,2
8,3,9,1
8,4,4,1
8,5,4,1
8,5,8,1
8,6,8,3
8,7,3,1
8,8,3,1
8,8,9,1
8,9,9,3
8,10,1,1
8,11,3,2
8,12,8,2
8,12,9,1
8,13,4,1
8,14,3,2
8,15,2,2
8,15,9,1
8,16,4,1
8,17,4,2
8,18,4,3
8,19,4,1
8,20,4,2
8,21,4,1
8,22,4,2
8,23,2,1
8,24,2,2
8,25,4,2
8,26,4,3
8,27,3,1
8,28,3,2
8,29,1,1
8,30,1,2
8,31,1,3
8,32,2,1
8,33,2,2
8,34,2,3
8,35,1,2
8,36,1,3
8,37,4,1
8,38,8,1
8,38,9,1
8,39,1,2
8,40,1,3
8,41,4,1
8,42,4,2
8,43,8,1
8,44,8,2
8,45,8,3
8,46,2,1
8,47,2,2
8,47,3,1
8,48,9,1
8,49,4,1
8,49,8,1
8,50,4,1
8,51,4,2
8,52,4,1
8,53,4,2
8,54,8,1
8,55,8,2
8,56,2,1
8,57,2,2
8,58,2,1
8,59,2,2
8,60,4,1
8,61,4,2
8,62,3,3
8,63,8,1
8,64,8,2
8,65,8,3
8,66,2,1
8,67,2,2
8,68,2,3
8,69,2,1
8,70,2,2
8,71,2,3
8,72,9,1
8,73,9,2
8,74,3,1
8,75,3,2
8,76,3,3
8,77,4,1
8,78,4,2
8,79,1,1
8,80,3,2
8,81,8,1
8,82,8,2
8,83,2,1
8,84,2,1
8,85,2,2
8,86,9,1
8,87,9,2
8,88,1,1
8,89,1,1
8,89,2,1
8,90,3,1
8,91,3,2
8,92,8,1
8,93,8,2
8,94,8,3
8,95,3,1
8,96,9,1
8,97,9,2
8,98,2,1
8,99,2,2
8,100,4,1
8,101,4,2
8,102,3,1
8,103,8,2
8,104,3,1
8,105,3,2
8,106,2,2
8,107,9,2
8,108,1,2
8,109,3,1
8,110,3,2
8,111,3,1
8,112,2,2
8,113,1,2
8,114,3,1
8,115,1,2
8,116,8,1
8,117,3,1
8,117,8,1
8,118,2,1
8,119,2,2
8,120,4,1
8,121,4,2
8,122,9,2
8,123,2,1
8,124,8,2
8,125,4,2
8,126,8,2
8,127,2,2
8,128,2,1
8,128,4,1
8,129,4,1
8,130,2,2
8,131,1,2
8,132,1,1
8,133,9,1
8,134,1,2
8,135,4,2
8,136,2,2
8,137,8,1
8,138,3,1
8,139,3,2
8,140,3,1
8,141,2,2
8,142,4,2
8,143,1,2
8,144,9,3
8,145,8,3
8,146,8,3
8,147,2,1
8,148,2,2
8,149,2,3
8,150,8,3
8,151,1,3
8,152,9,1
8,153,3,1
8,153,9,1
8,154,3,1
8,154,9,2
8,155,4,1
8,156,4,1
8,156,8,1
8,157,8,3
8,158,2,1
8,159,2,1
8,159,3,1
8,160,2,2
8,160,3,1
8,161,2,1
8,162,4,2
8,163,1,1
8,164,1,2
8,165,9,1
8,166,9,2
8,167,2,1
8,168,2,2
8,169,4,3
8,170,1,1
8,171,1,2
8,172,4,1
8,173,9,1
8,174,1,1
8,175,9,1
8,176,9,2
8,177,8,1
8,178,4,1
8,178,8,1
8,179,8,1
8,180,8,2
8,181,8,3
8,182,9,3
8,183,1,2
8,184,1,3
8,185,3,2
8,186,9,3
8,187,9,1
8,188,4,2
8,189,4,3
8,190,4,1
8,191,8,1
8,192,8,2
8,193,4,1
8,194,1,1
8,195,1,2
8,196,8,2
8,197,9,2
8,198,4,1
8,199,9,3
8,200,9,1
8,201,2,1
8,201,8,1
8,202,1,2
8,203,8,2
8,204,3,1
8,205,3,2
8,206,1,1
8,207,3,1
8,208,3,2
8,209,2,1
8,210,2,2
8,211,2,1
8,212,2,2
8,213,3,1
8,213,9,1
8,214,2,2
8,215,4,1
8,216,2,1
8,217,2,2
8,218,8,1
8,219,3,2
8,220,2,1
8,221,1,1
8,221,2,1
8,222,3,1
8,222,9,1
8,223,8,1
8,224,2,1
8,224,8,1
8,225,4,1
8,226,9,2
8,227,3,2
8,228,8,1
8,229,8,2
8,230,2,1
8,230,8,1
8,230,9,1
8,231,1,1
8,232,2,1
8,232,3,1
8,233,8,2
8,234,2,1
8,235,4,1
8,236,2,1
8,237,9,2
8,238,8,1
8,239,4,1
8,240,4,1
8,241,3,2
8,242,1,3
8,243,4,2
8,243,8,1
8,244,1,1
8,244,2,2
8,245,3,1
8,245,9,2
8,246,2,1
8,247,2,2
8,248,2,3
8,249,9,3
8,250,9,3
8,251,1,3
8,252,4,1
8,253,4,2
8,254,4,3
8,255,8,1
8,256,2,1
8,256,8,1
8,257,2,3
8,258,2,1
8,259,2,2
8,260,2,3
8,261,2,1
8,262,2,2
8,263,4,1
8,264,4,2
8,265,1,1
8,266,3,2
8,267,8,3
8,268,3,2
8,269,9,3
8,270,9,1
8,271,9,2
8,272,9,3
8,273,3,1
8,274,2,2
8,275,2,3
8,276,4,1
8,277,4,2
8,278,4,1
8,279,3,2
8,280,8,1
8,281,8,2
8,282,8,3
8,283,4,1
8,284,8,1
8,284,9,1
8,285,1,1
8,286,2,2
8,287,1,1
8,288,4,2
8,289,1,3
8,290,3,1
8,291,4,2
8,292,1,2
8,293,1,1
8,294,1,2
8,295,1,3
8,296,1,1
8,297,1,2
8,298,1,1
8,299,3,1
8,300,4,1
8,301,1,1
8,301,4,1
8,302,2,1
8,302,3,1
8,303,2,1
8,303,3,1
8,304,3,1
8,305,3,2
8,306,3,3
8,307,4,1
8,308,4,2
8,309,4,1
8,310,4,2
8,311,4,1
8,312,4,1
8,313,4,1
8,314,4,1
8,315,8,2
8,316,1,1
8,317,1,2
8,318,2,1
8,319,2,2
8,320,1,1
8,321,1,2
8,322,8,1
8,323,2,1
8,323,8,1
8,324,3,2
8,325,9,1
8,326,9,2
8,327,8,1
8,328,2,1
8,329,2,1
8,329,4,1
8,330,2,1
8,330,4,2
8,331,8,1
8,332,2,1
8,332,8,1
8,333,9,1
8,334,9,2
8,335,2,2
8,336,2,1
8,336,8,1
8,337,8,2
8,338,2,2
8,339,1,1
8,340,1,2
8,341,2,1
8,342,2,2
8,343,9,1
8,344,9,2
8,345,9,1
8,346,9,2
8,347,2,1
8,348,2,2
8,349,4,1
8,350,9,2
8,351,1,1
8,352,9,1
8,353,2,1
8,354,2,2
8,355,9,1
8,356,3,1
8,356,9,1
8,357,1,2
8,358,8,1
8,358,9,1
8,359,2,2
8,360,1,1
8,361,1,1
8,362,1,2
8,363,1,1
8,364,1,2
8,365,1,3
8,366,3,1
8,367,2,1
8,367,3,1
8,368,8,2
8,369,1,1
8,369,3,1
8,370,4,1
8,371,2,1
8,372,3,2
8,373,2,3
8,374,3,1
8,375,3,2
8,376,3,3
8,377,3,3
8,378,9,3
8,379,3,2
8,379,9,1
8,380,9,3
8,381,8,3
8,382,8,3
8,383,2,3
8,384,2,2
8,384,8,1
8,385,1,3
8,386,2,1
8,386,4,1
8,386,9,1
8,10001,1,1
8,10002,1,1
8,10003,1,1
8,10004,2,2
8,10004,8,1
8,10005,3,2
8,10005,9,1
9,1,8,1
9,2,8,1
9,2,9,1
9,3,8,2
9,3,9,1
9,4,4,1
9,5,4,1
9,5,8,1
9,6,8,3
9,7,3,1
9,8,3,1
9,8,9,1
9,9,9,3
9,10,1,1
9,11,3,2
9,12,8,2
9,12,9,1
9,13,4,1
9,14,3,2
9,15,2,2
9,15,9,1
9,16,4,1
9,17,4,2
9,18,4,3
9,19,4,1
9,20,4,2
9,21,4,1
9,22,4,2
9,23,2,1
9,24,2,2
9,25,4,2
9,26,4,3
9,27,3,1
9,28,3,2
9,29,1,1
9,30,1,2
9,31,1,3
9,32,2,1
9,33,2,2
9,34,2,3
9,35,1,2
9,36,1,3
9,37,4,1
9,38,8,1
9,38,9,1
9,39,1,2
9,40,1,3
9,41,4,1
9,42,4,2
9,43,8,1
9,44,8,2
9,45,8,3
9,46,2,1
9,47,2,2
9,47,3,1
9,48,9,1
9,49,4,1
9,49,8,1
9,50,4,1
9,51,4,2
9,52,4,1
9,53,4,2
9,54,8,1
9,55,8,2
9,56,2,1
9,57,2,2
9,58,2,1
9,59,2,2
9,60,4,1
9,61,4,2
9,62,3,3
9,63,8,1
9,64,8,2
9,65,8,3
9,66,2,1
9,67,2,2
9,68,2,3
9,69,2,1
9,70,2,2
9,71,2,3
9,72,9,1
9,73,9,2
9,74,3,1
9,75,3,2
9,76,3,3
9,77,4,1
9,78,4,2
9,79,1,1
9,80,3,2
9,81,8,1
9,82,8,2
9,83,2,1
9,84,2,1
9,85,2,2
9,86,9,1
9,87,9,2
9,88,1,1
9,89,1,1
9,89,2,1
9,90,3,1
9,91,3,2
9,92,8,1
9,93,8,2
9,94,8,3
9,95,3,1
9,96,9,1
9,97,9,2
9,98,2,1
9,99,2,2
9,100,4,1
9,101,4,2
9,102,3,1
9,103,8,2
9,104,3,1
9,105,3,2
9,106,2,2
9,107,9,2
9,108,1,2
9,109,3,1
9,110,3,2
9,111,3,1
9,112,2,2
9,113,1,2
9,114,3,1
9,115,1,2
9,116,8,1
9,117,3,1
9,117,8,1
9,118,2,1
9,119,2,2
9,120,4,1
9,121,4,2
9,122,9,2
9,123,2,1
9,124,8,2
9,125,4,2
9,126,8,2
9,127,2,2
9,128,2,1
9,128,4,1
9,129,4,1
9,130,2,2
9,131,1,2
9,132,1,1
9,133,9,1
9,134,1,2
9,135,4,2
9,136,2,2
9,137,8,1
9,138,3,1
9,139,3,2
9,140,3,1
9,141,2,2
9,142,4,2
9,143,1,2
9,144,9,3
9,145,8,3
9,146,8,3
9,147,2,1
9,148,2,2
9,149,2,3
9,150,8,3
9,151,1,3
9,152,9,1
9,153,3,1
9,153,9,1
9,154,3,1
9,154,9,2
9,155,4,1
9,156,4,1
9,156,8,1
9,157,8,3
9,158,2,1
9,159,2,1
9,159,3,1
9,160,2,2
9,160,3,1
9,161,2,1
9,162,4,2
9,163,1,1
9,164,1,2
9,165,9,1
9,166,9,2
9,167,2,1
9,168,2,2
9,169,4,3
9,170,1,1
9,171,1,2
9,172,4,1
9,173,9,1
9,174,1,1
9,175,9,1
9,176,9,2
9,177,8,1
9,178,4,1
9,178,8,1
9,179,8,1
9,180,8,2
9,181,8,3
9,182,9,3
9,183,1,2
9,184,1,3
9,185,3,2
9,186,9,3
9,187,9,1
9,188,4,2
9,189,4,3
9,190,4,1
9,191,8,1
9,192,8,2
9,193,4,1
9,194,1,1
9,195,1,2
9,196,8,2
9,197,9,2
9,198,4,1
9,199,9,3
9,200,9,1
9,201,2,1
9,201,8,1
9,202,1,2
9,203,8,2
9,204,3,1
9,205,3,2
9,206,1,1
9,207,3,1
9,208,3,2
9,209,2,1
9,210,2,2
9,211,2,1
9,212,2,2
9,213,3,1
9,213,9,1
9,214,2,2
9,215,4,1
9,216,2,1
9,217,2,2
9,218,8,1
9,219,3,2
9,220,2,1
9,221,1,1
9,221,2,1
9,222,3,1
9,222,9,1
9,223,8,1
9,224,2,1
9,224,8,1
9,225,4,1
9,226,9,2
9,227,3,2
9,228,8,1
9,229,8,2
9,230,2,1
9,230,8,1
9,230,9,1
9,231,1,1
9,232,2,1
9,232,3,1
9,233,8,2
9,234,2,1
9,235,4,1
9,236,2,1
9,237,9,2
9,238,8,1
9,239,4,1
9,240,4,1
9,241,3,2
9,242,1,3
9,243,4,2
9,243,8,1
9,244,1,1
9,244,2,2
9,245,3,1
9,245,9,2
9,246,2,1
9,247,2,2
9,248,2,3
9,249,9,3
9,250,9,3
9,251,1,3
9,252,4,1
9,253,4,2
9,254,4,3
9,255,8,1
9,256,2,1
9,256,8,1
9,257,2,3
9,258,2,1
9,259,2,2
9,260,2,3
9,261,2,1
9,262,2,2
9,263,4,1
9,264,4,2
9,265,1,1
9,266,3,2
9,267,8,3
9,268,3,2
9,269,9,3
9,270,9,1
9,271,9,2
9,272,9,3
9,273,3,1
9,274,2,2
9,275,2,3
9,276,4,1
9,277,4,2
9,278,4,1
9,279,3,2
9,280,8,1
9,281,8,2
9,282,8,3
9,283,4,1
9,284,8,1
9,284,9,1
9,285,1,1
9,286,2,2
9,287,1,1
9,288,4,2
9,289,1,3
9,290,3,1
9,291,4,2
9,292,1,2
9,293,1,1
9,294,1,2
9,295,1,3
9,296,1,1
9,297,1,2
9,298,1,1
9,299,3,1
9,300,4,1
9,301,1,1
9,301,4,1
9,302,2,1
9,302,3,1
9,303,2,1
9,303,3,1
9,304,3,1
9,305,3,2
9,306,3,3
9,307,4,1
9,308,4,2
9,309,4,1
9,310,4,2
9,311,4,1
9,312,4,1
9,313,4,1
9,314,4,1
9,315,8,2
9,316,1,1
9,317,1,2
9,318,2,1
9,319,2,2
9,320,1,1
9,321,1,2
9,322,8,1
9,323,2,1
9,323,8,1
9,324,3,2
9,325,9,1
9,326,9,2
9,327,8,1
9,328,2,1
9,329,2,1
9,329,4,1
9,330,2,1
9,330,4,2
9,331,8,1
9,332,2,1
9,332,8,1
9,333,9,1
9,334,9,2
9,335,2,2
9,336,2,1
9,336,8,1
9,337,8,2
9,338,2,2
9,339,1,1
9,340,1,2
9,341,2,1
9,342,2,2
9,343,9,1
9,344,9,2
9,345,9,1
9,346,9,2
9,347,2,1
9,348,2,2
9,349,4,1
9,350,9,2
9,351,1,1
9,352,9,1
9,353,2,1
9,354,2,2
9,355,9,1
9,356,3,1
9,356,9,1
9,357,1,2
9,358,8,1
9,358,9,1
9,359,2,2
9,360,1,1
9,361,1,1
9,362,1,2
9,363,1,1
9,364,1,2
9,365,1,3
9,366,3,1
9,367,2,1
9,367,3,1
9,368,8,2
9,369,1,1
9,369,3,1
9,370,4,1
9,371,2,1
9,372,3,2
9,373,2,3
9,374,3,1
9,375,3,2
9,376,3,3
9,377,3,3
9,378,9,3
9,379,3,2
9,379,9,1
9,380,9,3
9,381,8,3
9,382,8,3
9,383,2,3
9,384,2,2
9,384,8,1
9,385,1,3
9,386,2,1
9,386,4,1
9,386,9,1
9,10001,1,1
9,10002,1,1
9,10003,1,1
9,10004,2,2
9,10004,8,1
9,10005,3,2
9,10005,9,1
9,10006,4,3
10,1,8,1
10,2,8,1
10,2,9,1
10,3,8,2
10,3,9,1
10,4,4,1
10,5,4,1
10,5,8,1
10,6,8,3
10,7,3,1
10,8,3,1
10,8,9,1
10,9,9,3
10,10,1,1
10,11,3,2
10,12,8,2
10,12,9,1
10,13,4,1
10,14,3,2
10,15,2,2
10,15,9,1
10,16,4,1
10,17,4,2
10,18,4,3
10,19,4,1
10,20,4,2
10,21,4,1
10,22,4,2
10,23,2,1
10,24,2,2
10,25,4,2
10,26,4,3
10,27,3,1
10,28,3,2
10,29,1,1
10,30,1,2
10,31,1,3
10,32,2,1
10,33,2,2
10,34,2,3
10,35,1,2
10,36,1,3
10,37,4,1
10,38,8,1
10,38,9,1
10,39,1,2
10,40,1,3
10,41,4,1
10,42,4,2
10,43,8,1
10,44,8,2
10,45,8,3
10,46,2,1
10,47,2,2
10,47,3,1
10,48,9,1
10,49,4,1
10,49,8,1
10,50,4,1
10,51,4,2
10,52,4,1
10,53,4,2
10,54,8,1
10,55,8,2
10,56,2,1
10,57,2,2
10,58,2,1
10,59,2,2
10,60,4,1
10,61,4,2
10,62,3,3
10,63,8,1
10,64,8,2
10,65,8,3
10,66,2,1
10,67,2,2
10,68,2,3
10,69,2,1
10,70,2,2
10,71,2,3
10,72,9,1
10,73,9,2
10,74,3,1
10,75,3,2
10,76,3,3
10,77,4,1
10,78,4,2
10,79,1,1
10,80,3,2
10,81,8,1
10,82,8,2
10,83,2,1
10,84,2,1
10,85,2,2
10,86,9,1
10,87,9,2
10,88,1,1
10,89,1,1
10,89,2,1
10,90,3,1
10,91,3,2
10,92,8,1
10,93,8,2
10,94,8,3
10,95,3,1
10,96,9,1
10,97,9,2
10,98,2,1
10,99,2,2
10,100,4,1
10,101,4,2
10,102,3,1
10,103,8,2
10,104,3,1
10,105,3,2
10,106,2,2
10,107,9,2
10,108,1,2
10,109,3,1
10,110,3,2
10,111,3,1
10,112,2,2
10,113,1,2
10,114,3,1
10,115,1,2
10,116,8,1
10,117,3,1
10,117,8,1
10,118,2,1
10,119,2,2
10,120,4,1
10,121,4,2
10,122,9,2
10,123,2,1
10,124,8,2
10,125,4,2
10,126,8,2
10,127,2,2
10,128,2,1
10,128,4,1
10,129,4,1
10,130,2,2
10,131,1,2
10,132,1,1
10,133,9,1
10,134,1,2
10,135,4,2
10,136,2,2
10,137,8,1
10,138,3,1
10,139,3,2
10,140,3,1
10,141,2,2
10,142,4,2
10,143,1,2
10,144,9,3
10,145,8,3
10,146,8,3
10,147,2,1
10,148,2,2
10,149,2,3
10,150,8,3
10,151,1,3
10,152,9,1
10,153,3,1
10,153,9,1
10,154,3,1
10,154,9,2
10,155,4,1
10,156,4,1
10,156,8,1
10,157,8,3
10,158,2,1
10,159,2,1
10,159,3,1
10,160,2,2
10,160,3,1
10,161,2,1
10,162,4,2
10,163,1,1
10,164,1,2
10,165,9,1
10,166,9,2
10,167,2,1
10,168,2,2
10,169,4,3
10,170,1,1
10,171,1,2
10,172,4,1
10,173,9,1
10,174,1,1
10,175,9,1
10,176,9,2
10,177,8,1
10,178,4,1
10,178,8,1
10,179,8,1
10,180,8,2
10,181,8,3
10,182,9,3
10,183,1,2
10,184,1,3
10,185,3,2
10,186,9,3
10,187,9,1
10,188,4,2
10,189,4,3
10,190,4,1
10,191,8,1
10,192,8,2
10,193,4,1
10,194,1,1
10,195,1,2
10,196,8,2
10,197,9,2
10,198,4,1
10,199,9,3
10,200,9,1
10,201,2,1
10,201,8,1
10,202,1,2
10,203,8,2
10,204,3,1
10,205,3,2
10,206,1,1
10,207,3,1
10,208,3,2
10,209,2,1
10,210,2,2
10,211,2,1
10,212,2,2
10,213,3,1
10,213,9,1
10,214,2,2
10,215,4,1
10,216,2,1
10,217,2,2
10,218,8,1
10,219,3,2
10,220,2,1
10,221,1,1
10,221,2,1
10,222,3,1
10,222,9,1
10,223,8,1
10,224,2,1
10,224,8,1
10,225,4,1
10,226,9,2
10,227,3,2
10,228,8,1
10,229,8,2
10,230,2,1
10,230,8,1
10,230,9,1
10,231,1,1
10,232,2,1
10,232,3,1
10,233,8,2
10,234,2,1
10,235,4,1
10,236,2,1
10,237,9,2
10,238,8,1
10,239,4,1
10,240,4,1
10,241,3,2
10,242,1,3
10,243,4,2
10,243,8,1
10,244,1,1
10,244,2,2
10,245,3,1
10,245,9,2
10,246,2,1
10,247,2,2
10,248,2,3
10,249,9,3
10,250,9,3
10,251,1,3
10,252,4,1
10,253,4,2
10,254,4,3
10,255,8,1
10,256,2,1
10,256,8,1
10,257,2,3
10,258,2,1
10,259,2,2
10,260,2,3
10,261,2,1
10,262,2,2
10,263,4,1
10,264,4,2
10,265,1,1
10,266,3,2
10,267,8,3
10,268,3,2
10,269,9,3
10,270,9,1
10,271,9,2
10,272,9,3
10,273,3,1
10,274,2,2
10,275,2,3
10,276,4,1
10,277,4,2
10,278,4,1
10,279,3,2
10,280,8,1
10,281,8,2
10,282,8,3
10,283,4,1
10,284,8,1
10,284,9,1
10,285,1,1
10,286,2,2
10,287,1,1
10,288,4,2
10,289,1,3
10,290,3,1
10,291,4,2
10,292,1,2
10,293,1,1
10,294,1,2
10,295,1,3
10,296,1,1
10,297,1,2
10,298,1,1
10,299,3,1
10,300,4,1
10,301,1,1
10,301,4,1
10,302,2,1
10,302,3,1
10,303,2,1
10,303,3,1
10,304,3,1
10,305,3,2
10,306,3,3
10,307,4,1
10,308,4,2
10,309,4,1
10,310,4,2
10,311,4,1
10,312,4,1
10,313,4,1
10,314,4,1
10,315,8,2
10,316,1,1
10,317,1,2
10,318,2,1
10,319,2,2
10,320,1,1
10,321,1,2
10,322,8,1
10,323,2,1
10,323,8,1
10,324,3,2
10,325,9,1
10,326,9,2
10,327,8,1
10,328,2,1
10,329,2,1
10,329,4,1
10,330,2,1
10,330,4,2
10,331,8,1
10,332,2,1
10,332,8,1
10,333,9,1
10,334,9,2
10,335,2,2
10,336,2,1
10,336,8,1
10,337,8,2
10,338,2,2
10,339,1,1
10,340,1,2
10,341,2,1
10,342,2,2
10,343,9,1
10,344,9,2
10,345,9,1
10,346,9,2
10,347,2,1
10,348,2,2
10,349,4,1
10,350,9,2
10,351,1,1
10,352,9,1
10,353,2,1
10,354,2,2
10,355,9,1
10,356,3,1
10,356,9,1
10,357,1,2
10,358,8,1
10,358,9,1
10,359,2,2
10,360,1,1
10,361,1,1
10,362,1,2
10,363,1,1
10,364,1,2
10,365,1,3
10,366,3,1
10,367,2,1
10,367,3,1
10,368,8,2
10,369,1,1
10,369,3,1
10,370,4,1
10,371,2,1
10,372,3,2
10,373,2,3
10,374,3,1
10,375,3,2
10,376,3,3
10,377,3,3
10,378,9,3
10,379,3,2
10,379,9,1
10,380,9,3
10,381,8,3
10,382,8,3
10,383,2,3
10,384,2,2
10,384,8,1
10,385,1,3
10,386,2,1
10,386,4,1
10,386,9,1
10,387,2,1
10,388,2,1
10,388,3,1
10,389,2,2
10,389,3,1
10,390,4,1
10,391,4,1
10,391,8,1
10,392,2,1
10,392,4,1
10,392,8,1
10,393,8,1
10,394,8,2
10,395,8,3
10,396,4,1
10,397,4,2
10,398,2,3
10,399,1,1
10,400,2,2
10,401,3,1
10,402,2,2
10,403,2,1
10,404,2,2
10,405,2,3
10,406,8,1
10,407,8,3
10,408,2,1
10,409,2,2
10,410,3,1
10,411,3,2
10,412,9,1
10,413,9,2
10,414,2,1
10,414,8,1
10,415,4,1
10,416,3,1
10,416,9,1
10,417,4,1
10,418,4,1
10,419,4,2
10,420,8,1
10,421,8,2
10,422,1,1
10,423,1,2
10,424,4,2
10,425,1,1
10,426,1,2
10,427,4,1
10,428,4,2
10,429,8,1
10,429,9,1
10,430,2,2
10,431,4,1
10,432,4,2
10,433,8,1
10,434,4,1
10,435,1,2
10,436,3,1
10,437,3,1
10,437,9,1
10,438,3,1
10,439,9,1
10,440,1,1
10,441,2,1
10,442,3,1
10,442,9,1
10,443,2,1
10,444,2,2
10,445,2,3
10,446,1,1
10,447,2,1
10,448,2,1
10,448,8,1
10,449,3,1
10,450,3,2
10,451,3,1
10,452,3,2
10,453,2,1
10,454,2,2
10,455,2,2
10,456,4,1
10,457,4,2
10,458,9,1
10,459,2,1
10,460,2,1
10,460,8,1
10,461,2,1
10,461,4,1
10,462,8,3
10,463,1,3
10,464,2,3
10,465,3,2
10,466,2,3
10,467,8,3
10,468,8,2
10,468,9,1
10,469,2,2
10,470,3,2
10,471,8,2
10,472,3,2
10,473,2,3
10,474,8,3
10,475,2,3
10,476,3,1
10,476,9,2
10,477,3,1
10,477,9,2
10,478,4,2
10,479,4,1
10,479,8,1
10,480,3,2
10,480,9,1
10,481,2,1
10,481,8,1
10,481,9,1
10,482,2,2
10,482,8,1
10,483,8,3
10,484,8,3
10,485,8,3
10,486,2,3
10,487,1,3
10,488,9,3
10,489,1,1
10,490,1,3
10,491,4,1
10,491,8,2
10,492,1,3
10,493,1,3
10,10001,1,1
10,10002,1,1
10,10003,1,1
10,10004,2,2
10,10004,8,1
10,10005,3,2
10,10005,9,1
10,10006,4,3
10,10007,3,2
10,10008,3,1
10,10008,9,1
10,10009,1,3
10,10010,1,3
10,10011,1,3
10,10012,1,3
10,10013,1,3
10,10014,1,3
10,10015,1,3
10,10016,1,3
10,10017,1,3
10,10018,1,3
10,10019,1,3
10,10020,1,3
10,10021,1,3
10,10022,1,3
10,10023,1,3
10,10024,1,3
10,10025,1,3
11,1,8,1
11,2,8,1
11,2,9,1
11,3,8,2
11,3,9,1
11,4,4,1
11,5,4,1
11,5,8,1
11,6,8,3
11,7,3,1
11,8,3,1
11,8,9,1
11,9,9,3
11,10,1,1
11,11,3,2
11,12,8,2
11,12,9,1
11,13,4,1
11,14,3,2
11,15,2,2
11,15,9,1
11,16,4,1
11,17,4,2
11,18,4,3
11,19,4,1
11,20,4,2
11,21,4,1
11,22,4,2
11,23,2,1
11,24,2,2
11,25,4,2
11,26,4,3
11,27,3,1
11,28,3,2
11,29,1,1
11,30,1,2
11,31,1,3
11,32,2,1
11,33,2,2
11,34,2,3
11,35,1,2
11,36,1,3
11,37,4,1
11,38,8,1
11,38,9,1
11,39,1,2
11,40,1,3
11,41,4,1
11,42,4,2
11,43,8,1
11,44,8,2
11,45,8,3
11,46,2,1
11,47,2,2
11,47,3,1
11,48,9,1
11,49,4,1
11,49,8,1
11,50,4,1
11,51,4,2
11,52,4,1
11,53,4,2
11,54,8,1
11,55,8,2
11,56,2,1
11,57,2,2
11,58,2,1
11,59,2,2
11,60,4,1
11,61,4,2
11,62,3,3
11,63,8,1
11,64,8,2
11,65,8,3
11,66,2,1
11,67,2,2
11,68,2,3
11,69,2,1
11,70,2,2
11,71,2,3
11,72,9,1
11,73,9,2
11,74,3,1
11,75,3,2
11,76,3,3
11,77,4,1
11,78,4,2
11,79,1,1
11,80,3,2
11,81,8,1
11,82,8,2
11,83,2,1
11,84,2,1
11,85,2,2
11,86,9,1
11,87,9,2
11,88,1,1
11,89,1,1
11,89,2,1
11,90,3,1
11,91,3,2
11,92,8,1
11,93,8,2
11,94,8,3
11,95,3,1
11,96,9,1
11,97,9,2
11,98,2,1
11,99,2,2
11,100,4,1
11,101,4,2
11,102,3,1
11,103,8,2
11,104,3,1
11,105,3,2
11,106,2,2
11,107,9,2
11,108,1,2
11,109,3,1
11,110,3,2
11,111,3,1
11,112,2,2
11,113,1,2
11,114,3,1
11,115,1,2
11,116,8,1
11,117,3,1
11,117,8,1
11,118,2,1
11,119,2,2
11,120,4,1
11,121,4,2
11,122,9,2
11,123,2,1
11,124,8,2
11,125,4,2
11,126,8,2
11,127,2,2
11,128,2,1
11,128,4,1
11,129,4,1
11,130,2,2
11,131,1,2
11,132,1,1
11,133,9,1
11,134,1,2
11,135,4,2
11,136,2,2
11,137,8,1
11,138,3,1
11,139,3,2
11,140,3,1
11,141,2,2
11,142,4,2
11,143,1,2
11,144,9,3
11,145,8,3
11,146,8,3
11,147,2,1
11,148,2,2
11,149,2,3
11,150,8,3
11,151,1,3
11,152,9,1
11,153,3,1
11,153,9,1
11,154,3,1
11,154,9,2
11,155,4,1
11,156,4,1
11,156,8,1
11,157,8,3
11,158,2,1
11,159,2,1
11,159,3,1
11,160,2,2
11,160,3,1
11,161,2,1
11,162,4,2
11,163,1,1
11,164,1,2
11,165,9,1
11,166,9,2
11,167,2,1
11,168,2,2
11,169,4,3
11,170,1,1
11,171,1,2
11,172,4,1
11,173,9,1
11,174,1,1
11,175,9,1
11,176,9,2
11,177,8,1
11,178,4,1
11,178,8,1
11,179,8,1
11,180,8,2
11,181,8,3
11,182,9,3
11,183,1,2
11,184,1,3
11,185,3,2
11,186,9,3
11,187,9,1
11,188,4,2
11,189,4,3
11,190,4,1
11,191,8,1
11,192,8,2
11,193,4,1
11,194,1,1
11,195,1,2
11,196,8,2
11,197,9,2
11,198,4,1
11,199,9,3
11,200,9,1
11,201,2,1
11,201,8,1
11,202,1,2
11,203,8,2
11,204,3,1
11,205,3,2
11,206,1,1
11,207,3,1
11,208,3,2
11,209,2,1
11,210,2,2
11,211,2,1
11,212,2,2
11,213,3,1
11,213,9,1
11,214,2,2
11,215,4,1
11,216,2,1
11,217,2,2
11,218,8,1
11,219,3,2
11,220,2,1
11,221,1,1
11,221,2,1
11,222,3,1
11,222,9,1
11,223,8,1
11,224,2,1
11,224,8,1
11,225,4,1
11,226,9,2
11,227,3,2
11,228,8,1
11,229,8,2
11,230,2,1
11,230,8,1
11,230,9,1
11,231,1,1
11,232,2,1
11,232,3,1
11,233,8,2
11,234,2,1
11,235,4,1
11,236,2,1
11,237,9,2
11,238,8,1
11,239,4,1
11,240,4,1
11,241,3,2
11,242,1,3
11,243,4,2
11,243,8,1
11,244,1,1
11,244,2,2
11,245,3,1
11,245,9,2
11,246,2,1
11,247,2,2
11,248,2,3
11,249,9,3
11,250,9,3
11,251,1,3
11,252,4,1
11,253,4,2
11,254,4,3
11,255,8,1
11,256,2,1
11,256,8,1
11,257,2,3
11,258,2,1
11,259,2,2
11,260,2,3
11,261,2,1
11,262,2,2
11,263,4,1
11,264,4,2
11,265,1,1
11,266,3,2
11,267,8,3
11,268,3,2
11,269,9,3
11,270,9,1
11,271,9,2
11,272,9,3
11,273,3,1
11,274,2,2
11,275,2,3
11,276,4,1
11,277,4,2
11,278,4,1
11,279,3,2
11,280,8,1
11,281,8,2
11,282,8,3
11,283,4,1
11,284,8,1
11,284,9,1
11,285,1,1
11,286,2,2
11,287,1,1
11,288,4,2
11,289,1,3
11,290,3,1
11,291,4,2
11,292,1,2
11,293,1,1
11,294,1,2
11,295,1,3
11,296,1,1
11,297,1,2
11,298,1,1
11,299,3,1
11,300,4,1
11,301,1,1
11,301,4,1
11,302,2,1
11,302,3,1
11,303,2,1
11,303,3,1
11,304,3,1
11,305,3,2
11,306,3,3
11,307,4,1
11,308,4,2
11,309,4,1
11,310,4,2
11,311,4,1
11,312,4,1
11,313,4,1
11,314,4,1
11,315,8,2
11,316,1,1
11,317,1,2
11,318,2,1
11,319,2,2
11,320,1,1
11,321,1,2
11,322,8,1
11,323,2,1
11,323,8,1
11,324,3,2
11,325,9,1
11,326,9,2
11,327,8,1
11,328,2,1
11,329,2,1
11,329,4,1
11,330,2,1
11,330,4,2
11,331,8,1
11,332,2,1
11,332,8,1
11,333,9,1
11,334,9,2
11,335,2,2
11,336,2,1
11,336,8,1
11,337,8,2
11,338,2,2
11,339,1,1
11,340,1,2
11,341,2,1
11,342,2,2
11,343,9,1
11,344,9,2
11,345,9,1
11,346,9,2
11,347,2,1
11,348,2,2
11,349,4,1
11,350,9,2
11,351,1,1
11,352,9,1
11,353,2,1
11,354,2,2
11,355,9,1
11,356,3,1
11,356,9,1
11,357,1,2
11,358,8,1
11,358,9,1
11,359,2,2
11,360,1,1
11,361,1,1
11,362,1,2
11,363,1,1
11,364,1,2
11,365,1,3
11,366,3,1
11,367,2,1
11,367,3,1
11,368,8,2
11,369,1,1
11,369,3,1
11,370,4,1
11,371,2,1
11,372,3,2
11,373,2,3
11,374,3,1
11,375,3,2
11,376,3,3
11,377,3,3
11,378,9,3
11,379,3,2
11,379,9,1
11,380,9,3
11,381,8,3
11,382,8,3
11,383,2,3
11,384,2,2
11,384,8,1
11,385,1,3
11,386,2,1
11,386,4,1
11,386,9,1
11,387,2,1
11,388,2,1
11,388,3,1
11,389,2,2
11,389,3,1
11,390,4,1
11,391,4,1
11,391,8,1
11,392,2,1
11,392,4,1
11,392,8,1
11,393,8,1
11,394,8,2
11,395,8,3
11,396,4,1
11,397,4,2
11,398,2,3
11,399,1,1
11,400,2,2
11,401,3,1
11,402,2,2
11,403,2,1
11,404,2,2
11,405,2,3
11,406,8,1
11,407,8,3
11,408,2,1
11,409,2,2
11,410,3,1
11,411,3,2
11,412,9,1
11,413,9,2
11,414,2,1
11,414,8,1
11,415,4,1
11,416,3,1
11,416,9,1
11,417,4,1
11,418,4,1
11,419,4,2
11,420,8,1
11,421,8,2
11,422,1,1
11,423,1,2
11,424,4,2
11,425,1,1
11,426,1,2
11,427,4,1
11,428,4,2
11,429,8,1
11,429,9,1
11,430,2,2
11,431,4,1
11,432,4,2
11,433,8,1
11,434,4,1
11,435,1,2
11,436,3,1
11,437,3,1
11,437,9,1
11,438,3,1
11,439,9,1
11,440,1,1
11,441,2,1
11,442,3,1
11,442,9,1
11,443,2,1
11,444,2,2
11,445,2,3
11,446,1,1
11,447,2,1
11,448,2,1
11,448,8,1
11,449,3,1
11,450,3,2
11,451,3,1
11,452,3,2
11,453,2,1
11,454,2,2
11,455,2,2
11,456,4,1
11,457,4,2
11,458,9,1
11,459,2,1
11,460,2,1
11,460,8,1
11,461,2,1
11,461,4,1
11,462,8,3
11,463,1,3
11,464,2,3
11,465,3,2
11,466,2,3
11,467,8,3
11,468,8,2
11,468,9,1
11,469,2,2
11,470,3,2
11,471,8,2
11,472,3,2
11,473,2,3
11,474,8,3
11,475,2,3
11,476,3,1
11,476,9,2
11,477,3,1
11,477,9,2
11,478,4,2
11,479,4,1
11,479,8,1
11,480,3,2
11,480,9,1
11,481,2,1
11,481,8,1
11,481,9,1
11,482,2,2
11,482,8,1
11,483,8,3
11,484,8,3
11,485,8,3
11,486,2,3
11,487,1,3
11,488,9,3
11,489,1,1
11,490,1,3
11,491,4,1
11,491,8,2
11,492,1,3
11,493,1,3
11,10001,1,1
11,10002,1,1
11,10003,1,1
11,10004,2,2
11,10004,8,1
11,10005,3,2
11,10005,9,1
11,10006,4,3
11,10007,3,2
11,10008,3,1
11,10008,9,1
11,10009,1,3
11,10010,1,3
11,10011,1,3
11,10012,1,3
11,10013,1,3
11,10014,1,3
11,10015,1,3
11,10016,1,3
11,10017,1,3
11,10018,1,3
11,10019,1,3
11,10020,1,3
11,10021,1,3
11,10022,1,3
11,10023,1,3
11,10024,1,3
11,10025,1,3
11,10026,4,1
11,10026,8,1
11,10027,4,1
11,10027,8,1
11,10028,4,1
11,10028,8,1
11,10029,4,1
11,10029,8,1
11,10030,4,1
11,10030,8,1
11,10031,1,3
11,10032,1,3
12,1,8,1
12,2,8,1
12,2,9,1
12,3,8,2
12,3,9,1
12,4,4,1
12,5,4,1
12,5,8,1
12,6,8,3
12,7,3,1
12,8,3,1
12,8,9,1
12,9,9,3
12,10,1,1
12,11,3,2
12,12,8,2
12,12,9,1
12,13,4,1
12,14,3,2
12,15,2,2
12,15,9,1
12,16,4,1
12,17,4,2
12,18,4,3
12,19,4,1
12,20,4,2
12,21,4,1
12,22,4,2
12,23,2,1
12,24,2,2
12,25,4,2
12,26,4,3
12,27,3,1
12,28,3,2
12,29,1,1
12,30,1,2
12,31,1,3
12,32,2,1
12,33,2,2
12,34,2,3
12,35,1,2
12,36,1,3
12,37,4,1
12,38,8,1
12,38,9,1
12,39,1,2
12,40,1,3
12,41,4,1
12,42,4,2
12,43,8,1
12,44,8,2
12,45,8,3
12,46,2,1
12,47,2,2
12,47,3,1
12,48,9,1
12,49,4,1
12,49,8,1
12,50,4,1
12,51,4,2
12,52,4,1
12,53,4,2
12,54,8,1
12,55,8,2
12,56,2,1
12,57,2,2
12,58,2,1
12,59,2,2
12,60,4,1
12,61,4,2
12,62,3,3
12,63,8,1
12,64,8,2
12,65,8,3
12,66,2,1
12,67,2,2
12,68,2,3
12,69,2,1
12,70,2,2
12,71,2,3
12,72,9,1
12,73,9,2
12,74,3,1
12,75,3,2
12,76,3,3
12,77,4,1
12,78,4,2
12,79,1,1
12,80,3,2
12,81,8,1
12,82,8,2
12,83,2,1
12,84,2,1
12,85,2,2
12,86,9,1
12,87,9,2
12,88,1,1
12,89,1,1
12,89,2,1
12,90,3,1
12,91,3,2
12,92,8,1
12,93,8,2
12,94,8,3
12,95,3,1
12,96,9,1
12,97,9,2
12,98,2,1
12,99,2,2
12,100,4,1
12,101,4,2
12,102,3,1
12,103,8,2
12,104,3,1
12,105,3,2
12,106,2,2
12,107,9,2
12,108,1,2
12,109,3,1
12,110,3,2
12,111,3,1
12,112,2,2
12,113,1,2
12,114,3,1
12,115,1,2
12,116,8,1
12,117,3,1
12,117,8,1
12,118,2,1
12,119,2,2
12,120,4,1
12,121,4,2
12,122,9,2
12,123,2,1
12,124,8,2
12,125,4,2
12,126,8,2
12,127,2,2
12,128,2,1
12,128,4,1
12,129,4,1
12,130,2,2
12,131,1,2
12,132,1,1
12,133,9,1
12,134,1,2
12,135,4,2
12,136,2,2
12,137,8,1
12,138,3,1
12,139,3,2
12,140,3,1
12,141,2,2
12,142,4,2
12,143,1,2
12,144,9,3
12,145,8,3
12,146,8,3
12,147,2,1
12,148,2,2
12,149,2,3
12,150,8,3
12,151,1,3
12,152,9,1
12,153,3,1
12,153,9,1
12,154,3,1
12,154,9,2
12,155,4,1
12,156,4,1
12,156,8,1
12,157,8,3
12,158,2,1
12,159,2,1
12,159,3,1
12,160,2,2
12,160,3,1
12,161,2,1
12,162,4,2
12,163,1,1
12,164,1,2
12,165,9,1
12,166,9,2
12,167,2,1
12,168,2,2
12,169,4,3
12,170,1,1
12,171,1,2
12,172,4,1
12,173,9,1
12,174,1,1
12,175,9,1
12,176,9,2
12,177,8,1
12,178,4,1
12,178,8,1
12,179,8,1
12,180,8,2
12,181,8,3
12,182,9,3
12,183,1,2
12,184,1,3
12,185,3,2
12,186,9,3
12,187,9,1
12,188,4,2
12,189,4,3
12,190,4,1
12,191,8,1
12,192,8,2
12,193,4,1
12,194,1,1
12,195,1,2
12,196,8,2
12,197,9,2
12,198,4,1
12,199,9,3
12,200,9,1
12,201,2,1
12,201,8,1
12,202,1,2
12,203,8,2
12,204,3,1
12,205,3,2
12,206,1,1
12,207,3,1
12,208,3,2
12,209,2,1
12,210,2,2
12,211,2,1
12,212,2,2
12,213,3,1
12,213,9,1
12,214,2,2
12,215,4,1
12,216,2,1
12,217,2,2
12,218,8,1
12,219,3,2
12,220,2,1
12,221,1,1
12,221,2,1
12,222,3,1
12,222,9,1
12,223,8,1
12,224,2,1
12,224,8,1
12,225,4,1
12,226,9,2
12,227,3,2
12,228,8,1
12,229,8,2
12,230,2,1
12,230,8,1
12,230,9,1
12,231,1,1
12,232,2,1
12,232,3,1
12,233,8,2
12,234,2,1
12,235,4,1
12,236,2,1
12,237,9,2
12,238,8,1
12,239,4,1
12,240,4,1
12,241,3,2
12,242,1,3
12,243,4,2
12,243,8,1
12,244,1,1
12,244,2,2
12,245,3,1
12,245,9,2
12,246,2,1
12,247,2,2
12,248,2,3
12,249,9,3
12,250,9,3
12,251,1,3
12,252,4,1
12,253,4,2
12,254,4,3
12,255,8,1
12,256,2,1
12,256,8,1
12,257,2,3
12,258,2,1
12,259,2,2
12,260,2,3
12,261,2,1
12,262,2,2
12,263,4,1
12,264,4,2
12,265,1,1
12,266,3,2
12,267,8,3
12,268,3,2
12,269,9,3
12,270,9,1
12,271,9,2
12,272,9,3
12,273,3,1
12,274,2,2
12,275,2,3
12,276,4,1
12,277,4,2
12,278,4,1
12,279,3,2
12,280,8,1
12,281,8,2
12,282,8,3
12,283,4,1
12,284,8,1
12,284,9,1
12,285,1,1
12,286,2,2
12,287,1,1
12,288,4,2
12,289,1,3
12,290,3,1
12,291,4,2
12,292,1,2
12,293,1,1
12,294,1,2
12,295,1,3
12,296,1,1
12,297,1,2
12,298,1,1
12,299,3,1
12,300,4,1
12,301,1,1
12,301,4,1
12,302,2,1
12,302,3,1
12,303,2,1
12,303,3,1
12,304,3,1
12,305,3,2
12,306,3,3
12,307,4,1
12,308,4,2
12,309,4,1
12,310,4,2
12,311,4,1
12,312,4,1
12,313,4,1
12,314,4,1
12,315,8,2
12,316,1,1
12,317,1,2
12,318,2,1
12,319,2,2
12,320,1,1
12,321,1,2
12,322,8,1
12,323,2,1
12,323,8,1
12,324,3,2
12,325,9,1
12,326,9,2
12,327,8,1
12,328,2,1
12,329,2,1
12,329,4,1
12,330,2,1
12,330,4,2
12,331,8,1
12,332,2,1
12,332,8,1
12,333,9,1
12,334,9,2
12,335,2,2
12,336,2,1
12,336,8,1
12,337,8,2
12,338,2,2
12,339,1,1
12,340,1,2
12,341,2,1
12,342,2,2
12,343,9,1
12,344,9,2
12,345,9,1
12,346,9,2
12,347,2,1
12,348,2,2
12,349,4,1
12,350,9,2
12,351,1,1
12,352,9,1
12,353,2,1
12,354,2,2
12,355,9,1
12,356,3,1
12,356,9,1
12,357,1,2
12,358,8,1
12,358,9,1
12,359,2,2
12,360,1,1
12,361,1,1
12,362,1,2
12,363,1,1
12,364,1,2
12,365,1,3
12,366,3,1
12,367,2,1
12,367,3,1
12,368,8,2
12,369,1,1
12,369,3,1
12,370,4,1
12,371,2,1
12,372,3,2
12,373,2,3
12,374,3,1
12,375,3,2
12,376,3,3
12,377,3,3
12,378,9,3
12,379,3,2
12,379,9,1
12,380,9,3
12,381,8,3
12,382,8,3
12,383,2,3
12,384,2,2
12,384,8,1
12,385,1,3
12,386,2,1
12,386,4,1
12,386,9,1
12,387,2,1
12,388,2,1
12,388,3,1
12,389,2,2
12,389,3,1
12,390,4,1
12,391,4,1
12,391,8,1
12,392,2,1
12,392,4,1
12,392,8,1
12,393,8,1
12,394,8,2
12,395,8,3
12,396,4,1
12,397,4,2
12,398,2,3
12,399,1,1
12,400,2,2
12,401,3,1
12,402,2,2
12,403,2,1
12,404,2,2
12,405,2,3
12,406,8,1
12,407,8,3
12,408,2,1
12,409,2,2
12,410,3,1
12,411,3,2
12,412,9,1
12,413,9,2
12,414,2,1
12,414,8,1
12,415,4,1
12,416,3,1
12,416,9,1
12,417,4,1
12,418,4,1
12,419,4,2
12,420,8,1
12,421,8,2
12,422,1,1
12,423,1,2
12,424,4,2
12,425,1,1
12,426,1,2
12,427,4,1
12,428,4,2
12,429,8,1
12,429,9,1
12,430,2,2
12,431,4,1
12,432,4,2
12,433,8,1
12,434,4,1
12,435,1,2
12,436,3,1
12,437,3,1
12,437,9,1
12,438,3,1
12,439,9,1
12,440,1,1
12,441,2,1
12,442,3,1
12,442,9,1
12,443,2,1
12,444,2,2
12,445,2,3
12,446,1,1
12,447,2,1
12,448,2,1
12,448,8,1
12,449,3,1
12,450,3,2
12,451,3,1
12,452,3,2
12,453,2,1
12,454,2,2
12,455,2,2
12,456,4,1
12,457,4,2
12,458,9,1
12,459,2,1
12,460,2,1
12,460,8,1
12,461,2,1
12,461,4,1
12,462,8,3
12,463,1,3
12,464,2,3
12,465,3,2
12,466,2,3
12,467,8,3
12,468,8,2
12,468,9,1
12,469,2,2
12,470,3,2
12,471,8,2
12,472,3,2
12,473,2,3
12,474,8,3
12,475,2,3
12,476,3,1
12,476,9,2
12,477,3,1
12,477,9,2
12,478,4,2
12,479,4,1
12,479,8,1
12,480,3,2
12,480,9,1
12,481,2,1
12,481,8,1
12,481,9,1
12,482,2,2
12,482,8,1
12,483,8,3
12,484,8,3
12,485,8,3
12,486,2,3
12,487,1,3
12,488,9,3
12,489,1,1
12,490,1,3
12,491,4,1
12,491,8,2
12,492,1,3
12,493,1,3
12,10001,1,1
12,10002,1,1
12,10003,1,1
12,10004,2,2
12,10004,8,1
12,10005,3,2
12,10005,9,1
12,10006,4,3
12,10007,3,2
12,10008,3,1
12,10008,9,1
12,10009,1,3
12,10010,1,3
12,10011,1,3
12,10012,1,3
12,10013,1,3
12,10014,1,3
12,10015,1,3
12,10016,1,3
12,10017,1,3
12,10018,1,3
12,10019,1,3
12,10020,1,3
12,10021,1,3
12,10022,1,3
12,10023,1,3
12,10024,1,3
12,10025,1,3
12,10026,4,1
12,10026,8,1
12,10027,4,1
12,10027,8,1
12,10028,4,1
12,10028,8,1
12,10029,4,1
12,10029,8,1
12,10030,4,1
12,10030,8,1
12,10031,1,3
12,10032,1,3
12,10033,4,1
13,1,8,1
13,2,8,1
13,2,9,1
13,3,8,2
13,3,9,1
13,4,4,1
13,5,4,1
13,5,8,1
13,6,8,3
13,7,3,1
13,8,3,1
13,8,9,1
13,9,9,3
13,10,1,1
13,11,3,2
13,12,8,2
13,12,9,1
13,13,4,1
13,14,3,2
13,15,2,2
13,15,9,1
13,16,4,1
13,17,4,2
13,18,4,3
13,19,4,1
13,20,4,2
13,21,4,1
13,22,4,2
13,23,2,1
13,24,2,2
13,25,4,2
13,26,4,3
13,27,3,1
13,28,3,2
13,29,1,1
13,30,1,2
13,31,1,3
13,32,2,1
13,33,2,2
13,34,2,3
13,35,1,2
13,36,1,3
13,37,4,1
13,38,4,1
13,38,9,1
13,39,1,2
13,40,1,3
13,41,4,1
13,42,4,2
13,43,8,1
13,44,8,2
13,45,8,3
13,46,2,1
13,47,2,2
13,47,3,1
13,48,9,1
13,49,4,1
13,49,8,1
13,50,4,1
13,51,4,2
13,52,4,1
13,53,4,2
13,54,8,1
13,55,8,2
13,56,2,1
13,57,2,2
13,58,2,1
13,59,2,2
13,60,4,1
13,61,4,2
13,62,3,3
13,63,8,1
13,64,8,2
13,65,8,3
13,66,2,1
13,67,2,2
13,68,2,3
13,69,2,1
13,70,2,2
13,71,2,3
13,72,9,1
13,73,9,2
13,74,3,1
13,75,3,2
13,76,3,3
13,77,4,1
13,78,4,2
13,79,1,1
13,80,3,2
13,81,8,1
13,82,8,2
13,83,2,1
13,84,2,1
13,85,2,2
13,86,9,1
13,87,9,2
13,88,1,1
13,89,1,1
13,89,2,1
13,90,3,1
13,91,3,2
13,92,8,1
13,93,8,2
13,94,8,3
13,95,3,1
13,96,9,1
13,97,9,2
13,98,2,1
13,99,2,2
13,100,4,1
13,101,4,2
13,102,3,1
13,103,8,2
13,104,3,1
13,105,3,2
13,106,2,2
13,107,9,2
13,108,1,2
13,109,3,1
13,110,3,2
13,111,3,1
13,112,2,2
13,113,1,2
13,114,3,1
13,115,1,2
13,116,8,1
13,117,3,1
13,117,8,1
13,118,2,1
13,119,2,2
13,120,4,1
13,121,4,2
13,122,9,2
13,123,2,1
13,124,8,2
13,125,4,2
13,126,8,2
13,127,2,2
13,128,2,1
13,128,4,1
13,129,4,1
13,130,2,2
13,131,1,2
13,132,1,1
13,133,9,1
13,134,1,2
13,135,4,2
13,136,2,2
13,137,8,1
13,138,3,1
13,139,3,2
13,140,3,1
13,141,2,2
13,142,4,2
13,143,1,2
13,144,9,3
13,145,8,3
13,146,8,3
13,147,2,1
13,148,2,2
13,149,2,3
13,150,8,3
13,151,1,3
13,152,9,1
13,153,3,1
13,153,9,1
13,154,3,1
13,154,9,2
13,155,4,1
13,156,4,1
13,156,8,1
13,157,8,3
13,158,2,1
13,159,2,1
13,159,3,1
13,160,2,2
13,160,3,1
13,161,2,1
13,162,4,2
13,163,1,1
13,164,1,2
13,165,9,1
13,166,9,2
13,167,2,1
13,168,2,2
13,169,4,3
13,170,1,1
13,171,1,2
13,172,4,1
13,173,9,1
13,174,1,1
13,175,9,1
13,176,9,2
13,177,8,1
13,178,4,1
13,178,8,1
13,179,8,1
13,180,8,2
13,181,8,3
13,182,9,3
13,183,1,2
13,184,1,3
13,185,3,2
13,186,9,3
13,187,9,1
13,188,4,2
13,189,4,3
13,190,4,1
13,191,8,1
13,192,8,2
13,193,4,1
13,194,1,1
13,195,1,2
13,196,8,2
13,197,9,2
13,198,4,1
13,199,9,3
13,200,9,1
13,201,2,1
13,201,8,1
13,202,1,2
13,203,8,2
13,204,3,1
13,205,3,2
13,206,1,1
13,207,3,1
13,208,3,2
13,209,2,1
13,210,2,2
13,211,2,1
13,212,2,2
13,213,3,1
13,213,9,1
13,214,2,2
13,215,4,1
13,216,2,1
13,217,2,2
13,218,8,1
13,219,3,2
13,220,2,1
13,221,1,1
13,221,2,1
13,222,3,1
13,222,9,1
13,223,8,1
13,224,2,1
13,224,8,1
13,225,4,1
13,226,9,2
13,227,3,2
13,228,8,1
13,229,8,2
13,230,2,1
13,230,8,1
13,230,9,1
13,231,1,1
13,232,2,1
13,232,3,1
13,233,8,2
13,234,2,1
13,235,4,1
13,236,2,1
13,237,9,2
13,238,8,1
13,239,4,1
13,240,4,1
13,241,3,2
13,242,1,3
13,243,4,2
13,243,8,1
13,244,1,1
13,244,2,2
13,245,3,1
13,245,9,2
13,246,2,1
13,247,2,2
13,248,2,3
13,249,9,3
13,250,9,3
13,251,1,3
13,252,4,1
13,253,4,2
13,254,4,3
13,255,8,1
13,256,2,1
13,256,8,1
13,257,2,3
13,258,2,1
13,259,2,2
13,260,2,3
13,261,2,1
13,262,2,2
13,263,4,1
13,264,4,2
13,265,1,1
13,266,3,2
13,267,8,3
13,268,3,2
13,269,9,3
13,270,9,1
13,271,9,2
13,272,9,3
13,273,3,1
13,274,2,2
13,275,2,3
13,276,4,1
13,277,4,2
13,278,4,1
13,279,3,2
13,280,8,1
13,281,8,2
13,282,8,3
13,283,4,1
13,284,8,1
13,284,9,1
13,285,1,1
13,286,2,2
13,287,1,1
13,288,4,2
13,289,1,3
13,290,3,1
13,291,4,2
13,292,1,2
13,293,1,1
13,294,1,2
13,295,1,3
13,296,1,1
13,297,1,2
13,298,1,1
13,299,3,1
13,300,4,1
13,301,1,1
13,301,4,1
13,302,2,1
13,302,3,1
13,303,2,1
13,303,3,1
13,304,3,1
13,305,3,2
13,306,3,3
13,307,4,1
13,308,4,2
13,309,4,1
13,310,4,2
13,311,4,1
13,312,4,1
13,313,4,1
13,314,4,1
13,315,8,2
13,316,1,1
13,317,1,2
13,318,2,1
13,319,2,2
13,320,1,1
13,321,1,2
13,322,8,1
13,323,2,1
13,323,8,1
13,324,3,2
13,325,9,1
13,326,9,2
13,327,8,1
13,328,2,1
13,329,2,1
13,329,4,1
13,330,2,1
13,330,4,2
13,331,8,1
13,332,2,1
13,332,8,1
13,333,9,1
13,334,9,2
13,335,2,2
13,336,2,1
13,336,8,1
13,337,8,2
13,338,2,2
13,339,1,1
13,340,1,2
13,341,2,1
13,342,2,2
13,343,9,1
13,344,9,2
13,345,9,1
13,346,9,2
13,347,2,1
13,348,2,2
13,349,4,1
13,350,9,2
13,351,1,1
13,352,9,1
13,353,2,1
13,354,2,2
13,355,9,1
13,356,3,1
13,356,9,1
13,357,1,2
13,358,8,1
13,358,9,1
13,359,2,2
13,360,1,1
13,361,1,1
13,362,1,2
13,363,1,1
13,364,1,2
13,365,1,3
13,366,3,1
13,367,2,1
13,367,3,1
13,368,8,2
13,369,1,1
13,369,3,1
13,370,4,1
13,371,2,1
13,372,3,2
13,373,2,3
13,374,3,1
13,375,3,2
13,376,3,3
13,377,3,3
13,378,9,3
13,379,3,2
13,379,9,1
13,380,9,3
13,381,8,3
13,382,8,3
13,383,2,3
13,384,2,2
13,384,8,1
13,385,1,3
13,386,2,1
13,386,4,1
13,386,8,1
13,387,2,1
13,388,2,1
13,388,3,1
13,389,2,2
13,389,3,1
13,390,4,1
13,391,4,1
13,391,8,1
13,392,2,1
13,392,4,1
13,392,8,1
13,393,8,1
13,394,8,2
13,395,8,3
13,396,4,1
13,397,4,2
13,398,2,3
13,399,1,1
13,400,2,2
13,401,3,1
13,402,2,2
13,403,2,1
13,404,2,2
13,405,2,3
13,406,8,1
13,407,8,3
13,408,2,1
13,409,2,2
13,410,3,1
13,411,3,2
13,412,9,1
13,413,9,2
13,414,2,1
13,414,8,1
13,415,4,1
13,416,3,1
13,416,9,1
13,417,4,1
13,418,4,1
13,419,4,2
13,420,8,1
13,421,8,2
13,422,1,1
13,423,1,2
13,424,4,2
13,425,1,1
13,426,1,2
13,427,4,1
13,428,4,2
13,429,8,1
13,429,9,1
13,430,2,2
13,431,4,1
13,432,4,2
13,433,8,1
13,434,4,1
13,435,1,2
13,436,3,1
13,437,3,1
13,437,9,1
13,438,3,1
13,439,9,1
13,440,1,1
13,441,2,1
13,442,3,1
13,442,9,1
13,443,2,1
13,444,2,2
13,445,2,3
13,446,1,1
13,447,2,1
13,448,2,1
13,448,8,1
13,449,3,1
13,450,3,2
13,451,3,1
13,452,3,2
13,453,2,1
13,454,2,2
13,455,2,2
13,456,4,1
13,457,4,2
13,458,9,1
13,459,2,1
13,460,2,1
13,460,8,1
13,461,2,1
13,461,4,1
13,462,8,3
13,463,1,3
13,464,2,3
13,465,3,2
13,466,2,3
13,467,8,3
13,468,8,2
13,468,9,1
13,469,2,2
13,470,3,2
13,471,8,2
13,472,3,2
13,473,2,3
13,474,8,3
13,475,2,3
13,476,3,1
13,476,9,2
13,477,3,1
13,477,9,2
13,478,4,2
13,479,4,1
13,479,8,1
13,480,3,2
13,480,9,1
13,481,2,1
13,481,8,1
13,481,9,1
13,482,2,2
13,482,8,1
13,483,8,3
13,484,8,3
13,485,8,3
13,486,2,3
13,487,1,3
13,488,9,3
13,489,1,1
13,490,1,3
13,491,4,1
13,491,8,2
13,492,1,3
13,493,1,3
13,494,1,3
13,495,4,1
13,496,4,2
13,497,4,3
13,498,1,1
13,499,2,2
13,500,2,3
13,501,8,1
13,502,8,2
13,503,8,3
13,504,2,1
13,505,2,1
13,506,2,1
13,507,2,2
13,508,2,3
13,509,4,1
13,510,4,2
13,511,4,1
13,512,4,2
13,513,4,1
13,514,4,2
13,515,4,1
13,516,4,2
13,517,1,1
13,518,1,2
13,519,2,1
13,520,2,2
13,521,2,3
13,522,4,1
13,523,4,2
13,524,3,1
13,525,2,1
13,525,3,1
13,526,2,3
13,527,4,1
13,528,4,2
13,529,2,1
13,530,2,2
13,531,1,2
13,532,2,1
13,533,2,2
13,534,2,3
13,535,4,1
13,536,1,2
13,537,1,3
13,538,1,2
13,539,2,2
13,540,3,1
13,541,3,2
13,542,2,3
13,543,3,1
13,544,3,2
13,545,4,3
13,546,4,1
13,547,4,2
13,548,8,1
13,549,8,2
13,550,4,2
13,551,2,1
13,552,2,2
13,553,2,3
13,554,2,1
13,555,2,2
13,556,8,2
13,557,3,1
13,558,3,2
13,559,2,1
13,560,3,1
13,560,9,1
13,561,8,2
13,562,3,1
13,563,3,2
13,564,3,1
13,565,3,2
13,566,2,1
13,567,2,2
13,568,4,1
13,569,2,2
13,570,8,1
13,571,8,2
13,572,4,1
13,573,4,2
13,574,9,1
13,575,9,2
13,576,9,3
13,577,8,1
13,578,8,2
13,579,8,3
13,580,1,1
13,581,4,2
13,582,8,1
13,583,8,2
13,584,8,3
13,585,4,1
13,586,2,2
13,587,4,2
13,588,2,1
13,589,2,2
13,590,1,1
13,591,1,2
13,592,9,1
13,593,9,2
13,594,1,2
13,595,4,1
13,596,4,2
13,597,3,1
13,598,3,2
13,599,3,1
13,600,3,2
13,601,3,3
13,602,4,1
13,603,2,2
13,604,2,3
13,605,8,1
13,606,8,2
13,607,8,1
13,608,8,2
13,609,8,3
13,610,2,1
13,611,2,2
13,612,2,3
13,613,2,1
13,614,2,2
13,615,9,2
13,616,3,1
13,617,4,2
13,618,1,2
13,619,2,1
13,620,2,2
13,621,2,2
13,622,2,1
13,623,2,2
13,624,2,1
13,625,2,2
13,626,2,2
13,627,2,1
13,628,2,2
13,629,3,1
13,630,8,2
13,631,8,2
13,632,3,2
13,633,2,1
13,634,2,2
13,635,8,3
13,636,2,1
13,637,8,3
13,638,3,3
13,639,2,3
13,640,9,3
13,641,2,3
13,642,2,3
13,643,8,3
13,644,2,3
13,645,8,3
13,646,1,1
13,646,2,1
13,646,8,1
13,647,8,3
13,648,4,1
13,648,8,1
13,648,9,1
13,649,2,1
13,649,4,1
13,649,8,1
13,10001,1,1
13,10002,1,1
13,10003,1,1
13,10004,2,2
13,10004,8,1
13,10005,3,2
13,10005,9,1
13,10006,4,3
13,10007,3,2
13,10008,3,1
13,10008,9,1
13,10009,1,3
13,10010,1,3
13,10011,1,3
13,10012,1,3
13,10013,1,3
13,10014,1,3
13,10015,1,3
13,10016,1,3
13,10017,1,3
13,10018,1,3
13,10019,1,3
13,10020,1,3
13,10021,1,3
13,10022,1,3
13,10023,1,3
13,10024,1,3
13,10026,4,1
13,10026,8,1
13,10027,4,1
13,10027,8,1
13,10028,4,1
13,10028,8,1
13,10029,4,1
13,10029,8,1
13,10030,4,1
13,10030,8,1
13,10031,1,3
13,10032,4,3
13,10034,4,2
13,10035,8,2
13,10036,2,1
13,10036,3,1
13,10036,4,1
14,1,8,1
14,2,8,1
14,2,9,1
14,3,8,2
14,3,9,1
14,4,4,1
14,5,4,1
14,5,8,1
14,6,8,3
14,7,3,1
14,8,3,1
14,8,9,1
14,9,9,3
14,10,1,1
14,11,3,2
14,12,8,2
14,12,9,1
14,13,4,1
14,14,3,2
14,15,2,2
14,15,9,1
14,16,4,1
14,17,4,2
14,18,4,3
14,19,4,1
14,20,4,2
14,21,4,1
14,22,4,2
14,23,2,1
14,24,2,2
14,25,4,2
14,26,4,3
14,27,3,1
14,28,3,2
14,29,1,1
14,30,1,2
14,31,1,3
14,32,2,1
14,33,2,2
14,34,2,3
14,35,1,2
14,36,1,3
14,37,4,1
14,38,4,1
14,38,9,1
14,39,1,2
14,40,1,3
14,41,4,1
14,42,4,2
14,43,8,1
14,44,8,2
14,45,8,3
14,46,2,1
14,47,2,2
14,47,3,1
14,48,9,1
14,49,4,1
14,49,8,1
14,50,4,1
14,51,4,2
14,52,4,1
14,53,4,2
14,54,8,1
14,55,8,2
14,56,2,1
14,57,2,2
14,58,2,1
14,59,2,2
14,60,4,1
14,61,4,2
14,62,3,3
14,63,8,1
14,64,8,2
14,65,8,3
14,66,2,1
14,67,2,2
14,68,2,3
14,69,2,1
14,70,2,2
14,71,2,3
14,72,9,1
14,73,9,2
14,74,3,1
14,75,3,2
14,76,3,3
14,77,4,1
14,78,4,2
14,79,1,1
14,80,3,2
14,81,8,1
14,82,8,2
14,83,2,1
14,84,2,1
14,85,2,2
14,86,9,1
14,87,9,2
14,88,1,1
14,89,1,1
14,89,2,1
14,90,3,1
14,91,3,2
14,92,8,1
14,93,8,2
14,94,8,3
14,95,3,1
14,96,9,1
14,97,9,2
14,98,2,1
14,99,2,2
14,100,4,1
14,101,4,2
14,102,3,1
14,103,8,2
14,104,3,1
14,105,3,2
14,106,2,2
14,107,9,2
14,108,1,2
14,109,3,1
14,110,3,2
14,111,3,1
14,112,2,2
14,113,1,2
14,114,3,1
14,115,1,2
14,116,8,1
14,117,3,1
14,117,8,1
14,118,2,1
14,119,2,2
14,120,4,1
14,121,4,2
14,122,9,2
14,123,2,1
14,124,8,2
14,125,4,2
14,126,8,2
14,127,2,2
14,128,2,1
14,128,4,1
14,129,4,1
14,130,2,2
14,131,1,2
14,132,1,1
14,133,9,1
14,134,1,2
14,135,4,2
14,136,2,2
14,137,8,1
14,138,3,1
14,139,3,2
14,140,3,1
14,141,2,2
14,142,4,2
14,143,1,2
14,144,9,3
14,145,8,3
14,146,8,3
14,147,2,1
14,148,2,2
14,149,2,3
14,150,8,3
14,151,1,3
14,152,9,1
14,153,3,1
14,153,9,1
14,154,3,1
14,154,9,2
14,155,4,1
14,156,4,1
14,156,8,1
14,157,8,3
14,158,2,1
14,159,2,1
14,159,3,1
14,160,2,2
14,160,3,1
14,161,2,1
14,162,4,2
14,163,1,1
14,164,1,2
14,165,9,1
14,166,9,2
14,167,2,1
14,168,2,2
14,169,4,3
14,170,1,1
14,171,1,2
14,172,4,1
14,173,9,1
14,174,1,1
14,175,9,1
14,176,9,2
14,177,8,1
14,178,4,1
14,178,8,1
14,179,8,1
14,180,8,2
14,181,8,3
14,182,9,3
14,183,1,2
14,184,1,3
14,185,3,2
14,186,9,3
14,187,9,1
14,188,4,2
14,189,4,3
14,190,4,1
14,191,8,1
14,192,8,2
14,193,4,1
14,194,1,1
14,195,1,2
14,196,8,2
14,197,9,2
14,198,4,1
14,199,9,3
14,200,9,1
14,201,2,1
14,201,8,1
14,202,1,2
14,203,8,2
14,204,3,1
14,205,3,2
14,206,1,1
14,207,3,1
14,208,3,2
14,209,2,1
14,210,2,2
14,211,2,1
14,212,2,2
14,213,3,1
14,213,9,1
14,214,2,2
14,215,4,1
14,216,2,1
14,217,2,2
14,218,8,1
14,219,3,2
14,220,2,1
14,221,1,1
14,221,2,1
14,222,3,1
14,222,9,1
14,223,8,1
14,224,2,1
14,224,8,1
14,225,4,1
14,226,9,2
14,227,3,2
14,228,8,1
14,229,8,2
14,230,2,1
14,230,8,1
14,230,9,1
14,231,1,1
14,232,2,1
14,232,3,1
14,233,8,2
14,234,2,1
14,235,4,1
14,236,2,1
14,237,9,2
14,238,8,1
14,239,4,1
14,240,4,1
14,241,3,2
14,242,1,3
14,243,4,2
14,243,8,1
14,244,1,1
14,244,2,2
14,245,3,1
14,245,9,2
14,246,2,1
14,247,2,2
14,248,2,3
14,249,9,3
14,250,9,3
14,251,1,3
14,252,4,1
14,253,4,2
14,254,4,3
14,255,8,1
14,256,2,1
14,256,8,1
14,257,2,3
14,258,2,1
14,259,2,2
14,260,2,3
14,261,2,1
14,262,2,2
14,263,4,1
14,264,4,2
14,265,1,1
14,266,3,2
14,267,8,3
14,268,3,2
14,269,9,3
14,270,9,1
14,271,9,2
14,272,9,3
14,273,3,1
14,274,2,2
14,275,2,3
14,276,4,1
14,277,4,2
14,278,4,1
14,279,3,2
14,280,8,1
14,281,8,2
14,282,8,3
14,283,4,1
14,284,8,1
14,284,9,1
14,285,1,1
14,286,2,2
14,287,1,1
14,288,4,2
14,289,1,3
14,290,3,1
14,291,4,2
14,292,1,2
14,293,1,1
14,294,1,2
14,295,1,3
14,296,1,1
14,297,1,2
14,298,1,1
14,299,3,1
14,300,4,1
14,301,1,1
14,301,4,1
14,302,2,1
14,302,3,1
14,303,2,1
14,303,3,1
14,304,3,1
14,305,3,2
14,306,3,3
14,307,4,1
14,308,4,2
14,309,4,1
14,310,4,2
14,311,4,1
14,312,4,1
14,313,4,1
14,314,4,1
14,315,8,2
14,316,1,1
14,317,1,2
14,318,2,1
14,319,2,2
14,320,1,1
14,321,1,2
14,322,8,1
14,323,2,1
14,323,8,1
14,324,3,2
14,325,9,1
14,326,9,2
14,327,8,1
14,328,2,1
14,329,2,1
14,329,4,1
14,330,2,1
14,330,4,2
14,331,8,1
14,332,2,1
14,332,8,1
14,333,9,1
14,334,9,2
14,335,2,2
14,336,2,1
14,336,8,1
14,337,8,2
14,338,2,2
14,339,1,1
14,340,1,2
14,341,2,1
14,342,2,2
14,343,9,1
14,344,9,2
14,345,9,1
14,346,9,2
14,347,2,1
14,348,2,2
14,349,4,1
14,350,9,2
14,351,1,1
14,352,9,1
14,353,2,1
14,354,2,2
14,355,9,1
14,356,3,1
14,356,9,1
14,357,1,2
14,358,8,1
14,358,9,1
14,359,2,2
14,360,1,1
14,361,1,1
14,362,1,2
14,363,1,1
14,364,1,2
14,365,1,3
14,366,3,1
14,367,2,1
14,367,3,1
14,368,8,2
14,369,1,1
14,369,3,1
14,370,4,1
14,371,2,1
14,372,3,2
14,373,2,3
14,374,3,1
14,375,3,2
14,376,3,3
14,377,3,3
14,378,9,3
14,379,3,2
14,379,9,1
14,380,9,3
14,381,8,3
14,382,8,3
14,383,2,3
14,384,2,2
14,384,8,1
14,385,1,3
14,386,2,1
14,386,4,1
14,386,8,1
14,387,2,1
14,388,2,1
14,388,3,1
14,389,2,2
14,389,3,1
14,390,4,1
14,391,4,1
14,391,8,1
14,392,2,1
14,392,4,1
14,392,8,1
14,393,8,1
14,394,8,2
14,395,8,3
14,396,4,1
14,397,4,2
14,398,2,3
14,399,1,1
14,400,2,2
14,401,3,1
14,402,2,2
14,403,2,1
14,404,2,2
14,405,2,3
14,406,8,1
14,407,8,3
14,408,2,1
14,409,2,2
14,410,3,1
14,411,3,2
14,412,9,1
14,413,9,2
14,414,2,1
14,414,8,1
14,415,4,1
14,416,3,1
14,416,9,1
14,417,4,1
14,418,4,1
14,419,4,2
14,420,8,1
14,421,8,2
14,422,1,1
14,423,1,2
14,424,4,2
14,425,1,1
14,426,1,2
14,427,4,1
14,428,4,2
14,429,8,1
14,429,9,1
14,430,2,2
14,431,4,1
14,432,4,2
14,433,8,1
14,434,4,1
14,435,1,2
14,436,3,1
14,437,3,1
14,437,9,1
14,438,3,1
14,439,9,1
14,440,1,1
14,441,2,1
14,442,3,1
14,442,9,1
14,443,2,1
14,444,2,2
14,445,2,3
14,446,1,1
14,447,2,1
14,448,2,1
14,448,8,1
14,449,3,1
14,450,3,2
14,451,3,1
14,452,3,2
14,453,2,1
14,454,2,2
14,455,2,2
14,456,4,1
14,457,4,2
14,458,9,1
14,459,2,1
14,460,2,1
14,460,8,1
14,461,2,1
14,461,4,1
14,462,8,3
14,463,1,3
14,464,2,3
14,465,3,2
14,466,2,3
14,467,8,3
14,468,8,2
14,468,9,1
14,469,2,2
14,470,3,2
14,471,8,2
14,472,3,2
14,473,2,3
14,474,8,3
14,475,2,3
14,476,3,1
14,476,9,2
14,477,3,1
14,477,9,2
14,478,4,2
14,479,4,1
14,479,8,1
14,480,3,2
14,480,9,1
14,481,2,1
14,481,8,1
14,481,9,1
14,482,2,2
14,482,8,1
14,483,8,3
14,484,8,3
14,485,8,3
14,486,2,3
14,487,1,3
14,488,9,3
14,489,1,1
14,490,1,3
14,491,4,1
14,491,8,2
14,492,1,3
14,493,1,3
14,494,1,3
14,495,4,1
14,496,4,2
14,497,4,3
14,498,1,1
14,499,2,2
14,500,2,3
14,501,8,1
14,502,8,2
14,503,8,3
14,504,2,1
14,505,2,2
14,506,2,1
14,507,2,2
14,508,2,3
14,509,4,1
14,510,4,2
14,511,4,1
14,512,4,2
14,513,4,1
14,514,4,2
14,515,4,1
14,516,4,2
14,517,1,1
14,518,1,2
14,519,2,1
14,520,2,2
14,521,2,3
14,522,4,1
14,523,4,2
14,524,3,1
14,525,2,1
14,525,3,1
14,526,2,3
14,527,4,1
14,528,4,2
14,529,2,1
14,530,2,2
14,531,1,2
14,532,2,1
14,533,2,2
14,534,2,3
14,535,4,1
14,536,1,2
14,537,1,3
14,538,1,2
14,539,2,2
14,540,3,1
14,541,3,2
14,542,2,3
14,543,3,1
14,544,3,2
14,545,4,3
14,546,4,1
14,547,4,2
14,548,8,1
14,549,8,2
14,550,4,2
14,551,2,1
14,552,2,2
14,553,2,3
14,554,2,1
14,555,2,2
14,556,8,2
14,557,3,1
14,558,3,2
14,559,2,1
14,560,3,1
14,560,9,1
14,561,8,2
14,562,3,1
14,563,3,2
14,564,3,1
14,565,3,2
14,566,2,1
14,567,2,2
14,568,4,1
14,569,2,2
14,570,8,1
14,571,8,2
14,572,4,1
14,573,4,2
14,574,9,1
14,575,9,2
14,576,9,3
14,577,8,1
14,578,8,2
14,579,8,3
14,580,1,1
14,581,4,2
14,582,8,1
14,583,8,2
14,584,8,3
14,585,4,1
14,586,2,2
14,587,4,2
14,588,2,1
14,589,2,2
14,590,1,1
14,591,1,2
14,592,9,1
14,593,9,2
14,594,1,2
14,595,4,1
14,596,4,2
14,597,3,1
14,598,3,2
14,599,3,1
14,600,3,2
14,601,3,3
14,602,4,1
14,603,2,2
14,604,2,3
14,605,8,1
14,606,8,2
14,607,8,1
14,608,8,2
14,609,8,3
14,610,2,1
14,611,2,2
14,612,2,3
14,613,2,1
14,614,2,2
14,615,9,2
14,616,3,1
14,617,4,2
14,618,1,2
14,619,2,1
14,620,2,2
14,621,2,2
14,622,2,1
14,623,2,2
14,624,2,1
14,625,2,2
14,626,2,2
14,627,2,1
14,628,2,2
14,629,3,1
14,630,8,2
14,631,8,2
14,632,3,2
14,633,2,1
14,634,2,2
14,635,8,3
14,636,2,1
14,637,8,3
14,638,3,3
14,639,2,3
14,640,9,3
14,641,2,3
14,642,2,3
14,643,8,3
14,644,2,3
14,645,8,3
14,646,1,1
14,646,2,1
14,646,8,1
14,647,8,3
14,648,4,1
14,648,8,1
14,648,9,1
14,649,2,1
14,649,4,1
14,649,8,1
14,10001,1,1
14,10002,1,1
14,10003,1,1
14,10004,2,2
14,10004,8,1
14,10005,3,2
14,10005,9,1
14,10006,4,3
14,10007,3,2
14,10008,3,1
14,10008,9,1
14,10009,1,3
14,10010,1,3
14,10011,1,3
14,10012,1,3
14,10013,1,3
14,10014,1,3
14,10015,1,3
14,10016,1,3
14,10017,1,3
14,10018,1,3
14,10019,1,3
14,10020,1,3
14,10021,1,3
14,10022,1,3
14,10023,1,3
14,10024,1,3
14,10026,4,1
14,10026,8,1
14,10027,4,1
14,10027,8,1
14,10028,4,1
14,10028,8,1
14,10029,4,1
14,10029,8,1
14,10030,4,1
14,10030,8,1
14,10031,1,3
14,10032,4,3
14,10034,4,2
14,10035,8,2
14,10036,2,1
14,10036,3,1
14,10036,4,1
14,10037,4,3
14,10038,8,3
14,10039,2,3
14,10040,8,3
14,10041,2,3
15,1,8,1
15,2,8,1
15,2,9,1
15,3,8,2
15,3,9,1
15,4,4,1
15,5,4,1
15,5,8,1
15,6,8,3
15,7,3,1
15,8,3,1
15,8,9,1
15,9,9,3
15,10,1,1
15,11,3,2
15,12,8,2
15,12,9,1
15,13,4,1
15,14,3,2
15,15,2,2
15,15,9,1
15,16,4,1
15,17,4,2
15,18,4,3
15,19,4,1
15,20,4,2
15,21,4,1
15,22,4,2
15,23,2,1
15,24,2,2
15,25,4,2
15,26,4,3
15,27,3,1
15,28,3,2
15,29,1,1
15,30,1,2
15,31,1,3
15,32,2,1
15,33,2,2
15,34,2,3
15,35,1,2
15,36,1,3
15,37,4,1
15,38,4,1
15,38,9,1
15,39,1,2
15,40,1,3
15,41,4,1
15,42,4,2
15,43,8,1
15,44,8,2
15,45,8,3
15,46,2,1
15,47,2,2
15,47,3,1
15,48,9,1
15,49,4,1
15,49,8,1
15,50,4,1
15,51,4,2
15,52,4,1
15,53,4,2
15,54,8,1
15,55,8,2
15,56,2,1
15,57,2,2
15,58,2,1
15,59,2,2
15,60,4,1
15,61,4,2
15,62,3,3
15,63,8,1
15,64,8,2
15,65,8,3
15,66,2,1
15,67,2,2
15,68,2,3
15,69,2,1
15,70,2,2
15,71,2,3
15,72,9,1
15,73,9,2
15,74,3,1
15,75,3,2
15,76,3,3
15,77,4,1
15,78,4,2
15,79,1,1
15,80,3,2
15,81,8,1
15,82,8,2
15,83,2,1
15,84,2,1
15,85,2,2
15,86,9,1
15,87,9,2
15,88,1,1
15,89,1,1
15,89,2,1
15,90,3,1
15,91,3,2
15,92,8,1
15,93,8,2
15,94,8,3
15,95,3,1
15,96,9,1
15,97,9,2
15,98,2,1
15,99,2,2
15,100,4,1
15,101,4,2
15,102,3,1
15,103,8,2
15,104,3,1
15,105,3,2
15,106,2,2
15,107,9,2
15,108,1,2
15,109,3,1
15,110,3,2
15,111,3,1
15,112,2,2
15,113,1,2
15,114,3,1
15,115,1,2
15,116,8,1
15,117,3,1
15,117,8,1
15,118,2,1
15,119,2,2
15,120,4,1
15,121,4,2
15,122,9,2
15,123,2,1
15,124,8,2
15,125,4,2
15,126,8,2
15,127,2,2
15,128,2,1
15,128,4,1
15,129,4,1
15,130,2,2
15,131,1,2
15,132,1,1
15,133,9,1
15,134,1,2
15,135,4,2
15,136,2,2
15,137,8,1
15,138,3,1
15,139,3,2
15,140,3,1
15,141,2,2
15,142,4,2
15,143,1,2
15,144,9,3
15,145,8,3
15,146,8,3
15,147,2,1
15,148,2,2
15,149,2,3
15,150,8,3
15,151,1,3
15,152,9,1
15,153,3,1
15,153,9,1
15,154,3,1
15,154,9,2
15,155,4,1
15,156,4,1
15,156,8,1
15,157,8,3
15,158,2,1
15,159,2,1
15,159,3,1
15,160,2,2
15,160,3,1
15,161,2,1
15,162,4,2
15,163,1,1
15,164,1,2
15,165,9,1
15,166,9,2
15,167,2,1
15,168,2,2
15,169,4,3
15,170,1,1
15,171,1,2
15,172,4,1
15,173,9,1
15,174,1,1
15,175,9,1
15,176,9,2
15,177,8,1
15,178,4,1
15,178,8,1
15,179,8,1
15,180,8,2
15,181,8,3
15,182,9,3
15,183,1,2
15,184,1,3
15,185,3,2
15,186,9,3
15,187,9,1
15,188,4,2
15,189,4,3
15,190,4,1
15,191,8,1
15,192,8,2
15,193,4,1
15,194,1,1
15,195,1,2
15,196,8,2
15,197,9,2
15,198,4,1
15,199,9,3
15,200,9,1
15,201,2,1
15,201,8,1
15,202,1,2
15,203,8,2
15,204,3,1
15,205,3,2
15,206,1,1
15,207,3,1
15,208,3,2
15,209,2,1
15,210,2,2
15,211,2,1
15,212,2,2
15,213,3,1
15,213,9,1
15,214,2,2
15,215,4,1
15,216,2,1
15,217,2,2
15,218,8,1
15,219,3,2
15,220,2,1
15,221,1,1
15,221,2,1
15,222,3,1
15,222,9,1
15,223,8,1
15,224,2,1
15,224,8,1
15,225,4,1
15,226,9,2
15,227,3,2
15,228,8,1
15,229,8,2
15,230,2,1
15,230,8,1
15,230,9,1
15,231,1,1
15,232,2,1
15,232,3,1
15,233,8,2
15,234,2,1
15,235,4,1
15,236,2,1
15,237,9,2
15,238,8,1
15,239,4,1
15,240,4,1
15,241,3,2
15,242,1,3
15,243,4,2
15,243,8,1
15,244,1,1
15,244,2,2
15,245,3,1
15,245,9,2
15,246,2,1
15,247,2,2
15,248,2,3
15,249,9,3
15,250,9,3
15,251,1,3
15,252,4,1
15,253,4,2
15,254,4,3
15,255,8,1
15,256,2,1
15,256,8,1
15,257,2,3
15,258,2,1
15,259,2,2
15,260,2,3
15,261,2,1
15,262,2,2
15,263,4,1
15,264,4,2
15,265,1,1
15,266,3,2
15,267,8,3
15,268,3,2
15,269,9,3
15,270,9,1
15,271,9,2
15,272,9,3
15,273,3,1
15,274,2,2
15,275,2,3
15,276,4,1
15,277,4,2
15,278,4,1
15,279,3,2
15,280,8,1
15,281,8,2
15,282,8,3
15,283,4,1
15,284,8,1
15,284,9,1
15,285,1,1
15,286,2,2
15,287,1,1
15,288,4,2
15,289,1,3
15,290,3,1
15,291,4,2
15,292,1,2
15,293,1,1
15,294,1,2
15,295,1,3
15,296,1,1
15,297,1,2
15,298,1,1
15,299,3,1
15,300,4,1
15,301,1,1
15,301,4,1
15,302,2,1
15,302,3,1
15,303,2,1
15,303,3,1
15,304,3,1
15,305,3,2
15,306,3,3
15,307,4,1
15,308,4,2
15,309,4,1
15,310,4,2
15,311,4,1
15,312,4,1
15,313,4,1
15,314,4,1
15,315,8,2
15,316,1,1
15,317,1,2
15,318,2,1
15,319,2,2
15,320,1,1
15,321,1,2
15,322,8,1
15,323,2,1
15,323,8,1
15,324,3,2
15,325,9,1
15,326,9,2
15,327,8,1
15,328,2,1
15,329,2,1
15,329,4,1
15,330,2,1
15,330,4,2
15,331,8,1
15,332,2,1
15,332,8,1
15,333,9,1
15,334,9,2
15,335,2,2
15,336,2,1
15,336,8,1
15,337,8,2
15,338,2,2
15,339,1,1
15,340,1,2
15,341,2,1
15,342,2,2
15,343,9,1
15,344,9,2
15,345,9,1
15,346,9,2
15,347,2,1
15,348,2,2
15,349,4,1
15,350,9,2
15,351,1,1
15,352,9,1
15,353,2,1
15,354,2,2
15,355,9,1
15,356,3,1
15,356,9,1
15,357,1,2
15,358,8,1
15,358,9,1
15,359,2,2
15,360,1,1
15,361,1,1
15,362,1,2
15,363,1,1
15,364,1,2
15,365,1,3
15,366,3,1
15,367,2,1
15,367,3,1
15,368,8,2
15,369,1,1
15,369,3,1
15,370,4,1
15,371,2,1
15,372,3,2
15,373,2,3
15,374,3,1
15,375,3,2
15,376,3,3
15,377,3,3
15,378,9,3
15,379,3,2
15,379,9,1
15,380,9,3
15,381,8,3
15,382,8,3
15,383,2,3
15,384,2,2
15,384,8,1
15,385,1,3
15,386,2,1
15,386,4,1
15,386,8,1
15,387,2,1
15,388,2,1
15,388,3,1
15,389,2,2
15,389,3,1
15,390,4,1
15,391,4,1
15,391,8,1
15,392,2,1
15,392,4,1
15,392,8,1
15,393,8,1
15,394,8,2
15,395,8,3
15,396,4,1
15,397,4,2
15,398,2,3
15,399,1,1
15,400,2,2
15,401,3,1
15,402,2,2
15,403,2,1
15,404,2,2
15,405,2,3
15,406,8,1
15,407,8,3
15,408,2,1
15,409,2,2
15,410,3,1
15,411,3,2
15,412,9,1
15,413,9,2
15,414,2,1
15,414,8,1
15,415,4,1
15,416,3,1
15,416,9,1
15,417,4,1
15,418,4,1
15,419,4,2
15,420,8,1
15,421,8,2
15,422,1,1
15,423,1,2
15,424,4,2
15,425,1,1
15,426,1,2
15,427,4,1
15,428,4,2
15,429,8,1
15,429,9,1
15,430,2,2
15,431,4,1
15,432,4,2
15,433,8,1
15,434,4,1
15,435,1,2
15,436,3,1
15,437,3,1
15,437,9,1
15,438,3,1
15,439,9,1
15,440,1,1
15,441,2,1
15,442,3,1
15,442,9,1
15,443,2,1
15,444,2,2
15,445,2,3
15,446,1,1
15,447,2,1
15,448,2,1
15,448,8,1
15,449,3,1
15,450,3,2
15,451,3,1
15,452,3,2
15,453,2,1
15,454,2,2
15,455,2,2
15,456,4,1
15,457,4,2
15,458,9,1
15,459,2,1
15,460,2,1
15,460,8,1
15,461,2,1
15,461,4,1
15,462,8,3
15,463,1,3
15,464,2,3
15,465,3,2
15,466,2,3
15,467,8,3
15,468,8,2
15,468,9,1
15,469,2,2
15,470,3,2
15,471,8,2
15,472,3,2
15,473,2,3
15,474,8,3
15,475,2,3
15,476,3,1
15,476,9,2
15,477,3,1
15,477,9,2
15,478,4,2
15,479,4,1
15,479,8,1
15,480,3,2
15,480,9,1
15,481,2,1
15,481,8,1
15,481,9,1
15,482,2,2
15,482,8,1
15,483,8,3
15,484,8,3
15,485,8,3
15,486,2,3
15,487,1,3
15,488,9,3
15,489,1,1
15,490,1,3
15,491,4,1
15,491,8,2
15,492,1,3
15,493,1,3
15,494,1,3
15,495,4,1
15,496,4,2
15,497,4,3
15,498,1,1
15,499,2,2
15,500,2,3
15,501,8,1
15,502,8,2
15,503,8,3
15,504,2,1
15,505,2,2
15,506,2,1
15,507,2,2
15,508,2,3
15,509,4,1
15,510,4,2
15,511,4,1
15,512,4,2
15,513,4,1
15,514,4,2
15,515,4,1
15,516,4,2
15,517,1,1
15,518,1,2
15,519,2,1
15,520,2,2
15,521,2,3
15,522,4,1
15,523,4,2
15,524,3,1
15,525,2,1
15,525,3,1
15,526,2,3
15,527,4,1
15,528,4,2
15,529,2,1
15,530,2,2
15,531,1,2
15,532,2,1
15,533,2,2
15,534,2,3
15,535,4,1
15,536,1,2
15,537,1,3
15,538,1,2
15,539,2,2
15,540,3,1
15,541,3,2
15,542,2,3
15,543,3,1
15,544,3,2
15,545,4,3
15,546,4,1
15,547,4,2
15,548,8,1
15,549,8,2
15,550,4,2
15,551,2,1
15,552,2,2
15,553,2,3
15,554,2,1
15,555,2,2
15,556,8,2
15,557,3,1
15,558,3,2
15,559,2,1
15,560,3,1
15,560,9,1
15,561,8,2
15,562,3,1
15,563,3,2
15,564,3,1
15,565,3,2
15,566,2,1
15,567,2,2
15,568,4,1
15,569,2,2
15,570,8,1
15,571,8,2
15,572,4,1
15,573,4,2
15,574,9,1
15,575,9,2
15,576,9,3
15,577,8,1
15,578,8,2
15,579,8,3
15,580,1,1
15,581,4,2
15,582,8,1
15,583,8,2
15,584,8,3
15,585,4,1
15,586,2,2
15,587,4,2
15,588,2,1
15,589,2,2
15,590,1,1
15,591,1,2
15,592,9,1
15,593,9,2
15,594,1,2
15,595,4,1
15,596,4,2
15,597,3,1
15,598,3,2
15,599,3,1
15,600,3,2
15,601,3,3
15,602,4,1
15,603,2,2
15,604,2,3
15,605,8,1
15,606,8,2
15,607,8,1
15,608,8,2
15,609,8,3
15,610,2,1
15,611,2,2
15,612,2,3
15,613,2,1
15,614,2,2
15,615,9,2
15,616,3,1
15,617,4,2
15,618,1,2
15,619,2,1
15,620,2,2
15,621,2,2
15,622,2,1
15,623,2,2
15,624,2,1
15,625,2,2
15,626,2,2
15,627,2,1
15,628,2,2
15,629,3,1
15,630,8,2
15,631,8,2
15,632,3,2
15,633,2,1
15,634,2,2
15,635,8,3
15,636,2,1
15,637,8,3
15,638,3,3
15,639,2,3
15,640,9,3
15,641,2,3
15,642,2,3
15,643,8,3
15,644,2,3
15,645,8,3
15,646,1,1
15,646,2,1
15,646,8,1
15,647,8,3
15,648,4,1
15,648,8,1
15,648,9,1
15,649,2,1
15,649,4,1
15,649,8,1
15,650,3,1
15,651,3,2
15,652,3,3
15,653,8,1
15,654,8,2
15,655,8,3
15,656,4,1
15,657,4,2
15,658,4,3
15,659,4,1
15,660,1,2
15,661,4,1
15,662,4,2
15,663,4,3
15,664,3,1
15,665,3,2
15,666,1,1
15,666,4,1
15,666,8,1
15,667,8,1
15,668,8,2
15,669,9,1
15,670,9,2
15,671,9,3
15,672,1,1
15,673,1,2
15,674,2,1
15,675,2,2
15,676,4,1
15,677,4,1
15,678,4,2
15,679,3,1
15,680,3,2
15,681,3,2
15,681,9,1
15,682,1,1
15,683,1,2
15,684,3,1
15,685,3,2
15,686,2,1
15,687,2,2
15,688,2,1
15,689,2,2
15,690,9,1
15,691,9,2
15,692,8,1
15,693,8,2
15,694,4,1
15,695,4,1
15,695,8,1
15,696,2,1
15,697,2,2
15,698,1,1
15,699,1,2
15,700,9,2
15,701,2,2
15,702,4,2
15,703,3,1
15,703,9,1
15,704,9,1
15,705,9,2
15,706,9,3
15,707,3,1
15,708,2,1
15,709,2,2
15,710,3,1
15,711,3,2
15,712,3,1
15,713,3,2
15,714,4,1
15,715,4,2
15,716,1,3
15,717,1,3
15,718,1,3
15,719,3,1
15,719,9,2
15,720,8,3
15,721,8,3
15,10001,1,1
15,10002,1,1
15,10003,1,1
15,10004,2,2
15,10004,8,1
15,10005,3,2
15,10005,9,1
15,10006,4,3
15,10007,3,2
15,10008,3,1
15,10008,9,1
15,10009,1,3
15,10010,1,3
15,10011,1,3
15,10012,1,3
15,10013,1,3
15,10014,1,3
15,10015,1,3
15,10016,1,3
15,10017,1,3
15,10018,1,3
15,10019,1,3
15,10020,1,3
15,10021,1,3
15,10022,1,3
15,10023,1,3
15,10024,1,3
15,10026,4,1
15,10026,8,1
15,10027,4,1
15,10027,8,1
15,10028,4,1
15,10028,8,1
15,10029,4,1
15,10029,8,1
15,10030,4,1
15,10030,8,1
15,10031,1,3
15,10032,4,3
15,10034,4,2
15,10035,8,2
15,10036,2,1
15,10036,3,1
15,10036,4,1
15,10037,4,3
15,10038,8,3
15,10039,2,3
15,10040,8,3
15,10041,2,3
15,10042,8,2
15,10042,9,1
15,10043,8,3
15,10044,8,3
15,10045,9,3
15,10046,8,3
15,10047,8,3
15,10048,1,2
15,10049,2,2
15,10050,2,2
15,10051,4,2
15,10052,8,3
15,10053,8,3
15,10054,8,3
15,10055,2,2
15,10056,2,2
15,10057,8,2
15,10058,2,3
15,10059,2,3
15,10060,8,3
15,10061,2,1
15,10061,3,1
15,10062,3,3
15,10063,4,2
15,10064,4,2
15,10065,2,2
15,10066,2,2
15,10067,9,3
15,10068,8,3
15,10069,2,3
15,10070,2,1
15,10070,8,1
15,10071,2,1
15,10071,8,1
15,10072,1,3
15,10073,9,2
15,10074,4,2
15,10075,2,2
15,10075,8,1
15,10076,3,1
15,10077,3,1
15,10078,3,1
15,10079,3,2
15,10080,3,2
15,10081,3,2
16,1,8,1
16,2,8,1
16,2,9,1
16,3,8,2
16,3,9,1
16,4,4,1
16,5,4,1
16,5,8,1
16,6,8,3
16,7,3,1
16,8,3,1
16,8,9,1
16,9,9,3
16,10,1,1
16,11,3,2
16,12,8,2
16,12,9,1
16,13,4,1
16,14,3,2
16,15,2,2
16,15,9,1
16,16,4,1
16,17,4,2
16,18,4,3
16,19,4,1
16,20,4,2
16,21,4,1
16,22,4,2
16,23,2,1
16,24,2,2
16,25,4,2
16,26,4,3
16,27,3,1
16,28,3,2
16,29,1,1
16,30,1,2
16,31,1,3
16,32,2,1
16,33,2,2
16,34,2,3
16,35,1,2
16,36,1,3
16,37,4,1
16,38,4,1
16,38,9,1
16,39,1,2
16,40,1,3
16,41,4,1
16,42,4,2
16,43,8,1
16,44,8,2
16,45,8,3
16,46,2,1
16,47,2,2
16,47,3,1
16,48,9,1
16,49,4,1
16,49,8,1
16,50,4,1
16,51,4,2
16,52,4,1
16,53,4,2
16,54,8,1
16,55,8,2
16,56,2,1
16,57,2,2
16,58,2,1
16,59,2,2
16,60,4,1
16,61,4,2
16,62,3,3
16,63,8,1
16,64,8,2
16,65,8,3
16,66,2,1
16,67,2,2
16,68,2,3
16,69,2,1
16,70,2,2
16,71,2,3
16,72,9,1
16,73,9,2
16,74,3,1
16,75,3,2
16,76,3,3
16,77,4,1
16,78,4,2
16,79,1,1
16,80,3,2
16,81,8,1
16,82,8,2
16,83,2,1
16,84,2,1
16,85,2,2
16,86,9,1
16,87,9,2
16,88,1,1
16,89,1,1
16,89,2,1
16,90,3,1
16,91,3,2
16,92,8,1
16,93,8,2
16,94,8,3
16,95,3,1
16,96,9,1
16,97,9,2
16,98,2,1
16,99,2,2
16,100,4,1
16,101,4,2
16,102,3,1
16,103,8,2
16,104,3,1
16,105,3,2
16,106,2,2
16,107,9,2
16,108,1,2
16,109,3,1
16,110,3,2
16,111,3,1
16,112,2,2
16,113,1,2
16,114,3,1
16,115,1,2
16,116,8,1
16,117,3,1
16,117,8,1
16,118,2,1
16,119,2,2
16,120,4,1
16,121,4,2
16,122,9,2
16,123,2,1
16,124,8,2
16,125,4,2
16,126,8,2
16,127,2,2
16,128,2,1
16,128,4,1
16,129,4,1
16,130,2,2
16,131,1,2
16,132,1,1
16,133,9,1
16,134,1,2
16,135,4,2
16,136,2,2
16,137,8,1
16,138,3,1
16,139,3,2
16,140,3,1
16,141,2,2
16,142,4,2
16,143,1,2
16,144,9,3
16,145,8,3
16,146,8,3
16,147,2,1
16,148,2,2
16,149,2,3
16,150,8,3
16,151,1,3
16,152,9,1
16,153,3,1
16,153,9,1
16,154,3,1
16,154,9,2
16,155,4,1
16,156,4,1
16,156,8,1
16,157,8,3
16,158,2,1
16,159,2,1
16,159,3,1
16,160,2,2
16,160,3,1
16,161,2,1
16,162,4,2
16,163,1,1
16,164,1,2
16,165,9,1
16,166,9,2
16,167,2,1
16,168,2,2
16,169,4,3
16,170,1,1
16,171,1,2
16,172,4,1
16,173,9,1
16,174,1,1
16,175,9,1
16,176,9,2
16,177,8,1
16,178,4,1
16,178,8,1
16,179,8,1
16,180,8,2
16,181,8,3
16,182,9,3
16,183,1,2
16,184,1,3
16,185,3,2
16,186,9,3
16,187,9,1
16,188,4,2
16,189,4,3
16,190,4,1
16,191,8,1
16,192,8,2
16,193,4,1
16,194,1,1
16,195,1,2
16,196,8,2
16,197,9,2
16,198,4,1
16,199,9,3
16,200,9,1
16,201,2,1
16,201,8,1
16,202,1,2
16,203,8,2
16,204,3,1
16,205,3,2
16,206,1,1
16,207,3,1
16,208,3,2
16,209,2,1
16,210,2,2
16,211,2,1
16,212,2,2
16,213,3,1
16,213,9,1
16,214,2,2
16,215,4,1
16,216,2,1
16,217,2,2
16,218,8,1
16,219,3,2
16,220,2,1
16,221,1,1
16,221,2,1
16,222,3,1
16,222,9,1
16,223,8,1
16,224,2,1
16,224,8,1
16,225,4,1
16,226,9,2
16,227,3,2
16,228,8,1
16,229,8,2
16,230,2,1
16,230,8,1
16,230,9,1
16,231,1,1
16,232,2,1
16,232,3,1
16,233,8,2
16,234,2,1
16,235,4,1
16,236,2,1
16,237,9,2
16,238,8,1
16,239,4,1
16,240,4,1
16,241,3,2
16,242,1,3
16,243,4,2
16,243,8,1
16,244,1,1
16,244,2,2
16,245,3,1
16,245,9,2
16,246,2,1
16,247,2,2
16,248,2,3
16,249,9,3
16,250,9,3
16,251,1,3
16,252,4,1
16,253,4,2
16,254,4,3
16,255,8,1
16,256,2,1
16,256,8,1
16,257,2,3
16,258,2,1
16,259,2,2
16,260,2,3
16,261,2,1
16,262,2,2
16,263,4,1
16,264,4,2
16,265,1,1
16,266,3,2
16,267,8,3
16,268,3,2
16,269,9,3
16,270,9,1
16,271,9,2
16,272,9,3
16,273,3,1
16,274,2,2
16,275,2,3
16,276,4,1
16,277,4,2
16,278,4,1
16,279,3,2
16,280,8,1
16,281,8,2
16,282,8,3
16,283,4,1
16,284,8,1
16,284,9,1
16,285,1,1
16,286,2,2
16,287,1,1
16,288,4,2
16,289,1,3
16,290,3,1
16,291,4,2
16,292,1,2
16,293,1,1
16,294,1,2
16,295,1,3
16,296,1,1
16,297,1,2
16,298,1,1
16,299,3,1
16,300,4,1
16,301,1,1
16,301,4,1
16,302,2,1
16,302,3,1
16,303,2,1
16,303,3,1
16,304,3,1
16,305,3,2
16,306,3,3
16,307,4,1
16,308,4,2
16,309,4,1
16,310,4,2
16,311,4,1
16,312,4,1
16,313,4,1
16,314,4,1
16,315,8,2
16,316,1,1
16,317,1,2
16,318,2,1
16,319,2,2
16,320,1,1
16,321,1,2
16,322,8,1
16,323,2,1
16,323,8,1
16,324,3,2
16,325,9,1
16,326,9,2
16,327,8,1
16,328,2,1
16,329,2,1
16,329,4,1
16,330,2,1
16,330,4,2
16,331,8,1
16,332,2,1
16,332,8,1
16,333,9,1
16,334,9,2
16,335,2,2
16,336,2,1
16,336,8,1
16,337,8,2
16,338,2,2
16,339,1,1
16,340,1,2
16,341,2,1
16,342,2,2
16,343,9,1
16,344,9,2
16,345,9,1
16,346,9,2
16,347,2,1
16,348,2,2
16,349,4,1
16,350,9,2
16,351,1,1
16,352,9,1
16,353,2,1
16,354,2,2
16,355,9,1
16,356,3,1
16,356,9,1
16,357,1,2
16,358,8,1
16,358,9,1
16,359,2,2
16,360,1,1
16,361,1,1
16,362,1,2
16,363,1,1
16,364,1,2
16,365,1,3
16,366,3,1
16,367,2,1
16,367,3,1
16,368,8,2
16,369,1,1
16,369,3,1
16,370,4,1
16,371,2,1
16,372,3,2
16,373,2,3
16,374,3,1
16,375,3,2
16,376,3,3
16,377,3,3
16,378,9,3
16,379,3,2
16,379,9,1
16,380,9,3
16,381,8,3
16,382,8,3
16,383,2,3
16,384,2,2
16,384,8,1
16,385,1,3
16,386,2,1
16,386,4,1
16,386,8,1
16,387,2,1
16,388,2,1
16,388,3,1
16,389,2,2
16,389,3,1
16,390,4,1
16,391,4,1
16,391,8,1
16,392,2,1
16,392,4,1
16,392,8,1
16,393,8,1
16,394,8,2
16,395,8,3
16,396,4,1
16,397,4,2
16,398,2,3
16,399,1,1
16,400,2,2
16,401,3,1
16,402,2,2
16,403,2,1
16,404,2,2
16,405,2,3
16,406,8,1
16,407,8,3
16,408,2,1
16,409,2,2
16,410,3,1
16,411,3,2
16,412,9,1
16,413,9,2
16,414,2,1
16,414,8,1
16,415,4,1
16,416,3,1
16,416,9,1
16,417,4,1
16,418,4,1
16,419,4,2
16,420,8,1
16,421,8,2
16,422,1,1
16,423,1,2
16,424,4,2
16,425,1,1
16,426,1,2
16,427,4,1
16,428,4,2
16,429,8,1
16,429,9,1
16,430,2,2
16,431,4,1
16,432,4,2
16,433,8,1
16,434,4,1
16,435,1,2
16,436,3,1
16,437,3,1
16,437,9,1
16,438,3,1
16,439,9,1
16,440,1,1
16,441,2,1
16,442,3,1
16,442,9,1
16,443,2,1
16,444,2,2
16,445,2,3
16,446,1,1
16,447,2,1
16,448,2,1
16,448,8,1
16,449,3,1
16,450,3,2
16,451,3,1
16,452,3,2
16,453,2,1
16,454,2,2
16,455,2,2
16,456,4,1
16,457,4,2
16,458,9,1
16,459,2,1
16,460,2,1
16,460,8,1
16,461,2,1
16,461,4,1
16,462,8,3
16,463,1,3
16,464,2,3
16,465,3,2
16,466,2,3
16,467,8,3
16,468,8,2
16,468,9,1
16,469,2,2
16,470,3,2
16,471,8,2
16,472,3,2
16,473,2,3
16,474,8,3
16,475,2,3
16,476,3,1
16,476,9,2
16,477,3,1
16,477,9,2
16,478,4,2
16,479,4,1
16,479,8,1
16,480,3,2
16,480,9,1
16,481,2,1
16,481,8,1
16,481,9,1
16,482,2,2
16,482,8,1
16,483,8,3
16,484,8,3
16,485,8,3
16,486,2,3
16,487,1,3
16,488,9,3
16,489,1,1
16,490,1,3
16,491,4,1
16,491,8,2
16,492,1,3
16,493,1,3
16,494,1,3
16,495,4,1
16,496,4,2
16,497,4,3
16,498,1,1
16,499,2,2
16,500,2,3
16,501,8,1
16,502,8,2
16,503,8,3
16,504,2,1
16,505,2,2
16,506,2,1
16,507,2,2
16,508,2,3
16,509,4,1
16,510,4,2
16,511,4,1
16,512,4,2
16,513,4,1
16,514,4,2
16,515,4,1
16,516,4,2
16,517,1,1
16,518,1,2
16,519,2,1
16,520,2,2
16,521,2,3
16,522,4,1
16,523,4,2
16,524,3,1
16,525,2,1
16,525,3,1
16,526,2,3
16,527,4,1
16,528,4,2
16,529,2,1
16,530,2,2
16,531,1,2
16,532,2,1
16,533,2,2
16,534,2,3
16,535,4,1
16,536,1,2
16,537,1,3
16,538,1,2
16,539,2,2
16,540,3,1
16,541,3,2
16,542,2,3
16,543,3,1
16,544,3,2
16,545,4,3
16,546,4,1
16,547,4,2
16,548,8,1
16,549,8,2
16,550,4,2
16,551,2,1
16,552,2,2
16,553,2,3
16,554,2,1
16,555,2,2
16,556,8,2
16,557,3,1
16,558,3,2
16,559,2,1
16,560,3,1
16,560,9,1
16,561,8,2
16,562,3,1
16,563,3,2
16,564,3,1
16,565,3,2
16,566,2,1
16,567,2,2
16,568,4,1
16,569,2,2
16,570,8,1
16,571,8,2
16,572,4,1
16,573,4,2
16,574,9,1
16,575,9,2
16,576,9,3
16,577,8,1
16,578,8,2
16,579,8,3
16,580,1,1
16,581,4,2
16,582,8,1
16,583,8,2
16,584,8,3
16,585,4,1
16,586,2,2
16,587,4,2
16,588,2,1
16,589,2,2
16,590,1,1
16,591,1,2
16,592,9,1
16,593,9,2
16,594,1,2
16,595,4,1
16,596,4,2
16,597,3,1
16,598,3,2
16,599,3,1
16,600,3,2
16,601,3,3
16,602,4,1
16,603,2,2
16,604,2,3
16,605,8,1
16,606,8,2
16,607,8,1
16,608,8,2
16,609,8,3
16,610,2,1
16,611,2,2
16,612,2,3
16,613,2,1
16,614,2,2
16,615,9,2
16,616,3,1
16,617,4,2
16,618,1,2
16,619,2,1
16,620,2,2
16,621,2,2
16,622,2,1
16,623,2,2
16,624,2,1
16,625,2,2
16,626,2,2
16,627,2,1
16,628,2,2
16,629,3,1
16,630,8,2
16,631,8,2
16,632,3,2
16,633,2,1
16,634,2,2
16,635,8,3
16,636,2,1
16,637,8,3
16,638,3,3
16,639,2,3
16,640,9,3
16,641,2,3
16,642,2,3
16,643,8,3
16,644,2,3
16,645,8,3
16,646,1,1
16,646,2,1
16,646,8,1
16,647,8,3
16,648,4,1
16,648,8,1
16,648,9,1
16,649,2,1
16,649,4,1
16,649,8,1
16,650,3,1
16,651,3,2
16,652,3,3
16,653,8,1
16,654,8,2
16,655,8,3
16,656,4,1
16,657,4,2
16,658,4,3
16,659,4,1
16,660,1,2
16,661,4,1
16,662,4,2
16,663,4,3
16,664,3,1
16,665,3,2
16,666,1,1
16,666,4,1
16,666,8,1
16,667,8,1
16,668,8,2
16,669,9,1
16,670,9,2
16,671,9,3
16,672,1,1
16,673,1,2
16,674,2,1
16,675,2,2
16,676,4,1
16,677,4,1
16,678,4,2
16,679,3,1
16,680,3,2
16,681,3,2
16,681,9,1
16,682,1,1
16,683,1,2
16,684,3,1
16,685,3,2
16,686,2,1
16,687,2,2
16,688,2,1
16,689,2,2
16,690,9,1
16,691,9,2
16,692,8,1
16,693,8,2
16,694,4,1
16,695,4,1
16,695,8,1
16,696,2,1
16,697,2,2
16,698,1,1
16,699,1,2
16,700,9,2
16,701,2,2
16,702,4,2
16,703,3,1
16,703,9,1
16,704,9,1
16,705,9,2
16,706,9,3
16,707,3,1
16,708,2,1
16,709,2,2
16,710,3,1
16,711,3,2
16,712,3,1
16,713,3,2
16,714,4,1
16,715,4,2
16,716,1,3
16,717,1,3
16,718,1,3
16,719,3,1
16,719,9,2
16,720,8,3
16,721,8,3
16,10001,1,1
16,10002,1,1
16,10003,1,1
16,10004,2,2
16,10004,8,1
16,10005,3,2
16,10005,9,1
16,10006,4,3
16,10007,3,2
16,10008,3,1
16,10008,9,1
16,10009,1,3
16,10010,1,3
16,10011,1,3
16,10012,1,3
16,10013,1,3
16,10014,1,3
16,10015,1,3
16,10016,1,3
16,10017,1,3
16,10018,1,3
16,10019,1,3
16,10020,1,3
16,10021,1,3
16,10022,1,3
16,10023,1,3
16,10024,1,3
16,10026,4,1
16,10026,8,1
16,10027,4,1
16,10027,8,1
16,10028,4,1
16,10028,8,1
16,10029,4,1
16,10029,8,1
16,10030,4,1
16,10030,8,1
16,10031,1,3
16,10032,4,3
16,10034,4,2
16,10035,8,2
16,10036,2,1
16,10036,3,1
16,10036,4,1
16,10037,4,3
16,10038,8,3
16,10039,2,3
16,10040,8,3
16,10041,2,3
16,10042,8,2
16,10042,9,1
16,10043,8,3
16,10044,8,3
16,10045,9,3
16,10046,8,3
16,10047,8,3
16,10048,1,2
16,10049,2,2
16,10050,2,2
16,10051,4,2
16,10052,8,3
16,10053,8,3
16,10054,8,3
16,10055,2,2
16,10056,2,2
16,10057,8,2
16,10058,2,3
16,10059,2,3
16,10060,8,3
16,10061,2,1
16,10061,3,1
16,10062,3,3
16,10063,4,2
16,10064,4,2
16,10065,2,2
16,10066,2,2
16,10067,9,3
16,10068,8,3
16,10069,2,3
16,10070,2,1
16,10070,8,1
16,10071,2,1
16,10071,8,1
16,10072,1,3
16,10073,9,2
16,10074,4,2
16,10075,2,2
16,10075,8,1
16,10076,3,1
16,10077,3,1
16,10078,3,1
16,10079,3,2
16,10080,3,2
16,10081,3,2
16,10082,2,2
16,10082,9,1
16,10083,4,3
16,10084,4,2
16,10085,4,2
16,10086,4,2
16,10087,4,2
16,10088,4,2
16,10089,4,2
16,10090,3,2
16,10091,3,2
16,10092,4,3
16,10093,2,3
16,10094,2,1
16,10094,3,1
16,10095,2,2
16,10096,2,1
16,10096,8,1
16,10097,9,2
16,10098,1,2
16,10099,2,3
16,10100,3,3
16,10101,8,3
16,10102,2,3
16,10103,2,2
16,10103,8,1
16,10104,4,2
16,10105,2,3
16,10106,1,2
16,10107,3,1
16,10107,9,2
16,10108,8,3
17,1,8,1
17,2,8,1
17,2,9,1
17,3,8,2
17,3,9,1
17,4,4,1
17,5,4,1
17,5,8,1
17,6,8,3
17,7,3,1
17,8,3,1
17,8,9,1
17,9,9,3
17,10,1,1
17,11,3,2
17,12,8,2
17,12,9,1
17,13,4,1
17,14,3,2
17,15,2,2
17,15,9,1
17,16,4,1
17,17,4,2
17,18,4,3
17,19,4,1
17,20,4,2
17,21,4,1
17,22,4,2
17,23,2,1
17,24,2,2
17,25,4,2
17,26,4,3
17,27,3,1
17,28,3,2
17,29,1,1
17,30,1,2
17,31,1,3
17,32,2,1
17,33,2,2
17,34,2,3
17,35,1,2
17,36,1,3
17,37,4,1
17,38,4,1
17,38,9,1
17,39,1,2
17,40,1,3
17,41,4,1
17,42,4,2
17,43,8,1
17,44,8,2
17,45,8,3
17,46,2,1
17,47,2,2
17,47,3,1
17,48,9,1
17,49,4,1
17,49,8,1
17,50,4,1
17,51,4,2
17,52,4,1
17,53,4,2
17,54,8,1
17,55,8,2
17,56,2,1
17,57,2,2
17,58,2,1
17,59,2,2
17,60,4,1
17,61,4,2
17,62,3,3
17,63,8,1
17,64,8,2
17,65,8,3
17,66,2,1
17,67,2,2
17,68,2,3
17,69,2,1
17,70,2,2
17,71,2,3
17,72,9,1
17,73,9,2
17,74,3,1
17,75,3,2
17,76,3,3
17,77,4,1
17,78,4,2
17,79,1,1
17,80,3,2
17,81,8,1
17,82,8,2
17,83,2,1
17,84,2,1
17,85,2,2
17,86,9,1
17,87,9,2
17,88,1,1
17,89,1,1
17,89,2,1
17,90,3,1
17,91,3,2
17,92,8,1
17,93,8,2
17,94,8,3
17,95,3,1
17,96,9,1
17,97,9,2
17,98,2,1
17,99,2,2
17,100,4,1
17,101,4,2
17,102,3,1
17,103,8,2
17,104,3,1
17,105,3,2
17,106,2,2
17,107,9,2
17,108,1,2
17,109,3,1
17,110,3,2
17,111,3,1
17,112,2,2
17,113,1,2
17,114,3,1
17,115,1,2
17,116,8,1
17,117,3,1
17,117,8,1
17,118,2,1
17,119,2,2
17,120,4,1
17,121,4,2
17,122,9,2
17,123,2,1
17,124,8,2
17,125,4,2
17,126,8,2
17,127,2,2
17,128,2,1
17,128,4,1
17,129,4,1
17,130,2,2
17,131,1,2
17,132,1,1
17,133,9,1
17,134,1,2
17,135,4,2
17,136,2,2
17,137,8,1
17,138,3,1
17,139,3,2
17,140,3,1
17,141,2,2
17,142,4,2
17,143,1,2
17,144,9,3
17,145,8,3
17,146,8,3
17,147,2,1
17,148,2,2
17,149,2,3
17,150,8,3
17,151,1,3
17,152,9,1
17,153,3,1
17,153,9,1
17,154,3,1
17,154,9,2
17,155,4,1
17,156,4,1
17,156,8,1
17,157,8,3
17,158,2,1
17,159,2,1
17,159,3,1
17,160,2,2
17,160,3,1
17,161,2,1
17,162,4,2
17,163,1,1
17,164,1,2
17,165,9,1
17,166,9,2
17,167,2,1
17,168,2,2
17,169,4,3
17,170,1,1
17,171,1,2
17,172,4,1
17,173,9,1
17,174,1,1
17,175,9,1
17,176,9,2
17,177,8,1
17,178,4,1
17,178,8,1
17,179,8,1
17,180,8,2
17,181,8,3
17,182,9,3
17,183,1,2
17,184,1,3
17,185,3,2
17,186,9,3
17,187,9,1
17,188,4,2
17,189,4,3
17,190,4,1
17,191,8,1
17,192,8,2
17,193,4,1
17,194,1,1
17,195,1,2
17,196,8,2
17,197,9,2
17,198,4,1
17,199,9,3
17,200,9,1
17,201,2,1
17,201,8,1
17,202,1,2
17,203,8,2
17,204,3,1
17,205,3,2
17,206,1,1
17,207,3,1
17,208,3,2
17,209,2,1
17,210,2,2
17,211,2,1
17,212,2,2
17,213,3,1
17,213,9,1
17,214,2,2
17,215,4,1
17,216,2,1
17,217,2,2
17,218,8,1
17,219,3,2
17,220,2,1
17,221,1,1
17,221,2,1
17,222,3,1
17,222,9,1
17,223,8,1
17,224,2,1
17,224,8,1
17,225,4,1
17,226,9,2
17,227,3,2
17,228,8,1
17,229,8,2
17,230,2,1
17,230,8,1
17,230,9,1
17,231,1,1
17,232,2,1
17,232,3,1
17,233,8,2
17,234,2,1
17,235,4,1
17,236,2,1
17,237,9,2
17,238,8,1
17,239,4,1
17,240,4,1
17,241,3,2
17,242,1,3
17,243,4,2
17,243,8,1
17,244,1,1
17,244,2,2
17,245,3,1
17,245,9,2
17,246,2,1
17,247,2,2
17,248,2,3
17,249,9,3
17,250,9,3
17,251,1,3
17,252,4,1
17,253,4,2
17,254,4,3
17,255,8,1
17,256,2,1
17,256,8,1
17,257,2,3
17,258,2,1
17,259,2,2
17,260,2,3
17,261,2,1
17,262,2,2
17,263,4,1
17,264,4,2
17,265,1,1
17,266,3,2
17,267,8,3
17,268,3,2
17,269,9,3
17,270,9,1
17,271,9,2
17,272,9,3
17,273,3,1
17,274,2,2
17,275,2,3
17,276,4,1
17,277,4,2
17,278,4,1
17,279,3,2
17,280,8,1
17,281,8,2
17,282,8,3
17,283,4,1
17,284,8,1
17,284,9,1
17,285,1,1
17,286,2,2
17,287,1,1
17,288,4,2
17,289,1,3
17,290,3,1
17,291,4,2
17,292,1,2
17,293,1,1
17,294,1,2
17,295,1,3
17,296,1,1
17,297,1,2
17,298,1,1
17,299,3,1
17,300,4,1
17,301,1,1
17,301,4,1
17,302,2,1
17,302,3,1
17,303,2,1
17,303,3,1
17,304,3,1
17,305,3,2
17,306,3,3
17,307,4,1
17,308,4,2
17,309,4,1
17,310,4,2
17,311,4,1
17,312,4,1
17,313,4,1
17,314,4,1
17,315,8,2
17,316,1,1
17,317,1,2
17,318,2,1
17,319,2,2
17,320,1,1
17,321,1,2
17,322,8,1
17,323,2,1
17,323,8,1
17,324,3,2
17,325,9,1
17,326,9,2
17,327,8,1
17,328,2,1
17,329,2,1
17,329,4,1
17,330,2,1
17,330,4,2
17,331,8,1
17,332,2,1
17,332,8,1
17,333,9,1
17,334,9,2
17,335,2,2
17,336,2,1
17,336,8,1
17,337,8,2
17,338,2,2
17,339,1,1
17,340,1,2
17,341,2,1
17,342,2,2
17,343,9,1
17,344,9,2
17,345,9,1
17,346,9,2
17,347,2,1
17,348,2,2
17,349,4,1
17,350,9,2
17,351,1,1
17,352,9,1
17,353,2,1
17,354,2,2
17,355,9,1
17,356,3,1
17,356,9,1
17,357,1,2
17,358,8,1
17,358,9,1
17,359,2,2
17,360,1,1
17,361,1,1
17,362,1,2
17,363,1,1
17,364,1,2
17,365,1,3
17,366,3,1
17,367,2,1
17,367,3,1
17,368,8,2
17,369,1,1
17,369,3,1
17,370,4,1
17,371,2,1
17,372,3,2
17,373,2,3
17,374,3,1
17,375,3,2
17,376,3,3
17,377,3,3
17,378,9,3
17,379,3,2
17,379,9,1
17,380,9,3
17,381,8,3
17,382,8,3
17,383,2,3
17,384,2,2
17,384,8,1
17,385,1,3
17,386,2,1
17,386,4,1
17,386,8,1
17,387,2,1
17,388,2,1
17,388,3,1
17,389,2,2
17,389,3,1
17,390,4,1
17,391,4,1
17,391,8,1
17,392,2,1
17,392,4,1
17,392,8,1
17,393,8,1
17,394,8,2
17,395,8,3
17,396,4,1
17,397,4,2
17,398,2,3
17,399,1,1
17,400,2,2
17,401,3,1
17,402,2,2
17,403,2,1
17,404,2,2
17,405,2,3
17,406,8,1
17,407,8,3
17,408,2,1
17,409,2,2
17,410,3,1
17,411,3,2
17,412,9,1
17,413,9,2
17,414,2,1
17,414,8,1
17,415,4,1
17,416,3,1
17,416,9,1
17,417,4,1
17,418,4,1
17,419,4,2
17,420,8,1
17,421,8,2
17,422,1,1
17,423,1,2
17,424,4,2
17,425,1,1
17,426,1,2
17,427,4,1
17,428,4,2
17,429,8,1
17,429,9,1
17,430,2,2
17,431,4,1
17,432,4,2
17,433,8,1
17,434,4,1
17,435,1,2
17,436,3,1
17,437,3,1
17,437,9,1
17,438,3,1
17,439,9,1
17,440,1,1
17,441,2,1
17,442,3,1
17,442,9,1
17,443,2,1
17,444,2,2
17,445,2,3
17,446,1,1
17,447,2,1
17,448,2,1
17,448,8,1
17,449,3,1
17,450,3,2
17,451,3,1
17,452,3,2
17,453,2,1
17,454,2,2
17,455,2,2
17,456,4,1
17,457,4,2
17,458,9,1
17,459,2,1
17,460,2,1
17,460,8,1
17,461,2,1
17,461,4,1
17,462,8,3
17,463,1,3
17,464,2,3
17,465,3,2
17,466,2,3
17,467,8,3
17,468,8,2
17,468,9,1
17,469,2,2
17,470,3,2
17,471,8,2
17,472,3,2
17,473,2,3
17,474,8,3
17,475,2,3
17,476,3,1
17,476,9,2
17,477,3,1
17,477,9,2
17,478,4,2
17,479,4,1
17,479,8,1
17,480,3,2
17,480,9,1
17,481,2,1
17,481,8,1
17,481,9,1
17,482,2,2
17,482,8,1
17,483,8,3
17,484,8,3
17,485,8,3
17,486,2,3
17,487,1,3
17,488,9,3
17,489,1,1
17,490,1,3
17,491,4,1
17,491,8,2
17,492,1,3
17,493,1,3
17,494,1,3
17,495,4,1
17,496,4,2
17,497,4,3
17,498,1,1
17,499,2,2
17,500,2,3
17,501,8,1
17,502,8,2
17,503,8,3
17,504,2,1
17,505,2,2
17,506,2,1
17,507,2,2
17,508,2,3
17,509,4,1
17,510,4,2
17,511,4,1
17,512,4,2
17,513,4,1
17,514,4,2
17,515,4,1
17,516,4,2
17,517,1,1
17,518,1,2
17,519,2,1
17,520,2,2
17,521,2,3
17,522,4,1
17,523,4,2
17,524,3,1
17,525,2,1
17,525,3,1
17,526,2,3
17,527,4,1
17,528,4,2
17,529,2,1
17,530,2,2
17,531,1,2
17,532,2,1
17,533,2,2
17,534,2,3
17,535,4,1
17,536,1,2
17,537,1,3
17,538,1,2
17,539,2,2
17,540,3,1
17,541,3,2
17,542,2,3
17,543,3,1
17,544,3,2
17,545,4,3
17,546,4,1
17,547,4,2
17,548,8,1
17,549,8,2
17,550,4,2
17,551,2,1
17,552,2,2
17,553,2,3
17,554,2,1
17,555,2,2
17,556,8,2
17,557,3,1
17,558,3,2
17,559,2,1
17,560,3,1
17,560,9,1
17,561,8,2
17,562,3,1
17,563,3,2
17,564,3,1
17,565,3,2
17,566,2,1
17,567,2,2
17,568,4,1
17,569,2,2
17,570,8,1
17,571,8,2
17,572,4,1
17,573,4,2
17,574,9,1
17,575,9,2
17,576,9,3
17,577,8,1
17,578,8,2
17,579,8,3
17,580,1,1
17,581,4,2
17,582,8,1
17,583,8,2
17,584,8,3
17,585,4,1
17,586,2,2
17,587,4,2
17,588,2,1
17,589,2,2
17,590,1,1
17,591,1,2
17,592,9,1
17,593,9,2
17,594,1,2
17,595,4,1
17,596,4,2
17,597,3,1
17,598,3,2
17,599,3,1
17,600,3,2
17,601,3,3
17,602,4,1
17,603,2,2
17,604,2,3
17,605,8,1
17,606,8,2
17,607,8,1
17,608,8,2
17,609,8,3
17,610,2,1
17,611,2,2
17,612,2,3
17,613,2,1
17,614,2,2
17,615,9,2
17,616,3,1
17,617,4,2
17,618,1,2
17,619,2,1
17,620,2,2
17,621,2,2
17,622,2,1
17,623,2,2
17,624,2,1
17,625,2,2
17,626,2,2
17,627,2,1
17,628,2,2
17,629,3,1
17,630,8,2
17,631,8,2
17,632,3,2
17,633,2,1
17,634,2,2
17,635,8,3
17,636,2,1
17,637,8,3
17,638,3,3
17,639,2,3
17,640,9,3
17,641,2,3
17,642,2,3
17,643,8,3
17,644,2,3
17,645,8,3
17,646,1,1
17,646,2,1
17,646,8,1
17,647,8,3
17,648,4,1
17,648,8,1
17,648,9,1
17,649,2,1
17,649,4,1
17,649,8,1
17,650,3,1
17,651,3,2
17,652,3,3
17,653,8,1
17,654,8,2
17,655,8,3
17,656,4,1
17,657,4,2
17,658,4,3
17,659,4,1
17,660,1,2
17,661,4,1
17,662,4,2
17,663,4,3
17,664,3,1
17,665,3,2
17,666,1,1
17,666,4,1
17,666,8,1
17,667,8,1
17,668,8,2
17,669,9,1
17,670,9,2
17,671,9,3
17,672,1,1
17,673,1,2
17,674,2,1
17,675,2,2
17,676,4,1
17,677,4,1
17,678,4,2
17,679,3,1
17,680,3,2
17,681,3,2
17,681,9,1
17,682,1,1
17,683,1,2
17,684,3,1
17,685,3,2
17,686,2,1
17,687,2,2
17,688,2,1
17,689,2,2
17,690,9,1
17,691,9,2
17,692,8,1
17,693,8,2
17,694,4,1
17,695,4,1
17,695,8,1
17,696,2,1
17,697,2,2
17,698,1,1
17,699,1,2
17,700,9,2
17,701,2,2
17,702,4,2
17,703,3,1
17,703,9,1
17,704,9,1
17,705,9,2
17,706,9,3
17,707,3,1
17,708,2,1
17,709,2,2
17,710,3,1
17,711,3,2
17,712,3,1
17,713,3,2
17,714,4,1
17,715,4,2
17,716,1,3
17,717,1,3
17,718,1,3
17,719,3,1
17,719,9,2
17,720,8,3
17,721,8,3
17,722,1,1
17,723,1,2
17,724,2,3
17,725,4,1
17,726,4,2
17,727,2,3
17,728,8,1
17,729,8,2
17,730,8,3
17,731,2,1
17,732,2,2
17,733,2,3
17,734,2,1
17,735,2,2
17,736,2,1
17,737,3,2
17,738,8,3
17,739,2,1
17,740,2,2
17,741,8,2
17,742,4,1
17,743,4,2
17,744,2,1
17,745,2,2
17,746,1,1
17,747,3,1
17,748,3,2
17,749,2,1
17,750,2,2
17,751,9,1
17,752,9,2
17,753,2,1
17,754,2,2
17,755,9,1
17,756,9,2
17,757,4,1
17,758,4,2
17,759,2,1
17,760,2,2
17,761,1,1
17,762,4,2
17,763,2,3
17,764,9,2
17,765,9,2
17,766,2,2
17,767,4,1
17,768,3,2
17,769,3,1
17,770,3,2
17,771,9,2
17,772,1,2
17,773,1,3
17,774,3,1
17,774,9,1
17,775,2,2
17,776,3,2
17,777,2,2
17,778,9,2
17,779,2,2
17,780,8,2
17,781,2,2
17,782,3,1
17,783,3,2
17,784,3,3
17,785,4,3
17,786,8,3
17,787,2,3
17,788,9,3
17,789,1,1
17,790,3,1
17,790,9,1
17,791,2,3
17,792,8,3
17,793,9,3
17,794,2,1
17,794,3,2
17,795,4,3
17,796,8,3
17,797,2,1
17,797,3,1
17,797,8,1
17,798,2,3
17,799,1,3
17,800,2,1
17,800,8,2
17,801,8,3
17,802,2,2
17,802,4,1
17,10001,1,1
17,10002,1,1
17,10003,1,1
17,10004,2,2
17,10004,8,1
17,10005,3,2
17,10005,9,1
17,10006,4,3
17,10007,3,2
17,10008,3,1
17,10008,9,1
17,10009,1,3
17,10010,1,3
17,10011,1,3
17,10012,1,3
17,10013,1,3
17,10014,1,3
17,10015,1,3
17,10016,1,3
17,10017,1,3
17,10018,1,3
17,10019,1,3
17,10020,1,3
17,10021,1,3
17,10022,1,3
17,10023,1,3
17,10024,1,3
17,10026,4,1
17,10026,8,1
17,10027,4,1
17,10027,8,1
17,10028,4,1
17,10028,8,1
17,10029,4,1
17,10029,8,1
17,10030,4,1
17,10030,8,1
17,10031,1,3
17,10032,4,3
17,10034,4,2
17,10035,8,2
17,10036,2,1
17,10036,3,1
17,10036,4,1
17,10037,4,3
17,10038,8,3
17,10039,2,3
17,10040,8,3
17,10041,2,3
17,10042,8,2
17,10042,9,1
17,10043,8,3
17,10044,8,3
17,10045,9,3
17,10046,8,3
17,10047,8,3
17,10048,1,2
17,10049,2,2
17,10050,2,2
17,10051,4,2
17,10052,8,3
17,10053,8,3
17,10054,8,3
17,10055,2,2
17,10056,2,2
17,10057,8,2
17,10058,2,3
17,10059,2,3
17,10060,8,3
17,10061,2,1
17,10061,3,1
17,10062,3,3
17,10063,4,2
17,10064,4,2
17,10065,2,2
17,10066,2,2
17,10067,9,3
17,10068,8,3
17,10069,2,3
17,10070,2,1
17,10070,8,1
17,10071,2,1
17,10071,8,1
17,10072,1,3
17,10073,9,2
17,10074,4,2
17,10075,2,2
17,10075,8,1
17,10076,3,1
17,10077,3,1
17,10078,3,1
17,10079,3,2
17,10080,3,2
17,10081,3,2
17,10082,2,2
17,10082,9,1
17,10083,4,3
17,10090,3,2
17,10091,3,2
17,10092,4,3
17,10093,2,3
17,10094,2,1
17,10094,3,1
17,10095,2,2
17,10096,2,1
17,10096,8,1
17,10097,9,2
17,10098,1,2
17,10099,2,3
17,10100,3,3
17,10101,8,3
17,10102,2,3
17,10103,2,2
17,10103,8,1
17,10104,4,2
17,10105,2,3
17,10106,1,2
17,10107,3,1
17,10107,9,2
17,10108,8,3
17,10109,4,1
17,10110,4,2
17,10111,4,2
17,10112,4,2
17,10113,4,3
17,10114,3,1
17,10115,3,2
17,10116,4,1
17,10117,4,2
17,10118,4,1
17,10119,2,2
17,10120,4,1
17,10121,4,2
17,10122,3,1
17,10123,3,2
17,10124,3,3
17,10125,1,1
17,10126,1,1
17,10126,2,1
17,10127,8,2
17,10128,3,2
17,10129,4,3
17,10130,4,3
17,10131,1,3
17,10132,1,3
17,10133,1,3
17,10134,1,3
17,10135,2,2
17,10136,8,3
17,10137,8,2
17,10138,8,2
17,10139,8,2
17,10140,2,2
17,10141,1,1
17,10142,2,2
17,10143,4,2
17,10144,1,3
17,10145,1,3
17,10146,1,3
17,10147,1,3
17,10148,1,3
17,10149,1,3
17,10150,1,3
17,10151,1,3
17,10152,1,3
17,10153,1,3
17,10154,1,3
17,10155,1,3
17,10156,1,3
17,10157,1,3
17,10158,1,3
17,10159,1,3
17,10160,1,3
17,10161,2,1
17,10161,8,1
17,10162,9,2
17,10163,3,3
18,1,8,1
18,2,8,1
18,2,9,1
18,3,8,2
18,3,9,1
18,4,4,1
18,5,4,1
18,5,8,1
18,6,8,3
18,7,3,1
18,8,3,1
18,8,9,1
18,9,9,3
18,10,1,1
18,11,3,2
18,12,8,2
18,12,9,1
18,13,4,1
18,14,3,2
18,15,2,2
18,15,9,1
18,16,4,1
18,17,4,2
18,18,4,3
18,19,4,1
18,20,4,2
18,21,4,1
18,22,4,2
18,23,2,1
18,24,2,2
18,25,4,2
18,26,4,3
18,27,3,1
18,28,3,2
18,29,1,1
18,30,1,2
18,31,1,3
18,32,2,1
18,33,2,2
18,34,2,3
18,35,1,2
18,36,1,3
18,37,4,1
18,38,4,1
18,38,9,1
18,39,1,2
18,40,1,3
18,41,4,1
18,42,4,2
18,43,8,1
18,44,8,2
18,45,8,3
18,46,2,1
18,47,2,2
18,47,3,1
18,48,9,1
18,49,4,1
18,49,8,1
18,50,4,1
18,51,4,2
18,52,4,1
18,53,4,2
18,54,8,1
18,55,8,2
18,56,2,1
18,57,2,2
18,58,2,1
18,59,2,2
18,60,4,1
18,61,4,2
18,62,3,3
18,63,8,1
18,64,8,2
18,65,8,3
18,66,2,1
18,67,2,2
18,68,2,3
18,69,2,1
18,70,2,2
18,71,2,3
18,72,9,1
18,73,9,2
18,74,3,1
18,75,3,2
18,76,3,3
18,77,4,1
18,78,4,2
18,79,1,1
18,80,3,2
18,81,8,1
18,82,8,2
18,83,2,1
18,84,2,1
18,85,2,2
18,86,9,1
18,87,9,2
18,88,1,1
18,89,1,1
18,89,2,1
18,90,3,1
18,91,3,2
18,92,8,1
18,93,8,2
18,94,8,3
18,95,3,1
18,96,9,1
18,97,9,2
18,98,2,1
18,99,2,2
18,100,4,1
18,101,4,2
18,102,3,1
18,103,8,2
18,104,3,1
18,105,3,2
18,106,2,2
18,107,9,2
18,108,1,2
18,109,3,1
18,110,3,2
18,111,3,1
18,112,2,2
18,113,1,2
18,114,3,1
18,115,1,2
18,116,8,1
18,117,3,1
18,117,8,1
18,118,2,1
18,119,2,2
18,120,4,1
18,121,4,2
18,122,9,2
18,123,2,1
18,124,8,2
18,125,4,2
18,126,8,2
18,127,2,2
18,128,2,1
18,128,4,1
18,129,4,1
18,130,2,2
18,131,1,2
18,132,1,1
18,133,9,1
18,134,1,2
18,135,4,2
18,136,2,2
18,137,8,1
18,138,3,1
18,139,3,2
18,140,3,1
18,141,2,2
18,142,4,2
18,143,1,2
18,144,9,3
18,145,8,3
18,146,8,3
18,147,2,1
18,148,2,2
18,149,2,3
18,150,8,3
18,151,1,3
18,152,9,1
18,153,3,1
18,153,9,1
18,154,3,1
18,154,9,2
18,155,4,1
18,156,4,1
18,156,8,1
18,157,8,3
18,158,2,1
18,159,2,1
18,159,3,1
18,160,2,2
18,160,3,1
18,161,2,1
18,162,4,2
18,163,1,1
18,164,1,2
18,165,9,1
18,166,9,2
18,167,2,1
18,168,2,2
18,169,4,3
18,170,1,1
18,171,1,2
18,172,4,1
18,173,9,1
18,174,1,1
18,175,9,1
18,176,9,2
18,177,8,1
18,178,4,1
18,178,8,1
18,179,8,1
18,180,8,2
18,181,8,3
18,182,9,3
18,183,1,2
18,184,1,3
18,185,3,2
18,186,9,3
18,187,9,1
18,188,4,2
18,189,4,3
18,190,4,1
18,191,8,1
18,192,8,2
18,193,4,1
18,194,1,1
18,195,1,2
18,196,8,2
18,197,9,2
18,198,4,1
18,199,9,3
18,200,9,1
18,201,2,1
18,201,8,1
18,202,1,2
18,203,8,2
18,204,3,1
18,205,3,2
18,206,1,1
18,207,3,1
18,208,3,2
18,209,2,1
18,210,2,2
18,211,2,1
18,212,2,2
18,213,3,1
18,213,9,1
18,214,2,2
18,215,4,1
18,216,2,1
18,217,2,2
18,218,8,1
18,219,3,2
18,220,2,1
18,221,1,1
18,221,2,1
18,222,3,1
18,222,9,1
18,223,8,1
18,224,2,1
18,224,8,1
18,225,4,1
18,226,9,2
18,227,3,2
18,228,8,1
18,229,8,2
18,230,2,1
18,230,8,1
18,230,9,1
18,231,1,1
18,232,2,1
18,232,3,1
18,233,8,2
18,234,2,1
18,235,4,1
18,236,2,1
18,237,9,2
18,238,8,1
18,239,4,1
18,240,4,1
18,241,3,2
18,242,1,3
18,243,4,2
18,243,8,1
18,244,1,1
18,244,2,2
18,245,3,1
18,245,9,2
18,246,2,1
18,247,2,2
18,248,2,3
18,249,9,3
18,250,9,3
18,251,1,3
18,252,4,1
18,253,4,2
18,254,4,3
18,255,8,1
18,256,2,1
18,256,8,1
18,257,2,3
18,258,2,1
18,259,2,2
18,260,2,3
18,261,2,1
18,262,2,2
18,263,4,1
18,264,4,2
18,265,1,1
18,266,3,2
18,267,8,3
18,268,3,2
18,269,9,3
18,270,9,1
18,271,9,2
18,272,9,3
18,273,3,1
18,274,2,2
18,275,2,3
18,276,4,1
18,277,4,2
18,278,4,1
18,279,3,2
18,280,8,1
18,281,8,2
18,282,8,3
18,283,4,1
18,284,8,1
18,284,9,1
18,285,1,1
18,286,2,2
18,287,1,1
18,288,4,2
18,289,1,3
18,290,3,1
18,291,4,2
18,292,1,2
18,293,1,1
18,294,1,2
18,295,1,3
18,296,1,1
18,297,1,2
18,298,1,1
18,299,3,1
18,300,4,1
18,301,1,1
18,301,4,1
18,302,2,1
18,302,3,1
18,303,2,1
18,303,3,1
18,304,3,1
18,305,3,2
18,306,3,3
18,307,4,1
18,308,4,2
18,309,4,1
18,310,4,2
18,311,4,1
18,312,4,1
18,313,4,1
18,314,4,1
18,315,8,2
18,316,1,1
18,317,1,2
18,318,2,1
18,319,2,2
18,320,1,1
18,321,1,2
18,322,8,1
18,323,2,1
18,323,8,1
18,324,3,2
18,325,9,1
18,326,9,2
18,327,8,1
18,328,2,1
18,329,2,1
18,329,4,1
18,330,2,1
18,330,4,2
18,331,8,1
18,332,2,1
18,332,8,1
18,333,9,1
18,334,9,2
18,335,2,2
18,336,2,1
18,336,8,1
18,337,8,2
18,338,2,2
18,339,1,1
18,340,1,2
18,341,2,1
18,342,2,2
18,343,9,1
18,344,9,2
18,345,9,1
18,346,9,2
18,347,2,1
18,348,2,2
18,349,4,1
18,350,9,2
18,351,1,1
18,352,9,1
18,353,2,1
18,354,2,2
18,355,9,1
18,356,3,1
18,356,9,1
18,357,1,2
18,358,8,1
18,358,9,1
18,359,2,2
18,360,1,1
18,361,1,1
18,362,1,2
18,363,1,1
18,364,1,2
18,365,1,3
18,366,3,1
18,367,2,1
18,367,3,1
18,368,8,2
18,369,1,1
18,369,3,1
18,370,4,1
18,371,2,1
18,372,3,2
18,373,2,3
18,374,3,1
18,375,3,2
18,376,3,3
18,377,3,3
18,378,9,3
18,379,3,2
18,379,9,1
18,380,9,3
18,381,8,3
18,382,8,3
18,383,2,3
18,384,2,2
18,384,8,1
18,385,1,3
18,386,2,1
18,386,4,1
18,386,8,1
18,387,2,1
18,388,2,1
18,388,3,1
18,389,2,2
18,389,3,1
18,390,4,1
18,391,4,1
18,391,8,1
18,392,2,1
18,392,4,1
18,392,8,1
18,393,8,1
18,394,8,2
18,395,8,3
18,396,4,1
18,397,4,2
18,398,2,3
18,399,1,1
18,400,2,2
18,401,3,1
18,402,2,2
18,403,2,1
18,404,2,2
18,405,2,3
18,406,8,1
18,407,8,3
18,408,2,1
18,409,2,2
18,410,3,1
18,411,3,2
18,412,9,1
18,413,9,2
18,414,2,1
18,414,8,1
18,415,4,1
18,416,3,1
18,416,9,1
18,417,4,1
18,418,4,1
18,419,4,2
18,420,8,1
18,421,8,2
18,422,1,1
18,423,1,2
18,424,4,2
18,425,1,1
18,426,1,2
18,427,4,1
18,428,4,2
18,429,8,1
18,429,9,1
18,430,2,2
18,431,4,1
18,432,4,2
18,433,8,1
18,434,4,1
18,435,1,2
18,436,3,1
18,437,3,1
18,437,9,1
18,438,3,1
18,439,9,1
18,440,1,1
18,441,2,1
18,442,3,1
18,442,9,1
18,443,2,1
18,444,2,2
18,445,2,3
18,446,1,1
18,447,2,1
18,448,2,1
18,448,8,1
18,449,3,1
18,450,3,2
18,451,3,1
18,452,3,2
18,453,2,1
18,454,2,2
18,455,2,2
18,456,4,1
18,457,4,2
18,458,9,1
18,459,2,1
18,460,2,1
18,460,8,1
18,461,2,1
18,461,4,1
18,462,8,3
18,463,1,3
18,464,2,3
18,465,3,2
18,466,2,3
18,467,8,3
18,468,8,2
18,468,9,1
18,469,2,2
18,470,3,2
18,471,8,2
18,472,3,2
18,473,2,3
18,474,8,3
18,475,2,3
18,476,3,1
18,476,9,2
18,477,3,1
18,477,9,2
18,478,4,2
18,479,4,1
18,479,8,1
18,480,3,2
18,480,9,1
18,481,2,1
18,481,8,1
18,481,9,1
18,482,2,2
18,482,8,1
18,483,8,3
18,484,8,3
18,485,8,3
18,486,2,3
18,487,1,3
18,488,9,3
18,489,1,1
18,490,1,3
18,491,4,1
18,491,8,2
18,492,1,3
18,493,1,3
18,494,1,3
18,495,4,1
18,496,4,2
18,497,4,3
18,498,1,1
18,499,2,2
18,500,2,3
18,501,8,1
18,502,8,2
18,503,8,3
18,504,2,1
18,505,2,2
18,506,2,1
18,507,2,2
18,508,2,3
18,509,4,1
18,510,4,2
18,511,4,1
18,512,4,2
18,513,4,1
18,514,4,2
18,515,4,1
18,516,4,2
18,517,1,1
18,518,1,2
18,519,2,1
18,520,2,2
18,521,2,3
18,522,4,1
18,523,4,2
18,524,3,1
18,525,2,1
18,525,3,1
18,526,2,3
18,527,4,1
18,528,4,2
18,529,2,1
18,530,2,2
18,531,1,2
18,532,2,1
18,533,2,2
18,534,2,3
18,535,4,1
18,536,1,2
18,537,1,3
18,538,1,2
18,539,2,2
18,540,3,1
18,541,3,2
18,542,2,3
18,543,3,1
18,544,3,2
18,545,4,3
18,546,4,1
18,547,4,2
18,548,8,1
18,549,8,2
18,550,4,2
18,551,2,1
18,552,2,2
18,553,2,3
18,554,2,1
18,555,2,2
18,556,8,2
18,557,3,1
18,558,3,2
18,559,2,1
18,560,3,1
18,560,9,1
18,561,8,2
18,562,3,1
18,563,3,2
18,564,3,1
18,565,3,2
18,566,2,1
18,567,2,2
18,568,4,1
18,569,2,2
18,570,8,1
18,571,8,2
18,572,4,1
18,573,4,2
18,574,9,1
18,575,9,2
18,576,9,3
18,577,8,1
18,578,8,2
18,579,8,3
18,580,1,1
18,581,4,2
18,582,8,1
18,583,8,2
18,584,8,3
18,585,4,1
18,586,2,2
18,587,4,2
18,588,2,1
18,589,2,2
18,590,1,1
18,591,1,2
18,592,9,1
18,593,9,2
18,594,1,2
18,595,4,1
18,596,4,2
18,597,3,1
18,598,3,2
18,599,3,1
18,600,3,2
18,601,3,3
18,602,4,1
18,603,2,2
18,604,2,3
18,605,8,1
18,606,8,2
18,607,8,1
18,608,8,2
18,609,8,3
18,610,2,1
18,611,2,2
18,612,2,3
18,613,2,1
18,614,2,2
18,615,9,2
18,616,3,1
18,617,4,2
18,618,1,2
18,619,2,1
18,620,2,2
18,621,2,2
18,622,2,1
18,623,2,2
18,624,2,1
18,625,2,2
18,626,2,2
18,627,2,1
18,628,2,2
18,629,3,1
18,630,8,2
18,631,8,2
18,632,3,2
18,633,2,1
18,634,2,2
18,635,8,3
18,636,2,1
18,637,8,3
18,638,3,3
18,639,2,3
18,640,9,3
18,641,2,3
18,642,2,3
18,643,8,3
18,644,2,3
18,645,8,3
18,646,1,1
18,646,2,1
18,646,8,1
18,647,8,3
18,648,4,1
18,648,8,1
18,648,9,1
18,649,2,1
18,649,4,1
18,649,8,1
18,650,3,1
18,651,3,2
18,652,3,3
18,653,8,1
18,654,8,2
18,655,8,3
18,656,4,1
18,657,4,2
18,658,4,3
18,659,4,1
18,660,1,2
18,661,4,1
18,662,4,2
18,663,4,3
18,664,3,1
18,665,3,2
18,666,1,1
18,666,4,1
18,666,8,1
18,667,8,1
18,668,8,2
18,669,9,1
18,670,9,2
18,671,9,3
18,672,1,1
18,673,1,2
18,674,2,1
18,675,2,2
18,676,4,1
18,677,4,1
18,678,4,2
18,679,3,1
18,680,3,2
18,681,3,2
18,681,9,1
18,682,1,1
18,683,1,2
18,684,3,1
18,685,3,2
18,686,2,1
18,687,2,2
18,688,2,1
18,689,2,2
18,690,9,1
18,691,9,2
18,692,8,1
18,693,8,2
18,694,4,1
18,695,4,1
18,695,8,1
18,696,2,1
18,697,2,2
18,698,1,1
18,699,1,2
18,700,9,2
18,701,2,2
18,702,4,2
18,703,3,1
18,703,9,1
18,704,9,1
18,705,9,2
18,706,9,3
18,707,3,1
18,708,2,1
18,709,2,2
18,710,3,1
18,711,3,2
18,712,3,1
18,713,3,2
18,714,4,1
18,715,4,2
18,716,1,3
18,717,1,3
18,718,1,3
18,719,3,1
18,719,9,2
18,720,8,3
18,721,8,3
18,722,1,1
18,723,1,2
18,724,2,3
18,725,4,1
18,726,4,2
18,727,2,3
18,728,8,1
18,729,8,2
18,730,8,3
18,731,2,1
18,732,2,2
18,733,2,3
18,734,2,1
18,735,2,2
18,736,2,1
18,737,3,2
18,738,8,3
18,739,2,1
18,740,2,2
18,741,8,2
18,742,4,1
18,743,4,2
18,744,2,1
18,745,2,2
18,746,1,1
18,747,3,1
18,748,3,2
18,749,2,1
18,750,2,2
18,751,9,1
18,752,9,2
18,753,2,1
18,754,2,2
18,755,9,1
18,756,9,2
18,757,4,1
18,758,4,2
18,759,2,1
18,760,2,2
18,761,1,1
18,762,4,2
18,763,2,3
18,764,9,2
18,765,9,2
18,766,2,2
18,767,4,1
18,768,3,2
18,769,3,1
18,770,3,2
18,771,9,2
18,772,1,2
18,773,1,3
18,774,3,1
18,774,9,1
18,775,2,2
18,776,3,2
18,777,2,2
18,778,9,2
18,779,2,2
18,780,8,2
18,781,2,2
18,782,3,1
18,783,3,2
18,784,3,3
18,785,4,3
18,786,8,3
18,787,2,3
18,788,9,3
18,789,1,1
18,790,3,1
18,790,9,1
18,791,2,3
18,792,8,3
18,793,9,3
18,794,2,1
18,794,3,2
18,795,4,3
18,796,8,3
18,797,2,1
18,797,3,1
18,797,8,1
18,798,2,3
18,799,1,3
18,800,2,1
18,800,8,2
18,801,8,3
18,802,2,2
18,802,4,1
18,803,9,1
18,804,8,3
18,805,3,3
18,806,8,3
18,807,4,3
18,10001,1,1
18,10002,1,1
18,10003,1,1
18,10004,2,2
18,10004,8,1
18,10005,3,2
18,10005,9,1
18,10006,4,3
18,10007,3,2
18,10008,3,1
18,10008,9,1
18,10009,1,3
18,10010,1,3
18,10011,1,3
18,10012,1,3
18,10013,1,3
18,10014,1,3
18,10015,1,3
18,10016,1,3
18,10017,1,3
18,10018,1,3
18,10019,1,3
18,10020,1,3
18,10021,1,3
18,10022,1,3
18,10023,1,3
18,10024,1,3
18,10026,4,1
18,10026,8,1
18,10027,4,1
18,10027,8,1
18,10028,4,1
18,10028,8,1
18,10029,4,1
18,10029,8,1
18,10030,4,1
18,10030,8,1
18,10031,1,3
18,10032,4,3
18,10034,4,2
18,10035,8,2
18,10036,2,1
18,10036,3,1
18,10036,4,1
18,10037,4,3
18,10038,8,3
18,10039,2,3
18,10040,8,3
18,10041,2,3
18,10042,8,2
18,10042,9,1
18,10043,8,3
18,10044,8,3
18,10045,9,3
18,10046,8,3
18,10047,8,3
18,10048,1,2
18,10049,2,2
18,10050,2,2
18,10051,4,2
18,10052,8,3
18,10053,8,3
18,10054,8,3
18,10055,2,2
18,10056,2,2
18,10057,8,2
18,10058,2,3
18,10059,2,3
18,10060,8,3
18,10061,2,1
18,10061,3,1
18,10062,3,3
18,10063,4,2
18,10064,4,2
18,10065,2,2
18,10066,2,2
18,10067,9,3
18,10068,8,3
18,10069,2,3
18,10070,2,1
18,10070,8,1
18,10071,2,1
18,10071,8,1
18,10072,1,3
18,10073,9,2
18,10074,4,2
18,10075,2,2
18,10075,8,1
18,10076,3,1
18,10077,3,1
18,10078,3,1
18,10079,3,2
18,10080,3,2
18,10081,3,2
18,10082,2,2
18,10082,9,1
18,10083,4,3
18,10090,3,2
18,10091,3,2
18,10092,4,3
18,10093,2,3
18,10094,2,1
18,10094,3,1
18,10095,2,2
18,10096,2,1
18,10096,8,1
18,10097,9,2
18,10098,1,2
18,10099,2,3
18,10100,3,3
18,10101,8,3
18,10102,2,3
18,10103,2,2
18,10103,8,1
18,10104,4,2
18,10105,2,3
18,10106,1,2
18,10107,3,1
18,10107,9,2
18,10108,8,3
18,10109,4,1
18,10110,4,2
18,10111,4,2
18,10112,4,2
18,10113,4,3
18,10114,3,1
18,10115,3,2
18,10116,4,1
18,10117,4,2
18,10118,4,1
18,10119,2,2
18,10120,4,1
18,10121,4,2
18,10122,3,1
18,10123,3,2
18,10124,3,3
18,10125,1,1
18,10126,1,1
18,10126,2,1
18,10127,8,2
18,10128,3,2
18,10129,4,3
18,10130,4,3
18,10131,1,3
18,10132,1,3
18,10133,1,3
18,10134,1,3
18,10135,2,2
18,10136,8,3
18,10137,8,2
18,10138,8,2
18,10139,8,2
18,10140,2,2
18,10141,1,1
18,10142,2,2
18,10143,4,2
18,10144,1,3
18,10145,1,3
18,10146,1,3
18,10147,1,3
18,10148,1,3
18,10149,1,3
18,10150,1,3
18,10151,1,3
18,10152,1,3
18,10153,1,3
18,10154,1,3
18,10155,1,3
18,10156,1,3
18,10157,1,3
18,10158,1,3
18,10159,1,3
18,10160,1,3
18,10161,2,1
18,10161,8,1
18,10162,9,2
18,10163,3,3
18,10164,3,2
18,10165,4,2
18,10166,2,1
18,10167,2,2
18,10168,9,2
18,10169,2,2
18,10170,2,3
18,10171,8,3
18,10172,2,1
18,10172,8,1
18,10172,4,1
