generation_id,form_id,color_id
3,1,4
3,2,4
3,3,4
3,4,1
3,5,1
3,6,1
3,7,2
3,8,2
3,9,2
3,10,4
3,11,4
3,12,9
3,13,6
3,14,3
3,15,3
3,16,6
3,17,6
3,18,6
3,19,7
3,20,6
3,21,6
3,22,6
3,23,7
3,24,7
3,25,3
3,26,3
3,27,3
3,28,3
3,29,2
3,30,2
3,31,2
3,32,7
3,33,7
3,34,7
3,35,10
3,36,10
3,37,6
3,38,3
3,39,10
3,40,10
3,41,7
3,42,7
3,43,2
3,44,2
3,45,1
3,46,1
3,47,1
3,48,7
3,49,7
3,50,6
3,51,6
3,52,3
3,53,3
3,54,3
3,55,2
3,56,6
3,57,6
3,58,6
3,59,6
3,60,2
3,61,2
3,62,2
3,63,6
3,64,6
3,65,6
3,66,8
3,67,8
3,68,8
3,69,4
3,70,4
3,71,4
3,72,2
3,73,2
3,74,6
3,75,6
3,76,6
3,77,3
3,78,3
3,79,10
3,80,10
3,81,8
3,82,8
3,83,6
3,84,6
3,85,6
3,86,9
3,87,9
3,88,7
3,89,7
3,90,7
3,91,7
3,92,7
3,93,7
3,94,7
3,95,8
3,96,3
3,97,3
3,98,1
3,99,1
3,100,1
3,101,1
3,102,10
3,103,3
3,104,6
3,105,6
3,106,6
3,107,6
3,108,10
3,109,7
3,110,7
3,111,8
3,112,8
3,113,10
3,114,2
3,115,6
3,116,2
3,117,2
3,118,1
3,119,1
3,120,6
3,121,7
3,122,10
3,123,4
3,124,1
3,125,3
3,126,1
3,127,6
3,128,6
3,129,1
3,130,2
3,131,2
3,132,7
3,133,6
3,134,2
3,135,3
3,136,1
3,137,10
3,138,2
3,139,2
3,140,6
3,141,6
3,142,7
3,143,5
3,144,2
3,145,3
3,146,3
3,147,2
3,148,2
3,149,6
3,150,7
3,151,10
3,152,4
3,153,4
3,154,4
3,155,3
3,156,3
3,157,3
3,158,2
3,159,2
3,160,2
3,161,6
3,162,6
3,163,6
3,164,6
3,165,1
3,166,1
3,167,4
3,168,1
3,169,7
3,170,2
3,171,2
3,172,3
3,173,10
3,174,10
3,175,9
3,176,9
3,177,4
3,178,4
3,179,9
3,180,10
3,181,3
3,182,4
3,183,2
3,184,2
3,185,6
3,186,4
3,187,10
3,188,4
3,189,2
3,190,7
3,191,3
3,192,3
3,193,1
3,194,2
3,195,2
3,196,7
3,197,5
3,198,5
3,199,10
3,200,8
3,201,5
3,202,2
3,203,3
3,204,8
3,205,7
3,206,3
3,207,7
3,208,8
3,209,10
3,210,7
3,211,8
3,212,1
3,213,3
3,214,2
3,215,5
3,216,6
3,217,6
3,218,1
3,219,1
3,220,6
3,221,6
3,222,10
3,223,8
3,224,1
3,225,1
3,226,7
3,227,8
3,228,5
3,229,5
3,230,2
3,231,2
3,232,8
3,233,1
3,234,6
3,235,9
3,236,7
3,237,6
3,238,10
3,239,3
3,240,1
3,241,10
3,242,10
3,243,3
3,244,6
3,245,2
3,246,4
3,247,8
3,248,4
3,249,9
3,250,1
3,251,4
3,252,4
3,253,4
3,254,4
3,255,1
3,256,1
3,257,1
3,258,2
3,259,2
3,260,2
3,261,8
3,262,8
3,263,6
3,264,9
3,265,1
3,266,9
3,267,3
3,268,7
3,269,4
3,270,4
3,271,4
3,272,4
3,273,6
3,274,6
3,275,6
3,276,2
3,277,2
3,278,9
3,279,3
3,280,9
3,281,9
3,282,9
3,283,2
3,284,2
3,285,6
3,286,4
3,287,6
3,288,9
3,289,6
3,290,8
3,291,3
3,292,6
3,293,10
3,294,2
3,295,2
3,296,3
3,297,6
3,298,2
3,299,8
3,300,10
3,301,7
3,302,7
3,303,5
3,304,8
3,305,8
3,306,8
3,307,2
3,308,1
3,309,4
3,310,3
3,311,3
3,312,3
3,313,8
3,314,7
3,315,4
3,316,4
3,317,7
3,318,1
3,319,2
3,320,2
3,321,2
3,322,3
3,323,1
3,324,6
3,325,5
3,326,7
3,327,6
3,328,6
3,329,4
3,330,4
3,331,4
3,332,4
3,333,2
3,334,2
3,335,9
3,336,5
3,337,3
3,338,1
3,339,8
3,340,2
3,341,1
3,342,1
3,343,6
3,344,5
3,345,7
3,346,4
3,347,8
3,348,8
3,349,6
3,350,10
3,351,9
3,352,4
3,353,5
3,354,5
3,355,5
3,356,5
3,357,4
3,358,2
3,359,9
3,360,2
3,361,8
3,362,8
3,363,2
3,364,2
3,365,2
3,366,2
3,367,2
3,368,10
3,369,8
3,370,10
3,371,2
3,372,9
3,373,2
3,374,2
3,375,2
3,376,2
3,377,6
3,378,2
3,379,8
3,380,1
3,381,2
3,382,2
3,383,1
3,384,4
3,385,3
3,386,1
3,10001,9
3,10002,9
3,10003,9
3,10004,1
3,10005,1
3,10006,1
3,20001,5
3,20002,5
3,20003,5
3,20004,5
3,20005,5
3,20006,5
3,20007,5
3,20008,5
3,20009,5
3,20010,5
3,20011,5
3,20012,5
3,20013,5
3,20014,5
3,20015,5
3,20016,5
3,20017,5
3,20018,5
3,20019,5
3,20020,5
3,20021,5
3,20022,5
3,20023,5
3,20024,5
3,20025,5
3,20026,5
3,20027,5
4,1,4
4,2,4
4,3,4
4,4,1
4,5,1
4,6,1
4,7,2
4,8,2
4,9,2
4,10,4
4,11,4
4,12,9
4,13,6
4,14,3
4,15,3
4,16,6
4,17,6
4,18,6
4,19,7
4,20,6
4,21,6
4,22,6
4,23,7
4,24,7
4,25,3
4,26,3
4,27,3
4,28,3
4,29,2
4,30,2
4,31,2
4,32,7
4,33,7
4,34,7
4,35,10
4,36,10
4,37,6
4,38,3
4,39,10
4,40,10
4,41,7
4,42,7
4,43,2
4,44,2
4,45,1
4,46,1
4,47,1
4,48,7
4,49,7
4,50,6
4,51,6
4,52,3
4,53,3
4,54,3
4,55,2
4,56,6
4,57,6
4,58,6
4,59,6
4,60,2
4,61,2
4,62,2
4,63,6
4,64,6
4,65,6
4,66,8
4,67,8
4,68,8
4,69,4
4,70,4
4,71,4
4,72,2
4,73,2
4,74,6
4,75,6
4,76,6
4,77,3
4,78,3
4,79,10
4,80,10
4,81,8
4,82,8
4,83,6
4,84,6
4,85,6
4,86,9
4,87,9
4,88,7
4,89,7
4,90,7
4,91,7
4,92,7
4,93,7
4,94,7
4,95,8
4,96,3
4,97,3
4,98,1
4,99,1
4,100,1
4,101,1
4,102,10
4,103,3
4,104,6
4,105,6
4,106,6
4,107,6
4,108,10
4,109,7
4,110,7
4,111,8
4,112,8
4,113,10
4,114,2
4,115,6
4,116,2
4,117,2
4,118,1
4,119,1
4,120,6
4,121,7
4,122,10
4,123,4
4,124,1
4,125,3
4,126,1
4,127,6
4,128,6
4,129,1
4,130,2
4,131,2
4,132,7
4,133,6
4,134,2
4,135,3
4,136,1
4,137,10
4,138,2
4,139,2
4,140,6
4,141,6
4,142,7
4,143,5
4,144,2
4,145,3
4,146,3
4,147,2
4,148,2
4,149,6
4,150,7
4,151,10
4,152,4
4,153,4
4,154,4
4,155,3
4,156,3
4,157,3
4,158,2
4,159,2
4,160,2
4,161,6
4,162,6
4,163,6
4,164,6
4,165,1
4,166,1
4,167,4
4,168,1
4,169,7
4,170,2
4,171,2
4,172,3
4,173,10
4,174,10
4,175,9
4,176,9
4,177,4
4,178,4
4,179,9
4,180,10
4,181,3
4,182,4
4,183,2
4,184,2
4,185,6
4,186,4
4,187,10
4,188,4
4,189,2
4,190,7
4,191,3
4,192,3
4,193,1
4,194,2
4,195,2
4,196,7
4,197,5
4,198,5
4,199,10
4,200,8
4,201,5
4,202,2
4,203,3
4,204,8
4,205,7
4,206,3
4,207,7
4,208,8
4,209,10
4,210,7
4,211,8
4,212,1
4,213,3
4,214,2
4,215,5
4,216,6
4,217,6
4,218,1
4,219,1
4,220,6
4,221,6
4,222,10
4,223,8
4,224,1
4,225,1
4,226,7
4,227,8
4,228,5
4,229,5
4,230,2
4,231,2
4,232,8
4,233,1
4,234,6
4,235,9
4,236,7
4,237,6
4,238,10
4,239,3
4,240,1
4,241,10
4,242,10
4,243,3
4,244,6
4,245,2
4,246,4
4,247,8
4,248,4
4,249,9
4,250,1
4,251,4
4,252,4
4,253,4
4,254,4
4,255,1
4,256,1
4,257,1
4,258,2
4,259,2
4,260,2
4,261,8
4,262,8
4,263,6
4,264,9
4,265,1
4,266,9
4,267,3
4,268,7
4,269,4
4,270,4
4,271,4
4,272,4
4,273,6
4,274,6
4,275,6
4,276,2
4,277,2
4,278,9
4,279,3
4,280,9
4,281,9
4,282,9
4,283,2
4,284,2
4,285,6
4,286,4
4,287,6
4,288,9
4,289,6
4,290,8
4,291,3
4,292,6
4,293,10
4,294,2
4,295,2
4,296,3
4,297,6
4,298,2
4,299,8
4,300,10
4,301,7
4,302,7
4,303,5
4,304,8
4,305,8
4,306,8
4,307,2
4,308,1
4,309,4
4,310,3
4,311,3
4,312,3
4,313,8
4,314,7
4,315,4
4,316,4
4,317,7
4,318,1
4,319,2
4,320,2
4,321,2
4,322,3
4,323,1
4,324,6
4,325,5
4,326,7
4,327,6
4,328,6
4,329,4
4,330,4
4,331,4
4,332,4
4,333,2
4,334,2
4,335,9
4,336,5
4,337,3
4,338,1
4,339,8
4,340,2
4,341,1
4,342,1
4,343,6
4,344,5
4,345,7
4,346,4
4,347,8
4,348,8
4,349,6
4,350,10
4,351,9
4,352,4
4,353,5
4,354,5
4,355,5
4,356,5
4,357,4
4,358,2
4,359,9
4,360,2
4,361,8
4,362,8
4,363,2
4,364,2
4,365,2
4,366,2
4,367,2
4,368,10
4,369,8
4,370,10
4,371,2
4,372,9
4,373,2
4,374,2
4,375,2
4,376,2
4,377,6
4,378,2
4,379,8
4,380,1
4,381,2
4,382,2
4,383,1
4,384,4
4,385,3
4,386,1
4,387,4
4,388,4
4,389,4
4,390,6
4,391,6
4,392,6
4,393,2
4,394,2
4,395,2
4,396,6
4,397,6
4,398,6
4,399,6
4,400,6
4,401,1
4,402,1
4,403,2
4,404,2
4,405,2
4,406,4
4,407,4
4,408,2
4,409,2
4,410,8
4,411,8
4,412,8
4,413,8
4,414,3
4,415,3
4,416,3
4,417,9
4,418,6
4,419,6
4,420,10
4,421,10
4,422,7
4,423,7
4,424,7
4,425,7
4,426,7
4,427,6
4,428,6
4,429,7
4,430,5
4,431,8
4,432,8
4,433,3
4,434,7
4,435,7
4,436,4
4,437,4
4,438,6
4,439,10
4,440,10
4,441,5
4,442,7
4,443,2
4,444,2
4,445,2
4,446,5
4,447,2
4,448,2
4,449,6
4,450,6
4,451,7
4,452,7
4,453,2
4,454,2
4,455,4
4,456,2
4,457,2
4,458,2
4,459,9
4,460,9
4,461,5
4,462,8
4,463,10
4,464,8
4,465,2
4,466,3
4,467,1
4,468,9
4,469,4
4,470,4
4,471,2
4,472,7
4,473,6
4,474,1
4,475,9
4,476,8
4,477,5
4,478,9
4,479,1
4,480,3
4,481,10
4,482,2
4,483,9
4,484,7
4,485,6
4,486,9
4,487,5
4,488,3
4,489,2
4,490,2
4,491,5
4,492,4
4,493,8
4,10001,9
4,10002,9
4,10003,9
4,10004,1
4,10005,1
4,10006,1
4,10007,8
4,10008,8
4,10009,8
4,10010,8
4,10011,8
4,10012,8
4,10013,8
4,10014,8
4,10015,8
4,10016,8
4,10017,8
4,10018,8
4,10019,8
4,10020,8
4,10021,8
4,10022,8
4,10023,8
4,10024,8
4,10025,8
4,10026,1
4,10027,1
4,10028,1
4,10029,1
4,10030,1
4,10031,5
4,10032,4
4,10033,3
4,20001,5
4,20002,5
4,20003,5
4,20004,5
4,20005,5
4,20006,5
4,20007,5
4,20008,5
4,20009,5
4,20010,5
4,20011,5
4,20012,5
4,20013,5
4,20014,5
4,20015,5
4,20016,5
4,20017,5
4,20018,5
4,20019,5
4,20020,5
4,20021,5
4,20022,5
4,20023,5
4,20024,5
4,20025,5
4,20026,5
4,20027,5
4,20028,8
4,20029,8
4,20030,10
4,20031,7
4,20032,7
5,1,4
5,2,4
5,3,4
5,4,1
5,5,1
5,6,1
5,7,2
5,8,2
5,9,2
5,10,4
5,11,4
5,12,9
5,13,6
5,14,3
5,15,3
5,16,6
5,17,6
5,18,6
5,19,7
5,20,6
5,21,6
5,22,6
5,23,7
5,24,7
5,25,3
5,26,3
5,27,3
5,28,3
5,29,2
5,30,2
5,31,2
5,32,7
5,33,7
5,34,7
5,35,10
5,36,10
5,37,6
5,38,3
5,39,10
5,40,10
5,41,7
5,42,7
5,43,2
5,44,2
5,45,1
5,46,1
5,47,1
5,48,7
5,49,7
5,50,6
5,51,6
5,52,3
5,53,3
5,54,3
5,55,2
5,56,6
5,57,6
5,58,6
5,59,6
5,60,2
5,61,2
5,62,2
5,63,6
5,64,6
5,65,6
5,66,8
5,67,8
5,68,8
5,69,4
5,70,4
5,71,4
5,72,2
5,73,2
5,74,6
5,75,6
5,76,6
5,77,3
5,78,3
5,79,10
5,80,10
5,81,8
5,82,8
5,83,6
5,84,6
5,85,6
5,86,9
5,87,9
5,88,7
5,89,7
5,90,7
5,91,7
5,92,7
5,93,7
5,94,7
5,95,8
5,96,3
5,97,3
5,98,1
5,99,1
5,100,1
5,101,1
5,102,10
5,103,3
5,104,6
5,105,6
5,106,6
5,107,6
5,108,10
5,109,7
5,110,7
5,111,8
5,112,8
5,113,10
5,114,2
5,115,6
5,116,2
5,117,2
5,118,1
5,119,1
5,120,6
5,121,7
5,122,10
5,123,4
5,124,1
5,125,3
5,126,1
5,127,6
5,128,6
5,129,1
5,130,2
5,131,2
5,132,7
5,133,6
5,134,2
5,135,3
5,136,1
5,137,10
5,138,2
5,139,2
5,140,6
5,141,6
5,142,7
5,143,5
5,144,2
5,145,3
5,146,3
5,147,2
5,148,2
5,149,6
5,150,7
5,151,10
5,152,4
5,153,4
5,154,4
5,155,3
5,156,3
5,157,3
5,158,2
5,159,2
5,160,2
5,161,6
5,162,6
5,163,6
5,164,6
5,165,1
5,166,1
5,167,4
5,168,1
5,169,7
5,170,2
5,171,2
5,172,3
5,173,10
5,174,10
5,175,9
5,176,9
5,177,4
5,178,4
5,179,9
5,180,10
5,181,3
5,182,4
5,183,2
5,184,2
5,185,6
5,186,4
5,187,10
5,188,4
5,189,2
5,190,7
5,191,3
5,192,3
5,193,1
5,194,2
5,195,2
5,196,7
5,197,5
5,198,5
5,199,10
5,200,8
5,201,5
5,202,2
5,203,3
5,204,8
5,205,7
5,206,3
5,207,7
5,208,8
5,209,10
5,210,7
5,211,8
5,212,1
5,213,3
5,214,2
5,215,5
5,216,6
5,217,6
5,218,1
5,219,1
5,220,6
5,221,6
5,222,10
5,223,8
5,224,1
5,225,1
5,226,7
5,227,8
5,228,5
5,229,5
5,230,2
5,231,2
5,232,8
5,233,1
5,234,6
5,235,9
5,236,7
5,237,6
5,238,10
5,239,3
5,240,1
5,241,10
5,242,10
5,243,3
5,244,6
5,245,2
5,246,4
5,247,8
5,248,4
5,249,9
5,250,1
5,251,4
5,252,4
5,253,4
5,254,4
5,255,1
5,256,1
5,257,1
5,258,2
5,259,2
5,260,2
5,261,8
5,262,8
5,263,6
5,264,9
5,265,1
5,266,9
5,267,3
5,268,7
5,269,4
5,270,4
5,271,4
5,272,4
5,273,6
5,274,6
5,275,6
5,276,2
5,277,2
5,278,9
5,279,3
5,280,9
5,281,9
5,282,9
5,283,2
5,284,2
5,285,6
5,286,4
5,287,6
5,288,9
5,289,6
5,290,8
5,291,3
5,292,6
5,293,10
5,294,2
5,295,2
5,296,3
5,297,6
5,298,2
5,299,8
5,300,10
5,301,7
5,302,7
5,303,5
5,304,8
5,305,8
5,306,8
5,307,2
5,308,1
5,309,4
5,310,3
5,311,3
5,312,3
5,313,8
5,314,7
5,315,4
5,316,4
5,317,7
5,318,1
5,319,2
5,320,2
5,321,2
5,322,3
5,323,1
5,324,6
5,325,5
5,326,7
5,327,6
5,328,6
5,329,4
5,330,4
5,331,4
5,332,4
5,333,2
5,334,2
5,335,9
5,336,5
5,337,3
5,338,1
5,339,8
5,340,2
5,341,1
5,342,1
5,343,6
5,344,5
5,345,7
5,346,4
5,347,8
5,348,8
5,349,6
5,350,10
5,351,9
5,352,4
5,353,5
5,354,5
5,355,5
5,356,5
5,357,4
5,358,2
5,359,9
5,360,2
5,361,8
5,362,8
5,363,2
5,364,2
5,365,2
5,366,2
5,367,2
5,368,10
5,369,8
5,370,10
5,371,2
5,372,9
5,373,2
5,374,2
5,375,2
5,376,2
5,377,6
5,378,2
5,379,8
5,380,1
5,381,2
5,382,2
5,383,1
5,384,4
5,385,3
5,386,1
5,387,4
5,388,4
5,389,4
5,390,6
5,391,6
5,392,6
5,393,2
5,394,2
5,395,2
5,396,6
5,397,6
5,398,6
5,399,6
5,400,6
5,401,1
5,402,1
5,403,2
5,404,2
5,405,2
5,406,4
5,407,4
5,408,2
5,409,2
5,410,8
5,411,8
5,412,8
5,413,8
5,414,3
5,415,3
5,416,3
5,417,9
5,418,6
5,419,6
5,420,10
5,421,10
5,422,7
5,423,7
5,424,7
5,425,7
5,426,7
5,427,6
5,428,6
5,429,7
5,430,5
5,431,8
5,432,8
5,433,3
5,434,7
5,435,7
5,436,4
5,437,4
5,438,6
5,439,10
5,440,10
5,441,5
5,442,7
5,443,2
5,444,2
5,445,2
5,446,5
5,447,2
5,448,2
5,449,6
5,450,6
5,451,7
5,452,7
5,453,2
5,454,2
5,455,4
5,456,2
5,457,2
5,458,2
5,459,9
5,460,9
5,461,5
5,462,8
5,463,10
5,464,8
5,465,2
5,466,3
5,467,1
5,468,9
5,469,4
5,470,4
5,471,2
5,472,7
5,473,6
5,474,1
5,475,9
5,476,8
5,477,5
5,478,9
5,479,1
5,480,3
5,481,10
5,482,2
5,483,9
5,484,7
5,485,6
5,486,9
5,487,5
5,488,3
5,489,2
5,490,2
5,491,5
5,492,4
5,493,8
5,494,3
5,495,4
5,496,4
5,497,4
5,498,1
5,499,1
5,500,1
5,501,2
5,502,2
5,503,2
5,504,6
5,505,6
5,506,6
5,507,8
5,508,8
5,509,7
5,510,7
5,511,4
5,512,4
5,513,1
5,514,1
5,515,2
5,516,2
5,517,10
5,518,10
5,519,8
5,520,8
5,521,8
5,522,5
5,523,5
5,524,2
5,525,2
5,526,2
5,527,2
5,528,2
5,529,8
5,530,8
5,531,10
5,532,8
5,533,8
5,534,6
5,535,2
5,536,2
5,537,2
5,538,1
5,539,2
5,540,3
5,541,4
5,542,3
5,543,1
5,544,8
5,545,1
5,546,4
5,547,4
5,548,4
5,549,4
5,550,4
5,551,6
5,552,6
5,553,1
5,554,1
5,555,1
5,556,4
5,557,1
5,558,1
5,559,3
5,560,1
5,561,5
5,562,5
5,563,3
5,564,2
5,565,2
5,566,3
5,567,3
5,568,4
5,569,4
5,570,8
5,571,8
5,572,8
5,573,8
5,574,7
5,575,7
5,576,7
5,577,4
5,578,4
5,579,4
5,580,2
5,581,9
5,582,9
5,583,9
5,584,9
5,585,3
5,586,6
5,587,9
5,588,2
5,589,8
5,590,9
5,591,9
5,592,9
5,593,9
5,594,10
5,595,3
5,596,3
5,597,8
5,598,8
5,599,8
5,600,8
5,601,8
5,602,9
5,603,2
5,604,2
5,605,2
5,606,6
5,607,9
5,608,5
5,609,5
5,610,4
5,611,4
5,612,3
5,613,9
5,614,9
5,615,2
5,616,1
5,617,1
5,618,6
5,619,3
5,620,7
5,621,1
5,622,4
5,623,4
5,624,1
5,625,1
5,626,6
5,627,9
5,628,1
5,629,6
5,630,6
5,631,1
5,632,8
5,633,2
5,634,2
5,635,2
5,636,9
5,637,9
5,638,2
5,639,8
5,640,4
5,641,4
5,642,2
5,643,9
5,644,5
5,645,6
5,646,8
5,647,3
5,648,9
5,649,7
5,10001,9
5,10002,9
5,10003,9
5,10004,1
5,10005,1
5,10006,1
5,10007,8
5,10008,8
5,10009,8
5,10010,8
5,10011,8
5,10012,8
5,10013,8
5,10014,8
5,10015,8
5,10016,8
5,10017,8
5,10018,8
5,10019,8
5,10020,8
5,10021,8
5,10022,8
5,10023,8
5,10024,8
5,10026,1
5,10027,1
5,10028,1
5,10029,1
5,10030,1
5,10031,5
5,10032,4
5,10034,4
5,10035,1
5,10036,9
5,10037,4
5,10038,2
5,10039,6
5,10040,8
5,10041,8
5,20001,5
5,20002,5
5,20003,5
5,20004,5
5,20005,5
5,20006,5
5,20007,5
5,20008,5
5,20009,5
5,20010,5
5,20011,5
5,20012,5
5,20013,5
5,20014,5
5,20015,5
5,20016,5
5,20017,5
5,20018,5
5,20019,5
5,20020,5
5,20021,5
5,20022,5
5,20023,5
5,20024,5
5,20025,5
5,20026,5
5,20027,5
5,20028,8
5,20029,8
5,20030,10
5,20031,7
5,20032,7
5,20033,3
5,20034,3
5,20035,3
5,20036,6
5,20037,6
5,20038,6
5,20039,7
5,20040,7
5,20041,7
5,20042,7
5,20043,3
6,1,4
6,2,4
6,3,4
6,4,1
6,5,1
6,6,1
6,7,2
6,8,2
6,9,2
6,10,4
6,11,4
6,12,9
6,13,6
6,14,3
6,15,3
6,16,6
6,17,6
6,18,6
6,19,7
6,20,6
6,21,6
6,22,6
6,23,7
6,24,7
6,25,3
6,26,3
6,27,3
6,28,3
6,29,2
6,30,2
6,31,2
6,32,7
6,33,7
6,34,7
6,35,10
6,36,10
6,37,6
6,38,3
6,39,10
6,40,10
6,41,7
6,42,7
6,43,2
6,44,2
6,45,1
6,46,1
6,47,1
6,48,7
6,49,7
6,50,6
6,51,6
6,52,3
6,53,3
6,54,3
6,55,2
6,56,6
6,57,6
6,58,6
6,59,6
6,60,2
6,61,2
6,62,2
6,63,6
6,64,6
6,65,6
6,66,8
6,67,8
6,68,8
6,69,4
6,70,4
6,71,4
6,72,2
6,73,2
6,74,6
6,75,6
6,76,6
6,77,3
6,78,3
6,79,10
6,80,10
6,81,8
6,82,8
6,83,6
6,84,6
6,85,6
6,86,9
6,87,9
6,88,7
6,89,7
6,90,7
6,91,7
6,92,7
6,93,7
6,94,7
6,95,8
6,96,3
6,97,3
6,98,1
6,99,1
6,100,1
6,101,1
6,102,10
6,103,3
6,104,6
6,105,6
6,106,6
6,107,6
6,108,10
6,109,7
6,110,7
6,111,8
6,112,8
6,113,10
6,114,2
6,115,6
6,116,2
6,117,2
6,118,1
6,119,1
6,120,6
6,121,7
6,122,10
6,123,4
6,124,1
6,125,3
6,126,1
6,127,6
6,128,6
6,129,1
6,130,2
6,131,2
6,132,7
6,133,6
6,134,2
6,135,3
6,136,1
6,137,10
6,138,2
6,139,2
6,140,6
6,141,6
6,142,7
6,143,5
6,144,2
6,145,3
6,146,3
6,147,2
6,148,2
6,149,6
6,150,7
6,151,10
6,152,4
6,153,4
6,154,4
6,155,3
6,156,3
6,157,3
6,158,2
6,159,2
6,160,2
6,161,6
6,162,6
6,163,6
6,164,6
6,165,1
6,166,1
6,167,4
6,168,1
6,169,7
6,170,2
6,171,2
6,172,3
6,173,10
6,174,10
6,175,9
6,176,9
6,177,4
6,178,4
6,179,9
6,180,10
6,181,3
6,182,4
6,183,2
6,184,2
6,185,6
6,186,4
6,187,10
6,188,4
6,189,2
6,190,7
6,191,3
6,192,3
6,193,1
6,194,2
6,195,2
6,196,7
6,197,5
6,198,5
6,199,10
6,200,8
6,201,5
6,202,2
6,203,3
6,204,8
6,205,7
6,206,3
6,207,7
6,208,8
6,209,10
6,210,7
6,211,8
6,212,1
6,213,3
6,214,2
6,215,5
6,216,6
6,217,6
6,218,1
6,219,1
6,220,6
6,221,6
6,222,10
6,223,8
6,224,1
6,225,1
6,226,7
6,227,8
6,228,5
6,229,5
6,230,2
6,231,2
6,232,8
6,233,1
6,234,6
6,235,9
6,236,7
6,237,6
6,238,10
6,239,3
6,240,1
6,241,10
6,242,10
6,243,3
6,244,6
6,245,2
6,246,4
6,247,8
6,248,4
6,249,9
6,250,1
6,251,4
6,252,4
6,253,4
6,254,4
6,255,1
6,256,1
6,257,1
6,258,2
6,259,2
6,260,2
6,261,8
6,262,8
6,263,6
6,264,9
6,265,1
6,266,9
6,267,3
6,268,7
6,269,4
6,270,4
6,271,4
6,272,4
6,273,6
6,274,6
6,275,6
6,276,2
6,277,2
6,278,9
6,279,3
6,280,9
6,281,9
6,282,9
6,283,2
6,284,2
6,285,6
6,286,4
6,287,6
6,288,9
6,289,6
6,290,8
6,291,3
6,292,6
6,293,10
6,294,2
6,295,2
6,296,3
6,297,6
6,298,2
6,299,8
6,300,10
6,301,7
6,302,7
6,303,5
6,304,8
6,305,8
6,306,8
6,307,2
6,308,1
6,309,4
6,310,3
6,311,3
6,312,3
6,313,8
6,314,7
6,315,4
6,316,4
6,317,7
6,318,1
6,319,2
6,320,2
6,321,2
6,322,3
6,323,1
6,324,6
6,325,5
6,326,7
6,327,6
6,328,6
6,329,4
6,330,4
6,331,4
6,332,4
6,333,2
6,334,2
6,335,9
6,336,5
6,337,3
6,338,1
6,339,8
6,340,2
6,341,1
6,342,1
6,343,6
6,344,5
6,345,7
6,346,4
6,347,8
6,348,8
6,349,6
6,350,10
6,351,9
6,352,4
6,353,5
6,354,5
6,355,5
6,356,5
6,357,4
6,358,2
6,359,9
6,360,2
6,361,8
6,362,8
6,363,2
6,364,2
6,365,2
6,366,2
6,367,2
6,368,10
6,369,8
6,370,10
6,371,2
6,372,9
6,373,2
6,374,2
6,375,2
6,376,2
6,377,6
6,378,2
6,379,8
6,380,1
6,381,2
6,382,2
6,383,1
6,384,4
6,385,3
6,386,1
6,387,4
6,388,4
6,389,4
6,390,6
6,391,6
6,392,6
6,393,2
6,394,2
6,395,2
6,396,6
6,397,6
6,398,6
6,399,6
6,400,6
6,401,1
6,402,1
6,403,2
6,404,2
6,405,2
6,406,4
6,407,4
6,408,2
6,409,2
6,410,8
6,411,8
6,412,8
6,413,8
6,414,3
6,415,3
6,416,3
6,417,9
6,418,6
6,419,6
6,420,10
6,421,10
6,422,7
6,423,7
6,424,7
6,425,7
6,426,7
6,427,6
6,428,6
6,429,7
6,430,5
6,431,8
6,432,8
6,433,3
6,434,7
6,435,7
6,436,4
6,437,4
6,438,6
6,439,10
6,440,10
6,441,5
6,442,7
6,443,2
6,444,2
6,445,2
6,446,5
6,447,2
6,448,2
6,449,6
6,450,6
6,451,7
6,452,7
6,453,2
6,454,2
6,455,4
6,456,2
6,457,2
6,458,2
6,459,9
6,460,9
6,461,5
6,462,8
6,463,10
6,464,8
6,465,2
6,466,3
6,467,1
6,468,9
6,469,4
6,470,4
6,471,2
6,472,7
6,473,6
6,474,1
6,475,9
6,476,8
6,477,5
6,478,9
6,479,1
6,480,3
6,481,10
6,482,2
6,483,9
6,484,7
6,485,6
6,486,9
6,487,5
6,488,3
6,489,2
6,490,2
6,491,5
6,492,4
6,493,8
6,494,3
6,495,4
6,496,4
6,497,4
6,498,1
6,499,1
6,500,1
6,501,2
6,502,2
6,503,2
6,504,6
6,505,6
6,506,6
6,507,8
6,508,8
6,509,7
6,510,7
6,511,4
6,512,4
6,513,1
6,514,1
6,515,2
6,516,2
6,517,10
6,518,10
6,519,8
6,520,8
6,521,8
6,522,5
6,523,5
6,524,2
6,525,2
6,526,2
6,527,2
6,528,2
6,529,8
6,530,8
6,531,10
6,532,8
6,533,8
6,534,6
6,535,2
6,536,2
6,537,2
6,538,1
6,539,2
6,540,3
6,541,4
6,542,3
6,543,1
6,544,8
6,545,1
6,546,4
6,547,4
6,548,4
6,549,4
6,550,4
6,551,6
6,552,6
6,553,1
6,554,1
6,555,1
6,556,4
6,557,1
6,558,1
6,559,3
6,560,1
6,561,5
6,562,5
6,563,3
6,564,2
6,565,2
6,566,3
6,567,3
6,568,4
6,569,4
6,570,8
6,571,8
6,572,8
6,573,8
6,574,7
6,575,7
6,576,7
6,577,4
6,578,4
6,579,4
6,580,2
6,581,9
6,582,9
6,583,9
6,584,9
6,585,3
6,586,6
6,587,9
6,588,2
6,589,8
6,590,9
6,591,9
6,592,9
6,593,9
6,594,10
6,595,3
6,596,3
6,597,8
6,598,8
6,599,8
6,600,8
6,601,8
6,602,9
6,603,2
6,604,2
6,605,2
6,606,6
6,607,9
6,608,5
6,609,5
6,610,4
6,611,4
6,612,3
6,613,9
6,614,9
6,615,2
6,616,1
6,617,1
6,618,6
6,619,3
6,620,7
6,621,1
6,622,4
6,623,4
6,624,1
6,625,1
6,626,6
6,627,9
6,628,1
6,629,6
6,630,6
6,631,1
6,632,8
6,633,2
6,634,2
6,635,2
6,636,9
6,637,9
6,638,2
6,639,8
6,640,4
6,641,4
6,642,2
6,643,9
6,644,5
6,645,6
6,646,8
6,647,3
6,648,9
6,649,7
6,650,4
6,651,4
6,652,4
6,653,1
6,654,1
6,655,1
6,656,2
6,657,2
6,658,2
6,659,6
6,660,6
6,661,1
6,662,1
6,663,1
6,664,5
6,665,5
6,666,5
6,667,6
6,668,6
6,669,9
6,670,9
6,671,9
6,672,6
6,673,6
6,674,9
6,675,9
6,676,9
6,677,8
6,678,9
6,679,6
6,680,6
6,681,6
6,682,10
6,683,10
6,684,9
6,685,9
6,686,2
6,687,2
6,688,6
6,689,6
6,690,6
6,691,6
6,692,2
6,693,2
6,694,3
6,695,3
6,696,6
6,697,1
6,698,2
6,699,2
6,700,10
6,701,4
6,702,3
6,703,8
6,704,7
6,705,7
6,706,7
6,707,8
6,708,6
6,709,6
6,710,6
6,711,6
6,712,2
6,713,2
6,714,7
6,715,7
6,716,2
6,717,1
6,718,4
6,719,10
6,720,7
6,721,6
6,10001,9
6,10002,9
6,10003,9
6,10004,1
6,10005,1
6,10006,1
6,10007,8
6,10008,8
6,10009,8
6,10010,8
6,10011,8
6,10012,8
6,10013,8
6,10014,8
6,10015,8
6,10016,8
6,10017,8
6,10018,8
6,10019,8
6,10020,8
6,10021,8
6,10022,8
6,10023,9
6,10024,9
6,10026,1
6,10027,1
6,10028,1
6,10029,1
6,10030,1
6,10031,5
6,10032,4
6,10034,4
6,10035,1
6,10036,9
6,10037,4
6,10038,2
6,10039,6
6,10040,8
6,10041,8
6,10042,4
6,10043,1
6,10044,1
6,10045,2
6,10046,6
6,10047,7
6,10048,6
6,10049,6
6,10050,2
6,10051,7
6,10052,7
6,10053,7
6,10054,3
6,10055,1
6,10056,2
6,10057,5
6,10058,4
6,10059,1
6,10060,9
6,10061,5
6,10062,8
6,10063,1
6,10064,3
6,10065,5
6,10066,9
6,10067,1
6,10068,2
6,10069,2
6,10070,2
6,10071,9
6,10072,8
6,10073,9
6,10074,9
6,10075,6
6,10076,6
6,10077,6
6,10078,6
6,10079,6
6,10080,6
6,10081,6
6,10082,3
6,10083,6
6,10084,3
6,10085,3
6,10086,3
6,10087,3
6,10088,3
6,10089,3
6,10090,10
6,10091,8
6,10092,4
6,10093,2
6,10094,7
6,10095,2
6,10096,1
6,10097,2
6,10098,8
6,10099,2
6,10100,2
6,10101,2
6,10102,1
6,10103,4
6,10104,6
6,10105,9
6,10106,10
6,10107,10
6,10108,7
6,20001,5
6,20002,5
6,20003,5
6,20004,5
6,20005,5
6,20006,5
6,20007,5
6,20008,5
6,20009,5
6,20010,5
6,20011,5
6,20012,5
6,20013,5
6,20014,5
6,20015,5
6,20016,5
6,20017,5
6,20018,5
6,20019,5
6,20020,5
6,20021,5
6,20022,5
6,20023,5
6,20024,5
6,20025,5
6,20026,5
6,20027,5
6,20028,8
6,20029,8
6,20030,10
6,20031,7
6,20032,7
6,20033,3
6,20034,3
6,20035,3
6,20036,6
6,20037,6
6,20038,6
6,20039,7
6,20040,7
6,20041,7
6,20042,7
6,20043,3
6,20044,5
6,20045,5
6,20046,5
6,20047,5
6,20048,5
6,20049,5
6,20050,5
6,20051,5
6,20052,5
6,20053,5
6,20054,5
6,20055,5
6,20056,5
6,20057,5
6,20058,5
6,20059,5
6,20060,5
6,20061,5
6,20062,5
6,20063,9
6,20064,9
6,20065,9
6,20066,9
6,20067,9
6,20068,9
6,20069,9
6,20070,9
6,20071,9
6,20072,9
6,20073,9
6,20074,9
6,20075,9
6,20076,9
6,20077,9
6,20078,9
6,20079,9
6,20080,9
6,20081,9
6,20082,9
6,20083,9
6,20084,2
7,1,4
7,2,4
7,3,4
7,4,1
7,5,1
7,6,1
7,7,2
7,8,2
7,9,2
7,10,4
7,11,4
7,12,9
7,13,6
7,14,3
7,15,3
7,16,6
7,17,6
7,18,6
7,19,7
7,20,6
7,21,6
7,22,6
7,23,7
7,24,7
7,25,3
7,26,3
7,27,3
7,28,3
7,29,2
7,30,2
7,31,2
7,32,7
7,33,7
7,34,7
7,35,10
7,36,10
7,37,6
7,38,3
7,39,10
7,40,10
7,41,7
7,42,7
7,43,2
7,44,2
7,45,1
7,46,1
7,47,1
7,48,7
7,49,7
7,50,6
7,51,6
7,52,3
7,53,3
7,54,3
7,55,2
7,56,6
7,57,6
7,58,6
7,59,6
7,60,2
7,61,2
7,62,2
7,63,6
7,64,6
7,65,6
7,66,8
7,67,8
7,68,8
7,69,4
7,70,4
7,71,4
7,72,2
7,73,2
7,74,6
7,75,6
7,76,6
7,77,3
7,78,3
7,79,10
7,80,10
7,81,8
7,82,8
7,83,6
7,84,6
7,85,6
7,86,9
7,87,9
7,88,7
7,89,7
7,90,7
7,91,7
7,92,7
7,93,7
7,94,7
7,95,8
7,96,3
7,97,3
7,98,1
7,99,1
7,100,1
7,101,1
7,102,10
7,103,3
7,104,6
7,105,6
7,106,6
7,107,6
7,108,10
7,109,7
7,110,7
7,111,8
7,112,8
7,113,10
7,114,2
7,115,6
7,116,2
7,117,2
7,118,1
7,119,1
7,120,6
7,121,7
7,122,10
7,123,4
7,124,1
7,125,3
7,126,1
7,127,6
7,128,6
7,129,1
7,130,2
7,131,2
7,132,7
7,133,6
7,134,2
7,135,3
7,136,1
7,137,10
7,138,2
7,139,2
7,140,6
7,141,6
7,142,7
7,143,5
7,144,2
7,145,3
7,146,3
7,147,2
7,148,2
7,149,6
7,150,7
7,151,10
7,152,4
7,153,4
7,154,4
7,155,3
7,156,3
7,157,3
7,158,2
7,159,2
7,160,2
7,161,6
7,162,6
7,163,6
7,164,6
7,165,1
7,166,1
7,167,4
7,168,1
7,169,7
7,170,2
7,171,2
7,172,3
7,173,10
7,174,10
7,175,9
7,176,9
7,177,4
7,178,4
7,179,9
7,180,10
7,181,3
7,182,4
7,183,2
7,184,2
7,185,6
7,186,4
7,187,10
7,188,4
7,189,2
7,190,7
7,191,3
7,192,3
7,193,1
7,194,2
7,195,2
7,196,7
7,197,5
7,198,5
7,199,10
7,200,8
7,201,5
7,202,2
7,203,3
7,204,8
7,205,7
7,206,3
7,207,7
7,208,8
7,209,10
7,210,7
7,211,8
7,212,1
7,213,3
7,214,2
7,215,5
7,216,6
7,217,6
7,218,1
7,219,1
7,220,6
7,221,6
7,222,10
7,223,8
7,224,1
7,225,1
7,226,7
7,227,8
7,228,5
7,229,5
7,230,2
7,231,2
7,232,8
7,233,1
7,234,6
7,235,9
7,236,7
7,237,6
7,238,10
7,239,3
7,240,1
7,241,10
7,242,10
7,243,3
7,244,6
7,245,2
7,246,4
7,247,8
7,248,4
7,249,9
7,250,1
7,251,4
7,252,4
7,253,4
7,254,4
7,255,1
7,256,1
7,257,1
7,258,2
7,259,2
7,260,2
7,261,8
7,262,8
7,263,6
7,264,9
7,265,1
7,266,9
7,267,3
7,268,7
7,269,4
7,270,4
7,271,4
7,272,4
7,273,6
7,274,6
7,275,6
7,276,2
7,277,2
7,278,9
7,279,3
7,280,9
7,281,9
7,282,9
7,283,2
7,284,2
7,285,6
7,286,4
7,287,6
7,288,9
7,289,6
7,290,8
7,291,3
7,292,6
7,293,10
7,294,2
7,295,2
7,296,3
7,297,6
7,298,2
7,299,8
7,300,10
7,301,7
7,302,7
7,303,5
7,304,8
7,305,8
7,306,8
7,307,2
7,308,1
7,309,4
7,310,3
7,311,3
7,312,3
7,313,8
7,314,7
7,315,4
7,316,4
7,317,7
7,318,1
7,319,2
7,320,2
7,321,2
7,322,3
7,323,1
7,324,6
7,325,5
7,326,7
7,327,6
7,328,6
7,329,4
7,330,4
7,331,4
7,332,4
7,333,2
7,334,2
7,335,9
7,336,5
7,337,3
7,338,1
7,339,8
7,340,2
7,341,1
7,342,1
7,343,6
7,344,5
7,345,7
7,346,4
7,347,8
7,348,8
7,349,6
7,350,10
7,351,8
7,352,4
7,353,5
7,354,5
7,355,5
7,356,5
7,357,4
7,358,2
7,359,9
7,360,2
7,361,8
7,362,8
7,363,2
7,364,2
7,365,2
7,366,2
7,367,2
7,368,10
7,369,8
7,370,10
7,371,2
7,372,9
7,373,2
7,374,2
7,375,2
7,376,2
7,377,6
7,378,2
7,379,8
7,380,1
7,381,2
7,382,2
7,383,1
7,384,4
7,385,3
7,386,1
7,387,4
7,388,4
7,389,4
7,390,6
7,391,6
7,392,6
7,393,2
7,394,2
7,395,2
7,396,6
7,397,6
7,398,6
7,399,6
7,400,6
7,401,1
7,402,1
7,403,2
7,404,2
7,405,2
7,406,4
7,407,4
7,408,2
7,409,2
7,410,8
7,411,8
7,412,4
7,413,4
7,414,3
7,415,3
7,416,3
7,417,9
7,418,6
7,419,6
7,420,10
7,421,7
7,422,7
7,423,7
7,424,7
7,425,7
7,426,7
7,427,6
7,428,6
7,429,7
7,430,5
7,431,8
7,432,8
7,433,3
7,434,7
7,435,7
7,436,4
7,437,4
7,438,6
7,439,10
7,440,10
7,441,5
7,442,7
7,443,2
7,444,2
7,445,2
7,446,5
7,447,2
7,448,2
7,449,6
7,450,6
7,451,7
7,452,7
7,453,2
7,454,2
7,455,4
7,456,2
7,457,2
7,458,2
7,459,9
7,460,9
7,461,5
7,462,8
7,463,10
7,464,8
7,465,2
7,466,3
7,467,1
7,468,9
7,469,4
7,470,4
7,471,2
7,472,7
7,473,6
7,474,1
7,475,9
7,476,8
7,477,5
7,478,9
7,479,1
7,480,3
7,481,10
7,482,2
7,483,9
7,484,7
7,485,6
7,486,9
7,487,5
7,488,3
7,489,2
7,490,2
7,491,5
7,492,4
7,493,9
7,494,3
7,495,4
7,496,4
7,497,4
7,498,1
7,499,1
7,500,1
7,501,2
7,502,2
7,503,2
7,504,6
7,505,6
7,506,6
7,507,8
7,508,8
7,509,7
7,510,7
7,511,4
7,512,4
7,513,1
7,514,1
7,515,2
7,516,2
7,517,10
7,518,10
7,519,8
7,520,8
7,521,8
7,522,5
7,523,5
7,524,2
7,525,2
7,526,2
7,527,2
7,528,2
7,529,8
7,530,8
7,531,10
7,532,8
7,533,8
7,534,6
7,535,2
7,536,2
7,537,2
7,538,1
7,539,2
7,540,3
7,541,4
7,542,3
7,543,1
7,544,8
7,545,1
7,546,4
7,547,4
7,548,4
7,549,4
7,550,4
7,551,6
7,552,6
7,553,1
7,554,1
7,555,1
7,556,4
7,557,1
7,558,1
7,559,3
7,560,1
7,561,5
7,562,5
7,563,3
7,564,2
7,565,2
7,566,3
7,567,3
7,568,4
7,569,4
7,570,8
7,571,8
7,572,8
7,573,8
7,574,7
7,575,7
7,576,7
7,577,4
7,578,4
7,579,4
7,580,2
7,581,9
7,582,9
7,583,9
7,584,9
7,585,10
7,586,6
7,587,9
7,588,2
7,589,8
7,590,9
7,591,9
7,592,9
7,593,9
7,594,10
7,595,3
7,596,3
7,597,8
7,598,8
7,599,8
7,600,8
7,601,8
7,602,9
7,603,2
7,604,2
7,605,2
7,606,6
7,607,9
7,608,5
7,609,5
7,610,4
7,611,4
7,612,3
7,613,9
7,614,9
7,615,2
7,616,1
7,617,1
7,618,6
7,619,3
7,620,7
7,621,1
7,622,4
7,623,4
7,624,1
7,625,1
7,626,6
7,627,9
7,628,1
7,629,6
7,630,6
7,631,1
7,632,8
7,633,2
7,634,2
7,635,2
7,636,9
7,637,9
7,638,2
7,639,8
7,640,4
7,641,4
7,642,2
7,643,9
7,644,5
7,645,6
7,646,8
7,647,3
7,648,9
7,649,7
7,650,4
7,651,4
7,652,4
7,653,1
7,654,1
7,655,1
7,656,2
7,657,2
7,658,2
7,659,6
7,660,6
7,661,1
7,662,1
7,663,1
7,664,5
7,665,5
7,666,9
7,667,6
7,668,6
7,669,9
7,670,9
7,671,9
7,672,6
7,673,6
7,674,9
7,675,9
7,676,9
7,677,8
7,678,2
7,679,6
7,680,6
7,681,6
7,682,10
7,683,10
7,684,9
7,685,9
7,686,2
7,687,2
7,688,6
7,689,6
7,690,6
7,691,6
7,692,2
7,693,2
7,694,3
7,695,3
7,696,6
7,697,1
7,698,2
7,699,2
7,700,10
7,701,4
7,702,3
7,703,8
7,704,7
7,705,7
7,706,7
7,707,8
7,708,6
7,709,6
7,710,6
7,711,6
7,712,2
7,713,2
7,714,7
7,715,7
7,716,2
7,717,1
7,718,4
7,719,10
7,720,7
7,721,6
7,722,6
7,723,6
7,724,6
7,725,1
7,726,1
7,727,1
7,728,2
7,729,2
7,730,2
7,731,5
7,732,5
7,733,5
7,734,6
7,735,6
7,736,8
7,737,4
7,738,2
7,739,7
7,740,9
7,741,1
7,742,3
7,743,3
7,744,6
7,745,6
7,746,2
7,747,2
7,748,2
7,749,6
7,750,6
7,751,4
7,752,4
7,753,10
7,754,10
7,755,7
7,756,7
7,757,5
7,758,5
7,759,10
7,760,10
7,761,7
7,762,7
7,763,7
7,764,4
7,765,9
7,766,9
7,767,8
7,768,8
7,769,6
7,770,6
7,771,5
7,772,8
7,773,8
7,774,6
7,775,2
7,776,1
7,777,8
7,778,3
7,779,10
7,780,9
7,781,4
7,782,8
7,783,8
7,784,8
7,785,3
7,786,10
7,787,1
7,788,7
7,789,2
7,790,2
7,791,9
7,792,7
7,793,9
7,794,1
7,795,9
7,796,5
7,797,4
7,798,9
7,799,5
7,800,5
7,801,8
7,802,8
7,803,7
7,804,7
7,805,8
7,806,9
7,807,3
7,808,8
7,809,8
7,10001,1
7,10002,2
7,10003,9
7,10004,1
7,10005,1
7,10006,1
7,10007,6
7,10008,1
7,10009,9
7,10010,9
7,10011,9
7,10012,9
7,10013,9
7,10014,9
7,10015,9
7,10016,9
7,10017,9
7,10018,9
7,10019,9
7,10020,9
7,10021,9
7,10022,9
7,10023,9
7,10024,9
7,10026,1
7,10027,1
7,10028,1
7,10029,1
7,10030,1
7,10031,5
7,10032,4
7,10034,4
7,10035,2
7,10036,9
7,10037,4
7,10038,2
7,10039,6
7,10040,8
7,10041,8
7,10042,4
7,10043,5
7,10044,1
7,10045,2
7,10046,6
7,10047,7
7,10048,6
7,10049,6
7,10050,2
7,10051,7
7,10052,7
7,10053,7
7,10054,3
7,10055,1
7,10056,2
7,10057,5
7,10058,4
7,10059,1
7,10060,9
7,10061,5
7,10062,8
7,10063,1
7,10064,3
7,10065,5
7,10066,9
7,10067,7
7,10068,7
7,10069,2
7,10070,2
7,10071,9
7,10072,9
7,10073,9
7,10074,9
7,10075,6
7,10076,6
7,10077,6
7,10078,6
7,10079,6
7,10080,6
7,10081,6
7,10082,3
7,10083,6
7,10090,10
7,10091,8
7,10092,4
7,10093,2
7,10094,7
7,10095,2
7,10096,1
7,10097,2
7,10098,8
7,10099,2
7,10100,2
7,10101,2
7,10102,1
7,10103,4
7,10104,6
7,10105,9
7,10106,9
7,10107,10
7,10108,7
7,10109,5
7,10110,5
7,10111,5
7,10112,3
7,10113,6
7,10114,9
7,10115,2
7,10116,9
7,10117,2
7,10118,6
7,10119,6
7,10120,2
7,10121,2
7,10122,8
7,10123,8
7,10124,8
7,10125,4
7,10126,4
7,10127,3
7,10128,7
7,10129,2
7,10130,2
7,10131,5
7,10132,5
7,10133,4
7,10134,5
7,10135,6
7,10136,2
7,10137,3
7,10138,10
7,10139,7
7,10140,1
7,10141,2
7,10142,10
7,10143,5
7,10144,8
7,10145,8
7,10146,8
7,10147,8
7,10148,8
7,10149,8
7,10150,8
7,10151,8
7,10152,8
7,10153,8
7,10154,8
7,10155,8
7,10156,8
7,10157,8
7,10158,8
7,10159,8
7,10160,8
7,10161,1
7,10162,3
7,10163,8
7,10164,7
7,10165,3
7,10166,6
7,10167,6
7,10168,4
7,10169,8
7,10170,3
7,10171,2
7,10172,3
7,10173,3
7,10174,6
7,20001,5
7,20002,5
7,20003,5
7,20004,5
7,20005,5
7,20006,5
7,20007,5
7,20008,5
7,20009,5
7,20010,5
7,20011,5
7,20012,5
7,20013,5
7,20014,5
7,20015,5
7,20016,5
7,20017,5
7,20018,5
7,20019,5
7,20020,5
7,20021,5
7,20022,5
7,20023,5
7,20024,5
7,20025,5
7,20026,5
7,20027,5
7,20028,4
7,20029,4
7,20030,10
7,20031,2
7,20032,2
7,20033,10
7,20034,10
7,20035,10
7,20036,6
7,20037,6
7,20038,6
7,20039,7
7,20040,7
7,20041,7
7,20042,7
7,20043,3
7,20044,9
7,20045,9
7,20046,9
7,20047,9
7,20048,9
7,20049,9
7,20050,9
7,20051,9
7,20052,9
7,20053,9
7,20054,9
7,20055,9
7,20056,9
7,20057,9
7,20058,9
7,20059,9
7,20060,9
7,20061,9
7,20062,9
7,20063,9
7,20064,9
7,20065,9
7,20066,9
7,20067,9
7,20068,9
7,20069,9
7,20070,9
7,20071,9
7,20072,9
7,20073,9
7,20074,9
7,20075,9
7,20076,9
7,20077,9
7,20078,9
7,20079,9
7,20080,9
7,20081,9
7,20082,9
7,20083,9
7,20084,2
7,20085,3
7,20086,3
7,20087,3
7,20088,3
7,20089,3
7,20090,6
7,20091,6
7,20092,6
7,20093,6
7,20094,6
7,20095,6
7,20096,1
7,20097,3
7,20098,4
7,20099,2
7,20100,2
7,20101,7
7,20102,3
7,20103,3
7,20104,1
7,20105,3
8,1,4
8,2,4
8,3,4
8,4,1
8,5,1
8,6,1
8,7,2
8,8,2
8,9,2
8,10,4
8,11,4
8,12,9
8,25,3
8,26,3
8,27,3
8,28,3
8,29,2
8,30,2
8,31,2
8,32,7
8,33,7
8,34,7
8,35,10
8,36,10
8,37,6
8,38,3
8,39,10
8,40,10
8,41,7
8,42,7
8,43,2
8,44,2
8,45,1
8,50,6
8,51,6
8,52,3
8,53,3
8,54,3
8,55,2
8,58,6
8,59,6
8,60,2
8,61,2
8,62,2
8,63,6
8,64,6
8,65,6
8,66,8
8,67,8
8,68,8
8,72,2
8,73,2
8,77,3
8,78,3
8,79,10
8,80,10
8,81,8
8,82,8
8,83,6
8,90,7
8,91,7
8,92,7
8,93,7
8,94,7
8,95,8
8,98,1
8,99,1
8,102,10
8,103,3
8,104,6
8,105,6
8,106,6
8,107,6
8,108,10
8,109,7
8,110,7
8,111,8
8,112,8
8,113,10
8,114,2
8,115,6
8,116,2
8,117,2
8,118,1
8,119,1
8,120,6
8,121,7
8,122,10
8,123,4
8,124,1
8,125,3
8,126,1
8,127,6
8,128,6
8,129,1
8,130,2
8,131,2
8,132,7
8,133,6
8,134,2
8,135,3
8,136,1
8,137,10
8,138,2
8,139,2
8,140,6
8,141,6
8,142,7
8,143,5
8,144,2
8,145,3
8,146,3
8,147,2
8,148,2
8,149,6
8,150,7
8,151,10
8,163,6
8,164,6
8,169,7
8,170,2
8,171,2
8,172,3
8,173,10
8,174,10
8,175,9
8,176,9
8,177,4
8,178,4
8,182,4
8,183,2
8,184,2
8,185,6
8,186,4
8,194,2
8,195,2
8,196,7
8,197,5
8,199,10
8,202,2
8,206,3
8,208,8
8,211,8
8,212,1
8,213,3
8,214,2
8,215,5
8,220,6
8,221,6
8,222,10
8,223,8
8,224,1
8,225,1
8,226,7
8,227,8
8,230,2
8,233,1
8,236,7
8,237,6
8,238,10
8,239,3
8,240,1
8,241,10
8,242,10
8,243,3
8,244,6
8,245,2
8,246,4
8,247,8
8,248,4
8,249,9
8,250,1
8,251,4
8,252,4
8,253,4
8,254,4
8,255,1
8,256,1
8,257,1
8,258,2
8,259,2
8,260,2
8,263,6
8,264,9
8,270,4
8,271,4
8,272,4
8,273,6
8,274,6
8,275,6
8,278,9
8,279,3
8,280,9
8,281,9
8,282,9
8,290,8
8,291,3
8,292,6
8,293,10
8,294,2
8,295,2
8,298,2
8,302,7
8,303,5
8,304,8
8,305,8
8,306,8
8,309,4
8,310,3
8,315,4
8,318,1
8,319,2
8,320,2
8,321,2
8,324,6
8,328,6
8,329,4
8,330,4
8,333,2
8,334,2
8,337,3
8,338,1
8,339,8
8,340,2
8,341,1
8,342,1
8,343,6
8,344,5
8,345,7
8,346,4
8,347,8
8,348,8
8,349,6
8,350,10
8,355,5
8,356,5
8,359,9
8,360,2
8,361,8
8,362,8
8,363,2
8,364,2
8,365,2
8,369,8
8,371,2
8,372,9
8,373,2
8,374,2
8,375,2
8,376,2
8,377,6
8,378,2
8,379,8
8,380,1
8,381,2
8,382,2
8,383,1
8,384,4
8,385,3
8,403,2
8,404,2
8,405,2
8,406,4
8,407,4
8,415,3
8,416,3
8,420,10
8,421,7
8,422,7
8,423,7
8,425,7
8,426,7
8,427,6
8,428,6
8,434,7
8,435,7
8,436,4
8,437,4
8,438,6
8,439,10
8,440,10
8,442,7
8,443,2
8,444,2
8,445,2
8,446,5
8,447,2
8,448,2
8,449,6
8,450,6
8,451,7
8,452,7
8,453,2
8,454,2
8,458,2
8,459,9
8,460,9
8,461,5
8,462,8
8,463,10
8,464,8
8,465,2
8,466,3
8,467,1
8,468,9
8,470,4
8,471,2
8,473,6
8,474,1
8,475,9
8,477,5
8,478,9
8,479,1
8,480,3
8,481,10
8,482,2
8,483,9
8,484,7
8,485,6
8,486,9
8,487,5
8,488,3
8,494,3
8,506,6
8,507,8
8,508,8
8,509,7
8,510,7
8,517,10
8,518,10
8,519,8
8,520,8
8,521,8
8,524,2
8,525,2
8,526,2
8,527,2
8,528,2
8,529,8
8,530,8
8,531,10
8,532,8
8,533,8
8,534,6
8,535,2
8,536,2
8,537,2
8,538,1
8,539,2
8,543,1
8,544,8
8,545,1
8,546,4
8,547,4
8,548,4
8,549,4
8,550,4
8,551,6
8,552,6
8,553,1
8,554,1
8,555,1
8,556,4
8,557,1
8,558,1
8,559,3
8,560,1
8,561,5
8,562,5
8,563,3
8,564,2
8,565,2
8,566,3
8,567,3
8,568,4
8,569,4
8,570,8
8,571,8
8,572,8
8,573,8
8,574,7
8,575,7
8,576,7
8,577,4
8,578,4
8,579,4
8,582,9
8,583,9
8,584,9
8,587,9
8,588,2
8,589,8
8,590,9
8,591,9
8,592,9
8,593,9
8,595,3
8,596,3
8,597,8
8,598,8
8,599,8
8,600,8
8,601,8
8,605,2
8,606,6
8,607,9
8,608,5
8,609,5
8,610,4
8,611,4
8,612,3
8,613,9
8,614,9
8,615,2
8,616,1
8,617,1
8,618,6
8,619,3
8,620,7
8,621,1
8,622,4
8,623,4
8,624,1
8,625,1
8,626,6
8,627,9
8,628,1
8,629,6
8,630,6
8,631,1
8,632,8
8,633,2
8,634,2
8,635,2
8,636,9
8,637,9
8,638,2
8,639,8
8,640,4
8,641,4
8,642,2
8,643,9
8,644,5
8,645,6
8,646,8
8,647,3
8,649,7
8,659,6
8,660,6
8,661,1
8,662,1
8,663,1
8,674,9
8,675,9
8,677,8
8,678,2
8,679,6
8,680,6
8,681,6
8,682,10
8,683,10
8,684,9
8,685,9
8,686,2
8,687,2
8,688,6
8,689,6
8,690,6
8,691,6
8,692,2
8,693,2
8,694,3
8,695,3
8,696,6
8,697,1
8,698,2
8,699,2
8,700,10
8,701,4
8,702,3
8,703,8
8,704,7
8,705,7
8,706,7
8,707,8
8,708,6
8,709,6
8,710,6
8,711,6
8,712,2
8,713,2
8,714,7
8,715,7
8,716,2
8,717,1
8,718,4
8,719,10
8,721,6
8,722,6
8,723,6
8,724,6
8,725,1
8,726,1
8,727,1
8,728,2
8,729,2
8,730,2
8,736,8
8,737,4
8,738,2
8,742,3
8,743,3
8,744,6
8,745,6
8,746,2
8,747,2
8,748,2
8,749,6
8,750,6
8,751,4
8,752,4
8,753,10
8,754,10
8,755,7
8,756,7
8,757,5
8,758,5
8,759,10
8,760,10
8,761,7
8,762,7
8,763,7
8,764,4
8,765,9
8,766,9
8,767,8
8,768,8
8,769,6
8,770,6
8,771,5
8,772,8
8,773,8
8,776,1
8,777,8
8,778,3
8,780,9
8,781,4
8,782,8
8,783,8
8,784,8
8,785,3
8,786,10
8,787,1
8,788,7
8,789,2
8,790,2
8,791,9
8,792,7
8,793,9
8,794,1
8,795,9
8,796,5
8,797,4
8,798,9
8,799,5
8,800,5
8,801,8
8,802,8
8,803,7
8,804,7
8,805,8
8,806,9
8,807,3
8,808,8
8,809,8
8,810,4
8,811,4
8,812,4
8,813,9
8,814,8
8,815,9
8,816,2
8,817,2
8,818,2
8,819,6
8,820,6
8,821,2
8,822,2
8,823,7
8,824,2
8,825,3
8,826,1
8,827,6
8,828,6
8,829,4
8,830,4
8,831,9
8,832,9
8,833,4
8,834,4
8,835,3
8,836,3
8,837,5
8,838,5
8,839,5
8,840,4
8,841,4
8,842,4
8,843,4
8,844,4
8,845,2
8,846,6
8,847,6
8,848,7
8,849,7
8,850,1
8,851,1
8,852,6
8,853,2
8,854,7
8,855,7
8,856,10
8,857,10
8,858,10
8,859,10
8,860,10
8,861,7
8,862,8
8,863,6
8,864,9
8,865,9
8,866,7
8,867,8
8,868,9
8,869,9
8,870,3
8,871,7
8,872,9
8,873,9
8,874,8
8,875,2
8,876,7
8,877,3
8,878,3
8,879,4
8,880,4
8,881,2
8,882,4
8,883,2
8,884,9
8,885,4
8,886,4
8,887,4
8,888,2
8,889,1
8,890,7
8,10026,1
8,10027,1
8,10028,1
8,10029,1
8,10030,1
8,10031,5
8,10034,4
8,10035,2
8,10037,4
8,10038,2
8,10039,6
8,10040,8
8,10041,8
8,10074,9
8,10075,6
8,10076,6
8,10077,6
8,10078,6
8,10079,6
8,10080,6
8,10081,6
8,10112,3
8,10113,6
8,10114,9
8,10115,2
8,10116,9
8,10117,2
8,10118,6
8,10119,6
8,10120,2
8,10121,2
8,10127,3
8,10128,7
8,10131,5
8,10132,5
8,10133,4
8,10134,5
8,10140,1
8,10141,2
8,10144,8
8,10145,8
8,10146,8
8,10147,8
8,10148,8
8,10149,8
8,10150,8
8,10151,8
8,10152,8
8,10153,8
8,10154,8
8,10155,8
8,10156,8
8,10157,8
8,10158,8
8,10159,8
8,10160,8
8,10166,6
8,10167,6
8,10170,3
8,10171,2
8,10175,6
8,10176,9
8,10177,9
8,10178,6
8,10179,8
8,10180,9
8,10181,9
8,10182,9
8,10183,9
8,10184,9
8,10185,9
8,10186,9
8,10187,5
8,10188,4
8,10189,7
8,10190,2
8,10191,7
8,10192,2
8,10193,1
8,10194,7
8,10195,10
8,20030,7
8,20031,7
8,20032,7
8,20039,7
8,20040,7
8,20041,7
8,20042,7
8,20043,3
8,20084,2
8,20085,3
8,20086,3
8,20087,3
8,20088,3
8,20089,3
8,20102,3
8,20104,1
8,20105,3
8,20106,1
8,20107,9
8,20108,3
8,20109,3
8,20110,8
8,20111,7
8,20112,1
8,20113,2
8,20114,6
8,20115,5
8,20116,4
8,20117,8
8,20118,7
8,20119,1
8,20120,4
8,20121,5
8,20122,4
8,20123,4
8,20124,4
8,20125,2
8,20126,2
8,20127,7
8,20128,1
8,20129,7
8,20130,7
8,20131,10
8,20132,7
8,20133,9
8,20134,9
8,20135,9
8,20136,9
8,20137,9
8,20138,9
8,20139,9
8,20140,9
8,20141,9
8,20142,9
8,20143,9
8,20144,9
8,20145,9
8,20146,9
8,20147,9
8,20148,9
8,20149,9
8,20150,9
8,20151,9
8,20152,9
8,20153,9
8,20154,9
8,20155,9
8,20156,9
8,20157,9
8,20158,9
8,20159,9
8,20160,9
8,20161,9
8,20162,9
8,20163,9
8,20164,9
8,20165,9
8,20166,9
8,20167,9
8,20168,9
8,20169,9
8,20170,9
8,20171,9
8,20172,9
8,20173,9
8,20174,9
8,20175,9
8,20176,9
8,20177,9
8,20178,9
8,20179,9
8,20180,9
8,20181,9
8,20182,9
8,20183,9
8,20184,9
8,20185,9
8,20186,9
8,20187,9
8,20188,9
8,20189,9
8,20190,9
8,20191,9
8,20192,9
8,20193,9
8,20194,9
8,20195,9
8,20196,3
8,20197,4
8,20198,9
8,20199,7
9,1,4
9,2,4
9,3,4
9,4,1
9,5,1
9,6,1
9,7,2
9,8,2
9,9,2
9,23,7
9,24,7
9,25,3
9,26,3
9,27,3
9,28,3
9,35,10
9,36,10
9,37,6
9,38,3
9,39,10
9,40,10
9,43,2
9,44,2
9,45,1
9,48,7
9,49,7
9,50,6
9,51,6
9,52,3
9,53,3
9,54,3
9,55,2
9,56,6
9,57,6
9,58,6
9,59,6
9,60,2
9,61,2
9,62,2
9,69,4
9,70,4
9,71,4
9,72,2
9,73,2
9,74,6
9,75,6
9,76,6
9,79,10
9,80,10
9,81,8
9,82,8
9,84,6
9,85,6
9,86,9
9,87,9
9,88,7
9,89,7
9,90,7
9,91,7
9,92,7
9,93,7
9,94,7
9,96,3
9,97,3
9,100,1
9,101,1
9,102,10
9,103,3
9,106,6
9,107,6
9,109,7
9,110,7
9,111,8
9,112,8
9,113,10
9,116,2
9,117,2
9,123,4
9,125,3
9,126,1
9,128,6
9,129,1
9,130,2
9,131,2
9,132,7
9,133,6
9,134,2
9,135,3
9,136,1
9,137,10
9,143,5
9,144,2
9,145,3
9,146,3
9,147,2
9,148,2
9,149,6
9,150,7
9,151,10
9,152,4
9,153,4
9,154,4
9,155,3
9,156,3
9,157,3
9,158,2
9,159,2
9,160,2
9,161,6
9,162,6
9,163,6
9,164,6
9,167,4
9,168,1
9,170,2
9,171,2
9,172,3
9,173,10
9,174,10
9,179,9
9,180,10
9,181,3
9,182,4
9,183,2
9,184,2
9,185,6
9,186,4
9,187,10
9,188,4
9,189,2
9,190,7
9,191,3
9,192,3
9,193,1
9,194,2
9,195,2
9,196,7
9,197,5
9,198,5
9,199,10
9,200,8
9,203,3
9,204,8
9,205,7
9,206,3
9,207,7
9,209,10
9,210,7
9,211,8
9,212,1
9,214,2
9,215,5
9,216,6
9,217,6
9,218,1
9,219,1
9,220,6
9,221,6
9,225,1
9,227,8
9,228,5
9,229,5
9,230,2
9,231,2
9,232,8
9,233,1
9,234,6
9,235,9
9,236,7
9,237,6
9,239,3
9,240,1
9,242,10
9,243,3
9,244,6
9,245,2
9,246,4
9,247,8
9,248,4
9,249,9
9,250,1
9,252,4
9,253,4
9,254,4
9,255,1
9,256,1
9,257,1
9,258,2
9,259,2
9,260,2
9,261,8
9,262,8
9,270,4
9,271,4
9,272,4
9,273,6
9,274,6
9,275,6
9,278,9
9,279,3
9,280,9
9,281,9
9,282,9
9,283,2
9,284,2
9,285,6
9,286,4
9,287,6
9,288,9
9,289,6
9,296,3
9,297,6
9,298,2
9,299,8
9,302,7
9,307,2
9,308,1
9,311,3
9,312,3
9,313,8
9,314,7
9,316,4
9,317,7
9,322,3
9,323,1
9,324,6
9,325,5
9,326,7
9,328,6
9,329,4
9,330,4
9,331,4
9,332,4
9,333,2
9,334,2
9,335,9
9,336,5
9,339,8
9,340,2
9,341,1
9,342,1
9,349,6
9,350,10
9,353,5
9,354,5
9,355,5
9,356,5
9,357,4
9,358,2
9,361,8
9,362,8
9,370,10
9,371,2
9,372,9
9,373,2
9,374,2
9,375,2
9,376,2
9,377,6
9,378,2
9,379,8
9,380,1
9,381,2
9,382,2
9,383,1
9,384,4
9,385,3
9,386,1
9,387,4
9,388,4
9,389,4
9,390,6
9,391,6
9,392,6
9,393,2
9,394,2
9,395,2
9,396,6
9,397,6
9,398,6
9,401,1
9,402,1
9,403,2
9,404,2
9,405,2
9,408,2
9,409,2
9,410,8
9,411,8
9,415,3
9,416,3
9,417,9
9,418,6
9,419,6
9,422,7
9,423,7
9,424,7
9,425,7
9,426,7
9,429,7
9,430,5
9,433,3
9,434,7
9,435,7
9,436,4
9,437,4
9,438,6
9,440,10
9,442,7
9,443,2
9,444,2
9,445,2
9,446,5
9,447,2
9,448,2
9,449,6
9,450,6
9,453,2
9,454,2
9,456,2
9,457,2
9,459,9
9,460,9
9,461,5
9,462,8
9,464,8
9,466,3
9,467,1
9,469,4
9,470,4
9,471,2
9,472,7
9,473,6
9,474,1
9,475,9
9,476,8
9,477,5
9,478,9
9,479,1
9,480,3
9,481,10
9,482,2
9,483,9
9,484,7
9,485,6
9,486,9
9,487,5
9,488,3
9,489,2
9,490,2
9,491,5
9,492,4
9,493,9
9,495,4
9,496,4
9,497,4
9,498,1
9,499,1
9,500,1
9,501,2
9,502,2
9,503,2
9,522,5
9,523,5
9,529,8
9,530,8
9,532,8
9,533,8
9,534,6
9,540,3
9,541,4
9,542,3
9,546,4
9,547,4
9,548,4
9,549,4
9,550,4
9,551,6
9,552,6
9,553,1
9,559,3
9,560,1
9,570,8
9,571,8
9,572,8
9,573,8
9,574,7
9,575,7
9,576,7
9,577,4
9,578,4
9,579,4
9,580,2
9,581,9
9,585,10
9,586,6
9,590,9
9,591,9
9,594,10
9,595,3
9,596,3
9,602,9
9,603,2
9,604,2
9,607,9
9,608,5
9,609,5
9,610,4
9,611,4
9,612,3
9,613,9
9,614,9
9,615,2
9,619,3
9,620,7
9,622,4
9,623,4
9,624,1
9,625,1
9,627,9
9,628,1
9,629,6
9,630,6
9,633,2
9,634,2
9,635,2
9,636,9
9,637,9
9,638,2
9,639,8
9,640,4
9,641,4
9,642,2
9,643,9
9,644,5
9,645,6
9,646,8
9,647,3
9,648,9
9,650,4
9,651,4
9,652,4
9,653,1
9,654,1
9,655,1
9,656,2
9,657,2
9,658,2
9,661,1
9,662,1
9,663,1
9,664,5
9,665,5
9,666,9
9,667,6
9,668,6
9,669,9
9,670,9
9,671,9
9,672,6
9,673,6
9,677,8
9,678,2
9,686,2
9,687,2
9,690,6
9,691,6
9,692,2
9,693,2
9,700,10
9,701,4
9,702,3
9,703,8
9,704,7
9,705,7
9,706,7
9,707,8
9,708,6
9,709,6
9,712,2
9,713,2
9,714,7
9,715,7
9,719,10
9,720,7
9,721,6
9,722,6
9,723,6
9,724,6
9,725,1
9,726,1
9,727,1
9,728,2
9,729,2
9,730,2
9,731,5
9,732,5
9,733,5
9,734,6
9,735,6
9,736,8
9,737,4
9,738,2
9,739,7
9,740,9
9,741,1
9,742,3
9,743,3
9,744,6
9,745,6
9,747,2
9,748,2
9,749,6
9,750,6
9,751,4
9,752,4
9,753,10
9,754,10
9,757,5
9,758,5
9,761,7
9,762,7
9,763,7
9,764,4
9,765,9
9,766,9
9,769,6
9,769,6
9,774,6
9,775,2
9,778,3
9,779,10
9,782,8
9,783,8
9,784,8
9,789,2
9,790,2
9,791,9
9,792,7
9,800,5
9,801,8
9,810,4
9,811,4
9,812,4
9,813,9
9,814,8
9,815,9
9,816,2
9,817,2
9,818,2
9,819,6
9,820,6
9,821,2
9,822,2
9,823,7
9,833,4
9,834,4
9,837,5
9,838,5
9,839,5
9,840,4
9,841,4
9,842,4
9,843,4
9,844,4
9,845,2
9,846,6
9,847,6
9,848,7
9,849,7
9,854,7
9,855,7
9,856,10
9,857,10
9,858,10
9,859,10
9,860,10
9,861,7
9,863,6
9,868,9
9,869,9
9,870,3
9,871,7
9,872,9
9,873,9
9,874,8
9,875,2
9,876,7
9,877,3
9,878,3
9,879,4
9,884,9
9,885,4
9,886,4
9,887,4
9,888,2
9,889,1
9,890,7
9,891,8
9,892,8
9,893,5
9,894,3
9,895,4
9,896,9
9,897,5
9,898,4
9,899,9
9,900,6
9,901,6
9,902,4
9,903,7
9,904,5
9,905,10
9,906,4
9,907,4
9,908,4
9,909,1
9,910,1
9,911,1
9,912,2
9,913,2
9,914,2
9,915,8
9,916,8
9,917,9
9,918,4
9,919,8
9,920,8
9,921,3
9,922,3
9,923,3
9,924,9
9,925,9
9,926,3
9,927,6
9,928,4
9,929,4
9,930,4
9,931,4
9,932,6
9,933,6
9,934,6
9,935,1
9,936,1
9,937,7
9,938,3
9,939,4
9,940,5
9,941,3
9,942,6
9,943,8
9,944,8
9,945,8
9,946,6
9,947,6
9,948,3
9,949,5
9,950,1
9,951,4
9,952,4
9,953,6
9,954,4
9,955,3
9,956,3
9,957,10
9,958,10
9,959,10
9,960,9
9,961,1
9,962,9
9,963,2
9,964,2
9,965,8
9,966,8
9,967,4
9,968,10
9,969,2
9,970,2
9,971,9
9,972,9
9,973,10
9,974,9
9,975,9
9,976,8
9,977,2
9,978,1
9,979,8
9,980,6
9,981,6
9,982,3
9,983,5
9,984,7
9,985,10
9,986,8
9,987,8
9,988,9
9,989,8
9,990,8
9,991,1
9,992,8
9,993,2
9,994,9
9,995,4
9,996,8
9,997,2
9,998,2
9,999,1
9,1000,3
9,1001,6
9,1002,9
9,1003,6
9,1004,1
9,1005,2
9,1006,9
9,1007,1
9,1008,7
9,1009,2
9,1010,4
9,1011,4
9,1012,4
9,1013,4
9,1014,5
9,1015,5
9,1016,5
9,1017,4
9,1018,9
9,1019,4
9,1020,6
9,1021,3
9,1022,8
9,1023,2
9,1024,2
9,1025,7
9,10004,1
9,10005,1
9,10006,1
9,10009,9
9,10010,9
9,10011,9
9,10012,9
9,10013,9
9,10014,9
9,10015,9
9,10016,9
9,10017,9
9,10018,9
9,10019,9
9,10020,9
9,10021,9
9,10022,9
9,10023,9
9,10024,9
9,10026,1
9,10027,1
9,10028,1
9,10029,1
9,10030,1
9,10031,5
9,10032,4
9,10034,4
9,10036,9
9,10037,4
9,10038,2
9,10039,6
9,10040,8
9,10041,8
9,10072,9
9,10074,9
9,10108,7
9,10112,3
9,10113,6
9,10114,9
9,10115,2
9,10116,9
9,10117,2
9,10118,6
9,10119,6
9,10120,2
9,10121,2
9,10122,8
9,10123,8
9,10124,8
9,10125,4
9,10126,4
9,10127,3
9,10129,2
9,10137,3
9,10138,10
9,10139,7
9,10140,1
9,10161,1
9,10166,6
9,10167,6
9,10170,3
9,10171,2
9,10175,6
9,10179,8
9,10189,7
9,10190,2
9,10191,7
9,10192,2
9,10193,1
9,10195,10
9,10196,10
9,10197,8
9,10198,7
9,10199,3
9,10200,1
9,10201,10
9,10202,9
9,10203,5
9,10204,6
9,10205,6
9,10206,1
9,10207,1
9,10208,3
9,10209,5
9,10210,8
9,10211,2
9,10212,7
9,10213,2
9,10214,4
9,10215,4
9,10216,8
9,10217,8
9,10218,9
9,10219,7
9,10220,7
9,10221,2
9,10222,6
9,10223,4
9,10224,10
9,10225,5
9,10226,5
9,10227,5
9,10228,6
9,10229,6
9,10230,2
9,10231,3
9,10232,9
9,10233,2
9,10234,8
9,10235,6
9,10236,2
9,10237,1
9,10238,8
9,10239,4
9,10240,2
9,10241,1
9,10242,8
9,10243,2
9,10244,2
9,20031,2
9,20032,2
9,20033,4
9,20034,1
9,20035,6
9,20036,6
9,20037,6
9,20038,6
9,20043,3
9,20044,2
9,20045,2
9,20046,3
9,20047,4
9,20048,7
9,20049,10
9,20050,1
9,20051,2
9,20052,6
9,20053,6
9,20054,6
9,20055,6
9,20056,8
9,20057,4
9,20058,1
9,20059,1
9,20060,4
9,20061,10
9,20062,1
9,20063,9
9,20064,9
9,20065,9
9,20066,9
9,20067,9
9,20068,9
9,20069,9
9,20070,9
9,20071,9
9,20072,9
9,20073,9
9,20074,9
9,20085,3
9,20086,3
9,20087,3
9,20088,3
9,20089,3
9,20090,6
9,20091,6
9,20092,6
9,20093,6
9,20094,6
9,20095,6
9,20096,1
9,20097,3
9,20098,4
9,20099,2
9,20100,2
9,20101,7
9,20102,3
9,20104,1
9,20105,3
9,20125,2
9,20126,2
9,20129,7
9,20130,7
9,20196,7
9,20206,5
9,20207,3
9,20214,9
9,20215,10
9,20216,3
9,20217,3
9,20218,1
9,20219,1
9,20220,1
9,20221,1
9,20222,7
9,20223,7
9,20224,7
9,20225,7
9,20226,4
9,20227,4
