version_group_id,move_id,stat_id,stages,percent
1,14,2,2,0
1,28,6,-1,0
1,39,3,-1,0
1,43,3,-1,0
1,45,2,-1,0
1,51,3,-1,33
1,61,4,-1,33
1,62,2,-1,33
1,74,5,1,0
1,81,4,-1,0
1,94,5,-1,33
1,96,2,1,0
1,97,4,2,0
1,103,3,-2,0
1,104,7,1,0
1,106,3,1,0
1,107,7,1,0
1,108,6,-1,0
1,110,3,1,0
1,111,3,1,0
1,112,3,2,0
1,132,4,-1,33
1,133,5,2,0
1,134,6,-1,0
1,145,4,-1,33
1,148,6,-1,0
1,151,3,2,0
1,159,2,1,0
2,14,2,2,0
2,28,6,-1,0
2,39,3,-1,0
2,43,3,-1,0
2,45,2,-1,0
2,51,3,-1,33
2,61,4,-1,33
2,62,2,-1,33
2,74,5,1,0
2,81,4,-1,0
2,94,5,-1,33
2,96,2,1,0
2,97,4,2,0
2,103,3,-2,0
2,104,7,1,0
2,106,3,1,0
2,107,7,1,0
2,108,6,-1,0
2,110,3,1,0
2,111,3,1,0
2,112,3,2,0
2,132,4,-1,33
2,133,5,2,0
2,134,6,-1,0
2,145,4,-1,33
2,148,6,-1,0
2,151,3,2,0
2,159,2,1,0
3,14,2,2,0
3,28,6,-1,0
3,39,3,-1,0
3,43,3,-1,0
3,45,2,-1,0
3,51,3,-1,33
3,61,4,-1,33
3,62,2,-1,33
3,74,5,1,0
3,81,4,-1,0
3,94,5,-1,33
3,96,2,1,0
3,97,4,2,0
3,103,3,-2,0
3,104,7,1,0
3,106,3,1,0
3,107,7,1,0
3,108,6,-1,0
3,110,3,1,0
3,111,3,1,0
3,112,3,2,0
3,132,4,-1,33
3,133,5,2,0
3,134,6,-1,0
3,145,4,-1,33
3,148,6,-1,0
3,151,3,2,0
3,159,2,1,0
4,14,2,2,0
4,28,6,-1,0
4,39,3,-1,0
4,43,3,-1,0
4,45,2,-1,0
4,51,3,-1,33
4,61,4,-1,33
4,62,2,-1,33
4,74,5,1,0
4,81,4,-1,0
4,94,5,-1,33
4,96,2,1,0
4,97,4,2,0
4,103,3,-2,0
4,104,7,1,0
4,106,3,1,0
4,107,7,1,0
4,108,6,-1,0
4,110,3,1,0
4,111,3,1,0
4,112,3,2,0
4,132,4,-1,33
4,133,5,2,0
4,134,6,-1,0
4,145,4,-1,33
4,148,6,-1,0
4,151,3,2,0
4,159,2,1,0
5,14,2,2,0
5,28,6,-1,0
5,39,3,-1,0
5,43,3,-1,0
5,45,2,-1,0
5,51,3,-1,10
5,61,4,-1,10
5,62,2,-1,10
5,74,8,1,0
5,81,4,-1,0
5,94,9,-1,10
5,96,2,1,0
5,97,4,2,0
5,103,3,-2,0
5,104,7,1,0
5,106,3,1,0
5,107,7,1,0
5,108,6,-1,0
5,110,3,1,0
5,111,3,1,0
5,112,3,2,0
5,132,4,-1,10
5,133,9,2,0
5,134,6,-1,0
5,145,4,-1,10
5,148,6,-1,0
5,151,3,2,0
5,159,2,1,0
5,178,4,-2,0
5,184,4,-2,90
5,189,6,-1,100
5,190,6,-1,50
5,196,4,-1,100
5,204,2,-2,0
5,207,2,2,0
5,211,3,1,10
5,230,7,-1,0
5,231,3,-1,30
5,232,2,1,10
5,242,3,-1,20
5,246,2,1,10
5,246,3,1,10
5,246,4,1,10
5,246,8,1,10
5,246,9,1,10
5,247,9,-1,20
5,249,3,-1,50
6,14,2,2,0
6,28,6,-1,0
6,39,3,-1,0
6,43,3,-1,0
6,45,2,-1,0
6,51,3,-1,10
6,61,4,-1,10
6,62,2,-1,10
6,74,8,1,0
6,81,4,-1,0
6,94,9,-1,10
6,96,2,1,0
6,97,4,2,0
6,103,3,-2,0
6,104,7,1,0
6,106,3,1,0
6,107,7,1,0
6,108,6,-1,0
6,110,3,1,0
6,111,3,1,0
6,112,3,2,0
6,132,4,-1,10
6,133,9,2,0
6,134,6,-1,0
6,145,4,-1,10
6,148,6,-1,0
6,151,3,2,0
6,159,2,1,0
6,178,4,-2,0
6,184,4,-2,90
6,189,6,-1,100
6,190,6,-1,50
6,196,4,-1,100
6,204,2,-2,0
6,207,2,2,0
6,211,3,1,10
6,230,7,-1,0
6,231,3,-1,30
6,232,2,1,10
6,242,3,-1,20
6,246,2,1,10
6,246,3,1,10
6,246,4,1,10
6,246,8,1,10
6,246,9,1,10
6,247,9,-1,20
6,249,3,-1,50
7,14,2,2,0
7,28,6,-1,0
7,39,3,-1,0
7,43,3,-1,0
7,45,2,-1,0
7,51,3,-1,10
7,61,4,-1,10
7,62,2,-1,10
7,74,8,1,0
7,81,4,-1,0
7,94,9,-1,10
7,96,2,1,0
7,97,4,2,0
7,103,3,-2,0
7,104,7,1,0
7,106,3,1,0
7,107,7,1,0
7,108,6,-1,0
7,110,3,1,0
7,111,3,1,0
7,112,3,2,0
7,132,4,-1,10
7,133,9,2,0
7,134,6,-1,0
7,145,4,-1,10
7,148,6,-1,0
7,151,3,2,0
7,159,2,1,0
7,178,4,-2,0
7,184,4,-2,90
7,189,6,-1,100
7,190,6,-1,50
7,196,4,-1,100
7,204,2,-2,0
7,207,2,2,0
7,211,3,1,10
7,230,7,-1,0
7,231,3,-1,30
7,232,2,1,10
7,242,3,-1,20
7,246,2,1,10
7,246,3,1,10
7,246,4,1,10
7,246,8,1,10
7,246,9,1,10
7,247,9,-1,20
7,249,3,-1,50
7,260,8,1,0
7,262,2,-2,0
7,262,8,-2,0
7,268,9,1,0
7,276,2,-1,100
7,276,3,-1,100
7,294,8,2,0
7,295,9,-1,50
7,296,8,-1,50
7,297,2,-2,0
7,306,3,-1,50
7,309,2,1,20
7,313,9,-2,0
7,315,8,-2,100
7,317,4,-1,100
7,318,2,1,10
7,318,3,1,10
7,318,4,1,10
7,318,8,1,10
7,318,9,1,10
7,319,9,-2,0
7,321,2,-1,0
7,321,3,-1,0
7,322,3,1,0
7,322,9,1,0
7,330,6,-1,30
7,334,3,2,0
7,336,2,1,0
7,339,2,1,0
7,339,3,1,0
7,341,4,-1,100
7,347,8,1,0
7,347,9,1,0
7,349,2,1,0
7,349,4,1,0
7,354,8,-2,100
8,14,2,2,0
8,28,6,-1,0
8,39,3,-1,0
8,43,3,-1,0
8,45,2,-1,0
8,51,3,-1,10
8,61,4,-1,10
8,62,2,-1,10
8,74,8,1,0
8,81,4,-1,0
8,94,9,-1,10
8,96,2,1,0
8,97,4,2,0
8,103,3,-2,0
8,104,7,1,0
8,106,3,1,0
8,107,7,1,0
8,108,6,-1,0
8,110,3,1,0
8,111,3,1,0
8,112,3,2,0
8,132,4,-1,10
8,133,9,2,0
8,134,6,-1,0
8,145,4,-1,10
8,148,6,-1,0
8,151,3,2,0
8,159,2,1,0
8,178,4,-2,0
8,184,4,-2,90
8,189,6,-1,100
8,190,6,-1,50
8,196,4,-1,100
8,204,2,-2,0
8,207,2,2,0
8,211,3,1,10
8,230,7,-1,0
8,231,3,-1,30
8,232,2,1,10
8,242,3,-1,20
8,246,2,1,10
8,246,3,1,10
8,246,4,1,10
8,246,8,1,10
8,246,9,1,10
8,247,9,-1,20
8,249,3,-1,50
8,260,8,1,0
8,262,2,-2,0
8,262,8,-2,0
8,268,9,1,0
8,276,2,-1,100
8,276,3,-1,100
8,294,8,2,0
8,295,9,-1,50
8,296,8,-1,50
8,297,2,-2,0
8,306,3,-1,50
8,309,2,1,20
8,313,9,-2,0
8,315,8,-2,100
8,317,4,-1,100
8,318,2,1,10
8,318,3,1,10
8,318,4,1,10
8,318,8,1,10
8,318,9,1,10
8,319,9,-2,0
8,321,2,-1,0
8,321,3,-1,0
8,322,3,1,0
8,322,9,1,0
8,330,6,-1,30
8,334,3,2,0
8,336,2,1,0
8,339,2,1,0
8,339,3,1,0
8,341,4,-1,100
8,347,8,1,0
8,347,9,1,0
8,349,2,1,0
8,349,4,1,0
8,354,8,-2,100
8,10030,7,-2,100
8,10032,3,-2,100
9,14,2,2,0
9,28,6,-1,0
9,39,3,-1,0
9,43,3,-1,0
9,45,2,-1,0
9,51,3,-1,10
9,61,4,-1,10
9,62,2,-1,10
9,74,8,1,0
9,81,4,-1,0
9,94,9,-1,10
9,96,2,1,0
9,97,4,2,0
9,103,3,-2,0
9,104,7,1,0
9,106,3,1,0
9,107,7,1,0
9,108,6,-1,0
9,110,3,1,0
9,111,3,1,0
9,112,3,2,0
9,132,4,-1,10
9,133,9,2,0
9,134,6,-1,0
9,145,4,-1,10
9,148,6,-1,0
9,151,3,2,0
9,159,2,1,0
9,178,4,-2,0
9,184,4,-2,90
9,189,6,-1,100
9,190,6,-1,50
9,196,4,-1,100
9,204,2,-2,0
9,207,2,2,0
9,211,3,1,10
9,230,7,-1,0
9,231,3,-1,30
9,232,2,1,10
9,242,3,-1,20
9,246,2,1,10
9,246,3,1,10
9,246,4,1,10
9,246,8,1,10
9,246,9,1,10
9,247,9,-1,20
9,249,3,-1,50
9,260,8,1,0
9,262,2,-2,0
9,262,8,-2,0
9,268,9,1,0
9,276,2,-1,100
9,276,3,-1,100
9,294,8,2,0
9,295,9,-1,50
9,296,8,-1,50
9,297,2,-2,0
9,306,3,-1,50
9,309,2,1,20
9,313,9,-2,0
9,315,8,-2,100
9,317,4,-1,100
9,318,2,1,10
9,318,3,1,10
9,318,4,1,10
9,318,8,1,10
9,318,9,1,10
9,319,9,-2,0
9,321,2,-1,0
9,321,3,-1,0
9,322,3,1,0
9,322,9,1,0
9,330,6,-1,30
9,334,3,2,0
9,336,2,1,0
9,339,2,1,0
9,339,3,1,0
9,341,4,-1,100
9,347,8,1,0
9,347,9,1,0
9,349,2,1,0
9,349,4,1,0
9,354,8,-2,100
10,14,2,2,0
10,28,6,-1,0
10,39,3,-1,0
10,43,3,-1,0
10,45,2,-1,0
10,51,3,-1,10
10,61,4,-1,10
10,62,2,-1,10
10,74,8,1,0
10,81,4,-1,0
10,94,9,-1,10
10,96,2,1,0
10,97,4,2,0
10,103,3,-2,0
10,104,7,1,0
10,106,3,1,0
10,107,7,1,0
10,108,6,-1,0
10,110,3,1,0
10,111,3,1,0
10,112,3,2,0
10,132,4,-1,10
10,133,9,2,0
10,134,6,-1,0
10,145,4,-1,10
10,148,6,-1,0
10,151,3,2,0
10,159,2,1,0
10,178,4,-2,0
10,184,4,-2,90
10,189,6,-1,100
10,190,6,-1,50
10,196,4,-1,100
10,204,2,-2,0
10,207,2,2,0
10,211,3,1,10
10,230,7,-1,0
10,231,3,-1,30
10,232,2,1,10
10,242,3,-1,20
10,246,2,1,10
10,246,3,1,10
10,246,4,1,10
10,246,8,1,10
10,246,9,1,10
10,247,9,-1,20
10,249,3,-1,50
10,260,8,1,0
10,262,2,-2,0
10,262,8,-2,0
10,268,9,1,0
10,276,2,-1,100
10,276,3,-1,100
10,294,8,2,0
10,295,9,-1,50
10,296,8,-1,50
10,297,2,-2,0
10,306,3,-1,50
10,309,2,1,20
10,313,9,-2,0
10,315,8,-2,100
10,317,4,-1,100
10,318,2,1,10
10,318,3,1,10
10,318,4,1,10
10,318,8,1,10
10,318,9,1,10
10,319,9,-2,0
10,321,2,-1,0
10,321,3,-1,0
10,322,3,1,0
10,322,9,1,0
10,330,6,-1,30
10,334,3,2,0
10,336,2,1,0
10,339,2,1,0
10,339,3,1,0
10,341,4,-1,100
10,347,8,1,0
10,347,9,1,0
10,349,2,1,0
10,349,4,1,0
10,354,8,-2,100
11,14,2,2,0
11,28,6,-1,0
11,39,3,-1,0
11,43,3,-1,0
11,45,2,-1,0
11,51,3,-1,10
11,61,4,-1,10
11,62,2,-1,10
11,74,8,1,0
11,81,4,-1,0
11,94,9,-1,10
11,96,2,1,0
11,97,4,2,0
11,103,3,-2,0
11,104,7,1,0
11,106,3,1,0
11,107,7,1,0
11,108,6,-1,0
11,110,3,1,0
11,111,3,1,0
11,112,3,2,0
11,132,4,-1,10
11,133,9,2,0
11,134,6,-1,0
11,145,4,-1,10
11,148,6,-1,0
11,151,3,2,0
11,159,2,1,0
11,178,4,-2,0
11,184,4,-2,90
11,189,6,-1,100
11,190,6,-1,50
11,196,4,-1,100
11,204,2,-2,0
11,207,2,2,0
11,211,3,1,10
11,230,7,-1,0
11,231,3,-1,30
11,232,2,1,10
11,242,3,-1,20
11,246,2,1,10
11,246,3,1,10
11,246,4,1,10
11,246,8,1,10
11,246,9,1,10
11,247,9,-1,20
11,249,3,-1,50
11,260,8,1,0
11,262,2,-2,0
11,262,8,-2,0
11,268,9,1,0
11,276,2,-1,100
11,276,3,-1,100
11,294,8,2,0
11,295,9,-1,50
11,296,8,-1,50
11,297,2,-2,0
11,306,3,-1,50
11,309,2,1,20
11,313,9,-2,0
11,315,8,-2,100
11,317,4,-1,100
11,318,2,1,10
11,318,3,1,10
11,318,4,1,10
11,318,8,1,10
11,318,9,1,10
11,319,9,-2,0
11,321,2,-1,0
11,321,3,-1,0
11,322,3,1,0
11,322,9,1,0
11,330,6,-1,30
11,334,3,2,0
11,336,2,1,0
11,339,2,1,0
11,339,3,1,0
11,341,4,-1,100
11,347,8,1,0
11,347,9,1,0
11,349,2,1,0
11,349,4,1,0
11,354,8,-2,100
11,10030,7,-2,100
11,10032,3,-2,100
12,14,2,2,0
12,28,6,-1,0
12,39,3,-1,0
12,43,3,-1,0
12,45,2,-1,0
12,51,9,-1,10
12,61,4,-1,10
12,62,2,-1,10
12,74,8,1,0
12,81,4,-1,0
12,94,9,-1,10
12,96,2,1,0
12,97,4,2,0
12,103,3,-2,0
12,104,7,1,0
12,106,3,1,0
12,107,7,1,0
12,108,6,-1,0
12,110,3,1,0
12,111,3,1,0
12,112,3,2,0
12,132,4,-1,10
12,133,9,2,0
12,134,6,-1,0
12,145,4,-1,10
12,148,6,-1,0
12,151,3,2,0
12,159,2,1,0
12,178,4,-2,0
12,184,4,-2,90
12,189,6,-1,100
12,190,6,-1,50
12,196,4,-1,100
12,204,2,-2,0
12,207,2,2,0
12,211,3,1,10
12,230,7,-1,0
12,231,3,-1,30
12,232,2,1,10
12,242,3,-1,20
12,246,2,1,10
12,246,3,1,10
12,246,4,1,10
12,246,8,1,10
12,246,9,1,10
12,247,9,-1,20
12,249,3,-1,50
12,254,3,1,0
12,254,9,1,0
12,260,8,1,0
12,262,2,-2,0
12,262,8,-2,0
12,268,9,1,0
12,276,2,-1,100
12,276,3,-1,100
12,294,8,2,0
12,295,9,-1,50
12,296,8,-1,50
12,297,2,-2,0
12,306,3,-1,50
12,309,2,1,20
12,313,9,-2,0
12,315,8,-2,100
12,317,4,-1,100
12,318,2,1,10
12,318,3,1,10
12,318,4,1,10
12,318,8,1,10
12,318,9,1,10
12,319,9,-2,0
12,321,2,-1,0
12,321,3,-1,0
12,322,3,1,0
12,322,9,1,0
12,330,6,-1,30
12,334,3,2,0
12,336,2,1,0
12,339,2,1,0
12,339,3,1,0
12,341,4,-1,100
12,347,8,1,0
12,347,9,1,0
12,349,2,1,0
12,349,4,1,0
12,354,8,-2,100
12,359,4,-1,100
12,370,3,-1,100
12,370,9,-1,100
12,397,4,2,0
12,405,9,-1,10
12,411,9,-1,10
12,412,9,-1,10
12,414,9,-1,10
12,417,8,2,0
12,426,6,-1,30
12,429,6,-1,30
12,430,9,-1,10
12,432,7,-1,0
12,434,8,-2,100
12,437,8,-2,100
12,445,8,-2,0
12,451,8,1,70
12,455,3,1,0
12,455,9,1,0
12,465,9,-2,40
12,466,2,1,10
12,466,3,1,10
12,466,4,1,10
12,466,8,1,10
12,466,9,1,10
13,14,2,2,0
13,28,6,-1,0
13,39,3,-1,0
13,43,3,-1,0
13,45,2,-1,0
13,51,9,-1,10
13,61,4,-1,10
13,62,2,-1,10
13,74,8,1,0
13,81,4,-1,0
13,94,9,-1,10
13,96,2,1,0
13,97,4,2,0
13,103,3,-2,0
13,104,7,1,0
13,106,3,1,0
13,107,7,1,0
13,108,6,-1,0
13,110,3,1,0
13,111,3,1,0
13,112,3,2,0
13,132,4,-1,10
13,133,9,2,0
13,134,6,-1,0
13,145,4,-1,10
13,148,6,-1,0
13,151,3,2,0
13,159,2,1,0
13,178,4,-2,0
13,184,4,-2,90
13,189,6,-1,100
13,190,6,-1,50
13,196,4,-1,100
13,204,2,-2,0
13,207,2,2,0
13,211,3,1,10
13,230,7,-1,0
13,231,3,-1,30
13,232,2,1,10
13,242,3,-1,20
13,246,2,1,10
13,246,3,1,10
13,246,4,1,10
13,246,8,1,10
13,246,9,1,10
13,247,9,-1,20
13,249,3,-1,50
13,254,3,1,0
13,254,9,1,0
13,260,8,1,0
13,262,2,-2,0
13,262,8,-2,0
13,268,9,1,0
13,276,2,-1,100
13,276,3,-1,100
13,294,8,2,0
13,295,9,-1,50
13,296,8,-1,50
13,297,2,-2,0
13,306,3,-1,50
13,309,2,1,20
13,313,9,-2,0
13,315,8,-2,100
13,317,4,-1,100
13,318,2,1,10
13,318,3,1,10
13,318,4,1,10
13,318,8,1,10
13,318,9,1,10
13,319,9,-2,0
13,321,2,-1,0
13,321,3,-1,0
13,322,3,1,0
13,322,9,1,0
13,330,6,-1,30
13,334,3,2,0
13,336,2,1,0
13,339,2,1,0
13,339,3,1,0
13,341,4,-1,100
13,347,8,1,0
13,347,9,1,0
13,349,2,1,0
13,349,4,1,0
13,354,8,-2,100
13,359,4,-1,100
13,370,3,-1,100
13,370,9,-1,100
13,397,4,2,0
13,405,9,-1,10
13,411,9,-1,10
13,412,9,-1,10
13,414,9,-1,10
13,417,8,2,0
13,426,6,-1,30
13,429,6,-1,30
13,430,9,-1,10
13,432,7,-1,0
13,434,8,-2,100
13,437,8,-2,100
13,445,8,-2,0
13,451,8,1,70
13,455,3,1,0
13,455,9,1,0
13,465,9,-2,40
13,466,2,1,10
13,466,3,1,10
13,466,4,1,10
13,466,8,1,10
13,466,9,1,10
14,14,2,2,0
14,28,6,-1,0
14,39,3,-1,0
14,43,3,-1,0
14,45,2,-1,0
14,51,9,-1,10
14,61,4,-1,10
14,62,2,-1,10
14,74,8,1,0
14,81,4,-1,0
14,94,9,-1,10
14,96,2,1,0
14,97,4,2,0
14,103,3,-2,0
14,104,7,1,0
14,106,3,1,0
14,107,7,1,0
14,108,6,-1,0
14,110,3,1,0
14,111,3,1,0
14,112,3,2,0
14,132,4,-1,10
14,133,9,2,0
14,134,6,-1,0
14,145,4,-1,10
14,148,6,-1,0
14,151,3,2,0
14,159,2,1,0
14,178,4,-2,0
14,184,4,-2,90
14,189,6,-1,100
14,190,6,-1,50
14,196,4,-1,100
14,204,2,-2,0
14,207,2,2,0
14,211,3,1,10
14,230,7,-1,0
14,231,3,-1,30
14,232,2,1,10
14,242,3,-1,20
14,246,2,1,10
14,246,3,1,10
14,246,4,1,10
14,246,8,1,10
14,246,9,1,10
14,247,9,-1,20
14,249,3,-1,50
14,254,3,1,0
14,254,9,1,0
14,260,8,1,0
14,262,2,-2,0
14,262,8,-2,0
14,268,9,1,0
14,276,2,-1,100
14,276,3,-1,100
14,294,8,2,0
14,295,9,-1,50
14,296,8,-1,50
14,297,2,-2,0
14,306,3,-1,50
14,309,2,1,20
14,313,9,-2,0
14,315,8,-2,100
14,317,4,-1,100
14,318,2,1,10
14,318,3,1,10
14,318,4,1,10
14,318,8,1,10
14,318,9,1,10
14,319,9,-2,0
14,321,2,-1,0
14,321,3,-1,0
14,322,3,1,0
14,322,9,1,0
14,330,6,-1,30
14,334,3,2,0
14,336,2,1,0
14,339,2,1,0
14,339,3,1,0
14,341,4,-1,100
14,347,8,1,0
14,347,9,1,0
14,349,2,1,0
14,349,4,1,0
14,354,8,-2,100
14,359,4,-1,100
14,370,3,-1,100
14,370,9,-1,100
14,397,4,2,0
14,405,9,-1,10
14,411,9,-1,10
14,412,9,-1,10
14,414,9,-1,10
14,417,8,2,0
14,426,6,-1,30
14,429,6,-1,30
14,430,9,-1,10
14,432,7,-1,0
14,434,8,-2,100
14,437,8,-2,100
14,445,8,-2,0
14,451,8,1,70
14,455,3,1,0
14,455,9,1,0
14,465,9,-2,40
14,466,2,1,10
14,466,3,1,10
14,466,4,1,10
14,466,8,1,10
14,466,9,1,10
15,14,2,2,0
15,28,6,-1,0
15,39,3,-1,0
15,43,3,-1,0
15,45,2,-1,0
15,51,9,-1,10
15,61,4,-1,10
15,62,2,-1,10
15,74,2,1,0
15,74,8,1,0
15,81,4,-1,0
15,94,9,-1,10
15,96,2,1,0
15,97,4,2,0
15,103,3,-2,0
15,104,7,1,0
15,106,3,1,0
15,107,7,2,0
15,108,6,-1,0
15,110,3,1,0
15,111,3,1,0
15,112,3,2,0
15,132,4,-1,10
15,133,9,2,0
15,134,6,-1,0
15,145,4,-1,10
15,148,6,-1,0
15,151,3,2,0
15,159,2,1,0
15,178,4,-2,0
15,184,4,-2,0
15,189,6,-1,100
15,190,6,-1,50
15,196,4,-1,100
15,204,2,-2,0
15,207,2,2,0
15,211,3,1,10
15,230,7,-1,0
15,231,3,-1,30
15,232,2,1,10
15,242,3,-1,20
15,246,2,1,10
15,246,3,1,10
15,246,4,1,10
15,246,8,1,10
15,246,9,1,10
15,247,9,-1,20
15,249,3,-1,50
15,254,3,1,0
15,254,9,1,0
15,260,8,1,0
15,262,2,-2,0
15,262,8,-2,0
15,268,9,1,0
15,276,2,-1,100
15,276,3,-1,100
15,294,8,3,0
15,295,9,-1,50
15,296,8,-1,50
15,297,2,-2,0
15,306,3,-1,50
15,309,2,1,20
15,313,9,-2,0
15,315,8,-2,100
15,317,4,-1,100
15,318,2,1,10
15,318,3,1,10
15,318,4,1,10
15,318,8,1,10
15,318,9,1,10
15,319,9,-2,0
15,321,2,-1,0
15,321,3,-1,0
15,322,3,1,0
15,322,9,1,0
15,330,6,-1,30
15,334,3,2,0
15,336,2,1,0
15,339,2,1,0
15,339,3,1,0
15,341,4,-1,100
15,347,8,1,0
15,347,9,1,0
15,349,2,1,0
15,349,4,1,0
15,354,8,-2,100
15,359,4,-1,100
15,370,3,-1,100
15,370,9,-1,100
15,397,4,2,0
15,405,9,-1,10
15,411,9,-1,10
15,412,9,-1,10
15,414,9,-1,10
15,417,8,2,0
15,426,6,-1,30
15,429,6,-1,30
15,430,9,-1,10
15,432,7,-1,0
15,434,8,-2,100
15,437,8,-2,100
15,445,8,-2,0
15,451,8,1,70
15,455,3,1,0
15,455,9,1,0
15,465,9,-2,40
15,466,2,1,10
15,466,3,1,10
15,466,4,1,10
15,466,8,1,10
15,466,9,1,10
15,468,2,1,0
15,468,6,1,0
15,475,4,2,0
15,483,4,1,0
15,483,8,1,0
15,483,9,1,0
15,488,4,1,100
15,489,2,1,0
15,489,3,1,0
15,489,6,1,0
15,490,4,-1,100
15,491,9,-2,100
15,504,2,2,100
15,504,3,-1,100
15,504,4,2,100
15,504,8,2,100
15,504,9,-1,100
15,508,2,1,0
15,508,4,2,0
15,522,8,-1,100
15,523,4,-1,100
15,526,2,1,0
15,526,8,1,0
15,527,4,-1,100
15,534,3,-1,50
15,536,6,-1,50
15,538,3,3,0
15,539,6,-1,40
15,549,4,-1,100
15,552,8,1,50
15,555,8,-1,100
15,557,3,-1,100
15,557,4,-1,100
15,557,9,-1,100
16,14,2,2,0
16,28,6,-1,0
16,39,3,-1,0
16,43,3,-1,0
16,45,2,-1,0
16,51,9,-1,10
16,61,4,-1,10
16,62,2,-1,10
16,74,2,1,0
16,74,8,1,0
16,81,4,-1,0
16,94,9,-1,10
16,96,2,1,0
16,97,4,2,0
16,103,3,-2,0
16,104,7,1,0
16,106,3,1,0
16,107,7,2,0
16,108,6,-1,0
16,110,3,1,0
16,111,3,1,0
16,112,3,2,0
16,132,4,-1,10
16,133,9,2,0
16,134,6,-1,0
16,145,4,-1,10
16,148,6,-1,0
16,151,3,2,0
16,159,2,1,0
16,178,4,-2,0
16,184,4,-2,0
16,189,6,-1,100
16,190,6,-1,50
16,196,4,-1,100
16,204,2,-2,0
16,207,2,2,0
16,211,3,1,10
16,230,7,-1,0
16,231,3,-1,30
16,232,2,1,10
16,242,3,-1,20
16,246,2,1,10
16,246,3,1,10
16,246,4,1,10
16,246,8,1,10
16,246,9,1,10
16,247,9,-1,20
16,249,3,-1,50
16,254,3,1,0
16,254,9,1,0
16,260,8,1,0
16,262,2,-2,0
16,262,8,-2,0
16,268,9,1,0
16,276,2,-1,100
16,276,3,-1,100
16,294,8,3,0
16,295,9,-1,50
16,296,8,-1,50
16,297,2,-2,0
16,306,3,-1,50
16,309,2,1,20
16,313,9,-2,0
16,315,8,-2,100
16,317,4,-1,100
16,318,2,1,10
16,318,3,1,10
16,318,4,1,10
16,318,8,1,10
16,318,9,1,10
16,319,9,-2,0
16,321,2,-1,0
16,321,3,-1,0
16,322,3,1,0
16,322,9,1,0
16,330,6,-1,30
16,334,3,2,0
16,336,2,1,0
16,339,2,1,0
16,339,3,1,0
16,341,4,-1,100
16,347,8,1,0
16,347,9,1,0
16,349,2,1,0
16,349,4,1,0
16,354,8,-2,100
16,359,4,-1,100
16,370,3,-1,100
16,370,9,-1,100
16,397,4,2,0
16,405,9,-1,10
16,411,9,-1,10
16,412,9,-1,10
16,414,9,-1,10
16,417,8,2,0
16,426,6,-1,30
16,429,6,-1,30
16,430,9,-1,10
16,432,7,-1,0
16,434,8,-2,100
16,437,8,-2,100
16,445,8,-2,0
16,451,8,1,70
16,455,3,1,0
16,455,9,1,0
16,465,9,-2,40
16,466,2,1,10
16,466,3,1,10
16,466,4,1,10
16,466,8,1,10
16,466,9,1,10
16,468,2,1,0
16,468,6,1,0
16,475,4,2,0
16,483,4,1,0
16,483,8,1,0
16,483,9,1,0
16,488,4,1,100
16,489,2,1,0
16,489,3,1,0
16,489,6,1,0
16,490,4,-1,100
16,491,9,-2,100
16,504,2,2,100
16,504,3,-1,100
16,504,4,2,100
16,504,8,2,100
16,504,9,-1,100
16,508,2,1,0
16,508,4,2,0
16,522,8,-1,100
16,523,4,-1,100
16,526,2,1,0
16,526,8,1,0
16,527,4,-1,100
16,534,3,-1,50
16,536,6,-1,50
16,538,3,3,0
16,539,6,-1,40
16,549,4,-1,100
16,552,8,1,50
16,555,8,-1,100
16,557,3,-1,100
16,557,4,-1,100
16,557,9,-1,100
17,14,2,2,0
17,28,6,-1,0
17,39,3,-1,0
17,43,3,-1,100
17,45,2,-1,0
17,51,9,-1,10
17,61,4,-1,10
17,62,2,-1,10
17,74,2,1,0
17,74,8,1,0
17,81,4,-2,0
17,94,9,-1,10
17,96,2,1,0
17,97,4,2,0
17,103,3,-2,0
17,104,7,1,0
17,106,3,1,0
17,107,7,2,0
17,108,6,-1,0
17,110,3,1,0
17,111,3,1,0
17,112,3,2,0
17,132,4,-1,10
17,133,9,2,0
17,134,6,-1,0
17,145,4,-1,10
17,148,6,-1,0
17,151,3,2,0
17,159,2,1,0
17,178,4,-2,0
17,184,4,-2,0
17,189,6,-1,100
17,190,6,-1,50
17,196,4,-1,100
17,204,2,-2,0
17,207,2,2,0
17,211,3,1,10
17,230,7,-2,0
17,231,3,-1,30
17,232,2,1,10
17,242,3,-1,20
17,246,2,1,10
17,246,3,1,10
17,246,4,1,10
17,246,8,1,10
17,246,9,1,10
17,247,9,-1,20
17,249,3,-1,50
17,254,3,1,0
17,254,9,1,0
17,260,8,1,0
17,262,2,-2,0
17,262,8,-2,0
17,268,9,1,0
17,276,2,-1,100
17,276,3,-1,100
17,294,8,3,0
17,295,9,-1,50
17,296,8,-1,50
17,297,2,-2,0
17,306,3,-1,50
17,309,2,1,20
17,313,9,-2,0
17,315,8,-2,100
17,317,4,-1,100
17,318,2,1,10
17,318,3,1,10
17,318,4,1,10
17,318,8,1,10
17,318,9,1,10
17,319,9,-2,0
17,321,2,-1,0
17,321,3,-1,0
17,322,3,1,0
17,322,9,1,0
17,330,6,-1,30
17,334,3,2,0
17,336,2,1,0
17,339,2,1,0
17,339,3,1,0
17,341,4,-1,100
17,347,8,1,0
17,347,9,1,0
17,349,2,1,0
17,349,4,1,0
17,354,8,-2,100
17,359,4,-1,100
17,370,3,-1,100
17,370,9,-1,100
17,397,4,2,0
17,405,9,-1,10
17,411,9,-1,10
17,412,9,-1,10
17,414,9,-1,10
17,417,8,2,0
17,426,6,-1,30
17,429,6,-1,30
17,430,9,-1,10
17,432,7,-1,0
17,434,8,-2,100
17,437,8,-2,100
17,445,8,-2,0
17,451,8,1,70
17,455,3,1,0
17,455,9,1,0
17,465,9,-2,40
17,466,2,1,10
17,466,3,1,10
17,466,4,1,10
17,466,8,1,10
17,466,9,1,10
17,468,2,1,0
17,468,6,1,0
17,475,4,2,0
17,483,4,1,0
17,483,8,1,0
17,483,9,1,0
17,488,4,1,100
17,489,2,1,0
17,489,3,1,0
17,489,6,1,0
17,490,4,-1,100
17,491,9,-2,100
17,504,2,2,100
17,504,3,-1,100
17,504,4,2,100
17,504,8,2,100
17,504,9,-1,100
17,508,2,1,0
17,508,4,2,0
17,522,8,-1,100
17,523,4,-1,100
17,526,2,1,0
17,526,8,1,0
17,527,4,-1,100
17,534,3,-1,50
17,536,6,-1,50
17,538,3,3,0
17,539,6,-1,40
17,549,4,-1,100
17,552,8,1,50
17,555,8,-1,100
17,557,3,-1,100
17,557,4,-1,100
17,557,9,-1,100
17,563,2,1,100
17,563,8,1,100
17,568,2,-1,100
17,568,8,-1,100
17,575,2,-1,100
17,575,8,-1,100
17,579,3,1,100
17,583,2,-1,10
17,585,8,-1,30
17,589,2,-1,100
17,590,8,-1,100
17,591,3,1,50
17,595,8,-1,100
17,597,9,1,0
17,598,8,-2,0
17,599,2,-1,100
17,599,4,-1,100
17,599,8,-1,100
17,601,4,2,0
17,601,8,2,0
17,601,9,2,0
17,602,3,1,0
17,602,9,1,0
17,608,2,-1,0
17,612,2,1,100
18,14,2,2,0
18,28,6,-1,0
18,39,3,-1,0
18,43,3,-1,100
18,45,2,-1,0
18,51,9,-1,10
18,61,4,-1,10
18,62,2,-1,10
18,74,2,1,0
18,74,8,1,0
18,81,4,-2,0
18,94,9,-1,10
18,96,2,1,0
18,97,4,2,0
18,103,3,-2,0
18,104,7,1,0
18,106,3,1,0
18,107,7,2,0
18,108,6,-1,0
18,110,3,1,0
18,111,3,1,0
18,112,3,2,0
18,132,4,-1,10
18,133,9,2,0
18,134,6,-1,0
18,145,4,-1,10
18,148,6,-1,0
18,151,3,2,0
18,159,2,1,0
18,178,4,-2,0
18,184,4,-2,0
18,189,6,-1,100
18,190,6,-1,50
18,196,4,-1,100
18,204,2,-2,0
18,207,2,2,0
18,211,3,1,10
18,230,7,-2,0
18,231,3,-1,30
18,232,2,1,10
18,242,3,-1,20
18,246,2,1,10
18,246,3,1,10
18,246,4,1,10
18,246,8,1,10
18,246,9,1,10
18,247,9,-1,20
18,249,3,-1,50
18,254,3,1,0
18,254,9,1,0
18,260,8,1,0
18,262,2,-2,0
18,262,8,-2,0
18,268,9,1,0
18,276,2,-1,100
18,276,3,-1,100
18,294,8,3,0
18,295,9,-1,50
18,296,8,-1,50
18,297,2,-2,0
18,306,3,-1,50
18,309,2,1,20
18,313,9,-2,0
18,315,8,-2,100
18,317,4,-1,100
18,318,2,1,10
18,318,3,1,10
18,318,4,1,10
18,318,8,1,10
18,318,9,1,10
18,319,9,-2,0
18,321,2,-1,0
18,321,3,-1,0
18,322,3,1,0
18,322,9,1,0
18,330,6,-1,30
18,334,3,2,0
18,336,2,1,0
18,339,2,1,0
18,339,3,1,0
18,341,4,-1,100
18,347,8,1,0
18,347,9,1,0
18,349,2,1,0
18,349,4,1,0
18,354,8,-2,100
18,359,4,-1,100
18,370,3,-1,100
18,370,9,-1,100
18,397,4,2,0
18,405,9,-1,10
18,411,9,-1,10
18,412,9,-1,10
18,414,9,-1,10
18,417,8,2,0
18,426,6,-1,30
18,429,6,-1,30
18,430,9,-1,10
18,432,7,-1,0
18,434,8,-2,100
18,437,8,-2,100
18,445,8,-2,0
18,451,8,1,70
18,455,3,1,0
18,455,9,1,0
18,465,9,-2,40
18,466,2,1,10
18,466,3,1,10
18,466,4,1,10
18,466,8,1,10
18,466,9,1,10
18,468,2,1,0
18,468,6,1,0
18,475,4,2,0
18,483,4,1,0
18,483,8,1,0
18,483,9,1,0
18,488,4,1,100
18,489,2,1,0
18,489,3,1,0
18,489,6,1,0
18,490,4,-1,100
18,491,9,-2,100
18,504,2,2,100
18,504,3,-1,100
18,504,4,2,100
18,504,8,2,100
18,504,9,-1,100
18,508,2,1,0
18,508,4,2,0
18,522,8,-1,100
18,523,4,-1,100
18,526,2,1,0
18,526,8,1,0
18,527,4,-1,100
18,534,3,-1,50
18,536,6,-1,50
18,538,3,3,0
18,539,6,-1,40
18,549,4,-1,100
18,552,8,1,50
18,555,8,-1,100
18,557,3,-1,100
18,557,4,-1,100
18,557,9,-1,100
18,563,2,1,100
18,563,8,1,100
18,568,2,-1,100
18,568,8,-1,100
18,575,2,-1,100
18,575,8,-1,100
18,579,3,1,100
18,583,2,-1,10
18,585,8,-1,30
18,589,2,-1,100
18,590,8,-1,100
18,591,3,1,50
18,595,8,-1,100
18,597,9,1,0
18,598,8,-2,0
18,599,2,-1,100
18,599,4,-1,100
18,599,8,-1,100
18,601,4,2,0
18,601,8,2,0
18,601,9,2,0
18,602,3,1,0
18,602,9,1,0
18,608,2,-1,0
18,612,2,1,100
18,620,3,-1,100
18,620,9,-1,100
18,621,3,-1,100
19,14,2,2,0
19,28,6,-1,0
19,39,3,-1,0
19,43,3,-1,100
19,45,2,-1,0
19,51,9,-1,10
19,61,4,-1,10
19,62,2,-1,10
19,74,2,1,0
19,74,8,1,0
19,81,4,-2,0
19,94,9,-1,10
19,96,2,1,0
19,97,4,2,0
19,103,3,-2,0
19,104,7,1,0
19,106,3,1,0
19,107,7,2,0
19,108,6,-1,0
19,110,3,1,0
19,111,3,1,0
19,112,3,2,0
19,132,4,-1,10
19,133,9,2,0
19,134,6,-1,0
19,145,4,-1,10
19,148,6,-1,0
19,151,3,2,0
19,159,2,1,0
19,178,4,-2,0
19,184,4,-2,0
19,189,6,-1,100
19,190,6,-1,50
19,196,4,-1,100
19,204,2,-2,0
19,207,2,2,0
19,211,3,1,10
19,230,7,-2,0
19,231,3,-1,30
19,232,2,1,10
19,242,3,-1,20
19,246,2,1,10
19,246,3,1,10
19,246,4,1,10
19,246,8,1,10
19,246,9,1,10
19,247,9,-1,20
19,249,3,-1,50
19,254,3,1,0
19,254,9,1,0
19,260,8,1,0
19,262,2,-2,0
19,262,8,-2,0
19,268,9,1,0
19,276,2,-1,100
19,276,3,-1,100
19,294,8,3,0
19,295,9,-1,50
19,296,8,-1,50
19,297,2,-2,0
19,306,3,-1,50
19,309,2,1,20
19,313,9,-2,0
19,315,8,-2,100
19,317,4,-1,100
19,318,2,1,10
19,318,3,1,10
19,318,4,1,10
19,318,8,1,10
19,318,9,1,10
19,319,9,-2,0
19,321,2,-1,0
19,321,3,-1,0
19,322,3,1,0
19,322,9,1,0
19,330,6,-1,30
19,334,3,2,0
19,336,2,1,0
19,339,2,1,0
19,339,3,1,0
19,341,4,-1,100
19,347,8,1,0
19,347,9,1,0
19,349,2,1,0
19,349,4,1,0
19,354,8,-2,100
19,359,4,-1,100
19,370,3,-1,100
19,370,9,-1,100
19,397,4,2,0
19,405,9,-1,10
19,411,9,-1,10
19,412,9,-1,10
19,414,9,-1,10
19,417,8,2,0
19,426,6,-1,30
19,429,6,-1,30
19,430,9,-1,10
19,432,7,-1,0
19,434,8,-2,100
19,437,8,-2,100
19,445,8,-2,0
19,451,8,1,70
19,455,3,1,0
19,455,9,1,0
19,465,9,-2,40
19,466,2,1,10
19,466,3,1,10
19,466,4,1,10
19,466,8,1,10
19,466,9,1,10
19,468,2,1,0
19,468,6,1,0
19,475,4,2,0
19,483,4,1,0
19,483,8,1,0
19,483,9,1,0
19,488,4,1,100
19,489,2,1,0
19,489,3,1,0
19,489,6,1,0
19,490,4,-1,100
19,491,9,-2,100
19,504,2,2,100
19,504,3,-1,100
19,504,4,2,100
19,504,8,2,100
19,504,9,-1,100
19,508,2,1,0
19,508,4,2,0
19,522,8,-1,100
19,523,4,-1,100
19,526,2,1,0
19,526,8,1,0
19,527,4,-1,100
19,534,3,-1,50
19,536,6,-1,50
19,538,3,3,0
19,539,6,-1,40
19,549,4,-1,100
19,552,8,1,50
19,555,8,-1,100
19,557,3,-1,100
19,557,4,-1,100
19,557,9,-1,100
19,563,2,1,100
19,563,8,1,100
19,568,2,-1,100
19,568,8,-1,100
19,575,2,-1,100
19,575,8,-1,100
19,579,3,1,100
19,583,2,-1,10
19,585,8,-1,30
19,589,2,-1,100
19,590,8,-1,100
19,591,3,2,50
19,595,8,-1,100
19,597,9,1,0
19,598,8,-2,0
19,599,2,-1,100
19,599,4,-1,100
19,599,8,-1,100
19,601,4,2,0
19,601,8,2,0
19,601,9,2,0
19,602,3,1,0
19,602,9,1,0
19,608,2,-1,0
19,612,2,1,100
19,620,3,-1,100
19,620,9,-1,100
19,621,3,-1,100
19,665,4,-1,100
19,668,2,-1,100
19,672,4,-1,100
19,674,2,1,0
19,674,8,1,0
19,679,2,-1,100
19,680,3,-1,100
19,688,2,-1,100
19,691,3,-1,100
19,702,2,2,100
19,702,3,2,100
19,702,4,2,100
19,702,8,2,100
19,702,9,2,100
19,705,8,-2,100
19,708,3,-1,20
19,710,3,-1,20
19,715,2,-1,100
19,715,8,-1,100
20,14,2,2,0
20,28,6,-1,0
20,39,3,-1,0
20,43,3,-1,100
20,45,2,-1,0
20,51,9,-1,10
20,61,4,-1,10
20,62,2,-1,10
20,74,2,1,0
20,74,8,1,0
20,81,4,-2,0
20,94,9,-1,10
20,96,2,1,0
20,97,4,2,0
20,103,3,-2,0
20,104,7,1,0
20,106,3,1,0
20,107,7,2,0
20,108,6,-1,0
20,110,3,1,0
20,111,3,1,0
20,112,3,2,0
20,132,4,-1,10
20,133,9,2,0
20,134,6,-1,0
20,145,4,-1,10
20,148,6,-1,0
20,151,3,2,0
20,159,2,1,0
20,178,4,-2,0
20,184,4,-2,0
20,189,6,-1,100
20,190,6,-1,50
20,196,4,-1,100
20,204,2,-2,0
20,207,2,2,0
20,211,3,1,10
20,230,7,-2,0
20,231,3,-1,30
20,232,2,1,10
20,242,3,-1,20
20,246,2,1,10
20,246,3,1,10
20,246,4,1,10
20,246,8,1,10
20,246,9,1,10
20,247,9,-1,20
20,249,3,-1,50
20,254,3,1,0
20,254,9,1,0
20,260,8,1,0
20,262,2,-2,0
20,262,8,-2,0
20,268,9,1,0
20,276,2,-1,100
20,276,3,-1,100
20,294,8,3,0
20,295,9,-1,50
20,296,8,-1,50
20,297,2,-2,0
20,306,3,-1,50
20,309,2,1,20
20,313,9,-2,0
20,315,8,-2,100
20,317,4,-1,100
20,318,2,1,10
20,318,3,1,10
20,318,4,1,10
20,318,8,1,10
20,318,9,1,10
20,319,9,-2,0
20,321,2,-1,0
20,321,3,-1,0
20,322,3,1,0
20,322,9,1,0
20,330,6,-1,30
20,334,3,2,0
20,336,2,1,0
20,339,2,1,0
20,339,3,1,0
20,341,4,-1,100
20,347,8,1,0
20,347,9,1,0
20,349,2,1,0
20,349,4,1,0
20,354,8,-2,100
20,359,4,-1,100
20,370,3,-1,100
20,370,9,-1,100
20,397,4,2,0
20,405,9,-1,10
20,411,9,-1,10
20,412,9,-1,10
20,414,9,-1,10
20,417,8,2,0
20,426,6,-1,30
20,429,6,-1,30
20,430,9,-1,10
20,432,7,-1,0
20,434,8,-2,100
20,437,8,-2,100
20,445,8,-2,0
20,451,8,1,70
20,455,3,1,0
20,455,9,1,0
20,465,9,-2,40
20,466,2,1,10
20,466,3,1,10
20,466,4,1,10
20,466,8,1,10
20,466,9,1,10
20,468,2,1,0
20,468,6,1,0
20,475,4,2,0
20,483,4,1,0
20,483,8,1,0
20,483,9,1,0
20,488,4,1,100
20,489,2,1,0
20,489,3,1,0
20,489,6,1,0
20,490,4,-1,100
20,491,9,-2,100
20,504,2,2,100
20,504,3,-1,100
20,504,4,2,100
20,504,8,2,100
20,504,9,-1,100
20,508,2,1,0
20,508,4,2,0
20,522,8,-1,100
20,523,4,-1,100
20,526,2,1,0
20,526,8,1,0
20,527,4,-1,100
20,534,3,-1,50
20,536,6,-1,50
20,538,3,3,0
20,539,6,-1,40
20,549,4,-1,100
20,552,8,1,50
20,555,8,-1,100
20,557,3,-1,100
20,557,4,-1,100
20,557,9,-1,100
20,563,2,1,100
20,563,8,1,100
20,568,2,-1,100
20,568,8,-1,100
20,575,2,-1,100
20,575,8,-1,100
20,579,3,1,100
20,583,2,-1,10
20,585,8,-1,30
20,589,2,-1,100
20,590,8,-1,100
20,591,3,2,50
20,595,8,-1,100
20,597,9,1,0
20,598,8,-2,0
20,599,2,-1,100
20,599,4,-1,100
20,599,8,-1,100
20,601,4,2,0
20,601,8,2,0
20,601,9,2,0
20,602,3,1,0
20,602,9,1,0
20,608,2,-1,0
20,612,2,1,100
20,620,3,-1,100
20,620,9,-1,100
20,621,3,-1,100
20,665,4,-1,100
20,668,2,-1,100
20,672,4,-1,100
20,674,2,1,0
20,674,8,1,0
20,679,2,-1,100
20,680,3,-1,100
20,688,2,-1,100
20,691,3,-1,100
20,702,2,2,100
20,702,3,2,100
20,702,4,2,100
20,702,8,2,100
20,702,9,2,100
20,705,8,-2,100
20,708,3,-1,20
20,710,3,-1,20
20,715,2,-1,100
20,715,8,-1,100
20,728,2,1,100
20,728,3,1,100
20,728,4,1,100
20,728,8,1,100
20,728,9,1,100
21,14,2,2,0
21,28,6,-1,0
21,39,3,-1,0
21,43,3,-1,100
21,45,2,-1,0
21,51,9,-1,10
21,61,4,-1,10
21,62,2,-1,10
21,74,2,1,0
21,74,8,1,0
21,81,4,-2,0
21,94,9,-1,10
21,96,2,1,0
21,97,4,2,0
21,103,3,-2,0
21,104,7,1,0
21,106,3,1,0
21,107,7,2,0
21,108,6,-1,0
21,110,3,1,0
21,111,3,1,0
21,112,3,2,0
21,132,4,-1,10
21,133,9,2,0
21,134,6,-1,0
21,145,4,-1,10
21,148,6,-1,0
21,151,3,2,0
21,159,2,1,0
21,178,4,-2,0
21,184,4,-2,0
21,189,6,-1,100
21,190,6,-1,50
21,196,4,-1,100
21,204,2,-2,0
21,207,2,2,0
21,211,3,1,10
21,230,7,-2,0
21,231,3,-1,30
21,232,2,1,10
21,242,3,-1,20
21,246,2,1,10
21,246,3,1,10
21,246,4,1,10
21,246,8,1,10
21,246,9,1,10
21,247,9,-1,20
21,249,3,-1,50
21,260,8,1,0
21,268,9,1,0
21,276,2,-1,100
21,276,3,-1,100
21,294,8,3,0
21,295,9,-1,50
21,296,8,-1,50
21,297,2,-2,0
21,306,3,-1,50
21,309,2,1,20
21,313,9,-2,0
21,315,8,-2,100
21,317,4,-1,100
21,318,2,1,10
21,318,3,1,10
21,318,4,1,10
21,318,8,1,10
21,318,9,1,10
21,319,9,-2,0
21,321,2,-1,0
21,321,3,-1,0
21,322,3,1,0
21,322,9,1,0
21,330,6,-1,30
21,334,3,2,0
21,336,2,1,0
21,339,2,1,0
21,339,3,1,0
21,341,4,-1,100
21,347,8,1,0
21,347,9,1,0
21,349,2,1,0
21,349,4,1,0
21,354,8,-2,100
21,359,4,-1,100
21,370,3,-1,100
21,370,9,-1,100
21,397,4,2,0
21,405,9,-1,10
21,411,9,-1,10
21,412,9,-1,10
21,414,9,-1,10
21,417,8,2,0
21,426,6,-1,30
21,429,6,-1,30
21,430,9,-1,10
21,434,8,-2,100
21,437,8,-2,100
21,445,8,-2,0
21,451,8,1,70
21,455,3,1,0
21,455,9,1,0
21,465,9,-2,40
21,466,2,1,10
21,466,3,1,10
21,466,4,1,10
21,466,8,1,10
21,466,9,1,10
21,468,2,1,0
21,468,6,1,0
21,475,4,2,0
21,483,4,1,0
21,483,8,1,0
21,483,9,1,0
21,488,4,1,100
21,489,2,1,0
21,489,3,1,0
21,489,6,1,0
21,490,4,-1,100
21,491,9,-2,100
21,504,2,2,100
21,504,3,-1,100
21,504,4,2,100
21,504,8,2,100
21,504,9,-1,100
21,508,2,1,0
21,508,4,2,0
21,522,8,-1,100
21,523,4,-1,100
21,526,2,1,0
21,526,8,1,0
21,527,4,-1,100
21,534,3,-1,50
21,536,6,-1,50
21,538,3,3,0
21,539,6,-1,40
21,549,4,-1,100
21,552,8,1,50
21,555,8,-1,100
21,557,3,-1,100
21,557,4,-1,100
21,557,9,-1,100
21,563,2,1,100
21,563,8,1,100
21,568,2,-1,100
21,568,8,-1,100
21,575,2,-1,100
21,575,8,-1,100
21,579,3,1,100
21,583,2,-1,10
21,585,8,-1,30
21,589,2,-1,100
21,590,8,-1,100
21,591,3,2,50
21,595,8,-1,100
21,597,9,1,0
21,598,8,-2,0
21,599,2,-1,100
21,599,4,-1,100
21,599,8,-1,100
21,601,4,2,0
21,601,8,2,0
21,601,9,2,0
21,602,3,1,0
21,602,9,1,0
21,608,2,-1,0
21,612,2,1,100
21,620,3,-1,100
21,620,9,-1,100
21,621,3,-1,100
21,665,4,-1,100
21,668,2,-1,100
21,672,4,-1,100
21,674,2,1,0
21,674,8,1,0
21,679,2,-1,100
21,680,3,-1,100
21,688,2,-1,100
21,691,3,-1,100
21,702,2,2,100
21,702,3,2,100
21,702,4,2,100
21,702,8,2,100
21,702,9,2,100
21,705,8,-2,100
21,708,3,-1,20
21,710,3,-1,20
21,715,2,-1,100
21,715,8,-1,100
21,728,2,1,100
21,728,3,1,100
21,728,4,1,100
21,728,8,1,100
21,728,9,1,100
21,729,7,1,100
22,14,2,2,0
22,28,6,-1,0
22,39,3,-1,0
22,43,3,-1,100
22,45,2,-1,0
22,51,9,-1,10
22,61,4,-1,10
22,62,2,-1,10
22,74,2,1,0
22,74,8,1,0
22,81,4,-2,0
22,94,9,-1,10
22,96,2,1,0
22,97,4,2,0
22,103,3,-2,0
22,104,7,1,0
22,106,3,1,0
22,107,7,2,0
22,108,6,-1,0
22,110,3,1,0
22,111,3,1,0
22,112,3,2,0
22,132,4,-1,10
22,133,9,2,0
22,134,6,-1,0
22,145,4,-1,10
22,148,6,-1,0
22,151,3,2,0
22,159,2,1,0
22,178,4,-2,0
22,184,4,-2,0
22,189,6,-1,100
22,190,6,-1,50
22,196,4,-1,100
22,204,2,-2,0
22,207,2,2,0
22,211,3,1,10
22,229,4,1,100
22,230,7,-2,0
22,231,3,-1,30
22,232,2,1,10
22,242,3,-1,20
22,246,2,1,10
22,246,3,1,10
22,246,4,1,10
22,246,8,1,10
22,246,9,1,10
22,247,9,-1,20
22,249,3,-1,50
22,254,3,1,0
22,254,9,1,0
22,260,8,1,0
22,262,2,-2,0
22,262,8,-2,0
22,268,9,1,0
22,276,2,-1,100
22,276,3,-1,100
22,294,8,3,0
22,295,9,-1,50
22,296,8,-1,50
22,297,2,-2,0
22,306,3,-1,50
22,309,2,1,20
22,313,9,-2,0
22,315,8,-2,100
22,317,4,-1,100
22,318,2,1,10
22,318,3,1,10
22,318,4,1,10
22,318,8,1,10
22,318,9,1,10
22,319,9,-2,0
22,321,2,-1,0
22,321,3,-1,0
22,322,3,1,0
22,322,9,1,0
22,330,6,-1,30
22,334,3,2,0
22,336,2,1,0
22,339,2,1,0
22,339,3,1,0
22,341,4,-1,100
22,347,8,1,0
22,347,9,1,0
22,349,2,1,0
22,349,4,1,0
22,354,8,-2,100
22,359,4,-1,100
22,370,3,-1,100
22,370,9,-1,100
22,397,4,2,0
22,405,9,-1,10
22,411,9,-1,10
22,412,9,-1,10
22,414,9,-1,10
22,417,8,2,0
22,426,6,-1,30
22,429,6,-1,30
22,430,9,-1,10
22,432,7,-1,0
22,434,8,-2,100
22,437,8,-2,100
22,445,8,-2,0
22,451,8,1,70
22,455,3,1,0
22,455,9,1,0
22,465,9,-2,40
22,466,2,1,10
22,466,3,1,10
22,466,4,1,10
22,466,8,1,10
22,466,9,1,10
22,468,2,1,0
22,468,6,1,0
22,475,4,2,0
22,483,4,1,0
22,483,8,1,0
22,483,9,1,0
22,488,4,1,100
22,489,2,1,0
22,489,3,1,0
22,489,6,1,0
22,490,4,-1,100
22,491,9,-2,100
22,504,2,2,100
22,504,3,-1,100
22,504,4,2,100
22,504,8,2,100
22,504,9,-1,100
22,508,2,1,0
22,508,4,2,0
22,522,8,-1,100
22,523,4,-1,100
22,526,2,1,0
22,526,8,1,0
22,527,4,-1,100
22,534,3,-1,50
22,536,6,-1,50
22,538,3,3,0
22,539,6,-1,40
22,549,4,-1,100
22,552,8,1,50
22,555,8,-1,100
22,557,3,-1,100
22,557,4,-1,100
22,557,9,-1,100
22,563,2,1,100
22,563,8,1,100
22,568,2,-1,100
22,568,8,-1,100
22,575,2,-1,100
22,575,8,-1,100
22,579,3,1,100
22,583,2,-1,10
22,585,8,-1,30
22,589,2,-1,100
22,590,8,-1,100
22,591,3,2,50
22,595,8,-1,100
22,597,9,1,0
22,598,8,-2,0
22,599,2,-1,100
22,599,4,-1,100
22,599,8,-1,100
22,601,4,2,0
22,601,8,2,0
22,601,9,2,0
22,602,3,1,0
22,602,9,1,0
22,608,2,-1,0
22,612,2,1,100
22,620,3,-1,100
22,620,9,-1,100
22,621,3,-1,100
22,665,4,-1,100
22,668,2,-1,100
22,672,4,-1,100
22,674,2,1,0
22,674,8,1,0
22,679,2,-1,100
22,680,3,-1,100
22,688,2,-1,100
22,691,3,-1,100
22,702,2,2,100
22,702,3,2,100
22,702,4,2,100
22,702,8,2,100
22,702,9,2,100
22,705,8,-2,100
22,708,3,-1,20
22,710,3,-1,20
22,715,2,-1,100
22,715,8,-1,100
22,728,2,1,100
22,728,3,1,100
22,728,4,1,100
22,728,8,1,100
22,728,9,1,100
22,729,7,1,100
22,747,3,2,100
22,748,2,1,100
22,748,3,1,100
22,748,4,1,100
22,748,8,1,100
22,748,9,1,100
22,749,4,-1,100
22,758,8,-1,100
22,760,4,-1,100
22,761,2,1,100
22,762,3,-1,100
22,764,8,1,100
22,766,4,1,100
22,768,2,-1,100
22,771,9,1,100
22,772,9,-1,100
22,774,3,1,100
22,775,2,1,100
22,775,3,1,100
22,775,4,1,100
22,775,8,1,100
22,775,9,1,100
22,777,2,2,100
22,777,8,2,100
22,778,4,-1,100
22,783,4,1,100
22,784,2,-1,100
22,787,9,-1,100
22,788,3,-1,100
22,789,8,-1,100
22,799,3,-1,0
22,799,4,1,0
22,800,8,1,0
22,806,8,-1,100
22,811,2,1,100
22,811,3,1,100
22,823,3,-1,100
22,10054,7,-1,100
22,10059,4,-2,100
23,254,3,1,0
23,254,9,1,0
23,262,2,-2,0
23,262,8,-2,0
23,432,7,-1,0
24,14,2,2,0
24,28,6,-1,0
24,39,3,-1,0
24,43,3,-1,100
24,45,2,-1,0
24,51,9,-1,10
24,61,4,-1,10
24,62,2,-1,10
24,74,2,1,0
24,74,8,1,0
24,81,4,-2,0
24,94,9,-1,10
24,96,2,1,0
24,97,4,2,0
24,103,3,-2,0
24,104,7,1,0
24,106,3,1,0
24,107,7,2,0
24,108,6,-1,0
24,110,3,1,0
24,111,3,1,0
24,112,3,2,0
24,132,4,-1,10
24,133,9,2,0
24,134,6,-1,0
24,145,4,-1,10
24,148,6,-1,0
24,151,3,2,0
24,159,2,1,0
24,178,4,-2,0
24,184,4,-2,0
24,189,6,-1,100
24,190,6,-1,50
24,196,4,-1,100
24,204,2,-2,0
24,207,2,2,0
24,211,3,1,10
24,229,4,1,100
24,230,7,-2,0
24,231,3,-1,30
24,232,2,1,10
24,242,3,-1,20
24,246,2,1,10
24,246,3,1,10
24,246,4,1,10
24,246,8,1,10
24,246,9,1,10
24,247,9,-1,20
24,249,3,-1,50
24,260,8,1,0
24,268,9,1,0
24,276,2,-1,100
24,276,3,-1,100
24,294,8,3,0
24,295,9,-1,50
24,296,8,-1,50
24,297,2,-2,0
24,306,3,-1,50
24,309,2,1,20
24,313,9,-2,0
24,315,8,-2,100
24,317,4,-1,100
24,318,2,1,10
24,318,3,1,10
24,318,4,1,10
24,318,8,1,10
24,318,9,1,10
24,319,9,-2,0
24,321,2,-1,0
24,321,3,-1,0
24,322,3,1,0
24,322,9,1,0
24,330,6,-1,30
24,334,3,2,0
24,336,2,1,0
24,339,2,1,0
24,339,3,1,0
24,341,4,-1,100
24,347,8,1,0
24,347,9,1,0
24,349,2,1,0
24,349,4,1,0
24,354,8,-2,100
24,359,4,-1,100
24,370,3,-1,100
24,370,9,-1,100
24,397,4,2,0
24,405,9,-1,10
24,411,9,-1,10
24,412,9,-1,10
24,414,9,-1,10
24,417,8,2,0
24,426,6,-1,30
24,429,6,-1,30
24,430,9,-1,10
24,434,8,-2,100
24,437,8,-2,100
24,445,8,-2,0
24,451,8,1,70
24,455,3,1,0
24,455,9,1,0
24,465,9,-2,40
24,466,2,1,10
24,466,3,1,10
24,466,4,1,10
24,466,8,1,10
24,466,9,1,10
24,468,2,1,0
24,468,6,1,0
24,475,4,2,0
24,483,4,1,0
24,483,8,1,0
24,483,9,1,0
24,488,4,1,100
24,489,2,1,0
24,489,3,1,0
24,489,6,1,0
24,490,4,-1,100
24,491,9,-2,100
24,504,2,2,100
24,504,3,-1,100
24,504,4,2,100
24,504,8,2,100
24,504,9,-1,100
24,508,2,1,0
24,508,4,2,0
24,522,8,-1,100
24,523,4,-1,100
24,526,2,1,0
24,526,8,1,0
24,527,4,-1,100
24,534,3,-1,50
24,536,6,-1,50
24,538,3,3,0
24,539,6,-1,40
24,549,4,-1,100
24,552,8,1,50
24,555,8,-1,100
24,557,3,-1,100
24,557,4,-1,100
24,557,9,-1,100
24,563,2,1,100
24,563,8,1,100
24,568,2,-1,100
24,568,8,-1,100
24,575,2,-1,100
24,575,8,-1,100
24,579,3,1,100
24,583,2,-1,10
24,585,8,-1,30
24,589,2,-1,100
24,590,8,-1,100
24,591,3,2,50
24,595,8,-1,100
24,597,9,1,0
24,598,8,-2,0
24,599,2,-1,100
24,599,4,-1,100
24,599,8,-1,100
24,601,4,2,0
24,601,8,2,0
24,601,9,2,0
24,602,3,1,0
24,602,9,1,0
24,608,2,-1,0
24,612,2,1,100
24,620,3,-1,100
24,620,9,-1,100
24,621,3,-1,100
24,665,4,-1,100
24,668,2,-1,100
24,672,4,-1,100
24,674,2,1,0
24,674,8,1,0
24,679,2,-1,100
24,680,3,-1,100
24,688,2,-1,100
24,691,3,-1,100
24,702,2,2,100
24,702,3,2,100
24,702,4,2,100
24,702,8,2,100
24,702,9,2,100
24,705,8,-2,100
24,708,3,-1,20
24,710,3,-1,20
24,715,2,-1,100
24,715,8,-1,100
24,728,2,1,100
24,728,3,1,100
24,728,4,1,100
24,728,8,1,100
24,728,9,1,100
24,729,7,1,100
24,747,3,2,100
24,748,2,1,100
24,748,3,1,100
24,748,4,1,100
24,748,8,1,100
24,748,9,1,100
24,749,4,-1,100
24,775,2,1,100
24,775,3,1,100
24,775,4,1,100
24,775,8,1,100
24,775,9,1,100
24,777,2,2,100
24,777,8,2,100
24,778,4,-1,100
24,783,4,1,100
24,784,2,-1,100
24,787,9,-1,100
24,788,3,-1,100
24,789,8,-1,100
24,806,8,-1,100
24,811,2,1,100
24,811,3,1,100
24,823,3,-1,100
25,14,2,2,0
25,28,6,-1,0
25,39,3,-1,0
25,43,3,-1,100
25,45,2,-1,0
25,51,9,-1,10
25,61,4,-1,10
25,62,2,-1,10
25,74,2,1,0
25,74,8,1,0
25,81,4,-2,0
25,94,9,-1,10
25,96,2,1,0
25,97,4,2,0
25,103,3,-2,0
25,104,7,1,0
25,106,3,1,0
25,107,7,2,0
25,108,6,-1,0
25,110,3,1,0
25,111,3,1,0
25,112,3,2,0
25,132,4,-1,10
25,133,9,2,0
25,134,6,-1,0
25,145,4,-1,10
25,148,6,-1,0
25,151,3,2,0
25,159,2,1,0
25,178,4,-2,0
25,184,4,-2,0
25,189,6,-1,100
25,190,6,-1,50
25,196,4,-1,100
25,204,2,-2,0
25,207,2,2,0
25,211,3,1,10
25,229,4,1,100
25,230,7,-2,0
25,231,3,-1,30
25,232,2,1,10
25,242,3,-1,20
25,246,2,1,10
25,246,3,1,10
25,246,4,1,10
25,246,8,1,10
25,246,9,1,10
25,247,9,-1,20
25,249,3,-1,50
25,254,3,1,0
25,254,9,1,0
25,260,8,1,0
25,262,2,-2,0
25,262,8,-2,0
25,268,9,1,0
25,276,2,-1,100
25,276,3,-1,100
25,294,8,3,0
25,295,9,-1,50
25,296,8,-1,50
25,297,2,-2,0
25,306,3,-1,50
25,309,2,1,20
25,313,9,-2,0
25,315,8,-2,100
25,317,4,-1,100
25,318,2,1,10
25,318,3,1,10
25,318,4,1,10
25,318,8,1,10
25,318,9,1,10
25,319,9,-2,0
25,321,2,-1,0
25,321,3,-1,0
25,322,3,1,0
25,322,9,1,0
25,330,6,-1,30
25,334,3,2,0
25,336,2,1,0
25,339,2,1,0
25,339,3,1,0
25,341,4,-1,100
25,347,8,1,0
25,347,9,1,0
25,349,2,1,0
25,349,4,1,0
25,354,8,-2,100
25,359,4,-1,100
25,370,3,-1,100
25,370,9,-1,100
25,397,4,2,0
25,405,9,-1,10
25,411,9,-1,10
25,412,9,-1,10
25,414,9,-1,10
25,417,8,2,0
25,426,6,-1,30
25,429,6,-1,30
25,430,9,-1,10
25,432,7,-1,0
25,434,8,-2,100
25,437,8,-2,100
25,445,8,-2,0
25,451,8,1,70
25,455,3,1,0
25,455,9,1,0
25,465,9,-2,40
25,466,2,1,10
25,466,3,1,10
25,466,4,1,10
25,466,8,1,10
25,466,9,1,10
25,468,2,1,0
25,468,6,1,0
25,475,4,2,0
25,483,4,1,0
25,483,8,1,0
25,483,9,1,0
25,488,4,1,100
25,489,2,1,0
25,489,3,1,0
25,489,6,1,0
25,490,4,-1,100
25,491,9,-2,100
25,504,2,2,100
25,504,3,-1,100
25,504,4,2,100
25,504,8,2,100
25,504,9,-1,100
25,508,2,1,0
25,508,4,2,0
25,522,8,-1,100
25,523,4,-1,100
25,526,2,1,0
25,526,8,1,0
25,527,4,-1,100
25,534,3,-1,50
25,536,6,-1,50
25,538,3,3,0
25,539,6,-1,40
25,549,4,-1,100
25,552,8,1,50
25,555,8,-1,100
25,557,3,-1,100
25,557,4,-1,100
25,557,9,255,100
25,563,2,1,100
25,563,8,1,100
25,568,2,-1,100
25,568,8,-1,100
25,575,2,-1,100
25,575,8,-1,100
25,579,3,1,100
25,583,2,-1,10
25,585,8,-1,30
25,589,2,-1,100
25,590,8,-1,100
25,591,3,2,50
25,595,8,-1,100
25,597,9,1,0
25,598,8,-2,0
25,599,2,-1,100
25,599,4,255,100
25,599,8,-1,100
25,601,4,2,0
25,601,8,2,0
25,601,9,2,0
25,602,3,1,0
25,602,9,1,0
25,608,2,-1,0
25,612,2,1,100
25,620,3,-1,100
25,620,9,-1,100
25,621,3,-1,100
25,665,4,-1,100
25,668,2,-1,100
25,672,4,-1,100
25,674,2,1,0
25,674,8,1,0
25,679,2,-1,100
25,680,3,-1,100
25,688,2,-1,100
25,691,3,-1,100
25,702,2,2,100
25,702,3,2,100
25,702,4,2,100
25,702,8,2,100
25,702,9,2,100
25,705,8,-2,100
25,708,3,-1,20
25,710,3,-1,20
25,715,2,-1,100
25,715,8,-1,100
25,728,2,1,100
25,728,3,1,100
25,728,4,1,100
25,728,8,1,100
25,728,9,1,100
25,729,7,1,100
25,747,3,2,100
25,748,2,1,100
25,748,3,1,100
25,748,4,1,100
25,748,8,1,100
25,748,9,1,100
25,749,4,-1,100
25,775,2,1,100
25,775,3,1,100
25,775,4,1,100
25,775,8,1,100
25,775,9,1,100
25,777,2,2,100
25,777,8,2,100
25,778,4,-1,100
25,783,4,1,100
25,784,2,-1,100
25,787,9,-1,100
25,788,3,-1,100
25,789,8,-1,100
25,799,3,-1,0
25,799,4,1,0
25,800,8,1,0
25,806,8,-1,100
25,811,2,1,100
25,811,3,1,100
25,823,3,-1,100
25,828,3,1,100
25,831,2,-1,30
25,832,8,1,100
25,837,2,1,100
25,837,3,1,100
25,837,4,1,100
25,838,3,-1,100
25,838,9,-1,100
25,840,4,1,100
25,841,2,-1,100
25,842,3,2,100
25,843,3,-1,50
25,846,4,-1,30
25,850,8,1,100
25,850,9,1,100
25,855,9,-2,100
25,858,2,2,100
25,858,3,-2,100
25,859,4,-2,100
25,868,2,2,100
25,868,4,2,100
25,868,8,2,100
25,871,8,1,100
25,872,4,1,100
25,874,8,-1,100
25,884,4,-1,100
25,885,4,1,100
25,886,2,-1,100
25,890,3,-1,100
25,890,9,-1,100
25,905,8,1,0
25,10068,2,-1,100
25,10068,8,-1,100
