generation_id,pokemon_id,egg_group_id
2,1,1
2,1,7
2,2,1
2,2,7
2,3,1
2,3,7
2,4,1
2,4,14
2,5,1
2,5,14
2,6,1
2,6,14
2,7,1
2,7,2
2,8,1
2,8,2
2,9,1
2,9,2
2,10,3
2,11,3
2,12,3
2,13,3
2,14,3
2,15,3
2,16,4
2,17,4
2,18,4
2,19,5
2,20,5
2,21,4
2,22,4
2,23,5
2,23,14
2,24,5
2,24,14
2,25,5
2,25,6
2,26,5
2,26,6
2,27,5
2,28,5
2,29,1
2,29,5
2,30,15
2,31,15
2,32,1
2,32,5
2,33,1
2,33,5
2,34,1
2,34,5
2,35,6
2,36,6
2,37,5
2,38,5
2,39,6
2,40,6
2,41,4
2,42,4
2,43,7
2,44,7
2,45,7
2,46,3
2,46,7
2,47,3
2,47,7
2,48,3
2,49,3
2,50,5
2,51,5
2,52,5
2,53,5
2,54,2
2,54,5
2,55,2
2,55,5
2,56,5
2,57,5
2,58,5
2,59,5
2,60,2
2,61,2
2,62,2
2,63,8
2,64,8
2,65,8
2,66,8
2,67,8
2,68,8
2,69,7
2,70,7
2,71,7
2,72,9
2,73,9
2,74,10
2,75,10
2,76,10
2,77,5
2,78,5
2,79,1
2,79,2
2,80,1
2,80,2
2,81,10
2,82,10
2,83,4
2,83,5
2,84,4
2,85,4
2,86,2
2,86,5
2,87,2
2,87,5
2,88,11
2,89,11
2,90,9
2,91,9
2,92,11
2,93,11
2,94,11
2,95,10
2,96,8
2,97,8
2,98,9
2,99,9
2,100,10
2,101,10
2,102,7
2,103,7
2,104,1
2,105,1
2,106,8
2,107,8
2,108,1
2,109,11
2,110,11
2,111,1
2,111,5
2,112,1
2,112,5
2,113,6
2,114,7
2,115,1
2,116,2
2,116,14
2,117,2
2,117,14
2,118,12
2,119,12
2,120,9
2,121,9
2,122,8
2,123,3
2,124,8
2,125,8
2,126,8
2,127,3
2,128,5
2,129,12
2,129,14
2,130,12
2,130,14
2,131,1
2,131,2
2,132,13
2,133,5
2,134,5
2,135,5
2,136,5
2,137,10
2,138,2
2,138,9
2,139,2
2,139,9
2,140,2
2,140,9
2,141,2
2,141,9
2,142,4
2,143,1
2,144,15
2,145,15
2,146,15
2,147,2
2,147,14
2,148,2
2,148,14
2,149,2
2,149,14
2,150,15
2,151,15
2,152,1
2,152,7
2,153,1
2,153,7
2,154,1
2,154,7
2,155,5
2,156,5
2,157,5
2,158,1
2,158,2
2,159,1
2,159,2
2,160,1
2,160,2
2,161,5
2,162,5
2,163,4
2,164,4
2,165,3
2,166,3
2,167,3
2,168,3
2,169,4
2,170,12
2,171,12
2,172,15
2,173,15
2,174,15
2,175,15
2,176,4
2,176,6
2,177,4
2,178,4
2,179,1
2,179,5
2,180,1
2,180,5
2,181,1
2,181,5
2,182,7
2,183,2
2,183,6
2,184,2
2,184,6
2,185,10
2,186,2
2,187,6
2,187,7
2,188,6
2,188,7
2,189,6
2,189,7
2,190,5
2,191,7
2,192,7
2,193,3
2,194,2
2,194,5
2,195,2
2,195,5
2,196,5
2,197,5
2,198,4
2,199,1
2,199,2
2,200,11
2,201,15
2,202,11
2,203,5
2,204,3
2,205,3
2,206,5
2,207,3
2,208,10
2,209,5
2,209,6
2,210,5
2,210,6
2,211,12
2,212,3
2,213,3
2,214,3
2,215,5
2,216,5
2,217,5
2,218,11
2,219,11
2,220,5
2,221,5
2,222,2
2,222,9
2,223,2
2,223,12
2,224,2
2,224,12
2,225,2
2,225,5
2,226,2
2,227,4
2,228,5
2,229,5
2,230,2
2,230,14
2,231,5
2,232,5
2,233,10
2,234,5
2,235,5
2,236,15
2,237,8
2,238,15
2,239,15
2,240,15
2,241,5
2,242,6
2,243,15
2,244,15
2,245,15
2,246,1
2,247,1
2,248,1
2,249,15
2,250,15
2,251,15
3,1,1
3,1,7
3,2,1
3,2,7
3,3,1
3,3,7
3,4,1
3,4,14
3,5,1
3,5,14
3,6,1
3,6,14
3,7,1
3,7,2
3,8,1
3,8,2
3,9,1
3,9,2
3,10,3
3,11,3
3,12,3
3,13,3
3,14,3
3,15,3
3,16,4
3,17,4
3,18,4
3,19,5
3,20,5
3,21,4
3,22,4
3,23,5
3,23,14
3,24,5
3,24,14
3,25,5
3,25,6
3,26,5
3,26,6
3,27,5
3,28,5
3,29,1
3,29,5
3,30,15
3,31,15
3,32,1
3,32,5
3,33,1
3,33,5
3,34,1
3,34,5
3,35,6
3,36,6
3,37,5
3,38,5
3,39,6
3,40,6
3,41,4
3,42,4
3,43,7
3,44,7
3,45,7
3,46,3
3,46,7
3,47,3
3,47,7
3,48,3
3,49,3
3,50,5
3,51,5
3,52,5
3,53,5
3,54,2
3,54,5
3,55,2
3,55,5
3,56,5
3,57,5
3,58,5
3,59,5
3,60,2
3,61,2
3,62,2
3,63,8
3,64,8
3,65,8
3,66,8
3,67,8
3,68,8
3,69,7
3,70,7
3,71,7
3,72,9
3,73,9
3,74,10
3,75,10
3,76,10
3,77,5
3,78,5
3,79,1
3,79,2
3,80,1
3,80,2
3,81,10
3,82,10
3,83,4
3,83,5
3,84,4
3,85,4
3,86,2
3,86,5
3,87,2
3,87,5
3,88,11
3,89,11
3,90,9
3,91,9
3,92,11
3,93,11
3,94,11
3,95,10
3,96,8
3,97,8
3,98,9
3,99,9
3,100,10
3,101,10
3,102,7
3,103,7
3,104,1
3,105,1
3,106,8
3,107,8
3,108,1
3,109,11
3,110,11
3,111,1
3,111,5
3,112,1
3,112,5
3,113,6
3,114,7
3,115,1
3,116,2
3,116,14
3,117,2
3,117,14
3,118,12
3,119,12
3,120,9
3,121,9
3,122,8
3,123,3
3,124,8
3,125,8
3,126,8
3,127,3
3,128,5
3,129,12
3,129,14
3,130,12
3,130,14
3,131,1
3,131,2
3,132,13
3,133,5
3,134,5
3,135,5
3,136,5
3,137,10
3,138,2
3,138,9
3,139,2
3,139,9
3,140,2
3,140,9
3,141,2
3,141,9
3,142,4
3,143,1
3,144,15
3,145,15
3,146,15
3,147,2
3,147,14
3,148,2
3,148,14
3,149,2
3,149,14
3,150,15
3,151,15
3,152,1
3,152,7
3,153,1
3,153,7
3,154,1
3,154,7
3,155,5
3,156,5
3,157,5
3,158,1
3,158,2
3,159,1
3,159,2
3,160,1
3,160,2
3,161,5
3,162,5
3,163,4
3,164,4
3,165,3
3,166,3
3,167,3
3,168,3
3,169,4
3,170,12
3,171,12
3,172,15
3,173,15
3,174,15
3,175,15
3,176,4
3,176,6
3,177,4
3,178,4
3,179,1
3,179,5
3,180,1
3,180,5
3,181,1
3,181,5
3,182,7
3,183,2
3,183,6
3,184,2
3,184,6
3,185,10
3,186,2
3,187,6
3,187,7
3,188,6
3,188,7
3,189,6
3,189,7
3,190,5
3,191,7
3,192,7
3,193,3
3,194,2
3,194,5
3,195,2
3,195,5
3,196,5
3,197,5
3,198,4
3,199,1
3,199,2
3,200,11
3,201,15
3,202,11
3,203,5
3,204,3
3,205,3
3,206,5
3,207,3
3,208,10
3,209,5
3,209,6
3,210,5
3,210,6
3,211,12
3,212,3
3,213,3
3,214,3
3,215,5
3,216,5
3,217,5
3,218,11
3,219,11
3,220,5
3,221,5
3,222,2
3,222,9
3,223,2
3,223,12
3,224,2
3,224,12
3,225,2
3,225,5
3,226,2
3,227,4
3,228,5
3,229,5
3,230,2
3,230,14
3,231,5
3,232,5
3,233,10
3,234,5
3,235,5
3,236,15
3,237,8
3,238,15
3,239,15
3,240,15
3,241,5
3,242,6
3,243,15
3,244,15
3,245,15
3,246,1
3,247,1
3,248,1
3,249,15
3,250,15
3,251,15
3,252,1
3,252,14
3,253,1
3,253,14
3,254,1
3,254,14
3,255,5
3,256,5
3,257,5
3,258,1
3,258,2
3,259,1
3,259,2
3,260,1
3,260,2
3,261,5
3,262,5
3,263,5
3,264,5
3,265,3
3,266,3
3,267,3
3,268,3
3,269,3
3,270,2
3,270,7
3,271,2
3,271,7
3,272,2
3,272,7
3,273,5
3,273,7
3,274,5
3,274,7
3,275,5
3,275,7
3,276,4
3,277,4
3,278,2
3,278,4
3,279,2
3,279,4
3,280,11
3,281,11
3,282,11
3,283,2
3,283,3
3,284,2
3,284,3
3,285,6
3,285,7
3,286,6
3,286,7
3,287,5
3,288,5
3,289,5
3,290,3
3,291,3
3,292,10
3,293,1
3,293,5
3,294,1
3,294,5
3,295,1
3,295,5
3,296,8
3,297,8
3,298,15
3,299,10
3,300,5
3,300,6
3,301,5
3,301,6
3,302,8
3,303,5
3,303,6
3,304,1
3,305,1
3,306,1
3,307,8
3,308,8
3,309,5
3,310,5
3,311,6
3,312,6
3,313,3
3,313,8
3,314,3
3,314,8
3,315,6
3,315,7
3,316,11
3,317,11
3,318,12
3,319,12
3,320,5
3,320,12
3,321,5
3,321,12
3,322,5
3,323,5
3,324,5
3,325,5
3,326,5
3,327,5
3,327,8
3,328,3
3,329,3
3,330,3
3,331,7
3,331,8
3,332,7
3,332,8
3,333,4
3,333,14
3,334,4
3,334,14
3,335,5
3,336,5
3,336,14
3,337,10
3,338,10
3,339,12
3,340,12
3,341,2
3,341,9
3,342,2
3,342,9
3,343,10
3,344,10
3,345,9
3,346,9
3,347,9
3,348,9
3,349,2
3,349,14
3,350,2
3,350,14
3,351,6
3,351,11
3,352,5
3,353,11
3,354,11
3,355,11
3,356,11
3,357,1
3,357,7
3,358,11
3,359,5
3,360,15
3,361,6
3,361,10
3,362,6
3,362,10
3,363,2
3,363,5
3,364,2
3,364,5
3,365,2
3,365,5
3,366,2
3,367,2
3,368,2
3,369,2
3,369,12
3,370,12
3,371,14
3,372,14
3,373,14
3,374,10
3,375,10
3,376,10
3,377,15
3,378,15
3,379,15
3,380,15
3,381,15
3,382,15
3,383,15
3,384,15
3,385,15
3,386,15
3,10001,6
3,10001,11
3,10002,6
3,10002,11
3,10003,6
3,10003,11
3,10004,15
3,10005,15
3,10006,15
4,1,1
4,1,7
4,2,1
4,2,7
4,3,1
4,3,7
4,4,1
4,4,14
4,5,1
4,5,14
4,6,1
4,6,14
4,7,1
4,7,2
4,8,1
4,8,2
4,9,1
4,9,2
4,10,3
4,11,3
4,12,3
4,13,3
4,14,3
4,15,3
4,16,4
4,17,4
4,18,4
4,19,5
4,20,5
4,21,4
4,22,4
4,23,5
4,23,14
4,24,5
4,24,14
4,25,5
4,25,6
4,26,5
4,26,6
4,27,5
4,28,5
4,29,1
4,29,5
4,30,15
4,31,15
4,32,1
4,32,5
4,33,1
4,33,5
4,34,1
4,34,5
4,35,6
4,36,6
4,37,5
4,38,5
4,39,6
4,40,6
4,41,4
4,42,4
4,43,7
4,44,7
4,45,7
4,46,3
4,46,7
4,47,3
4,47,7
4,48,3
4,49,3
4,50,5
4,51,5
4,52,5
4,53,5
4,54,2
4,54,5
4,55,2
4,55,5
4,56,5
4,57,5
4,58,5
4,59,5
4,60,2
4,61,2
4,62,2
4,63,8
4,64,8
4,65,8
4,66,8
4,67,8
4,68,8
4,69,7
4,70,7
4,71,7
4,72,9
4,73,9
4,74,10
4,75,10
4,76,10
4,77,5
4,78,5
4,79,1
4,79,2
4,80,1
4,80,2
4,81,10
4,82,10
4,83,4
4,83,5
4,84,4
4,85,4
4,86,2
4,86,5
4,87,2
4,87,5
4,88,11
4,89,11
4,90,9
4,91,9
4,92,11
4,93,11
4,94,11
4,95,10
4,96,8
4,97,8
4,98,9
4,99,9
4,100,10
4,101,10
4,102,7
4,103,7
4,104,1
4,105,1
4,106,8
4,107,8
4,108,1
4,109,11
4,110,11
4,111,1
4,111,5
4,112,1
4,112,5
4,113,6
4,114,7
4,115,1
4,116,2
4,116,14
4,117,2
4,117,14
4,118,12
4,119,12
4,120,9
4,121,9
4,122,8
4,123,3
4,124,8
4,125,8
4,126,8
4,127,3
4,128,5
4,129,12
4,129,14
4,130,12
4,130,14
4,131,1
4,131,2
4,132,13
4,133,5
4,134,5
4,135,5
4,136,5
4,137,10
4,138,2
4,138,9
4,139,2
4,139,9
4,140,2
4,140,9
4,141,2
4,141,9
4,142,4
4,143,1
4,144,15
4,145,15
4,146,15
4,147,2
4,147,14
4,148,2
4,148,14
4,149,2
4,149,14
4,150,15
4,151,15
4,152,1
4,152,7
4,153,1
4,153,7
4,154,1
4,154,7
4,155,5
4,156,5
4,157,5
4,158,1
4,158,2
4,159,1
4,159,2
4,160,1
4,160,2
4,161,5
4,162,5
4,163,4
4,164,4
4,165,3
4,166,3
4,167,3
4,168,3
4,169,4
4,170,12
4,171,12
4,172,15
4,173,15
4,174,15
4,175,15
4,176,4
4,176,6
4,177,4
4,178,4
4,179,1
4,179,5
4,180,1
4,180,5
4,181,1
4,181,5
4,182,7
4,183,2
4,183,6
4,184,2
4,184,6
4,185,10
4,186,2
4,187,6
4,187,7
4,188,6
4,188,7
4,189,6
4,189,7
4,190,5
4,191,7
4,192,7
4,193,3
4,194,2
4,194,5
4,195,2
4,195,5
4,196,5
4,197,5
4,198,4
4,199,1
4,199,2
4,200,11
4,201,15
4,202,11
4,203,5
4,204,3
4,205,3
4,206,5
4,207,3
4,208,10
4,209,5
4,209,6
4,210,5
4,210,6
4,211,12
4,212,3
4,213,3
4,214,3
4,215,5
4,216,5
4,217,5
4,218,11
4,219,11
4,220,5
4,221,5
4,222,2
4,222,9
4,223,2
4,223,12
4,224,2
4,224,12
4,225,2
4,225,5
4,226,2
4,227,4
4,228,5
4,229,5
4,230,2
4,230,14
4,231,5
4,232,5
4,233,10
4,234,5
4,235,5
4,236,15
4,237,8
4,238,15
4,239,15
4,240,15
4,241,5
4,242,6
4,243,15
4,244,15
4,245,15
4,246,1
4,247,1
4,248,1
4,249,15
4,250,15
4,251,15
4,252,1
4,252,14
4,253,1
4,253,14
4,254,1
4,254,14
4,255,5
4,256,5
4,257,5
4,258,1
4,258,2
4,259,1
4,259,2
4,260,1
4,260,2
4,261,5
4,262,5
4,263,5
4,264,5
4,265,3
4,266,3
4,267,3
4,268,3
4,269,3
4,270,2
4,270,7
4,271,2
4,271,7
4,272,2
4,272,7
4,273,5
4,273,7
4,274,5
4,274,7
4,275,5
4,275,7
4,276,4
4,277,4
4,278,2
4,278,4
4,279,2
4,279,4
4,280,11
4,281,11
4,282,11
4,283,2
4,283,3
4,284,2
4,284,3
4,285,6
4,285,7
4,286,6
4,286,7
4,287,5
4,288,5
4,289,5
4,290,3
4,291,3
4,292,10
4,293,1
4,293,5
4,294,1
4,294,5
4,295,1
4,295,5
4,296,8
4,297,8
4,298,15
4,299,10
4,300,5
4,300,6
4,301,5
4,301,6
4,302,8
4,303,5
4,303,6
4,304,1
4,305,1
4,306,1
4,307,8
4,308,8
4,309,5
4,310,5
4,311,6
4,312,6
4,313,3
4,313,8
4,314,3
4,314,8
4,315,6
4,315,7
4,316,11
4,317,11
4,318,12
4,319,12
4,320,5
4,320,12
4,321,5
4,321,12
4,322,5
4,323,5
4,324,5
4,325,5
4,326,5
4,327,5
4,327,8
4,328,3
4,329,3
4,330,3
4,331,7
4,331,8
4,332,7
4,332,8
4,333,4
4,333,14
4,334,4
4,334,14
4,335,5
4,336,5
4,336,14
4,337,10
4,338,10
4,339,12
4,340,12
4,341,2
4,341,9
4,342,2
4,342,9
4,343,10
4,344,10
4,345,9
4,346,9
4,347,9
4,348,9
4,349,2
4,349,14
4,350,2
4,350,14
4,351,6
4,351,11
4,352,5
4,353,11
4,354,11
4,355,11
4,356,11
4,357,1
4,357,7
4,358,11
4,359,5
4,360,15
4,361,6
4,361,10
4,362,6
4,362,10
4,363,2
4,363,5
4,364,2
4,364,5
4,365,2
4,365,5
4,366,2
4,367,2
4,368,2
4,369,2
4,369,12
4,370,12
4,371,14
4,372,14
4,373,14
4,374,10
4,375,10
4,376,10
4,377,15
4,378,15
4,379,15
4,380,15
4,381,15
4,382,15
4,383,15
4,384,15
4,385,15
4,386,15
4,387,1
4,387,7
4,388,1
4,388,7
4,389,1
4,389,7
4,390,5
4,390,8
4,391,5
4,391,8
4,392,5
4,392,8
4,393,2
4,393,5
4,394,2
4,394,5
4,395,2
4,395,5
4,396,4
4,397,4
4,398,4
4,399,2
4,399,5
4,400,2
4,400,5
4,401,3
4,402,3
4,403,5
4,404,5
4,405,5
4,406,15
4,407,6
4,407,7
4,408,1
4,409,1
4,410,1
4,411,1
4,412,3
4,413,3
4,414,3
4,415,3
4,416,3
4,417,5
4,417,6
4,418,2
4,418,5
4,419,2
4,419,5
4,420,6
4,420,7
4,421,6
4,421,7
4,422,2
4,422,11
4,423,2
4,423,11
4,424,5
4,425,11
4,426,11
4,427,5
4,427,8
4,428,5
4,428,8
4,429,11
4,430,4
4,431,5
4,432,5
4,433,15
4,434,5
4,435,5
4,436,10
4,437,10
4,438,15
4,439,15
4,440,15
4,441,4
4,442,11
4,443,1
4,443,14
4,444,1
4,444,14
4,445,1
4,445,14
4,446,15
4,447,15
4,448,5
4,448,8
4,449,5
4,450,5
4,451,3
4,451,9
4,452,3
4,452,9
4,453,8
4,454,8
4,455,7
4,456,12
4,457,12
4,458,15
4,459,1
4,459,7
4,460,1
4,460,7
4,461,5
4,462,10
4,463,1
4,464,1
4,464,5
4,465,7
4,466,8
4,467,8
4,468,4
4,468,6
4,469,3
4,470,5
4,471,5
4,472,3
4,473,5
4,474,10
4,475,11
4,476,10
4,477,11
4,478,6
4,478,10
4,479,11
4,480,15
4,481,15
4,482,15
4,483,15
4,484,15
4,485,15
4,486,15
4,487,15
4,488,15
4,489,2
4,489,6
4,490,2
4,490,6
4,491,15
4,492,15
4,493,15
4,10001,6
4,10001,11
4,10002,6
4,10002,11
4,10003,6
4,10003,11
4,10004,15
4,10005,15
4,10006,15
4,10007,3
4,10008,3
4,10009,15
4,10010,15
4,10011,15
4,10012,15
4,10013,15
4,10014,15
4,10015,15
4,10016,15
4,10017,15
4,10018,15
4,10019,15
4,10020,15
4,10021,15
4,10022,15
4,10023,15
4,10024,15
4,10025,15
4,10026,11
4,10027,11
4,10028,11
4,10029,11
4,10030,11
4,10031,15
4,10032,15
4,10033,15
5,1,1
5,1,7
5,2,1
5,2,7
5,3,1
5,3,7
5,4,1
5,4,14
5,5,1
5,5,14
5,6,1
5,6,14
5,7,1
5,7,2
5,8,1
5,8,2
5,9,1
5,9,2
5,10,3
5,11,3
5,12,3
5,13,3
5,14,3
5,15,3
5,16,4
5,17,4
5,18,4
5,19,5
5,20,5
5,21,4
5,22,4
5,23,5
5,23,14
5,24,5
5,24,14
5,25,5
5,25,6
5,26,5
5,26,6
5,27,5
5,28,5
5,29,1
5,29,5
5,30,15
5,31,15
5,32,1
5,32,5
5,33,1
5,33,5
5,34,1
5,34,5
5,35,6
5,36,6
5,37,5
5,38,5
5,39,6
5,40,6
5,41,4
5,42,4
5,43,7
5,44,7
5,45,7
5,46,3
5,46,7
5,47,3
5,47,7
5,48,3
5,49,3
5,50,5
5,51,5
5,52,5
5,53,5
5,54,2
5,54,5
5,55,2
5,55,5
5,56,5
5,57,5
5,58,5
5,59,5
5,60,2
5,61,2
5,62,2
5,63,8
5,64,8
5,65,8
5,66,8
5,67,8
5,68,8
5,69,7
5,70,7
5,71,7
5,72,9
5,73,9
5,74,10
5,75,10
5,76,10
5,77,5
5,78,5
5,79,1
5,79,2
5,80,1
5,80,2
5,81,10
5,82,10
5,83,4
5,83,5
5,84,4
5,85,4
5,86,2
5,86,5
5,87,2
5,87,5
5,88,11
5,89,11
5,90,9
5,91,9
5,92,11
5,93,11
5,94,11
5,95,10
5,96,8
5,97,8
5,98,9
5,99,9
5,100,10
5,101,10
5,102,7
5,103,7
5,104,1
5,105,1
5,106,8
5,107,8
5,108,1
5,109,11
5,110,11
5,111,1
5,111,5
5,112,1
5,112,5
5,113,6
5,114,7
5,115,1
5,116,2
5,116,14
5,117,2
5,117,14
5,118,12
5,119,12
5,120,9
5,121,9
5,122,8
5,123,3
5,124,8
5,125,8
5,126,8
5,127,3
5,128,5
5,129,12
5,129,14
5,130,12
5,130,14
5,131,1
5,131,2
5,132,13
5,133,5
5,134,5
5,135,5
5,136,5
5,137,10
5,138,2
5,138,9
5,139,2
5,139,9
5,140,2
5,140,9
5,141,2
5,141,9
5,142,4
5,143,1
5,144,15
5,145,15
5,146,15
5,147,2
5,147,14
5,148,2
5,148,14
5,149,2
5,149,14
5,150,15
5,151,15
5,152,1
5,152,7
5,153,1
5,153,7
5,154,1
5,154,7
5,155,5
5,156,5
5,157,5
5,158,1
5,158,2
5,159,1
5,159,2
5,160,1
5,160,2
5,161,5
5,162,5
5,163,4
5,164,4
5,165,3
5,166,3
5,167,3
5,168,3
5,169,4
5,170,12
5,171,12
5,172,15
5,173,15
5,174,15
5,175,15
5,176,4
5,176,6
5,177,4
5,178,4
5,179,1
5,179,5
5,180,1
5,180,5
5,181,1
5,181,5
5,182,7
5,183,2
5,183,6
5,184,2
5,184,6
5,185,10
5,186,2
5,187,6
5,187,7
5,188,6
5,188,7
5,189,6
5,189,7
5,190,5
5,191,7
5,192,7
5,193,3
5,194,2
5,194,5
5,195,2
5,195,5
5,196,5
5,197,5
5,198,4
5,199,1
5,199,2
5,200,11
5,201,15
5,202,11
5,203,5
5,204,3
5,205,3
5,206,5
5,207,3
5,208,10
5,209,5
5,209,6
5,210,5
5,210,6
5,211,12
5,212,3
5,213,3
5,214,3
5,215,5
5,216,5
5,217,5
5,218,11
5,219,11
5,220,5
5,221,5
5,222,2
5,222,9
5,223,2
5,223,12
5,224,2
5,224,12
5,225,2
5,225,5
5,226,2
5,227,4
5,228,5
5,229,5
5,230,2
5,230,14
5,231,5
5,232,5
5,233,10
5,234,5
5,235,5
5,236,15
5,237,8
5,238,15
5,239,15
5,240,15
5,241,5
5,242,6
5,243,15
5,244,15
5,245,15
5,246,1
5,247,1
5,248,1
5,249,15
5,250,15
5,251,15
5,252,1
5,252,14
5,253,1
5,253,14
5,254,1
5,254,14
5,255,5
5,256,5
5,257,5
5,258,1
5,258,2
5,259,1
5,259,2
5,260,1
5,260,2
5,261,5
5,262,5
5,263,5
5,264,5
5,265,3
5,266,3
5,267,3
5,268,3
5,269,3
5,270,2
5,270,7
5,271,2
5,271,7
5,272,2
5,272,7
5,273,5
5,273,7
5,274,5
5,274,7
5,275,5
5,275,7
5,276,4
5,277,4
5,278,2
5,278,4
5,279,2
5,279,4
5,280,11
5,281,11
5,282,11
5,283,2
5,283,3
5,284,2
5,284,3
5,285,6
5,285,7
5,286,6
5,286,7
5,287,5
5,288,5
5,289,5
5,290,3
5,291,3
5,292,10
5,293,1
5,293,5
5,294,1
5,294,5
5,295,1
5,295,5
5,296,8
5,297,8
5,298,15
5,299,10
5,300,5
5,300,6
5,301,5
5,301,6
5,302,8
5,303,5
5,303,6
5,304,1
5,305,1
5,306,1
5,307,8
5,308,8
5,309,5
5,310,5
5,311,6
5,312,6
5,313,3
5,313,8
5,314,3
5,314,8
5,315,6
5,315,7
5,316,11
5,317,11
5,318,12
5,319,12
5,320,5
5,320,12
5,321,5
5,321,12
5,322,5
5,323,5
5,324,5
5,325,5
5,326,5
5,327,5
5,327,8
5,328,3
5,329,3
5,330,3
5,331,7
5,331,8
5,332,7
5,332,8
5,333,4
5,333,14
5,334,4
5,334,14
5,335,5
5,336,5
5,336,14
5,337,10
5,338,10
5,339,12
5,340,12
5,341,2
5,341,9
5,342,2
5,342,9
5,343,10
5,344,10
5,345,9
5,346,9
5,347,9
5,348,9
5,349,2
5,349,14
5,350,2
5,350,14
5,351,6
5,351,11
5,352,5
5,353,11
5,354,11
5,355,11
5,356,11
5,357,1
5,357,7
5,358,11
5,359,5
5,360,15
5,361,6
5,361,10
5,362,6
5,362,10
5,363,2
5,363,5
5,364,2
5,364,5
5,365,2
5,365,5
5,366,2
5,367,2
5,368,2
5,369,2
5,369,12
5,370,12
5,371,14
5,372,14
5,373,14
5,374,10
5,375,10
5,376,10
5,377,15
5,378,15
5,379,15
5,380,15
5,381,15
5,382,15
5,383,15
5,384,15
5,385,15
5,386,15
5,387,1
5,387,7
5,388,1
5,388,7
5,389,1
5,389,7
5,390,5
5,390,8
5,391,5
5,391,8
5,392,5
5,392,8
5,393,2
5,393,5
5,394,2
5,394,5
5,395,2
5,395,5
5,396,4
5,397,4
5,398,4
5,399,2
5,399,5
5,400,2
5,400,5
5,401,3
5,402,3
5,403,5
5,404,5
5,405,5
5,406,15
5,407,6
5,407,7
5,408,1
5,409,1
5,410,1
5,411,1
5,412,3
5,413,3
5,414,3
5,415,3
5,416,3
5,417,5
5,417,6
5,418,2
5,418,5
5,419,2
5,419,5
5,420,6
5,420,7
5,421,6
5,421,7
5,422,2
5,422,11
5,423,2
5,423,11
5,424,5
5,425,11
5,426,11
5,427,5
5,427,8
5,428,5
5,428,8
5,429,11
5,430,4
5,431,5
5,432,5
5,433,15
5,434,5
5,435,5
5,436,10
5,437,10
5,438,15
5,439,15
5,440,15
5,441,4
5,442,11
5,443,1
5,443,14
5,444,1
5,444,14
5,445,1
5,445,14
5,446,15
5,447,15
5,448,5
5,448,8
5,449,5
5,450,5
5,451,3
5,451,9
5,452,3
5,452,9
5,453,8
5,454,8
5,455,7
5,456,12
5,457,12
5,458,15
5,459,1
5,459,7
5,460,1
5,460,7
5,461,5
5,462,10
5,463,1
5,464,1
5,464,5
5,465,7
5,466,8
5,467,8
5,468,4
5,468,6
5,469,3
5,470,5
5,471,5
5,472,3
5,473,5
5,474,10
5,475,11
5,476,10
5,477,11
5,478,6
5,478,10
5,479,11
5,480,15
5,481,15
5,482,15
5,483,15
5,484,15
5,485,15
5,486,15
5,487,15
5,488,15
5,489,2
5,489,6
5,490,2
5,490,6
5,491,15
5,492,15
5,493,15
5,494,15
5,495,5
5,495,7
5,496,5
5,496,7
5,497,5
5,497,7
5,498,5
5,499,5
5,500,5
5,501,5
5,502,5
5,503,5
5,504,5
5,505,5
5,506,5
5,507,5
5,508,5
5,509,5
5,510,5
5,511,5
5,512,5
5,513,5
5,514,5
5,515,5
5,516,5
5,517,5
5,518,5
5,519,4
5,520,4
5,521,4
5,522,5
5,523,5
5,524,10
5,525,10
5,526,10
5,527,4
5,527,5
5,528,4
5,528,5
5,529,5
5,530,5
5,531,6
5,532,8
5,533,8
5,534,8
5,535,2
5,536,2
5,537,2
5,538,8
5,539,8
5,540,3
5,541,3
5,542,3
5,543,3
5,544,3
5,545,3
5,546,6
5,546,7
5,547,6
5,547,7
5,548,7
5,549,7
5,550,12
5,551,5
5,552,5
5,553,5
5,554,5
5,555,5
5,556,7
5,557,3
5,557,10
5,558,3
5,558,10
5,559,5
5,559,14
5,560,5
5,560,14
5,561,4
5,562,10
5,562,11
5,563,10
5,563,11
5,564,2
5,564,9
5,565,2
5,565,9
5,566,4
5,566,9
5,567,4
5,567,9
5,568,10
5,569,10
5,570,5
5,571,5
5,572,5
5,573,5
5,574,8
5,575,8
5,576,8
5,577,11
5,578,11
5,579,11
5,580,2
5,580,4
5,581,2
5,581,4
5,582,10
5,583,10
5,584,10
5,585,5
5,586,5
5,587,5
5,588,3
5,589,3
5,590,7
5,591,7
5,592,11
5,593,11
5,594,2
5,594,12
5,595,3
5,596,3
5,597,7
5,597,10
5,598,7
5,598,10
5,599,10
5,600,10
5,601,10
5,602,11
5,603,11
5,604,11
5,605,8
5,606,8
5,607,11
5,608,11
5,609,11
5,610,1
5,610,14
5,611,1
5,611,14
5,612,1
5,612,14
5,613,5
5,614,5
5,615,10
5,616,3
5,617,3
5,618,2
5,618,11
5,619,5
5,619,8
5,620,5
5,620,8
5,621,1
5,621,14
5,622,10
5,623,10
5,624,8
5,625,8
5,626,5
5,627,4
5,628,4
5,629,4
5,630,4
5,631,5
5,632,3
5,633,14
5,634,14
5,635,14
5,636,3
5,637,3
5,638,15
5,639,15
5,640,15
5,641,15
5,642,15
5,643,15
5,644,15
5,645,15
5,646,15
5,647,15
5,648,15
5,649,15
5,10001,6
5,10001,11
5,10002,6
5,10002,11
5,10003,6
5,10003,11
5,10004,15
5,10005,15
5,10006,15
5,10007,3
5,10008,3
5,10009,15
5,10010,15
5,10011,15
5,10012,15
5,10013,15
5,10014,15
5,10015,15
5,10016,15
5,10017,15
5,10018,15
5,10019,15
5,10020,15
5,10021,15
5,10022,15
5,10023,15
5,10024,15
5,10026,11
5,10027,11
5,10028,11
5,10029,11
5,10030,11
5,10031,15
5,10032,15
5,10034,12
5,10035,5
5,10036,15
5,10037,15
5,10038,15
5,10039,15
5,10040,15
5,10041,15
6,1,1
6,1,7
6,2,1
6,2,7
6,3,1
6,3,7
6,4,1
6,4,14
6,5,1
6,5,14
6,6,1
6,6,14
6,7,1
6,7,2
6,8,1
6,8,2
6,9,1
6,9,2
6,10,3
6,11,3
6,12,3
6,13,3
6,14,3
6,15,3
6,16,4
6,17,4
6,18,4
6,19,5
6,20,5
6,21,4
6,22,4
6,23,5
6,23,14
6,24,5
6,24,14
6,25,5
6,25,6
6,26,5
6,26,6
6,27,5
6,28,5
6,29,1
6,29,5
6,30,15
6,31,15
6,32,1
6,32,5
6,33,1
6,33,5
6,34,1
6,34,5
6,35,6
6,36,6
6,37,5
6,38,5
6,39,6
6,40,6
6,41,4
6,42,4
6,43,7
6,44,7
6,45,7
6,46,3
6,46,7
6,47,3
6,47,7
6,48,3
6,49,3
6,50,5
6,51,5
6,52,5
6,53,5
6,54,2
6,54,5
6,55,2
6,55,5
6,56,5
6,57,5
6,58,5
6,59,5
6,60,2
6,61,2
6,62,2
6,63,8
6,64,8
6,65,8
6,66,8
6,67,8
6,68,8
6,69,7
6,70,7
6,71,7
6,72,9
6,73,9
6,74,10
6,75,10
6,76,10
6,77,5
6,78,5
6,79,1
6,79,2
6,80,1
6,80,2
6,81,10
6,82,10
6,83,4
6,83,5
6,84,4
6,85,4
6,86,2
6,86,5
6,87,2
6,87,5
6,88,11
6,89,11
6,90,9
6,91,9
6,92,11
6,93,11
6,94,11
6,95,10
6,96,8
6,97,8
6,98,9
6,99,9
6,100,10
6,101,10
6,102,7
6,103,7
6,104,1
6,105,1
6,106,8
6,107,8
6,108,1
6,109,11
6,110,11
6,111,1
6,111,5
6,112,1
6,112,5
6,113,6
6,114,7
6,115,1
6,116,2
6,116,14
6,117,2
6,117,14
6,118,12
6,119,12
6,120,9
6,121,9
6,122,8
6,123,3
6,124,8
6,125,8
6,126,8
6,127,3
6,128,5
6,129,12
6,129,14
6,130,12
6,130,14
6,131,1
6,131,2
6,132,13
6,133,5
6,134,5
6,135,5
6,136,5
6,137,10
6,138,2
6,138,9
6,139,2
6,139,9
6,140,2
6,140,9
6,141,2
6,141,9
6,142,4
6,143,1
6,144,15
6,145,15
6,146,15
6,147,2
6,147,14
6,148,2
6,148,14
6,149,2
6,149,14
6,150,15
6,151,15
6,152,1
6,152,7
6,153,1
6,153,7
6,154,1
6,154,7
6,155,5
6,156,5
6,157,5
6,158,1
6,158,2
6,159,1
6,159,2
6,160,1
6,160,2
6,161,5
6,162,5
6,163,4
6,164,4
6,165,3
6,166,3
6,167,3
6,168,3
6,169,4
6,170,12
6,171,12
6,172,15
6,173,15
6,174,15
6,175,15
6,176,4
6,176,6
6,177,4
6,178,4
6,179,1
6,179,5
6,180,1
6,180,5
6,181,1
6,181,5
6,182,7
6,183,2
6,183,6
6,184,2
6,184,6
6,185,10
6,186,2
6,187,6
6,187,7
6,188,6
6,188,7
6,189,6
6,189,7
6,190,5
6,191,7
6,192,7
6,193,3
6,194,2
6,194,5
6,195,2
6,195,5
6,196,5
6,197,5
6,198,4
6,199,1
6,199,2
6,200,11
6,201,15
6,202,11
6,203,5
6,204,3
6,205,3
6,206,5
6,207,3
6,208,10
6,209,5
6,209,6
6,210,5
6,210,6
6,211,12
6,212,3
6,213,3
6,214,3
6,215,5
6,216,5
6,217,5
6,218,11
6,219,11
6,220,5
6,221,5
6,222,2
6,222,9
6,223,2
6,223,12
6,224,2
6,224,12
6,225,2
6,225,5
6,226,2
6,227,4
6,228,5
6,229,5
6,230,2
6,230,14
6,231,5
6,232,5
6,233,10
6,234,5
6,235,5
6,236,15
6,237,8
6,238,15
6,239,15
6,240,15
6,241,5
6,242,6
6,243,15
6,244,15
6,245,15
6,246,1
6,247,1
6,248,1
6,249,15
6,250,15
6,251,15
6,252,1
6,252,14
6,253,1
6,253,14
6,254,1
6,254,14
6,255,5
6,256,5
6,257,5
6,258,1
6,258,2
6,259,1
6,259,2
6,260,1
6,260,2
6,261,5
6,262,5
6,263,5
6,264,5
6,265,3
6,266,3
6,267,3
6,268,3
6,269,3
6,270,2
6,270,7
6,271,2
6,271,7
6,272,2
6,272,7
6,273,5
6,273,7
6,274,5
6,274,7
6,275,5
6,275,7
6,276,4
6,277,4
6,278,2
6,278,4
6,279,2
6,279,4
6,280,11
6,281,11
6,282,11
6,283,2
6,283,3
6,284,2
6,284,3
6,285,6
6,285,7
6,286,6
6,286,7
6,287,5
6,288,5
6,289,5
6,290,3
6,291,3
6,292,10
6,293,1
6,293,5
6,294,1
6,294,5
6,295,1
6,295,5
6,296,8
6,297,8
6,298,15
6,299,10
6,300,5
6,300,6
6,301,5
6,301,6
6,302,8
6,303,5
6,303,6
6,304,1
6,305,1
6,306,1
6,307,8
6,308,8
6,309,5
6,310,5
6,311,6
6,312,6
6,313,3
6,313,8
6,314,3
6,314,8
6,315,6
6,315,7
6,316,11
6,317,11
6,318,12
6,319,12
6,320,5
6,320,12
6,321,5
6,321,12
6,322,5
6,323,5
6,324,5
6,325,5
6,326,5
6,327,5
6,327,8
6,328,3
6,329,3
6,330,3
6,331,7
6,331,8
6,332,7
6,332,8
6,333,4
6,333,14
6,334,4
6,334,14
6,335,5
6,336,5
6,336,14
6,337,10
6,338,10
6,339,12
6,340,12
6,341,2
6,341,9
6,342,2
6,342,9
6,343,10
6,344,10
6,345,9
6,346,9
6,347,9
6,348,9
6,349,2
6,349,14
6,350,2
6,350,14
6,351,6
6,351,11
6,352,5
6,353,11
6,354,11
6,355,11
6,356,11
6,357,1
6,357,7
6,358,11
6,359,5
6,360,15
6,361,6
6,361,10
6,362,6
6,362,10
6,363,2
6,363,5
6,364,2
6,364,5
6,365,2
6,365,5
6,366,2
6,367,2
6,368,2
6,369,2
6,369,12
6,370,12
6,371,14
6,372,14
6,373,14
6,374,10
6,375,10
6,376,10
6,377,15
6,378,15
6,379,15
6,380,15
6,381,15
6,382,15
6,383,15
6,384,15
6,385,15
6,386,15
6,387,1
6,387,7
6,388,1
6,388,7
6,389,1
6,389,7
6,390,5
6,390,8
6,391,5
6,391,8
6,392,5
6,392,8
6,393,2
6,393,5
6,394,2
6,394,5
6,395,2
6,395,5
6,396,4
6,397,4
6,398,4
6,399,2
6,399,5
6,400,2
6,400,5
6,401,3
6,402,3
6,403,5
6,404,5
6,405,5
6,406,15
6,407,6
6,407,7
6,408,1
6,409,1
6,410,1
6,411,1
6,412,3
6,413,3
6,414,3
6,415,3
6,416,3
6,417,5
6,417,6
6,418,2
6,418,5
6,419,2
6,419,5
6,420,6
6,420,7
6,421,6
6,421,7
6,422,2
6,422,11
6,423,2
6,423,11
6,424,5
6,425,11
6,426,11
6,427,5
6,427,8
6,428,5
6,428,8
6,429,11
6,430,4
6,431,5
6,432,5
6,433,15
6,434,5
6,435,5
6,436,10
6,437,10
6,438,15
6,439,15
6,440,15
6,441,4
6,442,11
6,443,1
6,443,14
6,444,1
6,444,14
6,445,1
6,445,14
6,446,15
6,447,15
6,448,5
6,448,8
6,449,5
6,450,5
6,451,3
6,451,9
6,452,3
6,452,9
6,453,8
6,454,8
6,455,7
6,456,12
6,457,12
6,458,15
6,459,1
6,459,7
6,460,1
6,460,7
6,461,5
6,462,10
6,463,1
6,464,1
6,464,5
6,465,7
6,466,8
6,467,8
6,468,4
6,468,6
6,469,3
6,470,5
6,471,5
6,472,3
6,473,5
6,474,10
6,475,11
6,476,10
6,477,11
6,478,6
6,478,10
6,479,11
6,480,15
6,481,15
6,482,15
6,483,15
6,484,15
6,485,15
6,486,15
6,487,15
6,488,15
6,489,2
6,489,6
6,490,2
6,490,6
6,491,15
6,492,15
6,493,15
6,494,15
6,495,5
6,495,7
6,496,5
6,496,7
6,497,5
6,497,7
6,498,5
6,499,5
6,500,5
6,501,5
6,502,5
6,503,5
6,504,5
6,505,5
6,506,5
6,507,5
6,508,5
6,509,5
6,510,5
6,511,5
6,512,5
6,513,5
6,514,5
6,515,5
6,516,5
6,517,5
6,518,5
6,519,4
6,520,4
6,521,4
6,522,5
6,523,5
6,524,10
6,525,10
6,526,10
6,527,4
6,527,5
6,528,4
6,528,5
6,529,5
6,530,5
6,531,6
6,532,8
6,533,8
6,534,8
6,535,2
6,536,2
6,537,2
6,538,8
6,539,8
6,540,3
6,541,3
6,542,3
6,543,3
6,544,3
6,545,3
6,546,6
6,546,7
6,547,6
6,547,7
6,548,7
6,549,7
6,550,12
6,551,5
6,552,5
6,553,5
6,554,5
6,555,5
6,556,7
6,557,3
6,557,10
6,558,3
6,558,10
6,559,5
6,559,14
6,560,5
6,560,14
6,561,4
6,562,10
6,562,11
6,563,10
6,563,11
6,564,2
6,564,9
6,565,2
6,565,9
6,566,4
6,566,9
6,567,4
6,567,9
6,568,10
6,569,10
6,570,5
6,571,5
6,572,5
6,573,5
6,574,8
6,575,8
6,576,8
6,577,11
6,578,11
6,579,11
6,580,2
6,580,4
6,581,2
6,581,4
6,582,10
6,583,10
6,584,10
6,585,5
6,586,5
6,587,5
6,588,3
6,589,3
6,590,7
6,591,7
6,592,11
6,593,11
6,594,2
6,594,12
6,595,3
6,596,3
6,597,7
6,597,10
6,598,7
6,598,10
6,599,10
6,600,10
6,601,10
6,602,11
6,603,11
6,604,11
6,605,8
6,606,8
6,607,11
6,608,11
6,609,11
6,610,1
6,610,14
6,611,1
6,611,14
6,612,1
6,612,14
6,613,5
6,614,5
6,615,10
6,616,3
6,617,3
6,618,2
6,618,11
6,619,5
6,619,8
6,620,5
6,620,8
6,621,1
6,621,14
6,622,10
6,623,10
6,624,8
6,625,8
6,626,5
6,627,4
6,628,4
6,629,4
6,630,4
6,631,5
6,632,3
6,633,14
6,634,14
6,635,14
6,636,3
6,637,3
6,638,15
6,639,15
6,640,15
6,641,15
6,642,15
6,643,15
6,644,15
6,645,15
6,646,15
6,647,15
6,648,15
6,649,15
6,650,5
6,651,5
6,652,5
6,653,5
6,654,5
6,655,5
6,656,2
6,657,2
6,658,2
6,659,5
6,660,5
6,661,4
6,662,4
6,663,4
6,664,3
6,665,3
6,666,3
6,667,5
6,668,5
6,669,6
6,670,6
6,671,6
6,672,5
6,673,5
6,674,5
6,674,8
6,675,5
6,675,8
6,676,5
6,677,5
6,678,5
6,679,10
6,680,10
6,681,10
6,682,6
6,683,6
6,684,6
6,685,6
6,686,2
6,686,12
6,687,2
6,687,12
6,688,9
6,689,9
6,690,2
6,690,14
6,691,2
6,691,14
6,692,2
6,692,9
6,693,2
6,693,9
6,694,1
6,694,14
6,695,1
6,695,14
6,696,1
6,696,14
6,697,1
6,697,14
6,698,1
6,699,1
6,700,5
6,701,8
6,702,5
6,702,6
6,703,6
6,703,10
6,704,14
6,705,14
6,706,14
6,707,10
6,708,7
6,708,11
6,709,7
6,709,11
6,710,11
6,711,11
6,712,1
6,713,1
6,714,4
6,715,4
6,716,15
6,717,15
6,718,15
6,719,15
6,720,15
6,721,15
6,10001,6
6,10001,11
6,10002,6
6,10002,11
6,10003,6
6,10003,11
6,10004,15
6,10005,15
6,10006,15
6,10007,3
6,10008,3
6,10009,15
6,10010,15
6,10011,15
6,10012,15
6,10013,15
6,10014,15
6,10015,15
6,10016,15
6,10017,15
6,10018,15
6,10019,15
6,10020,15
6,10021,15
6,10022,15
6,10023,15
6,10024,15
6,10026,11
6,10027,11
6,10028,11
6,10029,11
6,10030,11
6,10031,15
6,10032,15
6,10034,12
6,10035,5
6,10036,15
6,10037,15
6,10038,15
6,10039,15
6,10040,15
6,10041,15
6,10042,1
6,10042,7
6,10043,1
6,10043,14
6,10044,1
6,10044,14
6,10045,1
6,10045,2
6,10046,8
6,10047,11
6,10048,1
6,10049,3
6,10050,12
6,10050,14
6,10051,4
6,10052,15
6,10053,15
6,10054,1
6,10054,5
6,10055,3
6,10056,3
6,10057,5
6,10058,1
6,10059,5
6,10060,11
6,10061,5
6,10061,6
6,10062,1
6,10063,8
6,10064,5
6,10065,11
6,10066,5
6,10067,15
6,10068,15
6,10069,1
6,10069,14
6,10070,5
6,10070,8
6,10071,1
6,10071,7
6,10072,15
6,10073,15
6,10074,5
6,10075,10
6,10076,11
6,10077,11
6,10078,11
6,10079,11
6,10080,11
6,10081,11
6,10082,3
6,10083,4
6,10084,15
6,10085,15
6,10086,15
6,10087,15
6,10088,15
6,10089,15
6,10090,1
6,10090,2
6,10091,10
6,10092,1
6,10092,14
6,10093,1
6,10093,2
6,10094,8
6,10095,12
6,10096,5
6,10097,4
6,10097,14
6,10098,6
6,10098,10
6,10099,14
6,10100,10
6,10101,15
6,10102,15
6,10103,15
6,10104,5
6,10104,8
6,10105,11
6,10106,6
6,10107,15
6,10108,15
7,1,1
7,1,7
7,2,1
7,2,7
7,3,1
7,3,7
7,4,1
7,4,14
7,5,1
7,5,14
7,6,1
7,6,14
7,7,1
7,7,2
7,8,1
7,8,2
7,9,1
7,9,2
7,10,3
7,11,3
7,12,3
7,13,3
7,14,3
7,15,3
7,16,4
7,17,4
7,18,4
7,19,5
7,20,5
7,21,4
7,22,4
7,23,5
7,23,14
7,24,5
7,24,14
7,25,5
7,25,6
7,26,5
7,26,6
7,27,5
7,28,5
7,29,1
7,29,5
7,30,15
7,31,15
7,32,1
7,32,5
7,33,1
7,33,5
7,34,1
7,34,5
7,35,6
7,36,6
7,37,5
7,38,5
7,39,6
7,40,6
7,41,4
7,42,4
7,43,7
7,44,7
7,45,7
7,46,3
7,46,7
7,47,3
7,47,7
7,48,3
7,49,3
7,50,5
7,51,5
7,52,5
7,53,5
7,54,2
7,54,5
7,55,2
7,55,5
7,56,5
7,57,5
7,58,5
7,59,5
7,60,2
7,61,2
7,62,2
7,63,8
7,64,8
7,65,8
7,66,8
7,67,8
7,68,8
7,69,7
7,70,7
7,71,7
7,72,9
7,73,9
7,74,10
7,75,10
7,76,10
7,77,5
7,78,5
7,79,1
7,79,2
7,80,1
7,80,2
7,81,10
7,82,10
7,83,4
7,83,5
7,84,4
7,85,4
7,86,2
7,86,5
7,87,2
7,87,5
7,88,11
7,89,11
7,90,9
7,91,9
7,92,11
7,93,11
7,94,11
7,95,10
7,96,8
7,97,8
7,98,9
7,99,9
7,100,10
7,101,10
7,102,7
7,103,7
7,104,1
7,105,1
7,106,8
7,107,8
7,108,1
7,109,11
7,110,11
7,111,1
7,111,5
7,112,1
7,112,5
7,113,6
7,114,7
7,115,1
7,116,2
7,116,14
7,117,2
7,117,14
7,118,12
7,119,12
7,120,9
7,121,9
7,122,8
7,123,3
7,124,8
7,125,8
7,126,8
7,127,3
7,128,5
7,129,12
7,129,14
7,130,12
7,130,14
7,131,1
7,131,2
7,132,13
7,133,5
7,134,5
7,135,5
7,136,5
7,137,10
7,138,2
7,138,9
7,139,2
7,139,9
7,140,2
7,140,9
7,141,2
7,141,9
7,142,4
7,143,1
7,144,15
7,145,15
7,146,15
7,147,2
7,147,14
7,148,2
7,148,14
7,149,2
7,149,14
7,150,15
7,151,15
7,152,1
7,152,7
7,153,1
7,153,7
7,154,1
7,154,7
7,155,5
7,156,5
7,157,5
7,158,1
7,158,2
7,159,1
7,159,2
7,160,1
7,160,2
7,161,5
7,162,5
7,163,4
7,164,4
7,165,3
7,166,3
7,167,3
7,168,3
7,169,4
7,170,12
7,171,12
7,172,15
7,173,15
7,174,15
7,175,15
7,176,4
7,176,6
7,177,4
7,178,4
7,179,1
7,179,5
7,180,1
7,180,5
7,181,1
7,181,5
7,182,7
7,183,2
7,183,6
7,184,2
7,184,6
7,185,10
7,186,2
7,187,6
7,187,7
7,188,6
7,188,7
7,189,6
7,189,7
7,190,5
7,191,7
7,192,7
7,193,3
7,194,2
7,194,5
7,195,2
7,195,5
7,196,5
7,197,5
7,198,4
7,199,1
7,199,2
7,200,11
7,201,15
7,202,11
7,203,5
7,204,3
7,205,3
7,206,5
7,207,3
7,208,10
7,209,5
7,209,6
7,210,5
7,210,6
7,211,12
7,212,3
7,213,3
7,214,3
7,215,5
7,216,5
7,217,5
7,218,11
7,219,11
7,220,5
7,221,5
7,222,2
7,222,9
7,223,2
7,223,12
7,224,2
7,224,12
7,225,2
7,225,5
7,226,2
7,227,4
7,228,5
7,229,5
7,230,2
7,230,14
7,231,5
7,232,5
7,233,10
7,234,5
7,235,5
7,236,15
7,237,8
7,238,15
7,239,15
7,240,15
7,241,5
7,242,6
7,243,15
7,244,15
7,245,15
7,246,1
7,247,1
7,248,1
7,249,15
7,250,15
7,251,15
7,252,1
7,252,14
7,253,1
7,253,14
7,254,1
7,254,14
7,255,5
7,256,5
7,257,5
7,258,1
7,258,2
7,259,1
7,259,2
7,260,1
7,260,2
7,261,5
7,262,5
7,263,5
7,264,5
7,265,3
7,266,3
7,267,3
7,268,3
7,269,3
7,270,2
7,270,7
7,271,2
7,271,7
7,272,2
7,272,7
7,273,5
7,273,7
7,274,5
7,274,7
7,275,5
7,275,7
7,276,4
7,277,4
7,278,2
7,278,4
7,279,2
7,279,4
7,280,11
7,281,11
7,282,11
7,283,2
7,283,3
7,284,2
7,284,3
7,285,6
7,285,7
7,286,6
7,286,7
7,287,5
7,288,5
7,289,5
7,290,3
7,291,3
7,292,10
7,293,1
7,293,5
7,294,1
7,294,5
7,295,1
7,295,5
7,296,8
7,297,8
7,298,15
7,299,10
7,300,5
7,300,6
7,301,5
7,301,6
7,302,8
7,303,5
7,303,6
7,304,1
7,305,1
7,306,1
7,307,8
7,308,8
7,309,5
7,310,5
7,311,6
7,312,6
7,313,3
7,313,8
7,314,3
7,314,8
7,315,6
7,315,7
7,316,11
7,317,11
7,318,12
7,319,12
7,320,5
7,320,12
7,321,5
7,321,12
7,322,5
7,323,5
7,324,5
7,325,5
7,326,5
7,327,5
7,327,8
7,328,3
7,329,3
7,330,3
7,331,7
7,331,8
7,332,7
7,332,8
7,333,4
7,333,14
7,334,4
7,334,14
7,335,5
7,336,5
7,336,14
7,337,10
7,338,10
7,339,12
7,340,12
7,341,2
7,341,9
7,342,2
7,342,9
7,343,10
7,344,10
7,345,9
7,346,9
7,347,9
7,348,9
7,349,2
7,349,14
7,350,2
7,350,14
7,351,6
7,351,11
7,352,5
7,353,11
7,354,11
7,355,11
7,356,11
7,357,1
7,357,7
7,358,11
7,359,5
7,360,15
7,361,6
7,361,10
7,362,6
7,362,10
7,363,2
7,363,5
7,364,2
7,364,5
7,365,2
7,365,5
7,366,2
7,367,2
7,368,2
7,369,2
7,369,12
7,370,12
7,371,14
7,372,14
7,373,14
7,374,10
7,375,10
7,376,10
7,377,15
7,378,15
7,379,15
7,380,15
7,381,15
7,382,15
7,383,15
7,384,15
7,385,15
7,386,15
7,387,1
7,387,7
7,388,1
7,388,7
7,389,1
7,389,7
7,390,5
7,390,8
7,391,5
7,391,8
7,392,5
7,392,8
7,393,2
7,393,5
7,394,2
7,394,5
7,395,2
7,395,5
7,396,4
7,397,4
7,398,4
7,399,2
7,399,5
7,400,2
7,400,5
7,401,3
7,402,3
7,403,5
7,404,5
7,405,5
7,406,15
7,407,6
7,407,7
7,408,1
7,409,1
7,410,1
7,411,1
7,412,3
7,413,3
7,414,3
7,415,3
7,416,3
7,417,5
7,417,6
7,418,2
7,418,5
7,419,2
7,419,5
7,420,6
7,420,7
7,421,6
7,421,7
7,422,2
7,422,11
7,423,2
7,423,11
7,424,5
7,425,11
7,426,11
7,427,5
7,427,8
7,428,5
7,428,8
7,429,11
7,430,4
7,431,5
7,432,5
7,433,15
7,434,5
7,435,5
7,436,10
7,437,10
7,438,15
7,439,15
7,440,15
7,441,4
7,442,11
7,443,1
7,443,14
7,444,1
7,444,14
7,445,1
7,445,14
7,446,15
7,447,15
7,448,5
7,448,8
7,449,5
7,450,5
7,451,3
7,451,9
7,452,3
7,452,9
7,453,8
7,454,8
7,455,7
7,456,12
7,457,12
7,458,15
7,459,1
7,459,7
7,460,1
7,460,7
7,461,5
7,462,10
7,463,1
7,464,1
7,464,5
7,465,7
7,466,8
7,467,8
7,468,4
7,468,6
7,469,3
7,470,5
7,471,5
7,472,3
7,473,5
7,474,10
7,475,11
7,476,10
7,477,11
7,478,6
7,478,10
7,479,11
7,480,15
7,481,15
7,482,15
7,483,15
7,484,15
7,485,15
7,486,15
7,487,15
7,488,15
7,489,2
7,489,6
7,490,2
7,490,6
7,491,15
7,492,15
7,493,15
7,494,15
7,495,5
7,495,7
7,496,5
7,496,7
7,497,5
7,497,7
7,498,5
7,499,5
7,500,5
7,501,5
7,502,5
7,503,5
7,504,5
7,505,5
7,506,5
7,507,5
7,508,5
7,509,5
7,510,5
7,511,5
7,512,5
7,513,5
7,514,5
7,515,5
7,516,5
7,517,5
7,518,5
7,519,4
7,520,4
7,521,4
7,522,5
7,523,5
7,524,10
7,525,10
7,526,10
7,527,4
7,527,5
7,528,4
7,528,5
7,529,5
7,530,5
7,531,6
7,532,8
7,533,8
7,534,8
7,535,2
7,536,2
7,537,2
7,538,8
7,539,8
7,540,3
7,541,3
7,542,3
7,543,3
7,544,3
7,545,3
7,546,6
7,546,7
7,547,6
7,547,7
7,548,7
7,549,7
7,550,12
7,551,5
7,552,5
7,553,5
7,554,5
7,555,5
7,556,7
7,557,3
7,557,10
7,558,3
7,558,10
7,559,5
7,559,14
7,560,5
7,560,14
7,561,4
7,562,10
7,562,11
7,563,10
7,563,11
7,564,2
7,564,9
7,565,2
7,565,9
7,566,4
7,566,9
7,567,4
7,567,9
7,568,10
7,569,10
7,570,5
7,571,5
7,572,5
7,573,5
7,574,8
7,575,8
7,576,8
7,577,11
7,578,11
7,579,11
7,580,2
7,580,4
7,581,2
7,581,4
7,582,10
7,583,10
7,584,10
7,585,5
7,586,5
7,587,5
7,588,3
7,589,3
7,590,7
7,591,7
7,592,11
7,593,11
7,594,2
7,594,12
7,595,3
7,596,3
7,597,7
7,597,10
7,598,7
7,598,10
7,599,10
7,600,10
7,601,10
7,602,11
7,603,11
7,604,11
7,605,8
7,606,8
7,607,11
7,608,11
7,609,11
7,610,1
7,610,14
7,611,1
7,611,14
7,612,1
7,612,14
7,613,5
7,614,5
7,615,10
7,616,3
7,617,3
7,618,2
7,618,11
7,619,5
7,619,8
7,620,5
7,620,8
7,621,1
7,621,14
7,622,10
7,623,10
7,624,8
7,625,8
7,626,5
7,627,4
7,628,4
7,629,4
7,630,4
7,631,5
7,632,3
7,633,14
7,634,14
7,635,14
7,636,3
7,637,3
7,638,15
7,639,15
7,640,15
7,641,15
7,642,15
7,643,15
7,644,15
7,645,15
7,646,15
7,647,15
7,648,15
7,649,15
7,650,5
7,651,5
7,652,5
7,653,5
7,654,5
7,655,5
7,656,2
7,657,2
7,658,2
7,659,5
7,660,5
7,661,4
7,662,4
7,663,4
7,664,3
7,665,3
7,666,3
7,667,5
7,668,5
7,669,6
7,670,6
7,671,6
7,672,5
7,673,5
7,674,5
7,674,8
7,675,5
7,675,8
7,676,5
7,677,5
7,678,5
7,679,10
7,680,10
7,681,10
7,682,6
7,683,6
7,684,6
7,685,6
7,686,2
7,686,12
7,687,2
7,687,12
7,688,9
7,689,9
7,690,2
7,690,14
7,691,2
7,691,14
7,692,2
7,692,9
7,693,2
7,693,9
7,694,1
7,694,14
7,695,1
7,695,14
7,696,1
7,696,14
7,697,1
7,697,14
7,698,1
7,699,1
7,700,5
7,701,8
7,702,5
7,702,6
7,703,6
7,703,10
7,704,14
7,705,14
7,706,14
7,707,10
7,708,7
7,708,11
7,709,7
7,709,11
7,710,11
7,711,11
7,712,1
7,713,1
7,714,4
7,715,4
7,716,15
7,717,15
7,718,15
7,719,15
7,720,15
7,721,15
7,722,4
7,723,4
7,724,4
7,725,5
7,726,5
7,727,5
7,728,2
7,728,5
7,729,2
7,729,5
7,730,2
7,730,5
7,731,4
7,732,4
7,733,4
7,734,5
7,735,5
7,736,3
7,737,3
7,738,3
7,739,9
7,740,9
7,741,4
7,742,3
7,742,6
7,743,3
7,743,6
7,744,5
7,745,5
7,746,12
7,747,2
7,748,2
7,749,5
7,750,5
7,751,2
7,751,3
7,752,2
7,752,3
7,753,7
7,754,7
7,755,7
7,756,7
7,757,1
7,757,14
7,758,1
7,758,14
7,759,5
7,760,5
7,761,7
7,762,7
7,763,7
7,764,7
7,765,5
7,766,5
7,767,3
7,767,9
7,768,3
7,768,9
7,769,11
7,770,11
7,771,2
7,772,15
7,773,15
7,774,10
7,775,5
7,776,1
7,776,14
7,777,5
7,777,6
7,778,11
7,779,12
7,780,1
7,780,14
7,781,10
7,782,14
7,783,14
7,784,14
7,785,15
7,786,15
7,787,15
7,788,15
7,789,15
7,790,15
7,791,15
7,792,15
7,793,15
7,794,15
7,795,15
7,796,15
7,797,15
7,798,15
7,799,15
7,800,15
7,801,15
7,802,15
7,803,15
7,804,15
7,805,15
7,806,15
7,807,15
7,808,15
7,809,15
7,10001,6
7,10001,11
7,10002,6
7,10002,11
7,10003,6
7,10003,11
7,10004,15
7,10005,15
7,10006,15
7,10007,3
7,10008,3
7,10009,15
7,10010,15
7,10011,15
7,10012,15
7,10013,15
7,10014,15
7,10015,15
7,10016,15
7,10017,15
7,10018,15
7,10019,15
7,10020,15
7,10021,15
7,10022,15
7,10023,15
7,10024,15
7,10026,11
7,10027,11
7,10028,11
7,10029,11
7,10030,11
7,10031,15
7,10032,15
7,10034,12
7,10035,5
7,10036,15
7,10037,15
7,10038,15
7,10039,15
7,10040,15
7,10041,15
7,10042,1
7,10042,7
7,10043,1
7,10043,14
7,10044,1
7,10044,14
7,10045,1
7,10045,2
7,10046,8
7,10047,11
7,10048,1
7,10049,3
7,10050,12
7,10050,14
7,10051,4
7,10052,15
7,10053,15
7,10054,1
7,10054,5
7,10055,3
7,10056,3
7,10057,5
7,10058,1
7,10059,5
7,10060,11
7,10061,5
7,10061,6
7,10062,1
7,10063,8
7,10064,5
7,10065,11
7,10066,5
7,10067,15
7,10068,15
7,10069,1
7,10069,14
7,10070,5
7,10070,8
7,10071,1
7,10071,7
7,10072,15
7,10073,15
7,10074,5
7,10075,10
7,10076,11
7,10077,11
7,10078,11
7,10079,11
7,10080,11
7,10081,11
7,10082,3
7,10083,4
7,10090,1
7,10090,2
7,10091,10
7,10092,1
7,10092,14
7,10093,1
7,10093,2
7,10094,8
7,10095,12
7,10096,5
7,10097,4
7,10097,14
7,10098,6
7,10098,10
7,10099,14
7,10100,10
7,10101,15
7,10102,15
7,10103,15
7,10104,5
7,10104,8
7,10105,11
7,10106,6
7,10107,15
7,10108,15
7,10109,5
7,10110,5
7,10111,5
7,10112,5
7,10112,6
7,10113,5
7,10113,6
7,10114,5
7,10115,5
7,10116,5
7,10117,5
7,10118,5
7,10119,5
7,10120,5
7,10121,5
7,10122,10
7,10123,10
7,10124,10
7,10125,11
7,10126,11
7,10127,7
7,10128,1
7,10129,15
7,10130,15
7,10131,15
7,10132,15
7,10133,15
7,10134,15
7,10135,5
7,10136,3
7,10137,4
7,10138,4
7,10139,4
7,10140,5
7,10141,12
7,10142,7
7,10143,1
7,10143,14
7,10144,15
7,10145,15
7,10146,15
7,10147,15
7,10148,15
7,10149,15
7,10150,15
7,10151,15
7,10152,15
7,10153,15
7,10154,15
7,10155,15
7,10156,15
7,10157,15
7,10158,15
7,10159,15
7,10160,15
7,10161,10
7,10162,11
7,10163,14
7,10164,1
7,10165,3
7,10165,6
7,10166,5
7,10167,5
7,10168,2
7,10168,3
7,10169,5
7,10169,6
7,10170,15
7,10171,15
7,10172,15
7,10173,15
7,10174,15
8,1,1
8,1,7
8,2,1
8,2,7
8,3,1
8,3,7
8,4,1
8,4,14
8,5,1
8,5,14
8,6,1
8,6,14
8,7,1
8,7,2
8,8,1
8,8,2
8,9,1
8,9,2
8,10,3
8,11,3
8,12,3
8,25,5
8,25,6
8,26,5
8,26,6
8,27,5
8,28,5
8,29,1
8,29,5
8,30,15
8,31,15
8,32,1
8,32,5
8,33,1
8,33,5
8,34,1
8,34,5
8,35,6
8,36,6
8,37,5
8,38,5
8,39,6
8,40,6
8,41,4
8,42,4
8,43,7
8,44,7
8,45,7
8,50,5
8,51,5
8,52,5
8,53,5
8,54,2
8,54,5
8,55,2
8,55,5
8,58,5
8,59,5
8,60,2
8,61,2
8,62,2
8,63,8
8,64,8
8,65,8
8,66,8
8,67,8
8,68,8
8,72,9
8,73,9
8,77,5
8,78,5
8,79,1
8,79,2
8,80,1
8,80,2
8,81,10
8,82,10
8,83,4
8,83,5
8,90,9
8,91,9
8,92,11
8,93,11
8,94,11
8,95,10
8,98,9
8,99,9
8,102,7
8,103,7
8,104,1
8,105,1
8,106,8
8,107,8
8,108,1
8,109,11
8,110,11
8,111,1
8,111,5
8,112,1
8,112,5
8,113,6
8,114,7
8,115,1
8,116,2
8,116,14
8,117,2
8,117,14
8,118,12
8,119,12
8,120,9
8,121,9
8,122,8
8,123,3
8,124,8
8,125,8
8,126,8
8,127,3
8,128,5
8,129,12
8,129,14
8,130,12
8,130,14
8,131,1
8,131,2
8,132,13
8,133,5
8,134,5
8,135,5
8,136,5
8,137,10
8,138,2
8,138,9
8,139,2
8,139,9
8,140,2
8,140,9
8,141,2
8,141,9
8,142,4
8,143,1
8,144,15
8,145,15
8,146,15
8,147,2
8,147,14
8,148,2
8,148,14
8,149,2
8,149,14
8,150,15
8,151,15
8,163,4
8,164,4
8,169,4
8,170,12
8,171,12
8,172,15
8,173,15
8,174,15
8,175,15
8,176,4
8,176,6
8,177,4
8,178,4
8,182,7
8,183,2
8,183,6
8,184,2
8,184,6
8,185,10
8,186,2
8,194,2
8,194,5
8,195,2
8,195,5
8,196,5
8,197,5
8,199,1
8,199,2
8,202,11
8,206,5
8,208,10
8,211,12
8,212,3
8,213,3
8,214,3
8,215,5
8,220,5
8,221,5
8,222,2
8,222,9
8,223,2
8,223,12
8,224,2
8,224,12
8,225,2
8,225,5
8,226,2
8,227,4
8,230,2
8,230,14
8,233,10
8,236,15
8,237,8
8,238,15
8,239,15
8,240,15
8,241,5
8,242,6
8,243,15
8,244,15
8,245,15
8,246,1
8,247,1
8,248,1
8,249,15
8,250,15
8,251,15
8,252,1
8,252,14
8,253,1
8,253,14
8,254,1
8,254,14
8,255,5
8,256,5
8,257,5
8,258,1
8,258,2
8,259,1
8,259,2
8,260,1
8,260,2
8,263,5
8,264,5
8,270,2
8,270,7
8,271,2
8,271,7
8,272,2
8,272,7
8,273,5
8,273,7
8,274,5
8,274,7
8,275,5
8,275,7
8,278,2
8,278,4
8,279,2
8,279,4
8,280,8
8,280,11
8,281,8
8,281,11
8,282,8
8,282,11
8,290,3
8,291,3
8,292,10
8,293,1
8,293,5
8,294,1
8,294,5
8,295,1
8,295,5
8,298,15
8,302,8
8,303,5
8,303,6
8,304,1
8,305,1
8,306,1
8,309,5
8,310,5
8,315,6
8,315,7
8,318,12
8,319,12
8,320,5
8,320,12
8,321,5
8,321,12
8,324,5
8,328,3
8,328,14
8,329,3
8,329,14
8,330,3
8,330,14
8,333,4
8,333,14
8,334,4
8,334,14
8,337,10
8,338,10
8,339,12
8,340,12
8,341,2
8,341,9
8,342,2
8,342,9
8,343,10
8,344,10
8,345,9
8,346,9
8,347,9
8,348,9
8,349,2
8,349,14
8,350,2
8,350,14
8,355,11
8,356,11
8,359,5
8,360,15
8,361,6
8,361,10
8,362,6
8,362,10
8,363,2
8,363,5
8,364,2
8,364,5
8,365,2
8,365,5
8,369,2
8,369,12
8,371,14
8,372,14
8,373,14
8,374,10
8,375,10
8,376,10
8,377,15
8,378,15
8,379,15
8,380,15
8,381,15
8,382,15
8,383,15
8,384,15
8,385,15
8,403,5
8,404,5
8,405,5
8,406,15
8,407,6
8,407,7
8,415,3
8,416,3
8,420,6
8,420,7
8,421,6
8,421,7
8,422,2
8,422,11
8,423,2
8,423,11
8,425,11
8,426,11
8,427,5
8,427,8
8,428,5
8,428,8
8,434,5
8,435,5
8,436,10
8,437,10
8,438,15
8,439,15
8,440,15
8,442,11
8,443,1
8,443,14
8,444,1
8,444,14
8,445,1
8,445,14
8,446,15
8,447,15
8,448,5
8,448,8
8,449,5
8,450,5
8,451,3
8,451,9
8,452,3
8,452,9
8,453,8
8,454,8
8,458,15
8,459,1
8,459,7
8,460,1
8,460,7
8,461,5
8,462,10
8,463,1
8,464,1
8,464,5
8,465,7
8,466,8
8,467,8
8,468,4
8,468,6
8,470,5
8,471,5
8,473,5
8,474,10
8,475,8
8,475,11
8,477,11
8,478,6
8,478,10
8,479,11
8,480,15
8,481,15
8,482,15
8,483,15
8,484,15
8,485,15
8,486,15
8,487,15
8,488,15
8,494,15
8,506,5
8,507,5
8,508,5
8,509,5
8,510,5
8,517,5
8,518,5
8,519,4
8,520,4
8,521,4
8,524,10
8,525,10
8,526,10
8,527,4
8,527,5
8,528,4
8,528,5
8,529,5
8,530,5
8,531,6
8,532,8
8,533,8
8,534,8
8,535,2
8,536,2
8,537,2
8,538,8
8,539,8
8,543,3
8,544,3
8,545,3
8,546,6
8,546,7
8,547,6
8,547,7
8,548,7
8,549,7
8,550,12
8,551,5
8,552,5
8,553,5
8,554,5
8,555,5
8,556,7
8,557,3
8,557,10
8,558,3
8,558,10
8,559,5
8,559,14
8,560,5
8,560,14
8,561,4
8,562,10
8,562,11
8,563,10
8,563,11
8,564,2
8,564,9
8,565,2
8,565,9
8,566,4
8,566,9
8,567,4
8,567,9
8,568,10
8,569,10
8,570,5
8,571,5
8,572,5
8,573,5
8,574,8
8,575,8
8,576,8
8,577,11
8,578,11
8,579,11
8,582,10
8,583,10
8,584,10
8,587,5
8,588,3
8,589,3
8,590,7
8,591,7
8,592,11
8,593,11
8,595,3
8,596,3
8,597,7
8,597,10
8,598,7
8,598,10
8,599,10
8,600,10
8,601,10
8,605,8
8,606,8
8,607,11
8,608,11
8,609,11
8,610,1
8,610,14
8,611,1
8,611,14
8,612,1
8,612,14
8,613,5
8,614,5
8,615,10
8,616,3
8,617,3
8,618,2
8,618,11
8,619,5
8,619,8
8,620,5
8,620,8
8,621,1
8,621,14
8,622,10
8,623,10
8,624,8
8,625,8
8,626,5
8,627,4
8,628,4
8,629,4
8,630,4
8,631,5
8,632,3
8,633,14
8,634,14
8,635,14
8,636,3
8,637,3
8,638,15
8,639,15
8,640,15
8,641,15
8,642,15
8,643,15
8,644,15
8,645,15
8,646,15
8,647,15
8,649,15
8,659,5
8,660,5
8,661,4
8,662,4
8,663,4
8,674,5
8,674,8
8,675,5
8,675,8
8,677,5
8,678,5
8,679,10
8,680,10
8,681,10
8,682,6
8,683,6
8,684,6
8,685,6
8,686,2
8,686,12
8,687,2
8,687,12
8,688,9
8,689,9
8,690,2
8,690,14
8,691,2
8,691,14
8,692,2
8,692,9
8,693,2
8,693,9
8,694,1
8,694,14
8,695,1
8,695,14
8,696,1
8,696,14
8,697,1
8,697,14
8,698,1
8,699,1
8,700,5
8,701,4
8,701,8
8,702,5
8,702,6
8,703,6
8,703,10
8,704,14
8,705,14
8,706,14
8,707,10
8,708,7
8,708,11
8,709,7
8,709,11
8,710,11
8,711,11
8,712,1
8,712,10
8,713,1
8,713,10
8,714,4
8,714,14
8,715,4
8,715,14
8,716,15
8,717,15
8,718,15
8,719,15
8,721,15
8,722,4
8,723,4
8,724,4
8,725,5
8,726,5
8,727,5
8,728,2
8,728,5
8,729,2
8,729,5
8,730,2
8,730,5
8,736,3
8,737,3
8,738,3
8,742,3
8,742,6
8,743,3
8,743,6
8,744,5
8,745,5
8,746,12
8,747,2
8,748,2
8,749,5
8,750,5
8,751,2
8,751,3
8,752,2
8,752,3
8,753,7
8,754,7
8,755,7
8,756,7
8,757,1
8,757,14
8,758,1
8,758,14
8,759,5
8,760,5
8,761,7
8,762,7
8,763,7
8,764,7
8,765,5
8,766,5
8,767,3
8,767,9
8,768,3
8,768,9
8,769,11
8,770,11
8,771,2
8,772,15
8,773,15
8,776,1
8,776,14
8,777,5
8,777,6
8,778,11
8,780,1
8,780,14
8,781,10
8,782,14
8,783,14
8,784,14
8,785,15
8,786,15
8,787,15
8,788,15
8,789,15
8,790,15
8,791,15
8,792,15
8,793,15
8,794,15
8,795,15
8,796,15
8,797,15
8,798,15
8,799,15
8,800,15
8,801,15
8,802,15
8,803,15
8,804,15
8,805,15
8,806,15
8,807,15
8,808,15
8,809,15
8,810,5
8,810,7
8,811,5
8,811,7
8,812,5
8,812,7
8,813,5
8,813,8
8,814,5
8,814,8
8,815,5
8,815,8
8,816,2
8,816,5
8,817,2
8,817,5
8,818,2
8,818,5
8,819,5
8,820,5
8,821,4
8,822,4
8,823,4
8,824,3
8,825,3
8,826,3
8,827,5
8,828,5
8,829,7
8,830,7
8,831,5
8,832,5
8,833,1
8,833,2
8,834,1
8,834,2
8,835,5
8,836,5
8,837,10
8,838,10
8,839,10
8,840,7
8,840,14
8,841,7
8,841,14
8,842,7
8,842,14
8,843,5
8,843,14
8,844,5
8,844,14
8,845,2
8,845,4
8,846,12
8,847,12
8,848,15
8,849,8
8,850,3
8,851,3
8,852,2
8,852,8
8,853,2
8,853,8
8,854,10
8,854,11
8,855,10
8,855,11
8,856,6
8,857,6
8,858,6
8,859,6
8,859,8
8,860,6
8,860,8
8,861,6
8,861,8
8,862,5
8,863,5
8,864,2
8,864,9
8,865,4
8,865,5
8,866,8
8,867,10
8,867,11
8,868,6
8,868,11
8,869,6
8,869,11
8,870,6
8,870,10
8,871,2
8,871,11
8,872,3
8,873,3
8,874,10
8,875,2
8,875,5
8,876,6
8,877,5
8,877,6
8,878,5
8,878,10
8,879,5
8,879,10
8,880,15
8,881,15
8,882,15
8,883,15
8,884,10
8,884,14
8,885,11
8,885,14
8,886,11
8,886,14
8,887,11
8,887,14
8,888,15
8,889,15
8,890,15
8,891,15
8,892,15
8,893,15
8,894,15
8,895,15
8,896,15
8,897,15
8,898,15
8,10026,11
8,10027,11
8,10028,11
8,10029,11
8,10030,11
8,10031,15
8,10034,12
8,10035,5
8,10037,15
8,10038,15
8,10039,15
8,10040,15
8,10041,15
8,10074,5
8,10075,10
8,10076,11
8,10077,11
8,10078,11
8,10079,11
8,10080,11
8,10081,11
8,10112,15
8,10113,5
8,10113,6
8,10114,5
8,10115,5
8,10116,5
8,10117,5
8,10118,5
8,10119,5
8,10120,5
8,10121,5
8,10127,7
8,10128,1
8,10131,15
8,10132,15
8,10133,15
8,10134,15
8,10140,5
8,10141,12
8,10144,15
8,10145,15
8,10146,15
8,10147,15
8,10148,15
8,10149,15
8,10150,15
8,10151,15
8,10152,15
8,10153,15
8,10154,15
8,10155,15
8,10156,15
8,10157,15
8,10158,15
8,10159,15
8,10160,15
8,10166,5
8,10167,5
8,10170,15
8,10171,15
8,10175,5
8,10176,5
8,10177,5
8,10178,4
8,10178,5
8,10179,11
8,10180,8
8,10181,2
8,10181,9
8,10182,5
8,10183,5
8,10184,5
8,10185,5
8,10186,5
8,10187,10
8,10187,11
8,10188,2
8,10188,11
8,10189,8
8,10190,2
8,10190,5
8,10191,6
8,10192,15
8,10193,15
8,10194,15
8,10195,1
8,10195,2
8,10196,1
8,10196,2
8,10197,15
8,10198,15
8,10199,15
8,10200,15
8,10201,1
8,10201,2
8,10202,15
8,10203,15
9,1,1
9,1,7
9,2,1
9,2,7
9,3,1
9,3,7
9,4,1
9,4,14
9,5,1
9,5,14
9,6,1
9,6,14
9,7,1
9,7,2
9,8,1
9,8,2
9,9,1
9,9,2
9,23,5
9,23,14
9,24,5
9,24,14
9,25,5
9,25,6
9,26,5
9,26,6
9,27,5
9,28,5
9,35,6
9,36,6
9,37,5
9,38,5
9,39,6
9,40,6
9,43,7
9,44,7
9,45,7
9,48,3
9,49,3
9,50,5
9,51,5
9,52,5
9,53,5
9,54,2
9,54,5
9,55,2
9,55,5
9,56,5
9,57,5
9,58,5
9,59,5
9,60,2
9,61,2
9,62,2
9,69,7
9,70,7
9,71,7
9,72,9
9,73,9
9,74,10
9,75,10
9,76,10
9,79,1
9,79,2
9,80,1
9,80,2
9,81,10
9,82,10
9,84,4
9,85,4
9,86,2
9,86,5
9,87,2
9,87,5
9,88,11
9,89,11
9,90,9
9,91,9
9,92,11
9,93,11
9,94,11
9,96,8
9,97,8
9,100,10
9,101,10
9,102,7
9,103,7
9,106,8
9,107,8
9,109,11
9,110,11
9,111,1
9,111,5
9,112,1
9,112,5
9,113,6
9,116,2
9,116,14
9,117,2
9,117,14
9,123,3
9,125,8
9,126,8
9,128,5
9,129,12
9,129,14
9,130,12
9,130,14
9,131,1
9,131,2
9,132,13
9,133,5
9,134,5
9,135,5
9,136,5
9,137,10
9,143,1
9,144,15
9,145,15
9,146,15
9,147,2
9,147,14
9,148,2
9,148,14
9,149,2
9,149,14
9,150,15
9,151,15
9,152,1
9,152,7
9,153,1
9,153,7
9,154,1
9,154,7
9,155,5
9,156,5
9,157,5
9,158,1
9,158,2
9,159,1
9,159,2
9,160,1
9,160,2
9,161,5
9,162,5
9,163,4
9,164,4
9,167,3
9,168,3
9,170,12
9,171,12
9,172,15
9,173,15
9,174,15
9,179,1
9,179,5
9,180,1
9,180,5
9,181,1
9,181,5
9,182,7
9,183,2
9,183,6
9,184,2
9,184,6
9,185,10
9,186,2
9,187,6
9,187,7
9,188,6
9,188,7
9,189,6
9,189,7
9,190,5
9,191,7
9,192,7
9,193,3
9,194,2
9,194,5
9,195,2
9,195,5
9,196,5
9,197,5
9,198,4
9,199,1
9,199,2
9,200,11
9,203,5
9,204,3
9,205,3
9,206,5
9,207,3
9,209,5
9,209,6
9,210,5
9,210,6
9,211,12
9,212,3
9,214,3
9,215,5
9,216,5
9,217,5
9,218,11
9,219,11
9,220,5
9,221,5
9,225,2
9,225,5
9,227,4
9,228,5
9,229,5
9,230,2
9,230,14
9,231,5
9,232,5
9,233,10
9,234,5
9,235,5
9,236,15
9,237,8
9,239,15
9,240,15
9,242,6
9,243,15
9,244,15
9,245,15
9,246,1
9,247,1
9,248,1
9,249,15
9,250,15
9,252,1
9,252,14
9,253,1
9,253,14
9,254,1
9,254,14
9,255,5
9,256,5
9,257,5
9,258,1
9,258,2
9,259,1
9,259,2
9,260,1
9,260,2
9,261,5
9,262,5
9,270,2
9,270,7
9,271,2
9,271,7
9,272,2
9,272,7
9,273,5
9,273,7
9,274,5
9,274,7
9,275,5
9,275,7
9,278,2
9,278,4
9,279,2
9,279,4
9,280,8
9,280,11
9,281,8
9,281,11
9,282,8
9,282,11
9,283,2
9,283,3
9,284,2
9,284,3
9,285,6
9,285,7
9,286,6
9,286,7
9,287,5
9,288,5
9,289,5
9,296,8
9,297,8
9,298,15
9,299,10
9,302,8
9,307,8
9,308,8
9,311,6
9,312,6
9,313,3
9,313,8
9,314,3
9,314,8
9,316,11
9,317,11
9,322,5
9,323,5
9,324,5
9,325,5
9,326,5
9,328,3
9,328,14
9,329,3
9,329,14
9,330,3
9,330,14
9,331,7
9,331,8
9,332,7
9,332,8
9,333,4
9,333,14
9,334,4
9,334,14
9,335,5
9,336,5
9,336,14
9,339,12
9,340,12
9,341,2
9,341,9
9,342,2
9,342,9
9,349,2
9,349,14
9,350,2
9,350,14
9,353,11
9,354,11
9,355,11
9,356,11
9,357,1
9,357,7
9,358,11
9,361,6
9,361,10
9,362,6
9,362,10
9,370,12
9,371,14
9,372,14
9,373,14
9,374,10
9,375,10
9,376,10
9,377,15
9,378,15
9,379,15
9,380,15
9,381,15
9,382,15
9,383,15
9,384,15
9,385,15
9,386,15
9,387,1
9,387,7
9,388,1
9,388,7
9,389,1
9,389,7
9,390,5
9,390,8
9,391,5
9,391,8
9,392,5
9,392,8
9,393,2
9,393,5
9,394,2
9,394,5
9,395,2
9,395,5
9,396,4
9,397,4
9,398,4
9,401,3
9,402,3
9,403,5
9,404,5
9,405,5
9,408,1
9,409,1
9,410,1
9,411,1
9,415,3
9,416,3
9,417,5
9,417,6
9,418,2
9,418,5
9,419,2
9,419,5
9,422,2
9,422,11
9,423,2
9,423,11
9,424,5
9,425,11
9,426,11
9,429,11
9,430,4
9,433,15
9,434,5
9,435,5
9,436,10
9,437,10
9,438,15
9,440,15
9,442,11
9,443,1
9,443,14
9,444,1
9,444,14
9,445,1
9,445,14
9,446,15
9,447,15
9,448,5
9,448,8
9,449,5
9,450,5
9,453,8
9,454,8
9,456,12
9,457,12
9,459,1
9,459,7
9,460,1
9,460,7
9,461,5
9,462,10
9,464,1
9,464,5
9,466,8
9,467,8
9,469,3
9,470,5
9,471,5
9,472,3
9,473,5
9,474,10
9,475,8
9,475,11
9,476,10
9,477,11
9,478,6
9,478,10
9,479,11
9,480,15
9,481,15
9,482,15
9,483,15
9,484,15
9,485,15
9,486,15
9,487,15
9,488,15
9,489,2
9,489,6
9,490,2
9,490,6
9,491,15
9,492,15
9,493,15
9,495,5
9,495,7
9,496,5
9,496,7
9,497,5
9,497,7
9,498,5
9,499,5
9,500,5
9,501,5
9,502,5
9,503,5
9,522,5
9,523,5
9,529,5
9,530,5
9,532,8
9,533,8
9,534,8
9,540,3
9,541,3
9,542,3
9,546,6
9,546,7
9,547,6
9,547,7
9,548,7
9,549,7
9,550,12
9,551,5
9,552,5
9,553,5
9,559,5
9,559,14
9,560,5
9,560,14
9,570,5
9,571,5
9,572,5
9,573,5
9,574,8
9,575,8
9,576,8
9,577,11
9,578,11
9,579,11
9,580,2
9,580,4
9,581,2
9,581,4
9,585,5
9,586,5
9,590,7
9,591,7
9,594,2
9,594,12
9,595,3
9,596,3
9,602,11
9,603,11
9,604,11
9,607,11
9,608,11
9,609,11
9,610,1
9,610,14
9,611,1
9,611,14
9,612,1
9,612,14
9,613,5
9,614,5
9,615,10
9,619,5
9,619,8
9,620,5
9,620,8
9,622,10
9,623,10
9,624,8
9,625,8
9,627,4
9,628,4
9,629,4
9,630,4
9,633,14
9,634,14
9,635,14
9,636,3
9,637,3
9,638,15
9,639,15
9,640,15
9,641,15
9,642,15
9,643,15
9,644,15
9,645,15
9,646,15
9,647,15
9,648,15
9,650,5
9,651,5
9,652,5
9,653,5
9,654,5
9,655,5
9,656,2
9,657,2
9,658,2
9,661,4
9,662,4
9,663,4
9,664,3
9,665,3
9,666,3
9,667,5
9,668,5
9,669,6
9,670,6
9,671,6
9,672,5
9,673,5
9,677,5
9,678,5
9,686,2
9,686,12
9,687,2
9,687,12
9,690,2
9,690,14
9,691,2
9,691,14
9,692,2
9,692,9
9,693,2
9,693,9
9,700,5
9,701,4
9,701,8
9,702,5
9,702,6
9,703,6
9,703,10
9,704,14
9,705,14
9,706,14
9,707,10
9,708,7
9,708,11
9,709,7
9,709,11
9,712,1
9,712,10
9,713,1
9,713,10
9,714,4
9,714,14
9,715,4
9,715,14
9,719,15
9,720,15
9,721,15
9,722,4
9,723,4
9,724,4
9,725,5
9,726,5
9,727,5
9,728,2
9,728,5
9,729,2
9,729,5
9,730,2
9,730,5
9,731,4
9,732,4
9,733,4
9,734,5
9,735,5
9,736,3
9,737,3
9,738,3
9,739,9
9,740,9
9,741,4
9,742,3
9,742,6
9,743,3
9,743,6
9,744,5
9,745,5
9,747,2
9,748,2
9,749,5
9,750,5
9,751,2
9,751,3
9,752,2
9,752,3
9,753,7
9,754,7
9,757,1
9,757,14
9,758,1
9,758,14
9,761,7
9,762,7
9,763,7
9,764,7
9,765,5
9,766,5
9,769,11
9,769,11
9,774,10
9,775,5
9,778,11
9,779,12
9,782,14
9,783,14
9,784,14
9,789,15
9,790,15
9,791,15
9,792,15
9,800,15
9,801,15
9,810,5
9,810,7
9,811,5
9,811,7
9,812,5
9,812,7
9,813,5
9,813,8
9,814,5
9,814,8
9,815,5
9,815,8
9,816,2
9,816,5
9,817,2
9,817,5
9,818,2
9,818,5
9,819,5
9,820,5
9,821,4
9,822,4
9,823,4
9,833,1
9,833,2
9,834,1
9,834,2
9,837,10
9,838,10
9,839,10
9,840,7
9,840,14
9,841,7
9,841,14
9,842,7
9,842,14
9,843,5
9,843,14
9,844,5
9,844,14
9,845,2
9,845,4
9,846,12
9,847,12
9,848,15
9,849,8
9,854,10
9,854,11
9,855,10
9,855,11
9,856,6
9,857,6
9,858,6
9,859,6
9,859,8
9,860,6
9,860,8
9,861,6
9,861,8
9,863,5
9,868,6
9,868,11
9,869,6
9,869,11
9,870,6
9,870,10
9,871,2
9,871,11
9,872,3
9,873,3
9,874,10
9,875,2
9,875,5
9,876,6
9,877,5
9,877,6
9,878,5
9,878,10
9,879,5
9,879,10
9,884,10
9,884,14
9,885,11
9,885,14
9,886,11
9,886,14
9,887,11
9,887,14
9,888,15
9,889,15
9,890,15
9,891,15
9,892,15
9,893,15
9,894,15
9,895,15
9,896,15
9,897,15
9,898,15
9,899,5
9,900,3
9,901,5
9,902,12
9,903,5
9,904,12
9,905,15
9,906,5
9,906,7
9,907,5
9,907,7
9,908,5
9,908,7
9,909,5
9,910,5
9,911,5
9,912,2
9,912,4
9,913,2
9,913,4
9,914,2
9,914,4
9,915,5
9,916,5
9,917,3
9,918,3
9,919,3
9,920,3
9,921,5
9,922,5
9,923,5
9,924,5
9,924,6
9,925,5
9,925,6
9,926,5
9,926,10
9,927,5
9,927,10
9,928,7
9,929,7
9,930,7
9,931,4
9,932,10
9,933,10
9,934,10
9,935,8
9,936,8
9,937,8
9,938,2
9,939,2
9,940,2
9,940,4
9,941,2
9,941,4
9,942,5
9,943,5
9,944,5
9,945,5
9,946,7
9,947,7
9,948,7
9,949,7
9,950,9
9,951,7
9,952,7
9,953,3
9,954,3
9,955,4
9,956,4
9,957,6
9,958,6
9,959,6
9,960,9
9,961,9
9,962,4
9,963,5
9,963,12
9,964,5
9,964,12
9,965,10
9,966,10
9,967,5
9,968,5
9,969,10
9,970,10
9,971,5
9,972,5
9,973,4
9,974,5
9,975,5
9,976,12
9,977,12
9,978,12
9,979,5
9,980,2
9,980,5
9,981,5
9,982,5
9,983,8
9,984,15
9,985,15
9,986,15
9,987,15
9,988,15
9,989,15
9,990,15
9,991,15
9,992,15
9,993,15
9,994,15
9,995,15
9,996,10
9,996,14
9,997,10
9,997,14
9,998,10
9,998,14
9,999,15
9,1000,15
9,1001,15
9,1002,15
9,1003,15
9,1004,15
9,1005,15
9,1006,15
9,1007,15
9,1008,15
9,1009,15
9,1010,15
9,1011,7
9,1011,14
9,1012,10
9,1012,11
9,1013,10
9,1013,11
9,1014,15
9,1015,15
9,1016,15
9,1017,15
9,1018,10
9,1018,14
9,1019,7
9,1019,14
9,1020,15
9,1021,15
9,1022,15
9,1023,15
9,1024,15
9,1025,15
9,10004,15
9,10005,15
9,10006,15
9,10009,15
9,10010,15
9,10011,15
9,10012,15
9,10013,15
9,10014,15
9,10015,15
9,10016,15
9,10017,15
9,10018,15
9,10019,15
9,10020,15
9,10021,15
9,10022,15
9,10023,15
9,10024,15
9,10026,11
9,10027,11
9,10028,11
9,10029,11
9,10030,11
9,10031,15
9,10032,15
9,10034,12
9,10036,15
9,10037,15
9,10038,15
9,10039,15
9,10040,15
9,10041,15
9,10072,15
9,10074,5
9,10108,15
9,10112,15
9,10113,5
9,10113,6
9,10114,5
9,10115,5
9,10116,5
9,10117,5
9,10118,5
9,10119,5
9,10120,5
9,10121,5
9,10122,10
9,10123,10
9,10124,10
9,10125,11
9,10126,11
9,10127,7
9,10129,15
9,10137,4
9,10138,4
9,10139,4
9,10140,5
9,10161,10
9,10166,5
9,10167,5
9,10170,15
9,10171,15
9,10175,5
9,10179,11
9,10189,8
9,10190,2
9,10190,5
9,10191,6
9,10192,15
9,10193,15
9,10195,1
9,10195,2
9,10196,1
9,10196,2
9,10197,15
9,10198,15
9,10199,15
9,10200,15
9,10201,1
9,10201,2
9,10202,15
9,10203,15
9,10204,5
9,10205,5
9,10206,10
9,10207,10
9,10208,5
9,10209,12
9,10210,5
9,10211,15
9,10212,15
9,10213,5
9,10214,7
9,10215,12
9,10216,5
9,10217,5
9,10218,4
9,10219,14
9,10220,14
9,10221,1
9,10221,10
9,10222,4
9,10223,12
9,10224,15
9,10225,5
9,10226,5
9,10227,5
9,10228,2
9,10228,5
9,10229,5
9,10230,4
9,10231,4
9,10232,4
9,10233,5
9,10233,12
9,10234,15
9,10235,5
9,10236,15
9,10237,15
9,10238,15
9,10239,15
9,10240,15
9,10241,15
9,10242,15
9,10243,15
9,10244,15
