id,identifier,species_id,experience_group_id,gender_ratio,smogon_dex_identifier,is_battle_only,height_m,weight_kg,sort
1,bulbasaur,1,3,31,bulbasaur,0,0.7,6.9,1
2,ivysaur,2,3,31,ivysaur,0,1,13,2
3,venusaur,3,3,31,venusaur,0,2,100,3
4,charmander,4,3,31,charmander,0,0.6,8.5,6
5,charmeleon,5,3,31,charmeleon,0,1.1,19,7
6,charizard,6,3,31,charizard,0,1.7,90.5,8
7,squirtle,7,3,31,squirtle,0,0.5,9,12
8,wartortle,8,3,31,wartortle,0,1,22.5,13
9,blastoise,9,3,31,blastoise,0,1.6,85.5,14
10,caterpie,10,2,127,caterpie,0,0.3,2.9,17
11,metapod,11,2,127,metapod,0,0.7,9.9,18
12,butterfree,12,2,127,butterfree,0,1.1,32,19
13,weedle,13,2,127,weedle,0,0.3,3.2,21
14,kakuna,14,2,127,kakuna,0,0.6,10,22
15,beedrill,15,2,127,beedrill,0,1,29.5,23
16,pidgey,16,3,127,pidgey,0,0.3,1.8,25
17,pidgeotto,17,3,127,pidgeotto,0,1.1,30,26
18,pidgeot,18,3,127,pidgeot,0,1.5,39.5,27
19,rattata,19,2,127,rattata,0,0.3,3.5,29
20,raticate,20,2,127,raticate,0,0.7,18.5,31
21,spearow,21,2,127,spearow,0,0.3,2,34
22,fearow,22,2,127,fearow,0,1.2,38,35
23,ekans,23,2,127,ekans,0,2,6.9,36
24,arbok,24,2,127,arbok,0,3.5,65,37
25,pikachu,25,2,127,pikachu,0,0.4,6,40
26,raichu,26,2,127,raichu,0,0.8,30,57
27,sandshrew,27,2,127,sandshrew,0,0.6,12,61
28,sandslash,28,2,127,sandslash,0,1,29.5,63
29,nidoran-f,29,3,254,nidoran-f,0,0.4,7,65
30,nidorina,30,3,254,nidorina,0,0.8,20,66
31,nidoqueen,31,3,254,nidoqueen,0,1.3,60,67
32,nidoran-m,32,3,0,nidoran-m,0,0.5,9,68
33,nidorino,33,3,0,nidorino,0,0.9,19.5,69
34,nidoking,34,3,0,nidoking,0,1.4,62,70
35,clefairy,35,1,191,clefairy,0,0.6,7.5,72
36,clefable,36,1,191,clefable,0,1.3,40,73
37,vulpix,37,2,191,vulpix,0,0.6,9.9,75
38,ninetales,38,2,191,ninetales,0,1.1,19.9,77
39,jigglypuff,39,1,191,jigglypuff,0,0.5,5.5,80
40,wigglytuff,40,1,191,wigglytuff,0,1,12,81
41,zubat,41,2,127,zubat,0,0.8,7.5,82
42,golbat,42,2,127,golbat,0,1.6,55,83
43,oddish,43,3,127,oddish,0,0.5,5.4,85
44,gloom,44,3,127,gloom,0,0.8,8.6,86
45,vileplume,45,3,127,vileplume,0,1.2,18.6,87
46,paras,46,2,127,paras,0,0.3,5.4,89
47,parasect,47,2,127,parasect,0,1,29.5,90
48,venonat,48,2,127,venonat,0,1,30,91
49,venomoth,49,2,127,venomoth,0,1.5,12.5,92
50,diglett,50,2,127,diglett,0,0.2,0.8,93
51,dugtrio,51,2,127,dugtrio,0,0.7,33.3,95
52,meowth,52,2,127,meowth,0,0.4,4.2,97
53,persian,53,2,127,persian,0,1,32,101
54,psyduck,54,2,127,psyduck,0,0.8,19.6,104
55,golduck,55,2,127,golduck,0,1.7,76.6,105
56,mankey,56,2,127,mankey,0,0.5,28,106
57,primeape,57,2,127,primeape,0,1,32,107
58,growlithe,58,4,63,growlithe,0,0.7,19,108
59,arcanine,59,4,63,arcanine,0,1.9,155,110
60,poliwag,60,3,127,poliwag,0,0.6,12.4,112
61,poliwhirl,61,3,127,poliwhirl,0,1,20,113
62,poliwrath,62,3,127,poliwrath,0,1.3,54,114
63,abra,63,3,63,abra,0,0.9,19.5,116
64,kadabra,64,3,63,kadabra,0,1.3,56.5,117
65,alakazam,65,3,63,alakazam,0,1.5,48,118
66,machop,66,3,63,machop,0,0.8,19.5,120
67,machoke,67,3,63,machoke,0,1.5,70.5,121
68,machamp,68,3,63,machamp,0,1.6,130,122
69,bellsprout,69,3,127,bellsprout,0,0.7,4,124
70,weepinbell,70,3,127,weepinbell,0,1,6.4,125
71,victreebel,71,3,127,victreebel,0,1.7,15.5,126
72,tentacool,72,4,127,tentacool,0,0.9,45.5,128
73,tentacruel,73,4,127,tentacruel,0,1.6,55,129
74,geodude,74,3,127,geodude,0,0.4,20,130
75,graveler,75,3,127,graveler,0,1,105,132
76,golem,76,3,127,golem,0,1.4,300,134
77,ponyta,77,2,127,ponyta,0,1,30,136
78,rapidash,78,2,127,rapidash,0,1.7,95,138
79,slowpoke,79,2,127,slowpoke,0,1.2,36,140
80,slowbro,80,2,127,slowbro,0,1.6,78.5,142
81,magnemite,81,2,255,magnemite,0,0.3,6,147
82,magneton,82,2,255,magneton,0,1,60,148
83,farfetch-d,83,2,127,farfetchd,0,0.8,15,150
84,doduo,84,2,127,doduo,0,1.4,39.2,153
85,dodrio,85,2,127,dodrio,0,1.8,85.2,154
86,seel,86,2,127,seel,0,1.1,90,155
87,dewgong,87,2,127,dewgong,0,1.7,120,156
88,grimer,88,2,127,grimer,0,0.9,30,157
89,muk,89,2,127,muk,0,1.2,30,159
90,shellder,90,4,127,shellder,0,0.3,4,161
91,cloyster,91,4,127,cloyster,0,1.5,132.5,162
92,gastly,92,3,127,gastly,0,1.3,0.1,163
93,haunter,93,3,127,haunter,0,1.6,0.1,164
94,gengar,94,3,127,gengar,0,1.5,40.5,165
95,onix,95,2,127,onix,0,8.8,210,168
96,drowzee,96,2,127,drowzee,0,1,32.4,171
97,hypno,97,2,127,hypno,0,1.6,75.6,172
98,krabby,98,2,127,krabby,0,0.4,6.5,173
99,kingler,99,2,127,kingler,0,1.3,60,174
100,voltorb,100,2,255,voltorb,0,0.5,10.4,176
101,electrode,101,2,255,electrode,0,1.2,66.6,178
102,exeggcute,102,4,127,exeggcute,0,0.4,2.5,180
103,exeggutor,103,4,127,exeggutor,0,2,120,181
104,cubone,104,2,127,cubone,0,0.4,6.5,183
105,marowak,105,2,127,marowak,0,1,45,184
106,hitmonlee,106,2,0,hitmonlee,0,1.5,49.8,188
107,hitmonchan,107,2,0,hitmonchan,0,1.4,50.2,189
108,lickitung,108,2,127,lickitung,0,1.2,65.5,191
109,koffing,109,2,127,koffing,0,0.6,1,193
110,weezing,110,2,127,weezing,0,1.2,9.5,194
111,rhyhorn,111,4,127,rhyhorn,0,1,115,196
112,rhydon,112,4,127,rhydon,0,1.9,120,197
113,chansey,113,1,254,chansey,0,1.1,34.6,200
114,tangela,114,2,127,tangela,0,1,35,202
115,kangaskhan,115,2,254,kangaskhan,0,2.2,80,204
116,horsea,116,2,127,horsea,0,0.4,8,206
117,seadra,117,2,127,seadra,0,1.2,25,207
118,goldeen,118,2,127,goldeen,0,0.6,15,209
119,seaking,119,2,127,seaking,0,1.3,39,210
120,staryu,120,4,255,staryu,0,0.8,34.5,211
121,starmie,121,4,255,starmie,0,1.1,80,212
122,mr-mime,122,2,127,mr-mime,0,1.3,54.5,215
123,scyther,123,2,127,scyther,0,1.5,56,218
124,jynx,124,2,254,jynx,0,1.4,40.6,223
125,electabuzz,125,2,63,electabuzz,0,1.1,30,225
126,magmar,126,2,63,magmar,0,1.3,44.5,228
127,pinsir,127,4,127,pinsir,0,1.5,55,230
128,tauros,128,4,0,tauros,0,1.4,88.4,232
129,magikarp,129,4,127,magikarp,0,0.9,10,236
130,gyarados,130,4,127,gyarados,0,6.5,235,237
131,lapras,131,4,127,lapras,0,2.5,220,239
132,ditto,132,2,255,ditto,0,0.3,4,241
133,eevee,133,2,31,eevee,0,0.3,6.5,242
134,vaporeon,134,2,31,vaporeon,0,1,29,245
135,jolteon,135,2,31,jolteon,0,0.8,24.5,246
136,flareon,136,2,31,flareon,0,0.9,25,247
137,porygon,137,2,255,porygon,0,0.8,36.5,253
138,omanyte,138,2,31,omanyte,0,0.4,7.5,256
139,omastar,139,2,31,omastar,0,1,35,257
140,kabuto,140,2,31,kabuto,0,0.5,11.5,258
141,kabutops,141,2,31,kabutops,0,1.3,40.5,259
142,aerodactyl,142,4,31,aerodactyl,0,1.8,59,260
143,snorlax,143,4,31,snorlax,0,2.1,460,263
144,articuno,144,4,255,articuno,0,1.7,55.4,265
145,zapdos,145,4,255,zapdos,0,1.6,52.6,267
146,moltres,146,4,255,moltres,0,2,60,269
147,dratini,147,4,127,dratini,0,1.8,3.3,271
148,dragonair,148,4,127,dragonair,0,4,16.5,272
149,dragonite,149,4,127,dragonite,0,2.2,210,273
150,mewtwo,150,4,255,mewtwo,0,2,122,275
151,mew,151,3,255,mew,0,0.4,4,278
152,chikorita,152,3,31,chikorita,0,0.9,6.4,279
153,bayleef,153,3,31,bayleef,0,1.2,15.8,280
154,meganium,154,3,31,meganium,0,1.8,100.5,281
155,cyndaquil,155,3,31,cyndaquil,0,0.5,7.9,283
156,quilava,156,3,31,quilava,0,0.9,19,284
157,typhlosion,157,3,31,typhlosion,0,1.7,79.5,285
158,totodile,158,3,31,totodile,0,0.6,9.5,287
159,croconaw,159,3,31,croconaw,0,1.1,25,288
160,feraligatr,160,3,31,feraligatr,0,2.3,88.8,289
161,sentret,161,2,127,sentret,0,0.8,6,291
162,furret,162,2,127,furret,0,1.8,32.5,292
163,hoothoot,163,2,127,hoothoot,0,0.7,21.2,293
164,noctowl,164,2,127,noctowl,0,1.6,40.8,294
165,ledyba,165,1,127,ledyba,0,1,10.8,295
166,ledian,166,1,127,ledian,0,1.4,35.6,296
167,spinarak,167,1,127,spinarak,0,0.5,8.5,297
168,ariados,168,1,127,ariados,0,1.1,33.5,298
169,crobat,169,2,127,crobat,0,1.8,75,84
170,chinchou,170,4,127,chinchou,0,0.5,12,299
171,lanturn,171,4,127,lanturn,0,1.2,22.5,300
172,pichu,172,2,127,pichu,0,0.3,2,38
173,cleffa,173,1,191,cleffa,0,0.3,3,71
174,igglybuff,174,1,191,igglybuff,0,0.3,1,79
175,togepi,175,1,31,togepi,0,0.3,1.5,301
176,togetic,176,1,31,togetic,0,0.6,3.2,302
177,natu,177,2,127,natu,0,0.2,2,304
178,xatu,178,2,127,xatu,0,1.5,15,305
179,mareep,179,3,127,mareep,0,0.6,7.8,306
180,flaaffy,180,3,127,flaaffy,0,0.8,13.3,307
181,ampharos,181,3,127,ampharos,0,1.4,61.5,308
182,bellossom,182,3,127,bellossom,0,0.4,5.8,88
183,marill,183,1,127,marill,0,0.4,8.5,311
184,azumarill,184,1,127,azumarill,0,0.8,28.5,312
185,sudowoodo,185,2,127,sudowoodo,0,1.2,38,314
186,politoed,186,3,127,politoed,0,1.1,33.9,115
187,hoppip,187,3,127,hoppip,0,0.4,0.5,315
188,skiploom,188,3,127,skiploom,0,0.6,1,316
189,jumpluff,189,3,127,jumpluff,0,0.8,3,317
190,aipom,190,1,127,aipom,0,0.8,11.5,318
191,sunkern,191,3,127,sunkern,0,0.3,1.8,320
192,sunflora,192,3,127,sunflora,0,0.8,8.5,321
193,yanma,193,2,127,yanma,0,1.2,38,322
194,wooper,194,2,127,wooper,0,0.4,8.5,324
195,quagsire,195,2,127,quagsire,0,1.4,75,326
196,espeon,196,2,31,espeon,0,0.9,26.5,248
197,umbreon,197,2,31,umbreon,0,1,27,249
198,murkrow,198,3,127,murkrow,0,0.5,2.1,328
199,slowking,199,2,127,slowking,0,2,79.5,145
200,misdreavus,200,1,127,misdreavus,0,0.7,1,330
201,unown-a,201,2,255,unown,0,0.5,5,332
202,wobbuffet,202,2,127,wobbuffet,0,1.3,28.5,361
203,girafarig,203,2,127,girafarig,0,1.5,41.5,362
204,pineco,204,2,127,pineco,0,0.6,7.2,363
205,forretress,205,2,127,forretress,0,1.2,125.8,364
206,dunsparce,206,2,127,dunsparce,0,1.5,14,365
207,gligar,207,3,127,gligar,0,1.1,64.8,368
208,steelix,208,2,127,steelix,0,9.2,400,169
209,snubbull,209,1,191,snubbull,0,0.6,7.8,370
210,granbull,210,1,191,granbull,0,1.4,48.7,371
211,qwilfish,211,2,127,qwilfish,0,0.5,3.9,372
212,scizor,212,2,127,scizor,0,1.8,118,219
213,shuckle,213,3,127,shuckle,0,0.6,20.5,375
214,heracross,214,4,127,heracross,0,1.5,54,376
215,sneasel,215,3,127,sneasel,0,0.9,28,378
216,teddiursa,216,2,127,teddiursa,0,0.6,8.8,382
217,ursaring,217,2,127,ursaring,0,1.8,125.8,383
218,slugma,218,2,127,slugma,0,0.7,35,386
219,magcargo,219,2,127,magcargo,0,0.8,55,387
220,swinub,220,4,127,swinub,0,0.4,6.5,388
221,piloswine,221,4,127,piloswine,0,1.1,55.8,389
222,corsola,222,1,191,corsola,0,0.6,5,391
223,remoraid,223,2,127,remoraid,0,0.6,12,394
224,octillery,224,2,127,octillery,0,0.9,28.5,395
225,delibird,225,1,127,delibird,0,0.9,16,396
226,mantine,226,4,127,mantine,0,2.1,220,398
227,skarmory,227,4,127,skarmory,0,1.7,50.5,399
228,houndour,228,4,127,houndour,0,0.6,10.8,401
229,houndoom,229,4,127,houndoom,0,1.4,35,402
230,kingdra,230,2,127,kingdra,0,1.8,152,208
231,phanpy,231,2,127,phanpy,0,0.5,33.5,404
232,donphan,232,2,127,donphan,0,1.1,120,405
233,porygon2,233,2,255,porygon2,0,0.6,32.5,254
234,stantler,234,4,127,stantler,0,1.4,71.2,406
235,smeargle,235,1,127,smeargle,0,1.2,58,408
236,tyrogue,236,2,0,tyrogue,0,0.7,21,187
237,hitmontop,237,2,0,hitmontop,0,1.4,48,190
238,smoochum,238,2,254,smoochum,0,0.4,6,222
239,elekid,239,2,63,elekid,0,0.6,23.5,224
240,magby,240,2,63,magby,0,0.7,21.4,227
241,miltank,241,4,254,miltank,0,1.2,75.5,409
242,blissey,242,1,254,blissey,0,1.5,46.8,201
243,raikou,243,4,255,raikou,0,1.9,178,410
244,entei,244,4,255,entei,0,2.1,198,411
245,suicune,245,4,255,suicune,0,2,187,412
246,larvitar,246,4,127,larvitar,0,0.6,72,413
247,pupitar,247,4,127,pupitar,0,1.2,152,414
248,tyranitar,248,4,127,tyranitar,0,2,202,415
249,lugia,249,4,255,lugia,0,5.2,216,417
250,ho-oh,250,4,255,ho-oh,0,3.8,199,418
251,celebi,251,3,255,celebi,0,0.6,5,419
252,treecko,252,3,31,treecko,0,0.5,5,420
253,grovyle,253,3,31,grovyle,0,0.9,21.6,421
254,sceptile,254,3,31,sceptile,0,1.7,52.2,422
255,torchic,255,3,31,torchic,0,0.4,2.5,424
256,combusken,256,3,31,combusken,0,0.9,19.5,425
257,blaziken,257,3,31,blaziken,0,1.9,52,426
258,mudkip,258,3,31,mudkip,0,0.4,7.6,428
259,marshtomp,259,3,31,marshtomp,0,0.7,28,429
260,swampert,260,3,31,swampert,0,1.5,81.9,430
261,poochyena,261,2,127,poochyena,0,0.5,13.6,432
262,mightyena,262,2,127,mightyena,0,1,37,433
263,zigzagoon,263,2,127,zigzagoon,0,0.4,17.5,434
264,linoone,264,2,127,linoone,0,0.5,32.5,436
265,wurmple,265,2,127,wurmple,0,0.3,3.6,439
266,silcoon,266,2,127,silcoon,0,0.6,10,440
267,beautifly,267,2,127,beautifly,0,1,28.4,441
268,cascoon,268,2,127,cascoon,0,0.7,11.5,442
269,dustox,269,2,127,dustox,0,1.2,31.6,443
270,lotad,270,3,127,lotad,0,0.5,2.6,444
271,lombre,271,3,127,lombre,0,1.2,32.5,445
272,ludicolo,272,3,127,ludicolo,0,1.5,55,446
273,seedot,273,3,127,seedot,0,0.5,4,447
274,nuzleaf,274,3,127,nuzleaf,0,1,28,448
275,shiftry,275,3,127,shiftry,0,1.3,59.6,449
276,taillow,276,3,127,taillow,0,0.3,2.3,450
277,swellow,277,3,127,swellow,0,0.7,19.8,451
278,wingull,278,2,127,wingull,0,0.6,9.5,452
279,pelipper,279,2,127,pelipper,0,1.2,28,453
280,ralts,280,4,127,ralts,0,0.4,6.6,454
281,kirlia,281,4,127,kirlia,0,0.8,20.2,455
282,gardevoir,282,4,127,gardevoir,0,1.6,48.4,456
283,surskit,283,2,127,surskit,0,0.5,1.7,460
284,masquerain,284,2,127,masquerain,0,0.8,3.6,461
285,shroomish,285,6,127,shroomish,0,0.4,4.5,462
286,breloom,286,6,127,breloom,0,1.2,39.2,463
287,slakoth,287,4,127,slakoth,0,0.8,24,464
288,vigoroth,288,4,127,vigoroth,0,1.4,46.5,465
289,slaking,289,4,127,slaking,0,2,130.5,466
290,nincada,290,5,127,nincada,0,0.5,5.5,467
291,ninjask,291,5,127,ninjask,0,0.8,12,468
292,shedinja,292,5,255,shedinja,0,0.8,1.2,469
293,whismur,293,3,127,whismur,0,0.6,16.3,470
294,loudred,294,3,127,loudred,0,1,40.5,471
295,exploud,295,3,127,exploud,0,1.5,84,472
296,makuhita,296,6,63,makuhita,0,1,86.4,473
297,hariyama,297,6,63,hariyama,0,2.3,253.8,474
298,azurill,298,1,191,azurill,0,0.2,2,310
299,nosepass,299,2,127,nosepass,0,1,97,475
300,skitty,300,1,191,skitty,0,0.6,11,477
301,delcatty,301,1,191,delcatty,0,1.1,32.6,478
302,sableye,302,3,127,sableye,0,0.5,11,479
303,mawile,303,1,127,mawile,0,0.6,11.5,481
304,aron,304,4,127,aron,0,0.4,60,483
305,lairon,305,4,127,lairon,0,0.9,120,484
306,aggron,306,4,127,aggron,0,2.1,360,485
307,meditite,307,2,127,meditite,0,0.6,11.2,487
308,medicham,308,2,127,medicham,0,1.3,31.5,488
309,electrike,309,4,127,electrike,0,0.6,15.2,490
310,manectric,310,4,127,manectric,0,1.5,40.2,491
311,plusle,311,2,127,plusle,0,0.4,4.2,493
312,minun,312,2,127,minun,0,0.4,4.2,494
313,volbeat,313,5,0,volbeat,0,0.7,17.7,495
314,illumise,314,6,254,illumise,0,0.6,17.7,496
315,roselia,315,3,127,roselia,0,0.3,2,498
316,gulpin,316,6,127,gulpin,0,0.4,10.3,500
317,swalot,317,6,127,swalot,0,1.7,80,501
318,carvanha,318,4,127,carvanha,0,0.8,20.8,502
319,sharpedo,319,4,127,sharpedo,0,1.8,88.8,503
320,wailmer,320,6,127,wailmer,0,2,130,505
321,wailord,321,6,127,wailord,0,14.5,398,506
322,numel,322,2,127,numel,0,0.7,24,507
323,camerupt,323,2,127,camerupt,0,1.9,220,508
324,torkoal,324,2,127,torkoal,0,0.5,80.4,510
325,spoink,325,1,127,spoink,0,0.7,30.6,511
326,grumpig,326,1,127,grumpig,0,0.9,71.5,512
327,spinda,327,1,127,spinda,0,1.1,5,513
328,trapinch,328,3,127,trapinch,0,0.7,15,514
329,vibrava,329,3,127,vibrava,0,1.1,15.3,515
330,flygon,330,3,127,flygon,0,2,82,516
331,cacnea,331,3,127,cacnea,0,0.4,51.3,517
332,cacturne,332,3,127,cacturne,0,1.3,77.4,518
333,swablu,333,5,127,swablu,0,0.4,1.2,519
334,altaria,334,5,127,altaria,0,1.1,20.6,520
335,zangoose,335,5,127,zangoose,0,1.3,40.3,522
336,seviper,336,6,127,seviper,0,2.7,52.5,523
337,lunatone,337,1,255,lunatone,0,1,168,524
338,solrock,338,1,255,solrock,0,1.2,154,525
339,barboach,339,2,127,barboach,0,0.4,1.9,526
340,whiscash,340,2,127,whiscash,0,0.9,23.6,527
341,corphish,341,6,127,corphish,0,0.6,11.5,528
342,crawdaunt,342,6,127,crawdaunt,0,1.1,32.8,529
343,baltoy,343,2,255,baltoy,0,0.5,21.5,530
344,claydol,344,2,255,claydol,0,1.5,108,531
345,lileep,345,5,31,lileep,0,1,23.8,532
346,cradily,346,5,31,cradily,0,1.5,60.4,533
347,anorith,347,5,31,anorith,0,0.7,12.5,534
348,armaldo,348,5,31,armaldo,0,1.5,68.2,535
349,feebas,349,5,127,feebas,0,0.6,7.4,536
350,milotic,350,5,127,milotic,0,6.2,162,537
351,castform,351,2,127,castform,0,0.3,0.8,538
352,kecleon,352,3,127,kecleon,0,1,22,542
353,shuppet,353,1,127,shuppet,0,0.6,2.3,543
354,banette,354,1,127,banette,0,1.1,12.5,544
355,duskull,355,1,127,duskull,0,0.8,15,546
356,dusclops,356,1,127,dusclops,0,1.6,30.6,547
357,tropius,357,4,127,tropius,0,2,100,549
358,chimecho,358,1,127,chimecho,0,0.6,1,551
359,absol,359,3,127,absol,0,1.2,47,553
360,wynaut,360,2,127,wynaut,0,0.6,14,360
361,snorunt,361,2,127,snorunt,0,0.7,16.8,556
362,glalie,362,2,127,glalie,0,1.5,256.5,557
363,spheal,363,3,127,spheal,0,0.8,39.5,561
364,sealeo,364,3,127,sealeo,0,1.1,87.6,562
365,walrein,365,3,127,walrein,0,1.4,150.6,563
366,clamperl,366,5,127,clamperl,0,0.4,52.5,564
367,huntail,367,5,127,huntail,0,1.7,27,565
368,gorebyss,368,5,127,gorebyss,0,1.8,22.6,566
369,relicanth,369,4,31,relicanth,0,1,23.4,567
370,luvdisc,370,1,191,luvdisc,0,0.6,8.7,568
371,bagon,371,4,127,bagon,0,0.6,42.1,569
372,shelgon,372,4,127,shelgon,0,1.1,110.5,570
373,salamence,373,4,127,salamence,0,1.5,102.6,571
374,beldum,374,4,255,beldum,0,0.6,95.2,573
375,metang,375,4,255,metang,0,1.2,202.5,574
376,metagross,376,4,255,metagross,0,1.6,550,575
377,regirock,377,4,255,regirock,0,1.7,230,577
378,regice,378,4,255,regice,0,1.8,175,578
379,registeel,379,4,255,registeel,0,1.9,205,579
380,latias,380,4,254,latias,0,1.4,40,580
381,latios,381,4,0,latios,0,2,60,582
382,kyogre,382,4,255,kyogre,0,4.5,352,584
383,groudon,383,4,255,groudon,0,3.5,950,586
384,rayquaza,384,4,255,rayquaza,0,7,206.5,588
385,jirachi,385,4,255,jirachi,0,0.3,1.1,590
386,deoxys-normal,386,4,255,deoxys,0,1.7,60.8,591
387,turtwig,387,3,31,turtwig,0,0.4,10.2,595
388,grotle,388,3,31,grotle,0,1.1,97,596
389,torterra,389,3,31,torterra,0,2.2,310,597
390,chimchar,390,3,31,chimchar,0,0.5,6.2,598
391,monferno,391,3,31,monferno,0,0.9,22,599
392,infernape,392,3,31,infernape,0,1.2,55,600
393,piplup,393,3,31,piplup,0,0.4,5.2,601
394,prinplup,394,3,31,prinplup,0,0.8,23,602
395,empoleon,395,3,31,empoleon,0,1.7,84.5,603
396,starly,396,3,127,starly,0,0.3,2,604
397,staravia,397,3,127,staravia,0,0.6,15.5,605
398,staraptor,398,3,127,staraptor,0,1.2,24.9,606
399,bidoof,399,2,127,bidoof,0,0.5,20,608
400,bibarel,400,2,127,bibarel,0,1,31.5,609
401,kricketot,401,3,127,kricketot,0,0.3,2.2,610
402,kricketune,402,3,127,kricketune,0,1,25.5,611
403,shinx,403,3,127,shinx,0,0.5,9.5,612
404,luxio,404,3,127,luxio,0,0.9,30.5,613
405,luxray,405,3,127,luxray,0,1.4,42,614
406,budew,406,3,127,budew,0,0.2,1.2,497
407,roserade,407,3,127,roserade,0,0.9,14.5,499
408,cranidos,408,5,31,cranidos,0,0.9,31.5,615
409,rampardos,409,5,31,rampardos,0,1.6,102.5,616
410,shieldon,410,5,31,shieldon,0,0.5,57,617
411,bastiodon,411,5,31,bastiodon,0,1.3,149.5,618
412,burmy-plant,412,2,127,burmy,0,0.2,3.4,619
413,wormadam-plant,413,2,254,wormadam,0,0.5,6.5,622
414,mothim,414,2,0,mothim,0,0.9,23.3,625
415,combee,415,3,31,combee,0,0.3,5.5,626
416,vespiquen,416,3,254,vespiquen,0,1.2,38.5,627
417,pachirisu,417,2,127,pachirisu,0,0.4,3.9,628
418,buizel,418,2,127,buizel,0,0.7,29.5,629
419,floatzel,419,2,127,floatzel,0,1.1,33.5,630
420,cherubi,420,2,127,cherubi,0,0.4,3.3,631
421,cherrim-overcast,421,2,127,cherrim,0,0.5,9.3,632
422,shellos-west,422,2,127,shellos,0,0.3,6.3,634
423,gastrodon-west,423,2,127,gastrodon,0,0.9,29.9,636
424,ambipom,424,1,127,ambipom,0,1.2,20.3,319
425,drifloon,425,6,127,drifloon,0,0.4,1.2,638
426,drifblim,426,6,127,drifblim,0,1.2,15,639
427,buneary,427,2,127,buneary,0,0.4,5.5,640
428,lopunny,428,2,127,lopunny,0,1.2,33.3,641
429,mismagius,429,1,127,mismagius,0,0.9,4.4,331
430,honchkrow,430,3,127,honchkrow,0,0.9,27.3,329
431,glameow,431,1,191,glameow,0,0.5,3.9,643
432,purugly,432,1,191,purugly,0,1,43.8,644
433,chingling,433,1,127,chingling,0,0.2,0.6,550
434,stunky,434,2,127,stunky,0,0.4,19.2,645
435,skuntank,435,2,127,skuntank,0,1,38,646
436,bronzor,436,2,255,bronzor,0,0.5,60.5,647
437,bronzong,437,2,255,bronzong,0,1.3,187,648
438,bonsly,438,2,127,bonsly,0,0.5,15,313
439,mime-jr,439,2,127,mime_jr,0,0.6,13,214
440,happiny,440,1,254,happiny,0,0.6,24.4,199
441,chatot,441,3,127,chatot,0,0.5,1.9,649
442,spiritomb,442,2,127,spiritomb,0,1,108,650
443,gible,443,4,127,gible,0,0.7,20.5,651
444,gabite,444,4,127,gabite,0,1.4,56,652
445,garchomp,445,4,127,garchomp,0,1.9,95,653
446,munchlax,446,4,31,munchlax,0,0.6,105,262
447,riolu,447,3,31,riolu,0,0.7,20.2,656
448,lucario,448,3,31,lucario,0,1.2,54,657
449,hippopotas,449,4,127,hippopotas,0,0.8,49.5,660
450,hippowdon,450,4,127,hippowdon,0,2,300,661
451,skorupi,451,4,127,skorupi,0,0.8,12,662
452,drapion,452,4,127,drapion,0,1.3,61.5,663
453,croagunk,453,2,127,croagunk,0,0.7,23,664
454,toxicroak,454,2,127,toxicroak,0,1.3,44.4,665
455,carnivine,455,4,127,carnivine,0,1.4,27,666
456,finneon,456,5,127,finneon,0,0.4,7,667
457,lumineon,457,5,127,lumineon,0,1.2,24,668
458,mantyke,458,4,127,mantyke,0,1,65,397
459,snover,459,4,127,snover,0,1,50.5,669
460,abomasnow,460,4,127,abomasnow,0,2.2,135.5,670
461,weavile,461,3,127,weavile,0,1.1,34,380
462,magnezone,462,2,255,magnezone,0,1.2,180,149
463,lickilicky,463,2,127,lickilicky,0,1.7,140,192
464,rhyperior,464,4,127,rhyperior,0,2.4,282.8,198
465,tangrowth,465,2,127,tangrowth,0,2,128.6,203
466,electivire,466,2,63,electivire,0,1.8,138.6,226
467,magmortar,467,2,63,magmortar,0,1.6,68,229
468,togekiss,468,1,31,togekiss,0,1.5,38,303
469,yanmega,469,2,127,yanmega,0,1.9,51.5,323
470,leafeon,470,2,31,leafeon,0,1,25.5,250
471,glaceon,471,2,31,glaceon,0,0.8,25.9,251
472,gliscor,472,3,127,gliscor,0,2,42.5,369
473,mamoswine,473,4,127,mamoswine,0,2.5,291,390
474,porygon-z,474,2,255,porygon-z,0,0.9,34,255
475,gallade,475,4,0,gallade,0,1.6,52,458
476,probopass,476,2,127,probopass,0,1.4,340,476
477,dusknoir,477,1,127,dusknoir,0,2.2,106.6,548
478,froslass,478,2,254,froslass,0,1.3,26.6,559
479,rotom,479,2,255,rotom,0,0.3,0.3,672
480,uxie,480,4,255,uxie,0,0.3,0.3,678
481,mesprit,481,4,255,mesprit,0,0.3,0.3,679
482,azelf,482,4,255,azelf,0,0.3,0.3,680
483,dialga,483,4,255,dialga,0,5.4,683,681
484,palkia,484,4,255,palkia,0,4.2,336,683
485,heatran,485,4,127,heatran,0,1.7,430,685
486,regigigas,486,4,255,regigigas,0,3.7,420,687
487,giratina,487,4,255,giratina,0,4.5,750,688
488,cresselia,488,4,254,cresselia,0,1.5,85.6,690
489,phione,489,4,255,phione,0,0.4,3.1,691
490,manaphy,490,4,255,manaphy,0,0.3,1.4,692
491,darkrai,491,4,255,darkrai,0,1.5,50.5,693
492,shaymin,492,3,255,shaymin,0,0.2,2.1,695
493,arceus-normal,493,4,255,arceus,0,3.2,320,697
494,victini,494,4,255,victini,0,0.4,4,715
495,snivy,495,3,31,snivy,0,0.6,8.1,716
496,servine,496,3,31,servine,0,0.8,16,717
497,serperior,497,3,31,serperior,0,3.3,63,718
498,tepig,498,3,31,tepig,0,0.5,9.9,719
499,pignite,499,3,31,pignite,0,1,55.5,720
500,emboar,500,3,31,emboar,0,1.6,150,721
501,oshawott,501,3,31,oshawott,0,0.5,5.9,723
502,dewott,502,3,31,dewott,0,0.8,24.5,724
503,samurott,503,3,31,samurott,0,1.5,94.6,725
504,patrat,504,2,127,patrat,0,0.5,11.6,727
505,watchog,505,2,127,watchog,0,1.1,27,728
506,lillipup,506,3,127,lillipup,0,0.4,4.1,729
507,herdier,507,3,127,herdier,0,0.9,14.7,730
508,stoutland,508,3,127,stoutland,0,1.2,61,731
509,purrloin,509,2,127,purrloin,0,0.4,10.1,732
510,liepard,510,2,127,liepard,0,1.1,37.5,733
511,pansage,511,2,31,pansage,0,0.6,10.5,734
512,simisage,512,2,31,simisage,0,1.1,30.5,735
513,pansear,513,2,31,pansear,0,0.6,11,736
514,simisear,514,2,31,simisear,0,1,28,737
515,panpour,515,2,31,panpour,0,0.6,13.5,738
516,simipour,516,2,31,simipour,0,1,29,739
517,munna,517,1,127,munna,0,0.6,23.3,740
518,musharna,518,1,127,musharna,0,1.1,60.5,741
519,pidove,519,3,127,pidove,0,0.3,2.1,742
520,tranquill,520,3,127,tranquill,0,0.6,15,743
521,unfezant,521,3,127,unfezant,0,1.2,29,744
522,blitzle,522,2,127,blitzle,0,0.8,29.8,745
523,zebstrika,523,2,127,zebstrika,0,1.6,79.5,746
524,roggenrola,524,3,127,roggenrola,0,0.4,18,747
525,boldore,525,3,127,boldore,0,0.9,102,748
526,gigalith,526,3,127,gigalith,0,1.7,260,749
527,woobat,527,2,127,woobat,0,0.4,2.1,750
528,swoobat,528,2,127,swoobat,0,0.9,10.5,751
529,drilbur,529,2,127,drilbur,0,0.3,8.5,752
530,excadrill,530,2,127,excadrill,0,0.7,40.4,753
531,audino,531,1,127,audino,0,1.1,31,755
532,timburr,532,3,63,timburr,0,0.6,12.5,757
533,gurdurr,533,3,63,gurdurr,0,1.2,40,758
534,conkeldurr,534,3,63,conkeldurr,0,1.4,87,759
535,tympole,535,3,127,tympole,0,0.5,4.5,760
536,palpitoad,536,3,127,palpitoad,0,0.8,17,761
537,seismitoad,537,3,127,seismitoad,0,1.5,62,762
538,throh,538,2,0,throh,0,1.3,55.5,763
539,sawk,539,2,0,sawk,0,1.4,51,764
540,sewaddle,540,3,127,sewaddle,0,0.3,2.5,765
541,swadloon,541,3,127,swadloon,0,0.5,7.3,766
542,leavanny,542,3,127,leavanny,0,1.2,20.5,767
543,venipede,543,3,127,venipede,0,0.4,5.3,768
544,whirlipede,544,3,127,whirlipede,0,1.2,58.5,769
545,scolipede,545,3,127,scolipede,0,2.5,200.5,770
546,cottonee,546,2,127,cottonee,0,0.3,0.6,772
547,whimsicott,547,2,127,whimsicott,0,0.7,6.6,773
548,petilil,548,2,254,petilil,0,0.5,6.6,774
549,lilligant,549,2,254,lilligant,0,1.1,16.3,775
550,basculin-red,550,2,127,basculin,0,1,18,777
551,sandile,551,3,127,sandile,0,0.7,15.2,782
552,krokorok,552,3,127,krokorok,0,1,33.4,783
553,krookodile,553,3,127,krookodile,0,1.5,96.3,784
554,darumaka,554,3,127,darumaka,0,0.6,37.5,785
555,darmanitan-standard,555,3,127,darmanitan,0,1.3,92.9,787
556,maractus,556,2,127,maractus,0,1,28,791
557,dwebble,557,2,127,dwebble,0,0.3,14.5,792
558,crustle,558,2,127,crustle,0,1.4,200,793
559,scraggy,559,2,127,scraggy,0,0.6,11.8,794
560,scrafty,560,2,127,scrafty,0,1.1,30,795
561,sigilyph,561,2,127,sigilyph,0,1.4,14,797
562,yamask,562,2,127,yamask,0,0.5,1.5,798
563,cofagrigus,563,2,127,cofagrigus,0,1.7,76.5,800
564,tirtouga,564,2,31,tirtouga,0,0.7,16.5,802
565,carracosta,565,2,31,carracosta,0,1.2,81,803
566,archen,566,2,31,archen,0,0.5,9.5,804
567,archeops,567,2,31,archeops,0,1.4,32,805
568,trubbish,568,2,127,trubbish,0,0.6,31,806
569,garbodor,569,2,127,garbodor,0,1.9,107.3,807
570,zorua,570,3,31,zorua,0,0.7,12.5,809
571,zoroark,571,3,31,zoroark,0,1.6,81.1,811
572,minccino,572,1,191,minccino,0,0.4,5.8,813
573,cinccino,573,1,191,cinccino,0,0.5,7.5,814
574,gothita,574,3,191,gothita,0,0.4,5.8,815
575,gothorita,575,3,191,gothorita,0,0.7,18,816
576,gothitelle,576,3,191,gothitelle,0,1.5,44,817
577,solosis,577,3,127,solosis,0,0.3,1,818
578,duosion,578,3,127,duosion,0,0.6,8,819
579,reuniclus,579,3,127,reuniclus,0,1,20.1,820
580,ducklett,580,2,127,ducklett,0,0.5,5.5,821
581,swanna,581,2,127,swanna,0,1.3,24.2,822
582,vanillite,582,4,127,vanillite,0,0.4,5.7,823
583,vanillish,583,4,127,vanillish,0,1.1,41,824
584,vanilluxe,584,4,127,vanilluxe,0,1.3,57.5,825
585,deerling-spring,585,2,127,deerling,0,0.6,19.5,826
586,sawsbuck-spring,586,2,127,sawsbuck,0,1.9,92.5,830
587,emolga,587,2,127,emolga,0,0.4,5,834
588,karrablast,588,2,127,karrablast,0,0.5,5.9,835
589,escavalier,589,2,127,escavalier,0,1,33,836
590,foongus,590,2,127,foongus,0,0.2,1,837
591,amoonguss,591,2,127,amoonguss,0,0.6,10.5,838
592,frillish,592,2,127,frillish,0,1.2,33,839
593,jellicent,593,2,127,jellicent,0,2.2,135,840
594,alomomola,594,1,127,alomomola,0,1.2,31.6,841
595,joltik,595,2,127,joltik,0,0.1,0.6,842
596,galvantula,596,2,127,galvantula,0,0.8,14.3,843
597,ferroseed,597,2,127,ferroseed,0,0.6,18.8,844
598,ferrothorn,598,2,127,ferrothorn,0,1,110,845
599,klink,599,3,255,klink,0,0.3,21,846
600,klang,600,3,255,klang,0,0.6,51,847
601,klinklang,601,3,255,klinklang,0,0.6,81,848
602,tynamo,602,4,127,tynamo,0,0.2,0.3,849
603,eelektrik,603,4,127,eelektrik,0,1.2,22,850
604,eelektross,604,4,127,eelektross,0,2.1,80.5,851
605,elgyem,605,2,127,elgyem,0,0.5,9,853
606,beheeyem,606,2,127,beheeyem,0,1,34.5,854
607,litwick,607,3,127,litwick,0,0.3,3.1,855
608,lampent,608,3,127,lampent,0,0.6,13,856
609,chandelure,609,3,127,chandelure,0,1,34.3,857
610,axew,610,4,127,axew,0,0.6,18,859
611,fraxure,611,4,127,fraxure,0,1,36,860
612,haxorus,612,4,127,haxorus,0,1.8,105.5,861
613,cubchoo,613,2,127,cubchoo,0,0.5,8.5,862
614,beartic,614,2,127,beartic,0,2.6,260,863
615,cryogonal,615,2,255,cryogonal,0,1.1,148,864
616,shelmet,616,2,127,shelmet,0,0.4,7.7,865
617,accelgor,617,2,127,accelgor,0,0.8,25.3,866
618,stunfisk,618,2,127,stunfisk,0,0.7,11,867
619,mienfoo,619,3,127,mienfoo,0,0.9,20,869
620,mienshao,620,3,127,mienshao,0,1.4,35.5,870
621,druddigon,621,2,127,druddigon,0,1.6,139,871
622,golett,622,2,255,golett,0,1,92,872
623,golurk,623,2,255,golurk,0,2.8,330,873
624,pawniard,624,2,127,pawniard,0,0.5,10.2,875
625,bisharp,625,2,127,bisharp,0,1.6,70,876
626,bouffalant,626,2,127,bouffalant,0,1.6,94.6,877
627,rufflet,627,4,0,rufflet,0,0.5,10.5,878
628,braviary,628,4,0,braviary,0,1.5,41,879
629,vullaby,629,4,254,vullaby,0,0.5,9,881
630,mandibuzz,630,4,254,mandibuzz,0,1.2,39.5,882
631,heatmor,631,2,127,heatmor,0,1.4,58,883
632,durant,632,2,127,durant,0,0.3,33,884
633,deino,633,4,127,deino,0,0.8,17.3,885
634,zweilous,634,4,127,zweilous,0,1.4,50,886
635,hydreigon,635,4,127,hydreigon,0,1.8,160,887
636,larvesta,636,4,127,larvesta,0,1.1,28.8,888
637,volcarona,637,4,127,volcarona,0,1.6,46,889
638,cobalion,638,4,255,cobalion,0,2.1,250,890
639,terrakion,639,4,255,terrakion,0,1.9,260,891
640,virizion,640,4,255,virizion,0,2,200,892
641,tornadus,641,4,0,tornadus,0,1.5,63,893
642,thundurus,642,4,0,thundurus,0,1.5,61,895
643,reshiram,643,4,255,reshiram,0,3.2,330,897
644,zekrom,644,4,255,zekrom,0,2.9,345,898
645,landorus,645,4,0,landorus,0,1.5,68,899
646,kyurem,646,4,255,kyurem,0,3,325,901
647,keldeo,647,4,255,keldeo,0,1.4,48.5,904
648,meloetta-aria,648,4,255,meloetta,0,0.6,6.5,906
649,genesect,649,4,255,genesect,0,1.5,82.5,908
650,chespin,650,3,31,chespin,0,0.4,9,913
651,quilladin,651,3,31,quilladin,0,0.7,29,914
652,chesnaught,652,3,31,chesnaught,0,1.6,90,915
653,fennekin,653,3,31,fennekin,0,0.4,9.4,917
654,braixen,654,3,31,braixen,0,1,14.5,918
655,delphox,655,3,31,delphox,0,1.5,39,919
656,froakie,656,3,31,froakie,0,0.3,7,921
657,frogadier,657,3,31,frogadier,0,0.6,10.9,922
658,greninja,658,3,31,greninja,0,1.5,40,923
659,bunnelby,659,2,127,bunnelby,0,0.4,5,927
660,diggersby,660,2,127,diggersby,0,1,42.4,928
661,fletchling,661,3,127,fletchling,0,0.3,1.7,929
662,fletchinder,662,3,127,fletchinder,0,0.7,16,930
663,talonflame,663,3,127,talonflame,0,1.2,24.5,931
664,scatterbug-icy-snow,664,2,127,scatterbug,0,0.3,2.5,932
665,spewpa-icy-snow,665,2,127,spewpa,0,0.3,8.4,952
666,vivillon-icy-snow,666,2,127,vivillon,0,1.2,17,972
667,litleo,667,3,225,litleo,0,0.6,13.5,992
668,pyroar,668,3,225,pyroar,0,1.5,81.5,993
669,flabebe-red,669,2,254,flabebe,0,0.1,0.1,995
670,floette-red,670,2,254,floette,0,0.2,0.9,1000
671,florges-red,671,2,254,florges,0,1.1,10,1007
672,skiddo,672,2,127,skiddo,0,0.9,31,1012
673,gogoat,673,2,127,gogoat,0,1.7,91,1013
674,pancham,674,2,127,pancham,0,0.6,8,1014
675,pangoro,675,2,127,pangoro,0,2.1,136,1015
676,furfrou-natural,676,2,127,furfrou,0,1.2,28,1016
677,espurr,677,2,127,espurr,0,0.3,3.5,1026
678,meowstic-male,678,2,127,meowstic-m,0,0.6,8.5,1027
679,honedge,679,2,127,honedge,0,0.8,2,1031
680,doublade,680,2,127,doublade,0,0.8,4.5,1032
681,aegislash-shield,681,2,127,aegislash,0,1.7,53,1033
682,spritzee,682,2,127,spritzee,0,0.2,0.5,1035
683,aromatisse,683,2,127,aromatisse,0,0.8,15.5,1036
684,swirlix,684,2,127,swirlix,0,0.4,3.5,1037
685,slurpuff,685,2,127,slurpuff,0,0.8,5,1038
686,inkay,686,2,127,inkay,0,0.4,3.5,1039
687,malamar,687,2,127,malamar,0,1.5,47,1040
688,binacle,688,2,127,binacle,0,0.5,31,1042
689,barbaracle,689,2,127,barbaracle,0,1.3,96,1043
690,skrelp,690,2,127,skrelp,0,0.5,7.3,1045
691,dragalge,691,2,127,dragalge,0,1.8,81.5,1046
692,clauncher,692,4,127,clauncher,0,0.5,8.3,1048
693,clawitzer,693,4,127,clawitzer,0,1.3,35.3,1049
694,helioptile,694,2,127,helioptile,0,0.5,6,1050
695,heliolisk,695,2,127,heliolisk,0,1,21,1051
696,tyrunt,696,2,31,tyrunt,0,0.8,26,1052
697,tyrantrum,697,2,31,tyrantrum,0,2.5,270,1053
698,amaura,698,2,31,amaura,0,1.3,25.2,1054
699,aurorus,699,2,31,aurorus,0,2.7,225,1055
700,sylveon,700,2,31,sylveon,0,1,23.5,252
701,hawlucha,701,2,127,hawlucha,0,0.8,21.5,1056
702,dedenne,702,2,127,dedenne,0,0.2,2.2,1058
703,carbink,703,4,255,carbink,0,0.3,5.7,1059
704,goomy,704,4,127,goomy,0,0.3,2.8,1060
705,sliggoo,705,4,127,sliggoo,0,0.8,17.5,1061
706,goodra,706,4,127,goodra,0,2,150.5,1063
707,klefki,707,1,127,klefki,0,0.2,3,1065
708,phantump,708,2,127,phantump,0,0.4,7,1066
709,trevenant,709,2,127,trevenant,0,1.5,71,1067
710,pumpkaboo-medium,710,2,127,pumpkaboo,0,0.4,5,1068
711,gourgeist-medium,711,2,127,gourgeist,0,0.9,12.5,1072
712,bergmite,712,2,127,bergmite,0,1,99.5,1076
713,avalugg,713,2,127,avalugg,0,2,505,1077
714,noibat,714,2,127,noibat,0,0.5,8,1079
715,noivern,715,2,127,noivern,0,1.5,85,1080
716,xerneas,716,4,255,xerneas,0,3,215,1081
717,yveltal,717,4,255,yveltal,0,5.8,203,1082
718,zygarde,718,4,255,zygarde,0,5,305,1083
719,diancie,719,4,255,diancie,0,0.7,8.8,1089
720,hoopa,720,4,255,hoopa,0,0.5,9,1091
721,volcanion,721,4,255,volcanion,0,1.7,195,1093
722,rowlet,722,3,31,rowlet,0,0.3,1.5,1094
723,dartrix,723,3,31,dartrix,0,0.7,16,1095
724,decidueye,724,3,31,decidueye,0,1.6,36.6,1096
725,litten,725,3,31,litten,0,0.4,4.3,1098
726,torracat,726,3,31,torracat,0,0.7,25,1099
727,incineroar,727,3,31,incineroar,0,1.8,83,1100
728,popplio,728,3,31,popplio,0,0.4,7.5,1101
729,brionne,729,3,31,brionne,0,0.6,17.5,1102
730,primarina,730,3,31,primarina,0,1.8,44,1103
731,pikipek,731,2,127,pikipek,0,0.3,1.2,1104
732,trumbeak,732,2,127,trumbeak,0,0.6,14.8,1105
733,toucannon,733,2,127,toucannon,0,1.1,26,1106
734,yungoos,734,2,127,yungoos,0,0.4,6,1107
735,gumshoos,735,2,127,gumshoos,0,0.7,14.2,1108
736,grubbin,736,2,127,grubbin,0,0.4,4.4,1110
737,charjabug,737,2,127,charjabug,0,0.5,10.5,1111
738,vikavolt,738,2,127,vikavolt,0,1.5,45,1112
739,crabrawler,739,2,127,crabrawler,0,0.6,7,1114
740,crabominable,740,2,127,crabominable,0,1.7,180,1115
741,oricorio-baile,741,2,191,oricorio,0,0.6,3.4,1117
742,cutiefly,742,2,127,cutiefly,0,0.1,0.2,1121
743,ribombee,743,2,127,ribombee,0,0.2,0.5,1122
744,rockruff,744,2,127,rockruff,0,0.5,9.2,1124
745,lycanroc-midday,745,2,127,lycanroc,0,0.8,25,1126
746,wishiwashi-solo,746,1,127,wishiwashi,0,0.2,0.3,1129
747,mareanie,747,2,127,mareanie,0,0.4,8,1131
748,toxapex,748,2,127,toxapex,0,0.7,14.5,1132
749,mudbray,749,2,127,mudbray,0,1,110,1133
750,mudsdale,750,2,127,mudsdale,0,2.5,920,1134
751,dewpider,751,2,127,dewpider,0,0.3,4,1135
752,araquanid,752,2,127,araquanid,0,1.8,82,1136
753,fomantis,753,2,127,fomantis,0,0.3,1.5,1138
754,lurantis,754,2,127,lurantis,0,0.9,18.5,1139
755,morelull,755,2,127,morelull,0,0.2,1.5,1141
756,shiinotic,756,2,127,shiinotic,0,1,11.5,1142
757,salandit,757,2,31,salandit,0,0.6,4.8,1143
758,salazzle,758,2,254,salazzle,0,1.2,22.2,1144
759,stufful,759,2,127,stufful,0,0.5,6.8,1146
760,bewear,760,2,127,bewear,0,2.1,135,1147
761,bounsweet,761,3,254,bounsweet,0,0.3,3.2,1148
762,steenee,762,3,254,steenee,0,0.7,8.2,1149
763,tsareena,763,3,254,tsareena,0,1.2,21.4,1150
764,comfey,764,1,191,comfey,0,0.1,0.3,1151
765,oranguru,765,4,127,oranguru,0,1.5,76,1152
766,passimian,766,4,127,passimian,0,2,82.8,1153
767,wimpod,767,2,127,wimpod,0,0.5,12,1154
768,golisopod,768,2,127,golisopod,0,2,108,1155
769,sandygast,769,2,127,sandygast,0,0.5,70,1157
770,palossand,770,2,127,palossand,0,1.3,250,1158
771,pyukumuku,771,1,127,pyukumuku,0,0.3,1.2,1159
772,type-null,772,4,255,type_null,0,1.9,120.5,1160
773,silvally-normal,773,4,255,silvally,0,2.3,100.5,1161
774,minior-meteor-red,774,3,255,minior,1,0.3,40,1179
775,komala,775,4,127,komala,0,0.4,19.9,1193
776,turtonator,776,2,127,turtonator,0,2,212,1194
777,togedemaru,777,2,127,togedemaru,0,0.3,3.3,1195
778,mimikyu-disguised,778,2,127,mimikyu,0,0.2,0.7,1197
779,bruxish,779,2,127,bruxish,0,0.9,19,1201
780,drampa,780,2,127,drampa,0,3,185,1202
781,dhelmise,781,2,255,dhelmise,0,3.9,210,1204
782,jangmo-o,782,4,127,jangmo-o,0,0.6,29.7,1205
783,hakamo-o,783,4,127,hakamo-o,0,1.2,47,1206
784,kommo-o,784,4,127,kommo-o,0,1.6,78.2,1207
785,tapu-koko,785,4,255,tapu_koko,0,1.8,20.5,1209
786,tapu-lele,786,4,255,tapu_lele,0,1.2,18.6,1210
787,tapu-bulu,787,4,255,tapu_bulu,0,1.9,45.5,1211
788,tapu-fini,788,4,255,tapu_fini,0,1.3,21.2,1212
789,cosmog,789,4,255,cosmog,0,0.2,0.1,1213
790,cosmoem,790,4,255,cosmoem,0,0.1,999.9,1214
791,solgaleo,791,4,255,solgaleo,0,3.4,230,1215
792,lunala,792,4,255,lunala,0,4,120,1216
793,nihilego,793,4,255,nihilego,0,1.2,55.5,1217
794,buzzwole,794,4,255,buzzwole,0,2.4,333.6,1218
795,pheromosa,795,4,255,pheromosa,0,1.8,25,1219
796,xurkitree,796,4,255,xurkitree,0,3.8,100,1220
797,celesteela,797,4,255,celesteela,0,9.2,999.9,1221
798,kartana,798,4,255,kartana,0,0.3,0.1,1222
799,guzzlord,799,4,255,guzzlord,0,5.5,888,1223
800,necrozma,800,4,255,necrozma,0,2.4,230,1224
801,magearna,801,4,255,magearna,0,1,80.5,1228
802,marshadow,802,4,255,marshadow,0,0.7,22.2,1232
803,poipole,803,4,255,poipole,0,0.6,1.8,1233
804,naganadel,804,4,255,naganadel,0,3.6,150,1234
805,stakataka,805,4,255,stakataka,0,5.5,820,1235
806,blacephalon,806,4,255,blacephalon,0,1.8,13,1236
807,zeraora,807,4,255,zeraora,0,1.5,44.5,1237
808,meltan,808,4,255,meltan,0,0.2,8,1239
809,melmetal,809,4,255,melmetal,0,2.5,800,1240
810,grookey,810,3,31,grookey,0,0.3,5,1242
811,thwackey,811,3,31,thwackey,0,0.7,14,1243
812,rillaboom,812,3,31,rillaboom,0,2.1,90,1244
813,scorbunny,813,3,31,scorbunny,0,0.3,4.5,1246
814,raboot,814,3,31,raboot,0,0.6,9,1247
815,cinderace,815,3,31,cinderace,0,1.4,33,1248
816,sobble,816,3,31,sobble,0,0.3,4,1250
817,drizzile,817,3,31,drizzile,0,0.7,11.5,1251
818,inteleon,818,3,31,inteleon,0,1.9,45.2,1252
819,skwovet,819,2,127,skwovet,0,0.3,2.5,1254
820,greedent,820,2,127,greedent,0,0.6,6,1255
821,rookidee,821,3,127,rookidee,0,0.2,1.8,1256
822,corvisquire,822,3,127,corvisquire,0,0.8,16,1257
823,corviknight,823,3,127,corviknight,0,2.2,75,1258
824,blipbug,824,2,127,blipbug,0,0.4,8,1260
825,dottler,825,2,127,dottler,0,0.4,19.5,1261
826,orbeetle,826,2,127,orbeetle,0,0.4,40.8,1262
827,nickit,827,1,127,nickit,0,0.6,8.9,1264
828,thievul,828,1,127,thievul,0,1.2,19.9,1265
829,gossifleur,829,2,127,gossifleur,0,0.4,2.2,1266
830,eldegoss,830,2,127,eldegoss,0,0.5,2.5,1267
831,wooloo,831,2,127,wooloo,0,0.6,6,1268
832,dubwool,832,2,127,dubwool,0,1.3,43,1269
833,chewtle,833,2,127,chewtle,0,0.3,8.5,1270
834,drednaw,834,2,127,drednaw,0,1,115.5,1271
835,yamper,835,1,127,yamper,0,0.3,13.5,1273
836,boltund,836,1,127,boltund,0,1,34,1274
837,rolycoly,837,3,127,rolycoly,0,0.3,12,1275
838,carkol,838,3,127,carkol,0,1.1,78,1276
839,coalossal,839,3,127,coalossal,0,2.8,310.5,1277
840,applin,840,5,127,applin,0,0.2,0.5,1279
841,flapple,841,5,127,flapple,0,0.3,1,1280
842,appletun,842,5,127,appletun,0,0.4,13,1282
843,silicobra,843,2,127,silicobra,0,2.2,7.6,1286
844,sandaconda,844,2,127,sandaconda,0,3.8,65.5,1287
845,cramorant,845,2,127,cramorant,0,0.8,18,1289
846,arrokuda,846,4,127,arrokuda,0,0.5,1,1292
847,barraskewda,847,4,127,barraskewda,0,1.3,30,1293
848,toxel,848,3,127,toxel,0,0.4,11,1294
849,toxtricity-amped,849,3,127,toxtricity,0,1.6,40,1295
850,sizzlipede,850,2,127,sizzlipede,0,0.7,1,1299
851,centiskorch,851,2,127,centiskorch,0,3,120,1300
852,clobbopus,852,3,127,clobbopus,0,0.6,4,1302
853,grapploct,853,3,127,grapploct,0,1.6,39,1303
854,sinistea-phony,854,2,255,sinistea,0,0.1,0.2,1304
855,polteageist-phony,855,2,255,polteageist,0,0.2,0.4,1306
856,hatenna,856,4,254,hatenna,0,0.4,3.4,1308
857,hattrem,857,4,254,hattrem,0,0.6,4.8,1309
858,hatterene,858,4,254,hatterene,0,2.1,5.1,1310
859,impidimp,859,2,0,impidimp,0,0.4,5.5,1312
860,morgrem,860,2,0,morgrem,0,0.8,12.5,1313
861,grimmsnarl,861,2,0,grimmsnarl,0,1.5,61,1314
862,obstagoon,862,2,127,obstagoon,0,1.6,46,438
863,perrserker,863,2,127,perrserker,0,0.8,28,103
864,cursola,864,1,191,cursola,0,1,0.4,393
865,sirfetch-d,865,2,127,sirfetchd,0,0.8,117,152
866,mr-rime,866,2,127,mr-rime,0,1.5,58.2,217
867,runerigus,867,2,127,runerigus,0,1.6,66.6,801
868,milcery,868,2,254,milcery,0,0.2,0.3,1316
869,alcremie-vanilla-cream,869,2,254,alcremie,0,0.3,0.5,1317
870,falinks,870,2,255,falinks,0,3,62,1327
871,pincurchin,871,2,127,pincurchin,0,0.3,1,1329
872,snom,872,2,127,snom,0,0.3,3.8,1330
873,frosmoth,873,2,127,frosmoth,0,1.3,42,1331
874,stonjourner,874,4,127,stonjourner,0,2.5,520,1332
875,eiscue-ice-face,875,4,127,eiscue,0,1.4,89,1333
876,indeedee-male,876,1,0,indeedee,0,0.9,28,1335
877,morpeko-full-belly,877,2,127,morpeko,0,0.3,3,1337
878,cufant,878,2,127,cufant,0,1.2,10,1339
879,copperajah,879,2,127,copperajah,0,3,650,1340
880,dracozolt,880,4,255,dracozolt,0,1.8,190,1342
881,arctozolt,881,4,255,arctozolt,0,2.3,150,1343
882,dracovish,882,4,255,dracovish,0,2.3,215,1344
883,arctovish,883,4,255,arctovish,0,2,175,1345
884,duraludon,884,2,127,duraludon,0,1.8,40,1346
885,dreepy,885,4,127,dreepy,0,0.5,2,1349
886,drakloak,886,4,127,drakloak,0,1.4,11,1350
887,dragapult,887,4,127,dragapult,0,3,50,1351
888,zacian-hero-of-many-battles,888,4,255,zacian,0,2.8,110,1352
889,zamazenta-hero-of-many-battles,889,4,255,zamazenta,0,2.9,210,1354
890,eternatus,890,4,255,eternatus,0,20,950,1356
891,kubfu,891,4,31,kubfu,0,0.6,12,1358
892,urshifu-single-strike,892,4,31,urshifu,0,1.9,105,1359
893,zarude,893,4,255,zarude,0,1.8,70,1363
894,regieleki,894,4,255,regieleki,0,1.2,145,1365
895,regidrago,895,4,255,regidrago,0,2.1,200,1366
896,glastrier,896,4,255,glastrier,0,2.2,800,1367
897,spectrier,897,4,255,spectrier,0,2,44.5,1368
898,calyrex,898,4,255,calyrex,0,1.1,7.7,1369
899,wyrdeer,899,4,127,wyrdeer,0,1.8,95.1,407
900,kleavor,900,2,127,kleavor,0,1.8,89,221
901,ursaluna,901,2,127,ursaluna,0,2.4,290,384
902,basculegion-male,902,2,0,basculegion,0,3,110,780
903,sneasler,903,3,127,sneasler,0,1.3,43,381
904,overqwil,904,2,127,overqwil,0,2.5,60.5,374
905,enamorus-incarnate,905,4,254,enamorus,0,1.6,48,1372
906,sprigatito,906,3,31,sprigatito,0,0.4,4.1,1374
907,floragato,907,3,31,floragato,0,0.9,12.2,1375
908,meowscarada,908,3,31,meowscarada,0,1.5,31.2,1376
909,fuecoco,909,3,31,fuecoco,0,0.4,9.8,1377
910,crocalor,910,3,31,crocalor,0,1,30.7,1378
911,skeledirge,911,3,31,skeledirge,0,1.6,326.5,1379
912,quaxly,912,3,31,quaxly,0,0.5,6.1,1380
913,quaxwell,913,3,31,quaxwell,0,1.2,21.5,1381
914,quaquaval,914,3,31,quaquaval,0,1.8,61.9,1382
915,lechonk,915,2,127,lechonk,0,0.5,10.2,1383
916,oinkologne-male,916,2,0,oinkologne-male,0,1,120,1384
917,tarountula,917,5,127,tarountula,0,0.3,4,1386
918,spidops,918,5,127,spidops,0,1,16.5,1387
919,nymble,919,2,127,nymble,0,0.2,1,1388
920,lokix,920,2,127,lokix,0,1,17.5,1389
921,pawmi,921,2,127,pawmi,0,0.3,2.5,1390
922,pawmo,922,2,127,pawmo,0,0.4,6.5,1391
923,pawmot,923,2,127,pawmot,0,0.9,41,1392
924,tandemaus,924,1,255,tandemaus,0,0.3,1.8,1393
925,maushold-family-of-three,925,1,255,maushold,0,0.3,2.3,1394
926,fidough,926,3,127,fidough,0,0.3,10.9,1396
927,dachsbun,927,3,127,dachsbun,0,0.5,14.9,1397
928,smoliv,928,3,127,smoliv,0,0.3,6.5,1398
929,dolliv,929,3,127,dolliv,0,0.6,11.9,1399
930,arboliva,930,3,127,arboliva,0,1.4,48.2,1400
931,squawkabilly-green,931,5,127,squawkabilly,0,0.6,2.4,1401
932,nacli,932,3,127,nacli,0,0.4,16,1405
933,naclstack,933,3,127,naclstack,0,0.6,105,1406
934,garganacl,934,3,127,garganacl,0,2.3,240,1407
935,charcadet,935,4,127,charcadet,0,0.6,10.5,1408
936,armarouge,936,4,127,armarouge,0,1.5,85,1409
937,ceruledge,937,4,127,ceruledge,0,1.6,62,1410
938,tadbulb,938,2,127,tadbulb,0,0.3,0.4,1411
939,bellibolt,939,2,127,bellibolt,0,1.2,113,1412
940,wattrel,940,3,127,wattrel,0,0.4,3.6,1413
941,kilowattrel,941,3,127,kilowattrel,0,1.4,38.6,1414
942,maschiff,942,3,127,maschiff,0,0.5,16,1415
943,mabosstiff,943,3,127,mabosstiff,0,1.1,61,1416
944,shroodle,944,3,127,shroodle,0,0.2,0.7,1417
945,grafaiai,945,3,127,grafaiai,0,0.7,27.2,1418
946,bramblin,946,2,127,bramblin,0,0.6,0.6,1419
947,brambleghast,947,2,127,brambleghast,0,1.2,6,1420
948,toedscool,948,3,127,toedscool,0,0.9,33,1421
949,toedscruel,949,3,127,toedscruel,0,1.9,58,1422
950,klawf,950,2,127,klawf,0,1.3,79,1423
951,capsakid,951,2,127,capsakid,0,0.3,3,1424
952,scovillain,952,2,127,scovillain,0,0.9,15,1425
953,rellor,953,1,127,rellor,0,0.2,1,1427
954,rabsca,954,1,127,rabsca,0,0.3,3.5,1428
955,flittle,955,3,127,flittle,0,0.2,1.5,1429
956,espathra,956,3,127,espathra,0,1.9,90,1430
957,tinkatink,957,3,254,tinkatink,0,0.4,8.9,1431
958,tinkatuff,958,3,254,tinkatuff,0,0.7,59.1,1432
959,tinkaton,959,3,254,tinkaton,0,0.7,112.8,1433
960,wiglett,960,2,127,wiglett,0,1.2,1.8,1434
961,wugtrio,961,2,127,wugtrio,0,1.2,5.4,1435
962,bombirdier,962,4,127,bombirdier,0,1.5,42.9,1436
963,finizen,963,4,127,finizen,0,1.3,60.2,1437
964,palafin-zero,964,4,127,palafin,0,1.3,60.2,1438
965,varoom,965,2,127,varoom,0,1,35,1440
966,revavroom,966,2,127,revavroom,0,1.8,120,1441
967,cyclizar,967,3,127,cyclizar,0,1.6,63,1442
968,orthworm,968,4,127,orthworm,0,2.5,310,1443
969,glimmet,969,3,127,glimmet,0,0.7,8,1444
970,glimmora,970,3,127,glimmora,0,1.5,45,1445
971,greavard,971,3,127,greavard,0,0.6,35,1447
972,houndstone,972,3,127,houndstone,0,2,15,1448
973,flamigo,973,3,127,flamigo,0,1.6,37,1449
974,cetoddle,974,3,127,cetoddle,0,1.2,45,1450
975,cetitan,975,3,127,cetitan,0,4.5,700,1451
976,veluza,976,1,127,veluza,0,2.5,90,1452
977,dondozo,977,4,127,dondozo,0,12,220,1453
978,tatsugiri-curly,978,3,127,tatsugiri,0,0.3,8,1454
979,annihilape,979,2,127,annihilape,0,1.2,56,1460
980,clodsire,980,2,127,clodsire,0,1.8,223,327
981,farigiraf,981,2,127,farigiraf,0,3.2,160,1461
982,dudunsparce-two-segment,982,2,127,dudunsparce,0,3.6,39.2,366
983,kingambit,983,2,127,kingambit,0,2,120,1462
984,great-tusk,984,4,255,great-tusk,0,2.2,320,1463
985,scream-tail,985,4,255,scream-tail,0,1.2,8,1464
986,brute-bonnet,986,4,255,brute-bonnet,0,1.2,21,1465
987,flutter-mane,987,4,255,flutter-mane,0,1.4,4,1466
988,slither-wing,988,4,255,slither-wing,0,3.2,92,1467
989,sandy-shocks,989,4,255,sandy-shocks,0,2.3,60,1468
990,iron-treads,990,4,255,iron-treads,0,0.9,240,1469
991,iron-bundle,991,4,255,iron-bundle,0,0.6,11,1470
992,iron-hands,992,4,255,iron-hands,0,1.8,380.7,1471
993,iron-jugulis,993,4,255,iron-jugulis,0,1.3,111,1472
994,iron-moth,994,4,255,iron-moth,0,1.2,36,1473
995,iron-thorns,995,4,255,iron-thorns,0,1.6,303,1474
996,frigibax,996,4,127,frigibax,0,0.5,17,1475
997,arctibax,997,4,127,arctibax,0,0.8,30,1476
998,baxcalibur,998,4,127,baxcalibur,0,2.1,210,1477
999,gimmighoul-chest,999,4,255,gimmighoul,0,0.3,5,1479
1000,gholdengo,1000,4,255,gholdengo,0,1.2,30,1481
1001,wo-chien,1001,4,255,wo-chien,0,1.5,74.2,1482
1002,chien-pao,1002,4,255,chien-pao,0,1.9,152.2,1483
1003,ting-lu,1003,4,255,ting-lu,0,2.7,699.7,1484
1004,chi-yu,1004,4,255,chi-yu,0,0.4,4.9,1485
1005,roaring-moon,1005,4,255,roaring-moon,0,2,380,1486
1006,iron-valiant,1006,4,255,iron-valiant,0,1.4,35,1487
1007,koraidon,1007,4,255,koraidon,0,2.5,303,1488
1008,miraidon,1008,4,255,miraidon,0,3.5,240,1489
1009,walking-wake,1009,4,255,walking-wake,0,3.5,280,1490
1010,iron-leaves,1010,4,255,iron-leaves,0,1.5,125,1491
1011,dipplin,1011,5,127,dipplin,0,0.4,4.4,1284
1012,poltchageist-counterfeit,1012,2,255,poltchageist,0,0.1,1.1,1492
1013,sinistcha-unremarkable,1013,2,255,sinistcha,0,0.2,2.2,1494
1014,okidogi,1014,4,0,okidogi,0,1.8,92.2,1496
1015,munkidori,1015,4,0,munkidori,0,1,12.2,1497
1016,fezandipiti,1016,4,0,fezandipiti,0,1.4,30.1,1498
1017,ogerpon-teal-mask,1017,4,254,ogerpon,0,1.2,39.8,1499
1018,archaludon,1018,2,127,archaludon,0,2,60,1348
1019,hydrapple,1019,5,127,hydrapple,0,1.8,93,1285
1020,gouging-fire,1020,4,255,gouging-fire,0,3.5,590,1507
1021,raging-bolt,1021,4,255,raging-bolt,0,5.2,480,1508
1022,iron-boulder,1022,4,255,iron-boulder,0,1.5,162.5,1509
1023,iron-crown,1023,4,255,iron-crown,0,1.6,156,1510
1024,terapagos-normal,1024,4,127,terapagos,0,0.2,6.5,1511
1025,pecharunt,1025,4,255,pecharunt,0,0.3,0.3,1514
10001,castform-sunny,351,2,127,castform,1,0.3,0.8,539
10002,castform-rainy,351,2,127,castform,1,0.3,0.8,540
10003,castform-snowy,351,2,127,castform,1,0.3,0.8,541
10004,deoxys-attack,386,4,255,deoxys-attack,0,1.7,60.8,592
10005,deoxys-defense,386,4,255,deoxys-defense,0,1.7,60.8,593
10006,deoxys-speed,386,4,255,deoxys-speed,0,1.7,60.8,594
10007,wormadam-sandy,413,2,254,wormadam-sandy,0,0.5,6.5,623
10008,wormadam-trash,413,2,254,wormadam-trash,0,0.5,6.5,624
10009,arceus-fighting,493,4,255,arceus-fighting,0,3.2,320,698
10010,arceus-flying,493,4,255,arceus-flying,0,3.2,320,699
10011,arceus-poison,493,4,255,arceus-poison,0,3.2,320,700
10012,arceus-ground,493,4,255,arceus-ground,0,3.2,320,701
10013,arceus-rock,493,4,255,arceus-rock,0,3.2,320,702
10014,arceus-bug,493,4,255,arceus-bug,0,3.2,320,703
10015,arceus-ghost,493,4,255,arceus-ghost,0,3.2,320,704
10016,arceus-steel,493,4,255,arceus-steel,0,3.2,320,705
10017,arceus-fire,493,4,255,arceus-fire,0,3.2,320,706
10018,arceus-water,493,4,255,arceus-water,0,3.2,320,707
10019,arceus-grass,493,4,255,arceus-grass,0,3.2,320,708
10020,arceus-electric,493,4,255,arceus-electric,0,3.2,320,709
10021,arceus-psychic,493,4,255,arceus-psychic,0,3.2,320,710
10022,arceus-ice,493,4,255,arceus-ice,0,3.2,320,711
10023,arceus-dragon,493,4,255,arceus-dragon,0,3.2,320,712
10024,arceus-dark,493,4,255,arceus-dark,0,3.2,320,713
10025,rotom-heat,479,2,255,rotom-heat,0,0.3,0.3,673
10026,rotom-wash,479,2,255,rotom-wash,0,0.3,0.3,674
10027,rotom-frost,479,2,255,rotom-frost,0,0.3,0.3,675
10028,rotom-fan,479,2,255,rotom-fan,0,0.3,0.3,676
10029,rotom-mow,479,2,255,rotom-mow,0,0.3,0.3,677
10030,giratina-origin,487,4,255,giratina-origin,0,6.9,650,689
10031,shaymin-sky,492,3,255,shaymin-sky,0,0.4,5.2,696
10032,pichu-spiky-eared,172,2,254,pichu,0,0.3,2,39
10033,basculin-blue,550,2,127,basculin-blue-stripe,0,1,18,778
10034,darmanitan-zen,555,3,127,darmanitan,1,1.3,92.9,788
10035,meloetta-pirouette,648,4,255,meloetta,1,0.6,6.5,907
10036,tornadus-therian,641,4,0,tornadus-therian,0,1.4,63,894
10037,thundurus-therian,642,4,0,thundurus-therian,0,3,61,896
10038,landorus-therian,645,4,0,landorus-therian,0,1.3,68,900
10039,kyurem-white,646,4,255,kyurem-white,0,3.6,325,902
10040,kyurem-black,646,4,255,kyurem-black,0,3.3,325,903
10041,venusaur-mega,3,3,31,venusaur,1,2.4,155.5,4
10042,charizard-mega-x,6,3,31,charizard,1,1.7,110.5,9
10043,charizard-mega-y,6,3,31,charizard,1,1.7,100.5,10
10044,blastoise-mega,9,3,31,blastoise,1,1.6,101.1,15
10045,alakazam-mega,65,3,63,alakazam,1,1.2,48,119
10046,gengar-mega,94,3,127,gengar,1,1.4,40.5,166
10047,kangaskhan-mega,115,2,127,kangaskhan,1,2.2,100,205
10048,pinsir-mega,127,4,127,pinsir,1,1.7,59,231
10049,gyarados-mega,130,4,127,gyarados,1,6.5,305,238
10050,aerodactyl-mega,142,4,31,aerodactyl,1,2.1,79,261
10051,mewtwo-mega-x,150,4,255,mewtwo,1,2.3,127,276
10052,mewtwo-mega-y,150,4,255,mewtwo,1,1.5,33,277
10053,ampharos-mega,181,3,127,ampharos,1,1.4,61.5,309
10054,scizor-mega,212,2,127,scizor,1,2,125,220
10055,heracross-mega,214,4,127,heracross,1,1.7,62.5,377
10056,houndoom-mega,229,4,127,houndoom,1,1.9,49.5,403
10057,tyranitar-mega,248,4,127,tyranitar,1,2.5,255,416
10058,blaziken-mega,257,3,31,blaziken,1,1.9,52,427
10059,gardevoir-mega,282,4,127,gardevoir,1,1.6,48.4,457
10060,mawile-mega,303,1,127,mawile,1,1,23.5,482
10061,aggron-mega,306,4,127,aggron,1,2.2,395,486
10062,medicham-mega,308,2,127,medicham,1,1.3,31.5,489
10063,manectric-mega,310,4,127,manectric,1,1.8,44,492
10064,banette-mega,354,1,127,banette,1,1.2,13,545
10065,absol-mega,359,3,127,absol,1,1.2,49,554
10066,latias-mega,380,4,254,latias,1,1.8,52,581
10067,latios-mega,381,4,0,latios,1,2.3,70,583
10068,garchomp-mega,445,4,127,garchomp,1,1.9,95,654
10069,lucario-mega,448,3,31,lucario,1,1.3,57.5,658
10070,abomasnow-mega,460,4,127,abomasnow,1,2.7,185,671
10071,arceus-fairy,493,4,255,arceus-fairy,0,3.2,320,714
10072,floette-eternal,670,2,127,floette-eternal,0,0.2,0.9,1005
10073,meowstic-female,678,2,127,meowstic-f,0,0.6,8.5,1029
10074,aegislash-blade,681,2,127,aegislash,1,1.7,53,1034
10075,pumpkaboo-small,710,2,127,pumpkaboo-small,0,0.3,3.5,1069
10076,pumpkaboo-large,710,2,127,pumpkaboo-large,0,0.5,7.5,1070
10077,pumpkaboo-jumbo,710,2,127,pumpkaboo-super,0,0.8,15,1071
10078,gourgeist-small,711,2,127,gourgeist-small,0,0.7,9.5,1073
10079,gourgeist-large,711,2,127,gourgeist-large,0,1.1,14,1074
10080,gourgeist-jumbo,711,2,127,gourgeist-super,0,1.7,39,1075
10081,beedrill-mega,15,2,127,beedrill,1,1.4,40.5,24
10082,pidgeot-mega,18,3,127,pidgeot,1,2.2,50.5,28
10083,pikachu-cosplay-rock-star,25,2,254,pikachu,0,4,6,41
10084,pikachu-cosplay-belle,25,2,254,pikachu,0,4,6,42
10085,pikachu-cosplay-pop-star,25,2,254,pikachu,0,4,6,43
10086,pikachu-cosplay-ph-d,25,2,254,pikachu,0,4,6,44
10087,pikachu-cosplay-libre,25,2,254,pikachu,0,4,6,45
10088,pikachu-cosplay,25,2,254,pikachu,0,4,6,46
10089,slowbro-mega,80,2,127,slowbro,1,2,120,143
10090,steelix-mega,208,2,127,steelix,1,10.5,740,170
10091,sceptile-mega,254,3,31,sceptile,1,1.9,55.2,423
10092,swampert-mega,260,3,31,swampert,1,1.9,102,431
10093,sableye-mega,302,3,127,sableye,1,0.5,161,480
10094,sharpedo-mega,319,4,127,sharpedo,1,2.5,130.3,504
10095,camerupt-mega,323,2,127,camerupt,1,2.5,320.5,509
10096,altaria-mega,334,5,127,altaria,1,1.5,20.6,521
10097,glalie-mega,362,2,127,glalie,1,2.1,350.2,558
10098,salamence-mega,373,4,127,salamence,1,1.8,112.6,572
10099,metagross-mega,376,4,255,metagross,1,2.5,942.9,576
10100,kyogre-primal,382,4,255,kyogre,1,9.8,430,585
10101,groudon-primal,383,4,255,groudon,1,5,999.7,587
10102,rayquaza-mega,384,4,255,rayquaza,1,10.8,392,589
10103,lopunny-mega,428,2,127,lopunny,1,1.3,28.3,642
10104,gallade-mega,475,4,0,gallade,1,1.6,56.4,459
10105,audino-mega,531,1,127,audino,1,1.5,32,756
10106,diancie-mega,719,4,255,diancie,1,1.1,27.8,1090
10107,hoopa-unbound,720,4,255,hoopa-unbound,0,6.5,490,1092
10108,rattata-alola,19,2,127,rattata-alola,0,0.3,3.8,30
10109,raticate-alola,20,2,127,raticate-alola,0,0.7,25.5,32
10110,pikachu-cap-original,25,2,0,pikachu,0,0.4,6,47
10111,raichu-alola,26,2,127,raichu-alola,0,0.7,21,60
10112,sandshrew-alola,27,2,127,sandshrew-alola,0,0.7,40,62
10113,sandslash-alola,28,2,127,sandslash-alola,0,1.2,55,64
10114,vulpix-alola,37,2,191,vulpix-alola,0,0.6,9.9,76
10115,ninetales-alola,38,2,191,ninetales-alola,0,1.1,19.9,78
10116,diglett-alola,50,2,127,diglett-alola,0,0.2,1,94
10117,dugtrio-alola,51,2,127,dugtrio-alola,0,0.7,66.6,96
10118,meowth-alola,52,2,127,meowth-alola,0,0.4,4.2,99
10119,persian-alola,53,2,127,persian-alola,0,1.1,33,102
10120,geodude-alola,74,3,127,geodude-alola,0,0.4,20.3,131
10121,graveler-alola,75,3,127,graveler-alola,0,1,110,133
10122,golem-alola,76,3,127,golem-alola,0,1.7,316,135
10123,grimer-alola,88,2,127,grimer-alola,0,0.7,42,158
10124,muk-alola,89,2,127,muk-alola,0,1,52,160
10125,exeggutor-alola,103,4,127,exeggutor-alola,0,10.9,415.6,182
10126,marowak-alola,105,2,127,marowak-alola,0,1,34,185
10127,greninja-battle-bond,658,3,0,greninja-ash,0,1.5,40,925
10128,greninja-ash,658,3,0,greninja-ash,1,1.5,40,926
10129,zygarde-10-percent-aura-break,718,4,255,zygarde-10,0,1.2,33.5,1084
10130,zygarde-10-percent-power-construct,718,4,255,zygarde-10,0,1.2,33.5,1085
10131,zygarde-50-percent-power-construct,718,4,255,zygarde,0,5,305,1086
10132,zygarde-complete,718,4,255,zygarde-complete,1,4.5,610,1087
10133,oricorio-pom-pom,741,2,191,oricorio-pom-pom,0,0.6,3.4,1118
10134,oricorio-pa-u,741,2,191,oricorio-pau,0,0.6,3.4,1119
10135,oricorio-sensu,741,2,191,oricorio-sensu,0,0.6,3.4,1120
10136,lycanroc-midnight,745,2,127,lycanroc-midnight,0,1.1,25,1127
10137,wishiwashi-school,746,1,127,wishiwashi,1,8.2,78.6,1130
10138,silvally-fighting,773,4,255,silvally-fighting,0,2.3,100.5,1162
10139,silvally-flying,773,4,255,silvally-flying,0,2.3,100.5,1163
10140,silvally-poison,773,4,255,silvally-poison,0,2.3,100.5,1164
10141,silvally-ground,773,4,255,silvally-ground,0,2.3,100.5,1165
10142,silvally-rock,773,4,255,silvally-rock,0,2.3,100.5,1166
10143,silvally-bug,773,4,255,silvally-bug,0,2.3,100.5,1167
10144,silvally-ghost,773,4,255,silvally-ghost,0,2.3,100.5,1168
10145,silvally-steel,773,4,255,silvally-steel,0,2.3,100.5,1169
10146,silvally-fire,773,4,255,silvally-fire,0,2.3,100.5,1170
10147,silvally-water,773,4,255,silvally-water,0,2.3,100.5,1171
10148,silvally-grass,773,4,255,silvally-grass,0,2.3,100.5,1172
10149,silvally-electric,773,4,255,silvally-electric,0,2.3,100.5,1173
10150,silvally-psychic,773,4,255,silvally-psychic,0,2.3,100.5,1174
10151,silvally-ice,773,4,255,silvally-ice,0,2.3,100.5,1175
10152,silvally-dragon,773,4,255,silvally-dragon,0,2.3,100.5,1176
10153,silvally-dark,773,4,255,silvally-dark,0,2.3,100.5,1177
10154,silvally-fairy,773,4,255,silvally-fairy,0,2.3,100.5,1178
10155,minior-core-red,774,3,255,minior,0,0.3,0.3,1186
10156,rockruff-own-tempo,744,2,127,rockruff,0,0.5,9.2,1125
10157,lycanroc-dusk,745,2,127,lycanroc-dusk,0,0.8,25,1128
10158,necrozma-dusk-mane,800,4,255,necrozma-dusk_mane,0,3.8,460,1225
10159,necrozma-dawn-wings,800,4,255,necrozma-dawn_wings,0,4.2,350,1226
10160,necrozma-ultra,800,4,255,necrozma-dusk_mane,1,7.5,230,1227
10161,pikachu-partner,25,3,127,pikachu-starter,0,0.4,6,55
10162,eevee-partner,133,3,31,eevee-starter,0,0.3,6.5,244
10163,meowth-galar,52,2,127,meowth-galar,0,0.4,7.5,100
10164,ponyta-galar,77,2,127,ponyta-galar,0,0.8,24,137
10165,rapidash-galar,78,2,127,rapidash-galar,0,1.7,80,139
10166,farfetch-d-galar,83,2,127,farfetchd-galar,0,0.8,42,151
10167,weezing-galar,110,2,127,weezing-galar,0,3,16,195
10168,mr-mime-galar,122,2,127,mr-mime-galar,0,1.4,56.8,216
10169,corsola-galar,222,1,191,corsola-galar,0,0.6,0.5,392
10170,zigzagoon-galar,263,2,127,zigzagoon-galar,0,0.4,17.5,435
10171,linoone-galar,264,2,127,linoone-galar,0,0.5,32.5,437
10172,darumaka-galar,554,3,127,darumaka-galar,0,0.7,40,786
10173,darmanitan-galar-standard,555,3,127,darmanitan-galar,0,1.7,120,789
10174,darmanitan-galar-zen,555,3,127,darmanitan-galar,0,1.7,120,790
10175,yamask-galar,562,2,127,yamask-galar,0,0.5,1.5,799
10176,stunfisk-galar,618,2,127,stunfisk-galar,0,0.7,20.5,868
10177,toxtricity-low-key,849,3,127,toxtricity-low-key,0,1.6,40,1297
10178,eiscue-noice-face,875,4,127,eiscue,1,1.4,89,1334
10179,indeedee-female,876,1,254,indeedee-f,0,0.9,28,1336
10180,zacian-crowned-sword,888,4,255,zacian-crowned,1,2.8,355,1353
10181,zamazenta-crowned-shield,889,4,255,zamazenta-crowned,1,2.9,785,1355
10182,eternatus-eternamax,890,4,255,eternatus,1,99.9,0,1357
10183,slowpoke-galar,79,2,127,slowpoke-galar,0,1.2,36,141
10184,slowbro-galar,80,2,127,slowbro-galar,0,1.6,70.5,144
10185,urshifu-rapid-strike,892,4,31,urshifu-rapid-strike,0,1.9,105,1361
10186,articuno-galar,144,4,255,articuno-galar,0,1.7,50.9,266
10187,zapdos-galar,145,4,255,zapdos-galar,0,1.6,58.2,268
10188,moltres-galar,146,4,255,moltres-galar,0,2,66,270
10189,slowking-galar,199,2,127,slowking-galar,0,1.8,79.5,146
10190,calyrex-ice-rider,898,4,255,calyrex-ice,0,2.4,809.1,1370
10191,calyrex-shadow-rider,898,4,255,calyrex-shadow,0,2.4,53.6,1371
10192,growlithe-hisui,58,4,127,growlithe-hisui,0,0.8,22.7,109
10193,arcanine-hisui,59,4,127,arcanine-hisui,0,2,168,111
10194,voltorb-hisui,100,2,127,voltorb-hisui,0,0.5,13,177
10195,electrode-hisui,101,2,127,electrode-hisui,0,1.2,71,179
10196,typhlosion-hisui,157,3,31,typhlosion-hisui,0,1.6,69.8,286
10197,qwilfish-hisui,211,2,127,qwilfish-hisui,0,0.5,3.9,373
10198,sneasel-hisui,215,3,127,sneasel-hisui,0,0.9,27,379
10199,dialga-origin,483,4,127,dialga-origin,0,7,850,682
10200,palkia-origin,484,4,127,palkia-origin,0,6.3,660,684
10201,samurott-hisui,503,3,31,samurott-hisui,0,1.5,58.2,726
10202,lilligant-hisui,549,2,127,lilligant-hisui,0,1.2,19.2,776
10203,basculin-white,550,2,127,basculin-white-strip,0,1,18,779
10204,zorua-hisui,570,3,127,zorua-hisui,0,0.7,12.5,810
10205,zoroark-hisui,571,3,127,zoroark-hisui,0,1.6,73,812
10206,braviary-hisui,628,4,127,braviary-hisui,0,0.8,17.3,880
10207,sliggoo-hisui,705,4,127,sliggoo-hisui,0,0.7,68.5,1062
10208,goodra-hisui,706,4,127,goodra-hisui,0,1.7,334.1,1064
10209,avalugg-hisui,713,2,127,avalugg-hisui,0,1.4,262.4,1078
10210,decidueye-hisui,724,3,31,decidueye-hisui,0,1.6,37,1097
10211,basculegion-female,902,2,254,basculegion-f,0,3,110,781
10212,enamorus-therian,905,4,254,enamorus-therian,0,1.6,48,1373
10213,tauros-paldea-combat,128,4,0,tauros-paldea-combat,0,1.4,115,233
10214,tauros-paldea-blaze,128,4,0,tauros-paldea-blaze,0,1.4,85,234
10215,tauros-paldea-aqua,128,4,0,tauros-paldea-aqua,0,1.4,110,235
10216,wooper-paldea,194,2,127,wooper-paldea,0,0.4,11,325
10217,oinkologne-female,916,2,127,oinkologne-f,0,1,120,1385
10218,squawkabilly-blue,931,5,127,squawkabilly-blue,0,0.6,2.4,1402
10219,squawkabilly-yellow,931,5,127,squawkabilly-yellow,0,0.6,2.4,1403
10220,squawkabilly-white,931,5,127,squawkabilly-white,0,0.6,2.4,1404
10221,palafin-hero,964,4,127,palafin,1,1.8,97.4,1439
10222,gimmighoul-roaming,999,4,127,gimmighoul-roaming,0,0.1,0.1,1480
10223,ursaluna-bloodmoon,901,2,0,ursaluna-bloodmoon,0,2.7,333,385
10224,ogerpon-wellspring,1017,4,254,ogerpon,0,1.2,39.8,1500
10225,ogerpon-hearthflame,1017,4,254,ogerpon,0,1.2,39.8,1501
10226,ogerpon-cornerstone,1017,4,254,ogerpon,0,1.2,39.8,1502
10227,ogerpon-teal-tera,1017,4,254,ogerpon,1,1.2,39.8,1503
10228,ogerpon-wellspring-tera,1017,4,254,ogerpon,1,1.2,39.8,1504
10229,ogerpon-hearthflame-tera,1017,4,254,ogerpon,1,1.2,39.8,1505
10230,ogerpon-cornerstone-tera,1017,4,254,ogerpon,1,1.2,39.8,1506
10231,terapagos-terastal,1024,4,127,terapagos-terestal,1,0.3,16,1512
10232,terapagos-stellar,1024,4,127,terapagos-stellar,1,1.7,77,1513
10233,clefable-mega,36,1,191,clefable,1,1.7,42.3,74
10234,victreebel-mega,71,3,127,victreebel,1,4.5,125.5,127
10235,starmie-mega,121,4,255,starmie,1,2.3,80,213
10236,dragonite-mega,149,4,127,dragonite,1,2.2,290,274
10237,meganium-mega,154,3,31,meganium,1,2.4,201,282
10238,feraligatr-mega,160,3,31,feraligatr,1,2.8,108.8,290
10239,skarmory-mega,227,4,127,skarmory,1,1.7,40.4,400
10240,froslass-mega,478,2,254,froslass,1,2.6,29.6,560
10241,emboar-mega,500,3,31,emboar,1,1.8,180.3,722
10242,excadrill-mega,530,2,127,excadrill,1,0.9,60,754
10243,scolipede-mega,545,3,127,scolipede,1,3.2,230.5,771
10244,scrafty-mega,560,2,127,scrafty,1,1.1,31,796
10245,eelektross-mega,604,4,127,eelektrik,1,3,180,852
10246,chandelure-mega,609,3,127,chandelure,1,2.5,69.6,858
10247,chesnaught-mega,652,3,31,chesnaught,1,1.6,90,916
10248,delphox-mega,655,3,31,delphox,1,1.5,39,920
10249,greninja-mega,658,3,31,greninja,1,1.5,40,924
10250,pyroar-mega,668,3,225,pyroar,1,1.5,93.3,994
10251,floette-mega,670,2,127,floette-eternal,1,0.2,100.8,1006
10252,malamar-mega,687,2,127,malamar,1,2.9,69.8,1041
10253,barbaracle-mega,689,2,127,barbaracle,1,2.2,100,1044
10254,dragalge-mega,691,2,127,dragalge,1,2.1,100.3,1047
10255,hawlucha-mega,701,2,127,hawlucha,1,1,25,1057
10256,zygarde-mega,718,4,255,zygarde,1,7.7,610,1088
10257,drampa-mega,780,2,127,drampa,1,3,240.5,1203
10258,falinks-mega,870,2,255,falinks,1,1.6,99,1328
10259,raichu-mega-x,26,2,127,raichu,1,1.2,38,58
10260,raichu-mega-y,26,2,127,raichu,1,1,26,59
10261,chimecho-mega,358,1,127,chimecho,1,1.2,8,552
10262,absol-mega-z,359,3,127,absol,1,1.2,49,555
10263,staraptor-mega,398,3,127,staraptor,1,1.9,50,607
10264,garchomp-mega-z,445,4,127,garchomp,1,1.9,99,655
10265,lucario-mega-z,448,3,31,lucario,1,1.3,49.4,659
10266,heatran-mega,485,4,127,heatran,1,2.8,570,686
10267,darkrai-mega,491,4,255,darkrai,1,3,240,694
10268,golurk-mega,623,2,255,golurk,1,4,330,874
10269,meowstic-male-mega,678,2,127,meowstic-m,1,0.8,10.1,1028
10270,meowstic-female-mega,678,2,127,meowstic-f,1,0.8,10.1,1030
10271,crabominable-mega,740,2,127,crabominable,1,2.6,252.8,1116
10272,golisopod-mega,768,2,127,golisopod,1,2.3,148,1156
10273,magearna-mega,801,4,255,magearna,1,1.3,248.1,1230
10274,zeraora-mega,807,4,255,zeraora,1,1.5,44.5,1238
10275,scovillain-mega,952,2,127,scovillain,1,1.2,22,1426
10276,glimmora-mega,970,3,127,glimmora,1,2.8,77,1446
10277,tatsugiri-curly-mega,978,3,127,tatsugiri,1,0.6,24,1457
10278,baxcalibur-mega,998,4,127,baxcalibur,1,2.1,315,1478
20001,unown-b,201,2,255,unown,0,0.5,5,333
20002,unown-c,201,2,255,unown,0,0.5,5,334
20003,unown-d,201,2,255,unown,0,0.5,5,335
20004,unown-e,201,2,255,unown,0,0.5,5,336
20005,unown-f,201,2,255,unown,0,0.5,5,337
20006,unown-g,201,2,255,unown,0,0.5,5,338
20007,unown-h,201,2,255,unown,0,0.5,5,339
20008,unown-i,201,2,255,unown,0,0.5,5,340
20009,unown-j,201,2,255,unown,0,0.5,5,341
20010,unown-k,201,2,255,unown,0,0.5,5,342
20011,unown-l,201,2,255,unown,0,0.5,5,343
20012,unown-m,201,2,255,unown,0,0.5,5,344
20013,unown-n,201,2,255,unown,0,0.5,5,345
20014,unown-o,201,2,255,unown,0,0.5,5,346
20015,unown-p,201,2,255,unown,0,0.5,5,347
20016,unown-q,201,2,255,unown,0,0.5,5,348
20017,unown-r,201,2,255,unown,0,0.5,5,349
20018,unown-s,201,2,255,unown,0,0.5,5,350
20019,unown-t,201,2,255,unown,0,0.5,5,351
20020,unown-u,201,2,255,unown,0,0.5,5,352
20021,unown-v,201,2,255,unown,0,0.5,5,353
20022,unown-w,201,2,255,unown,0,0.5,5,354
20023,unown-x,201,2,255,unown,0,0.5,5,355
20024,unown-y,201,2,255,unown,0,0.5,5,356
20025,unown-z,201,2,255,unown,0,0.5,5,357
20026,unown-exclamation,201,2,255,unown,0,0.5,5,358
20027,unown-question,201,2,255,unown,0,0.5,5,359
20028,burmy-sandy,412,2,127,burmy,0,0.2,3.4,620
20029,burmy-trash,412,2,127,burmy,0,0.2,3.4,621
20030,cherrim-sunshine,421,2,127,cherrim,1,0.5,9.3,633
20031,shellos-east,422,2,127,shellos,0,0.3,6.3,635
20032,gastrodon-east,423,2,127,gastrodon,0,0.9,29.9,637
20033,deerling-summer,585,2,127,deerling,0,0.6,19.5,827
20034,deerling-autumn,585,2,127,deerling,0,0.6,19.5,828
20035,deerling-winter,585,2,127,deerling,0,0.6,19.5,829
20036,sawsbuck-summer,586,2,127,sawsbuck,0,1.9,92.5,831
20037,sawsbuck-autumn,586,2,127,sawsbuck,0,1.9,92.5,832
20038,sawsbuck-winter,586,2,127,sawsbuck,0,1.9,92.5,833
20039,genesect-douse,649,4,255,genesect,0,1.5,82.5,909
20040,genesect-shock,649,4,255,genesect,0,1.5,82.5,910
20041,genesect-burn,649,4,255,genesect,0,1.5,82.5,911
20042,genesect-chill,649,4,255,genesect,0,1.5,82.5,912
20043,keldeo-resolute,647,4,255,keldeo,0,1.4,48.5,905
20044,scatterbug-polar,664,2,127,scatterbug,0,0.3,2.5,933
20045,scatterbug-tundra,664,2,127,scatterbug,0,0.3,2.5,934
20046,scatterbug-continental,664,2,127,scatterbug,0,0.3,2.5,935
20047,scatterbug-garden,664,2,127,scatterbug,0,0.3,2.5,936
20048,scatterbug-elegant,664,2,127,scatterbug,0,0.3,2.5,937
20049,scatterbug-meadow,664,2,127,scatterbug,0,0.3,2.5,938
20050,scatterbug-modern,664,2,127,scatterbug,0,0.3,2.5,939
20051,scatterbug-marine,664,2,127,scatterbug,0,0.3,2.5,940
20052,scatterbug-archipelago,664,2,127,scatterbug,0,0.3,2.5,941
20053,scatterbug-high-plains,664,2,127,scatterbug,0,0.3,2.5,942
20054,scatterbug-sandstorm,664,2,127,scatterbug,0,0.3,2.5,943
20055,scatterbug-river,664,2,127,scatterbug,0,0.3,2.5,944
20056,scatterbug-monsoon,664,2,127,scatterbug,0,0.3,2.5,945
20057,scatterbug-savanna,664,2,127,scatterbug,0,0.3,2.5,946
20058,scatterbug-sun,664,2,127,scatterbug,0,0.3,2.5,947
20059,scatterbug-ocean,664,2,127,scatterbug,0,0.3,2.5,948
20060,scatterbug-jungle,664,2,127,scatterbug,0,0.3,2.5,949
20061,scatterbug-fancy,664,2,127,scatterbug,0,0.3,2.5,950
20062,scatterbug-poke-ball,664,2,127,scatterbug,0,0.3,2.5,951
20063,spewpa-polar,665,2,127,spewpa,0,0.3,8.4,953
20064,spewpa-tundra,665,2,127,spewpa,0,0.3,8.4,954
20065,spewpa-continental,665,2,127,spewpa,0,0.3,8.4,955
20066,spewpa-garden,665,2,127,spewpa,0,0.3,8.4,956
20067,spewpa-elegant,665,2,127,spewpa,0,0.3,8.4,957
20068,spewpa-meadow,665,2,127,spewpa,0,0.3,8.4,958
20069,spewpa-modern,665,2,127,spewpa,0,0.3,8.4,959
20070,spewpa-marine,665,2,127,spewpa,0,0.3,8.4,960
20071,spewpa-archipelago,665,2,127,spewpa,0,0.3,8.4,961
20072,spewpa-high-plains,665,2,127,spewpa,0,0.3,8.4,962
20073,spewpa-sandstorm,665,2,127,spewpa,0,0.3,8.4,963
20074,spewpa-river,665,2,127,spewpa,0,0.3,8.4,964
20075,spewpa-monsoon,665,2,127,spewpa,0,0.3,8.4,965
20076,spewpa-savanna,665,2,127,spewpa,0,0.3,8.4,966
20077,spewpa-sun,665,2,127,spewpa,0,0.3,8.4,967
20078,spewpa-ocean,665,2,127,spewpa,0,0.3,8.4,968
20079,spewpa-jungle,665,2,127,spewpa,0,0.3,8.4,969
20080,spewpa-fancy,665,2,127,spewpa,0,0.3,8.4,970
20081,spewpa-poke-ball,665,2,127,spewpa,0,0.3,8.4,971
20082,vivillon-polar,666,2,127,vivillon,0,1.2,17,973
20083,vivillon-tundra,666,2,127,vivillon,0,1.2,17,974
20084,vivillon-continental,666,2,127,vivillon,0,1.2,17,975
20085,vivillon-garden,666,2,127,vivillon,0,1.2,17,976
20086,vivillon-elegant,666,2,127,vivillon,0,1.2,17,977
20087,vivillon-meadow,666,2,127,vivillon,0,1.2,17,978
20088,vivillon-modern,666,2,127,vivillon,0,1.2,17,979
20089,vivillon-marine,666,2,127,vivillon,0,1.2,17,980
20090,vivillon-archipelago,666,2,127,vivillon,0,1.2,17,981
20091,vivillon-high-plains,666,2,127,vivillon,0,1.2,17,982
20092,vivillon-sandstorm,666,2,127,vivillon,0,1.2,17,983
20093,vivillon-river,666,2,127,vivillon,0,1.2,17,984
20094,vivillon-monsoon,666,2,127,vivillon,0,1.2,17,985
20095,vivillon-savanna,666,2,127,vivillon,0,1.2,17,986
20096,vivillon-sun,666,2,127,vivillon,0,1.2,17,987
20097,vivillon-ocean,666,2,127,vivillon,0,1.2,17,988
20098,vivillon-jungle,666,2,127,vivillon,0,1.2,17,989
20099,vivillon-fancy,666,2,127,vivillon,0,1.2,17,990
20100,vivillon-poke-ball,666,2,127,vivillon,0,1.2,17,991
20101,flabebe-yellow,669,2,254,flabebe,0,0.1,0.1,996
20102,flabebe-orange,669,2,254,flabebe,0,0.1,0.1,997
20103,flabebe-blue,669,2,254,flabebe,0,0.1,0.1,998
20104,flabebe-white,669,2,254,flabebe,0,0.1,0.1,999
20105,floette-yellow,670,2,254,floette,0,0.2,0.9,1001
20106,floette-orange,670,2,254,floette,0,0.2,0.9,1002
20107,floette-blue,670,2,254,floette,0,0.2,0.9,1003
20108,floette-white,670,2,254,floette,0,0.2,0.9,1004
20109,florges-yellow,671,2,254,florges,0,1.1,10,1008
20110,florges-orange,671,2,254,florges,0,1.1,10,1009
20111,florges-blue,671,2,254,florges,0,1.1,10,1010
20112,florges-white,671,2,254,florges,0,1.1,10,1011
20113,furfrou-heart,676,2,127,furfrou,0,1.2,28,1017
20114,furfrou-star,676,2,127,furfrou,0,1.2,28,1018
20115,furfrou-diamond,676,2,127,furfrou,0,1.2,28,1019
20116,furfrou-debutante,676,2,127,furfrou,0,1.2,28,1020
20117,furfrou-matron,676,2,127,furfrou,0,1.2,28,1021
20118,furfrou-dandy,676,2,127,furfrou,0,1.2,28,1022
20119,furfrou-la-reine,676,2,127,furfrou,0,1.2,28,1023
20120,furfrou-kabuki,676,2,127,furfrou,0,1.2,28,1024
20121,furfrou-pharaoh,676,2,127,furfrou,0,1.2,28,1025
20123,raticate-totem,20,2,127,raticate-alola,0,1.4,105,33
20124,pikachu-cap-hoenn,25,2,0,pikachu,0,0.4,6,48
20125,pikachu-cap-sinnoh,25,2,0,pikachu,0,0.4,6,49
20126,pikachu-cap-unova,25,2,0,pikachu,0,0.4,6,50
20127,pikachu-cap-kalos,25,2,0,pikachu,0,0.4,6,51
20128,pikachu-cap-alola,25,2,0,pikachu,0,0.4,6,52
20129,gumshoos-totem,735,2,127,gumshoos,0,1.4,60,1109
20130,vikavolt-totem,738,2,127,vikavolt,0,2.6,147.5,1113
20131,lurantis-totem,754,2,127,lurantis,0,1.5,58,1140
20132,salazzle-totem,758,2,254,salazzle,0,2.1,81,1145
20133,minior-meteor-orange,774,3,255,minior,1,0.3,40,1180
20134,minior-meteor-yellow,774,3,255,minior,1,0.3,40,1181
20135,minior-meteor-green,774,3,255,minior,1,0.3,40,1182
20136,minior-meteor-blue,774,3,255,minior,1,0.3,40,1183
20137,minior-meteor-indigo,774,3,255,minior,1,0.3,40,1184
20138,minior-meteor-violet,774,3,255,minior,1,0.3,40,1185
20139,minior-core-orange,774,3,255,minior,0,0.3,0.3,1187
20140,minior-core-yellow,774,3,255,minior,0,0.3,0.3,1188
20141,minior-core-green,774,3,255,minior,0,0.3,0.3,1189
20142,minior-core-blue,774,3,255,minior,0,0.3,0.3,1190
20143,minior-core-indigo,774,3,255,minior,0,0.3,0.3,1191
20144,minior-core-violet,774,3,255,minior,0,0.3,0.3,1192
20145,mimikyu-busted,778,2,127,mimikyu,1,0.2,0.7,1198
20146,mimikyu-totem-disguised,778,2,127,mimikyu,0,0.4,2.8,1199
20147,mimikyu-totem-busted,778,2,127,mimikyu,1,0.4,2.8,1200
20148,kommo-o-totem,784,4,127,kommo-o,0,2.4,207.5,1208
20149,magearna-original-color,801,4,255,magearna,0,1,80.5,1229
20150,pikachu-cap-partner,25,2,0,pikachu,0,0.4,6,53
20151,marowak-totem,105,2,127,marowak-alola,0,1.7,98,186
20152,ribombee-totem,743,2,127,ribombee,0,0.4,2,1123
20153,araquanid-totem,752,2,127,araquanid,0,3.1,217.5,1137
20154,togedemaru-totem,777,2,127,togedemaru,0,0.6,13,1196
20155,charizard-gmax,6,3,31,charizard,1,28,0,11
20156,butterfree-gmax,12,2,127,butterfree,1,17,0,20
20157,pikachu-gmax,25,2,127,pikachu,1,21,0,56
20158,meowth-gmax,52,2,127,meowth,1,33,0,98
20159,machamp-gmax,68,3,63,machamp,1,25,0,123
20160,gengar-gmax,94,3,127,gengar,1,29,0,167
20161,kingler-gmax,99,2,127,kingler,1,19,0,175
20162,lapras-gmax,131,4,127,lapras,1,24,0,240
20163,eevee-gmax,133,2,31,eevee,1,18,0,243
20164,snorlax-gmax,143,4,31,snorlax,1,35,0,264
20165,garbodor-gmax,569,2,127,garbodor,1,21,0,808
20166,melmetal-gmax,809,4,255,melmetal,1,25,0,1241
20167,corviknight-gmax,823,3,127,corviknight,1,14,0,1259
20168,orbeetle-gmax,826,2,127,orbeetle,1,14,0,1263
20169,drednaw-gmax,834,2,127,drednaw,1,24,0,1272
20170,coalossal-gmax,839,3,127,coalossal,1,42,0,1278
20171,flapple-gmax,841,5,127,flapple,1,24,0,1281
20172,appletun-gmax,842,5,127,appletun,1,24,0,1283
20173,sandaconda-gmax,844,2,127,sandaconda,1,22,0,1288
20174,cramorant-gulping,845,2,127,cramorant,1,0.8,18,1290
20175,cramorant-gorging,845,2,127,cramorant,1,0.8,18,1291
20176,toxtricity-amped-gmax,849,3,127,toxtricity,1,24,0,1296
20177,centiskorch-gmax,851,2,127,centiskorch,1,75,0,1301
20178,sinistea-antique,854,2,255,sinistea,0,0.1,0.2,1305
20179,polteageist-antique,855,2,255,polteageist,0,0.2,0.4,1307
20180,hatterene-gmax,858,4,254,hatterene,1,26,0,1311
20181,grimmsnarl-gmax,861,2,0,grimmsnarl,1,32,0,1315
20188,alcremie-ruby-cream,869,2,254,alcremie,0,0.3,0.5,1318
20195,alcremie-matcha-cream,869,2,254,alcremie,0,0.3,0.5,1319
20202,alcremie-mint-cream,869,2,254,alcremie,0,0.3,0.5,1320
20209,alcremie-lemon-cream,869,2,254,alcremie,0,0.3,0.5,1321
20216,alcremie-salted-cream,869,2,254,alcremie,0,0.3,0.5,1322
20223,alcremie-ruby-swirl,869,2,254,alcremie,0,0.3,0.5,1323
20230,alcremie-caramel-swirl,869,2,254,alcremie,0,0.3,0.5,1324
20237,alcremie-rainbow-swirl,869,2,254,alcremie,0,0.3,0.5,1325
20244,alcremie-gmax,869,2,254,alcremie,1,30,0,1326
20245,morpeko-hangry,877,2,127,morpeko,1,0.3,3,1338
20246,copperajah-gmax,879,2,127,copperajah,1,23,0,1341
20247,duraludon-gmax,884,2,127,duraludon,1,43,0,1347
20248,toxtricity-low-key-gmax,849,3,127,toxtricity-low-key,1,24,0,1298
20249,venusaur-gmax,3,3,31,venusaur,1,24,0,5
20250,blastoise-gmax,9,3,31,blastoise,1,25,0,16
20251,rillaboom-gmax,812,3,31,rillaboom,1,28,0,1245
20252,cinderace-gmax,815,3,31,cinderace,1,27,0,1249
20253,inteleon-gmax,818,3,31,inteleon,1,40,0,1253
20254,urshifu-single-strike-gmax,892,4,31,urshifu,1,29,0,1360
20255,zarude-dada,893,4,255,zarude,0,1.8,70,1364
20256,pikachu-cap-world,25,2,0,pikachu,0,0.4,6,54
20257,urshifu-rapid-strike-gmax,892,4,31,urshifu-rapid-strike,1,26,0,1362
20263,maushold-family-of-four,925,1,255,maushold,0,0.3,2.8,1395
20264,tatsugiri-droopy,978,3,127,tatsugiri,0,0.3,8,1455
20265,tatsugiri-stretchy,978,3,127,tatsugiri,0,0.3,8,1456
20266,dudunsparce-three-segment,982,2,127,dudunsparce,0,4.5,47.4,367
20275,poltchageist-artisan,1012,2,255,poltchageist,0,0.1,1.1,1493
20276,sinistcha-masterpiece,1013,2,255,sinistcha,0,0.2,2.2,1495
20277,magearna-original-color-mega,801,4,255,magearna,1,1.3,248.1,1231
20278,tatsugiri-droopy-mega,978,3,127,tatsugiri,1,0.6,24,1458
20279,tatsugiri-stretchy-mega,978,3,127,tatsugiri,1,0.6,24,1459
