pokedex_id,number,species_id
1,1,1
1,2,2
1,3,3
1,4,4
1,5,5
1,6,6
1,7,7
1,8,8
1,9,9
1,10,10
1,11,11
1,12,12
1,13,13
1,14,14
1,15,15
1,16,16
1,17,17
1,18,18
1,19,19
1,20,20
1,21,21
1,22,22
1,23,23
1,24,24
1,25,25
1,26,26
1,27,27
1,28,28
1,29,29
1,30,30
1,31,31
1,32,32
1,33,33
1,34,34
1,35,35
1,36,36
1,37,37
1,38,38
1,39,39
1,40,40
1,41,41
1,42,42
1,43,43
1,44,44
1,45,45
1,46,46
1,47,47
1,48,48
1,49,49
1,50,50
1,51,51
1,52,52
1,53,53
1,54,54
1,55,55
1,56,56
1,57,57
1,58,58
1,59,59
1,60,60
1,61,61
1,62,62
1,63,63
1,64,64
1,65,65
1,66,66
1,67,67
1,68,68
1,69,69
1,70,70
1,71,71
1,72,72
1,73,73
1,74,74
1,75,75
1,76,76
1,77,77
1,78,78
1,79,79
1,80,80
1,81,81
1,82,82
1,83,83
1,84,84
1,85,85
1,86,86
1,87,87
1,88,88
1,89,89
1,90,90
1,91,91
1,92,92
1,93,93
1,94,94
1,95,95
1,96,96
1,97,97
1,98,98
1,99,99
1,100,100
1,101,101
1,102,102
1,103,103
1,104,104
1,105,105
1,106,106
1,107,107
1,108,108
1,109,109
1,110,110
1,111,111
1,112,112
1,113,113
1,114,114
1,115,115
1,116,116
1,117,117
1,118,118
1,119,119
1,120,120
1,121,121
1,122,122
1,123,123
1,124,124
1,125,125
1,126,126
1,127,127
1,128,128
1,129,129
1,130,130
1,131,131
1,132,132
1,133,133
1,134,134
1,135,135
1,136,136
1,137,137
1,138,138
1,139,139
1,140,140
1,141,141
1,142,142
1,143,143
1,144,144
1,145,145
1,146,146
1,147,147
1,148,148
1,149,149
1,150,150
1,151,151
1,152,152
1,153,153
1,154,154
1,155,155
1,156,156
1,157,157
1,158,158
1,159,159
1,160,160
1,161,161
1,162,162
1,163,163
1,164,164
1,165,165
1,166,166
1,167,167
1,168,168
1,169,169
1,170,170
1,171,171
1,172,172
1,173,173
1,174,174
1,175,175
1,176,176
1,177,177
1,178,178
1,179,179
1,180,180
1,181,181
1,182,182
1,183,183
1,184,184
1,185,185
1,186,186
1,187,187
1,188,188
1,189,189
1,190,190
1,191,191
1,192,192
1,193,193
1,194,194
1,195,195
1,196,196
1,197,197
1,198,198
1,199,199
1,200,200
1,201,201
1,202,202
1,203,203
1,204,204
1,205,205
1,206,206
1,207,207
1,208,208
1,209,209
1,210,210
1,211,211
1,212,212
1,213,213
1,214,214
1,215,215
1,216,216
1,217,217
1,218,218
1,219,219
1,220,220
1,221,221
1,222,222
1,223,223
1,224,224
1,225,225
1,226,226
1,227,227
1,228,228
1,229,229
1,230,230
1,231,231
1,232,232
1,233,233
1,234,234
1,235,235
1,236,236
1,237,237
1,238,238
1,239,239
1,240,240
1,241,241
1,242,242
1,243,243
1,244,244
1,245,245
1,246,246
1,247,247
1,248,248
1,249,249
1,250,250
1,251,251
1,252,252
1,253,253
1,254,254
1,255,255
1,256,256
1,257,257
1,258,258
1,259,259
1,260,260
1,261,261
1,262,262
1,263,263
1,264,264
1,265,265
1,266,266
1,267,267
1,268,268
1,269,269
1,270,270
1,271,271
1,272,272
1,273,273
1,274,274
1,275,275
1,276,276
1,277,277
1,278,278
1,279,279
1,280,280
1,281,281
1,282,282
1,283,283
1,284,284
1,285,285
1,286,286
1,287,287
1,288,288
1,289,289
1,290,290
1,291,291
1,292,292
1,293,293
1,294,294
1,295,295
1,296,296
1,297,297
1,298,298
1,299,299
1,300,300
1,301,301
1,302,302
1,303,303
1,304,304
1,305,305
1,306,306
1,307,307
1,308,308
1,309,309
1,310,310
1,311,311
1,312,312
1,313,313
1,314,314
1,315,315
1,316,316
1,317,317
1,318,318
1,319,319
1,320,320
1,321,321
1,322,322
1,323,323
1,324,324
1,325,325
1,326,326
1,327,327
1,328,328
1,329,329
1,330,330
1,331,331
1,332,332
1,333,333
1,334,334
1,335,335
1,336,336
1,337,337
1,338,338
1,339,339
1,340,340
1,341,341
1,342,342
1,343,343
1,344,344
1,345,345
1,346,346
1,347,347
1,348,348
1,349,349
1,350,350
1,351,351
1,352,352
1,353,353
1,354,354
1,355,355
1,356,356
1,357,357
1,358,358
1,359,359
1,360,360
1,361,361
1,362,362
1,363,363
1,364,364
1,365,365
1,366,366
1,367,367
1,368,368
1,369,369
1,370,370
1,371,371
1,372,372
1,373,373
1,374,374
1,375,375
1,376,376
1,377,377
1,378,378
1,379,379
1,380,380
1,381,381
1,382,382
1,383,383
1,384,384
1,385,385
1,386,386
1,387,387
1,388,388
1,389,389
1,390,390
1,391,391
1,392,392
1,393,393
1,394,394
1,395,395
1,396,396
1,397,397
1,398,398
1,399,399
1,400,400
1,401,401
1,402,402
1,403,403
1,404,404
1,405,405
1,406,406
1,407,407
1,408,408
1,409,409
1,410,410
1,411,411
1,412,412
1,413,413
1,414,414
1,415,415
1,416,416
1,417,417
1,418,418
1,419,419
1,420,420
1,421,421
1,422,422
1,423,423
1,424,424
1,425,425
1,426,426
1,427,427
1,428,428
1,429,429
1,430,430
1,431,431
1,432,432
1,433,433
1,434,434
1,435,435
1,436,436
1,437,437
1,438,438
1,439,439
1,440,440
1,441,441
1,442,442
1,443,443
1,444,444
1,445,445
1,446,446
1,447,447
1,448,448
1,449,449
1,450,450
1,451,451
1,452,452
1,453,453
1,454,454
1,455,455
1,456,456
1,457,457
1,458,458
1,459,459
1,460,460
1,461,461
1,462,462
1,463,463
1,464,464
1,465,465
1,466,466
1,467,467
1,468,468
1,469,469
1,470,470
1,471,471
1,472,472
1,473,473
1,474,474
1,475,475
1,476,476
1,477,477
1,478,478
1,479,479
1,480,480
1,481,481
1,482,482
1,483,483
1,484,484
1,485,485
1,486,486
1,487,487
1,488,488
1,489,489
1,490,490
1,491,491
1,492,492
1,493,493
1,494,494
1,495,495
1,496,496
1,497,497
1,498,498
1,499,499
1,500,500
1,501,501
1,502,502
1,503,503
1,504,504
1,505,505
1,506,506
1,507,507
1,508,508
1,509,509
1,510,510
1,511,511
1,512,512
1,513,513
1,514,514
1,515,515
1,516,516
1,517,517
1,518,518
1,519,519
1,520,520
1,521,521
1,522,522
1,523,523
1,524,524
1,525,525
1,526,526
1,527,527
1,528,528
1,529,529
1,530,530
1,531,531
1,532,532
1,533,533
1,534,534
1,535,535
1,536,536
1,537,537
1,538,538
1,539,539
1,540,540
1,541,541
1,542,542
1,543,543
1,544,544
1,545,545
1,546,546
1,547,547
1,548,548
1,549,549
1,550,550
1,551,551
1,552,552
1,553,553
1,554,554
1,555,555
1,556,556
1,557,557
1,558,558
1,559,559
1,560,560
1,561,561
1,562,562
1,563,563
1,564,564
1,565,565
1,566,566
1,567,567
1,568,568
1,569,569
1,570,570
1,571,571
1,572,572
1,573,573
1,574,574
1,575,575
1,576,576
1,577,577
1,578,578
1,579,579
1,580,580
1,581,581
1,582,582
1,583,583
1,584,584
1,585,585
1,586,586
1,587,587
1,588,588
1,589,589
1,590,590
1,591,591
1,592,592
1,593,593
1,594,594
1,595,595
1,596,596
1,597,597
1,598,598
1,599,599
1,600,600
1,601,601
1,602,602
1,603,603
1,604,604
1,605,605
1,606,606
1,607,607
1,608,608
1,609,609
1,610,610
1,611,611
1,612,612
1,613,613
1,614,614
1,615,615
1,616,616
1,617,617
1,618,618
1,619,619
1,620,620
1,621,621
1,622,622
1,623,623
1,624,624
1,625,625
1,626,626
1,627,627
1,628,628
1,629,629
1,630,630
1,631,631
1,632,632
1,633,633
1,634,634
1,635,635
1,636,636
1,637,637
1,638,638
1,639,639
1,640,640
1,641,641
1,642,642
1,643,643
1,644,644
1,645,645
1,646,646
1,647,647
1,648,648
1,649,649
1,650,650
1,651,651
1,652,652
1,653,653
1,654,654
1,655,655
1,656,656
1,657,657
1,658,658
1,659,659
1,660,660
1,661,661
1,662,662
1,663,663
1,664,664
1,665,665
1,666,666
1,667,667
1,668,668
1,669,669
1,670,670
1,671,671
1,672,672
1,673,673
1,674,674
1,675,675
1,676,676
1,677,677
1,678,678
1,679,679
1,680,680
1,681,681
1,682,682
1,683,683
1,684,684
1,685,685
1,686,686
1,687,687
1,688,688
1,689,689
1,690,690
1,691,691
1,692,692
1,693,693
1,694,694
1,695,695
1,696,696
1,697,697
1,698,698
1,699,699
1,700,700
1,701,701
1,702,702
1,703,703
1,704,704
1,705,705
1,706,706
1,707,707
1,708,708
1,709,709
1,710,710
1,711,711
1,712,712
1,713,713
1,714,714
1,715,715
1,716,716
1,717,717
1,718,718
1,719,719
1,720,720
1,721,721
1,722,722
1,723,723
1,724,724
1,725,725
1,726,726
1,727,727
1,728,728
1,729,729
1,730,730
1,731,731
1,732,732
1,733,733
1,734,734
1,735,735
1,736,736
1,737,737
1,738,738
1,739,739
1,740,740
1,741,741
1,742,742
1,743,743
1,744,744
1,745,745
1,746,746
1,747,747
1,748,748
1,749,749
1,750,750
1,751,751
1,752,752
1,753,753
1,754,754
1,755,755
1,756,756
1,757,757
1,758,758
1,759,759
1,760,760
1,761,761
1,762,762
1,763,763
1,764,764
1,765,765
1,766,766
1,767,767
1,768,768
1,769,769
1,770,770
1,771,771
1,772,772
1,773,773
1,774,774
1,775,775
1,776,776
1,777,777
1,778,778
1,779,779
1,780,780
1,781,781
1,782,782
1,783,783
1,784,784
1,785,785
1,786,786
1,787,787
1,788,788
1,789,789
1,790,790
1,791,791
1,792,792
1,793,793
1,794,794
1,795,795
1,796,796
1,797,797
1,798,798
1,799,799
1,800,800
1,801,801
1,802,802
1,803,803
1,804,804
1,805,805
1,806,806
1,807,807
2,1,1
2,2,2
2,3,3
2,4,4
2,5,5
2,6,6
2,7,7
2,8,8
2,9,9
2,10,10
2,11,11
2,12,12
2,13,13
2,14,14
2,15,15
2,16,16
2,17,17
2,18,18
2,19,19
2,20,20
2,21,21
2,22,22
2,23,23
2,24,24
2,25,25
2,26,26
2,27,27
2,28,28
2,29,29
2,30,30
2,31,31
2,32,32
2,33,33
2,34,34
2,35,35
2,36,36
2,37,37
2,38,38
2,39,39
2,40,40
2,41,41
2,42,42
2,43,43
2,44,44
2,45,45
2,46,46
2,47,47
2,48,48
2,49,49
2,50,50
2,51,51
2,52,52
2,53,53
2,54,54
2,55,55
2,56,56
2,57,57
2,58,58
2,59,59
2,60,60
2,61,61
2,62,62
2,63,63
2,64,64
2,65,65
2,66,66
2,67,67
2,68,68
2,69,69
2,70,70
2,71,71
2,72,72
2,73,73
2,74,74
2,75,75
2,76,76
2,77,77
2,78,78
2,79,79
2,80,80
2,81,81
2,82,82
2,83,83
2,84,84
2,85,85
2,86,86
2,87,87
2,88,88
2,89,89
2,90,90
2,91,91
2,92,92
2,93,93
2,94,94
2,95,95
2,96,96
2,97,97
2,98,98
2,99,99
2,100,100
2,101,101
2,102,102
2,103,103
2,104,104
2,105,105
2,106,106
2,107,107
2,108,108
2,109,109
2,110,110
2,111,111
2,112,112
2,113,113
2,114,114
2,115,115
2,116,116
2,117,117
2,118,118
2,119,119
2,120,120
2,121,121
2,122,122
2,123,123
2,124,124
2,125,125
2,126,126
2,127,127
2,128,128
2,129,129
2,130,130
2,131,131
2,132,132
2,133,133
2,134,134
2,135,135
2,136,136
2,137,137
2,138,138
2,139,139
2,140,140
2,141,141
2,142,142
2,143,143
2,144,144
2,145,145
2,146,146
2,147,147
2,148,148
2,149,149
2,150,150
2,151,151
3,1,152
3,2,153
3,3,154
3,4,155
3,5,156
3,6,157
3,7,158
3,8,159
3,9,160
3,10,16
3,11,17
3,12,18
3,13,21
3,14,22
3,15,163
3,16,164
3,17,19
3,18,20
3,19,161
3,20,162
3,21,172
3,22,25
3,23,26
3,24,10
3,25,11
3,26,12
3,27,13
3,28,14
3,29,15
3,30,165
3,31,166
3,32,167
3,33,168
3,34,74
3,35,75
3,36,76
3,37,41
3,38,42
3,39,169
3,40,173
3,41,35
3,42,36
3,43,174
3,44,39
3,45,40
3,46,175
3,47,176
3,48,27
3,49,28
3,50,23
3,51,24
3,52,206
3,53,179
3,54,180
3,55,181
3,56,194
3,57,195
3,58,92
3,59,93
3,60,94
3,61,201
3,62,95
3,63,208
3,64,69
3,65,70
3,66,71
3,67,187
3,68,188
3,69,189
3,70,46
3,71,47
3,72,60
3,73,61
3,74,62
3,75,186
3,76,129
3,77,130
3,78,118
3,79,119
3,80,79
3,81,80
3,82,199
3,83,43
3,84,44
3,85,45
3,86,182
3,87,96
3,88,97
3,89,63
3,90,64
3,91,65
3,92,132
3,93,204
3,94,205
3,95,29
3,96,30
3,97,31
3,98,32
3,99,33
3,100,34
3,101,193
3,102,191
3,103,192
3,104,102
3,105,103
3,106,185
3,107,202
3,108,48
3,109,49
3,110,123
3,111,212
3,112,127
3,113,214
3,114,109
3,115,110
3,116,88
3,117,89
3,118,81
3,119,82
3,120,100
3,121,101
3,122,190
3,123,209
3,124,210
3,125,37
3,126,38
3,127,58
3,128,59
3,129,234
3,130,183
3,131,184
3,132,50
3,133,51
3,134,56
3,135,57
3,136,52
3,137,53
3,138,54
3,139,55
3,140,66
3,141,67
3,142,68
3,143,236
3,144,106
3,145,107
3,146,237
3,147,203
3,148,128
3,149,241
3,150,240
3,151,126
3,152,238
3,153,124
3,154,239
3,155,125
3,156,122
3,157,235
3,158,83
3,159,177
3,160,178
3,161,211
3,162,72
3,163,73
3,164,98
3,165,99
3,166,213
3,167,120
3,168,121
3,169,90
3,170,91
3,171,222
3,172,223
3,173,224
3,174,170
3,175,171
3,176,86
3,177,87
3,178,108
3,179,114
3,180,133
3,181,134
3,182,135
3,183,136
3,184,196
3,185,197
3,186,116
3,187,117
3,188,230
3,189,207
3,190,225
3,191,220
3,192,221
3,193,216
3,194,217
3,195,231
3,196,232
3,197,226
3,198,227
3,199,84
3,200,85
3,201,77
3,202,78
3,203,104
3,204,105
3,205,115
3,206,111
3,207,112
3,208,198
3,209,228
3,210,229
3,211,218
3,212,219
3,213,215
3,214,200
3,215,137
3,216,233
3,217,113
3,218,242
3,219,131
3,220,138
3,221,139
3,222,140
3,223,141
3,224,142
3,225,143
3,226,1
3,227,2
3,228,3
3,229,4
3,230,5
3,231,6
3,232,7
3,233,8
3,234,9
3,235,144
3,236,145
3,237,146
3,238,243
3,239,244
3,240,245
3,241,147
3,242,148
3,243,149
3,244,246
3,245,247
3,246,248
3,247,249
3,248,250
3,249,150
3,250,151
3,251,251
4,1,252
4,2,253
4,3,254
4,4,255
4,5,256
4,6,257
4,7,258
4,8,259
4,9,260
4,10,261
4,11,262
4,12,263
4,13,264
4,14,265
4,15,266
4,16,267
4,17,268
4,18,269
4,19,270
4,20,271
4,21,272
4,22,273
4,23,274
4,24,275
4,25,276
4,26,277
4,27,278
4,28,279
4,29,280
4,30,281
4,31,282
4,32,283
4,33,284
4,34,285
4,35,286
4,36,287
4,37,288
4,38,289
4,39,63
4,40,64
4,41,65
4,42,290
4,43,291
4,44,292
4,45,293
4,46,294
4,47,295
4,48,296
4,49,297
4,50,118
4,51,119
4,52,129
4,53,130
4,54,298
4,55,183
4,56,184
4,57,74
4,58,75
4,59,76
4,60,299
4,61,300
4,62,301
4,63,41
4,64,42
4,65,169
4,66,72
4,67,73
4,68,302
4,69,303
4,70,304
4,71,305
4,72,306
4,73,66
4,74,67
4,75,68
4,76,307
4,77,308
4,78,309
4,79,310
4,80,311
4,81,312
4,82,81
4,83,82
4,84,100
4,85,101
4,86,313
4,87,314
4,88,43
4,89,44
4,90,45
4,91,182
4,92,84
4,93,85
4,94,315
4,95,316
4,96,317
4,97,318
4,98,319
4,99,320
4,100,321
4,101,322
4,102,323
4,103,218
4,104,219
4,105,324
4,106,88
4,107,89
4,108,109
4,109,110
4,110,325
4,111,326
4,112,27
4,113,28
4,114,327
4,115,227
4,116,328
4,117,329
4,118,330
4,119,331
4,120,332
4,121,333
4,122,334
4,123,335
4,124,336
4,125,337
4,126,338
4,127,339
4,128,340
4,129,341
4,130,342
4,131,343
4,132,344
4,133,345
4,134,346
4,135,347
4,136,348
4,137,174
4,138,39
4,139,40
4,140,349
4,141,350
4,142,351
4,143,120
4,144,121
4,145,352
4,146,353
4,147,354
4,148,355
4,149,356
4,150,357
4,151,358
4,152,359
4,153,37
4,154,38
4,155,172
4,156,25
4,157,26
4,158,54
4,159,55
4,160,360
4,161,202
4,162,177
4,163,178
4,164,203
4,165,231
4,166,232
4,167,127
4,168,214
4,169,111
4,170,112
4,171,361
4,172,362
4,173,363
4,174,364
4,175,365
4,176,366
4,177,367
4,178,368
4,179,369
4,180,222
4,181,170
4,182,171
4,183,370
4,184,116
4,185,117
4,186,230
4,187,371
4,188,372
4,189,373
4,190,374
4,191,375
4,192,376
4,193,377
4,194,378
4,195,379
4,196,380
4,197,381
4,198,382
4,199,383
4,200,384
4,201,385
4,202,386
5,1,387
5,2,388
5,3,389
5,4,390
5,5,391
5,6,392
5,7,393
5,8,394
5,9,395
5,10,396
5,11,397
5,12,398
5,13,399
5,14,400
5,15,401
5,16,402
5,17,403
5,18,404
5,19,405
5,20,63
5,21,64
5,22,65
5,23,129
5,24,130
5,25,406
5,26,315
5,27,407
5,28,41
5,29,42
5,30,169
5,31,74
5,32,75
5,33,76
5,34,95
5,35,208
5,36,408
5,37,409
5,38,410
5,39,411
5,40,66
5,41,67
5,42,68
5,43,54
5,44,55
5,45,412
5,46,413
5,47,414
5,48,265
5,49,266
5,50,267
5,51,268
5,52,269
5,53,415
5,54,416
5,55,417
5,56,418
5,57,419
5,58,420
5,59,421
5,60,422
5,61,423
5,62,214
5,63,190
5,64,424
5,65,425
5,66,426
5,67,427
5,68,428
5,69,92
5,70,93
5,71,94
5,72,200
5,73,429
5,74,198
5,75,430
5,76,431
5,77,432
5,78,118
5,79,119
5,80,339
5,81,340
5,82,433
5,83,358
5,84,434
5,85,435
5,86,307
5,87,308
5,88,436
5,89,437
5,90,77
5,91,78
5,92,438
5,93,185
5,94,439
5,95,122
5,96,440
5,97,113
5,98,242
5,99,173
5,100,35
5,101,36
5,102,441
5,103,172
5,104,25
5,105,26
5,106,163
5,107,164
5,108,442
5,109,443
5,110,444
5,111,445
5,112,446
5,113,143
5,114,201
5,115,447
5,116,448
5,117,194
5,118,195
5,119,278
5,120,279
5,121,203
5,122,449
5,123,450
5,124,298
5,125,183
5,126,184
5,127,451
5,128,452
5,129,453
5,130,454
5,131,455
5,132,223
5,133,224
5,134,456
5,135,457
5,136,72
5,137,73
5,138,349
5,139,350
5,140,458
5,141,226
5,142,459
5,143,460
5,144,215
5,145,461
5,146,480
5,147,481
5,148,482
5,149,483
5,150,484
5,151,490
6,1,387
6,2,388
6,3,389
6,4,390
6,5,391
6,6,392
6,7,393
6,8,394
6,9,395
6,10,396
6,11,397
6,12,398
6,13,399
6,14,400
6,15,401
6,16,402
6,17,403
6,18,404
6,19,405
6,20,63
6,21,64
6,22,65
6,23,129
6,24,130
6,25,406
6,26,315
6,27,407
6,28,41
6,29,42
6,30,169
6,31,74
6,32,75
6,33,76
6,34,95
6,35,208
6,36,408
6,37,409
6,38,410
6,39,411
6,40,66
6,41,67
6,42,68
6,43,54
6,44,55
6,45,412
6,46,413
6,47,414
6,48,265
6,49,266
6,50,267
6,51,268
6,52,269
6,53,415
6,54,416
6,55,417
6,56,418
6,57,419
6,58,420
6,59,421
6,60,422
6,61,423
6,62,214
6,63,190
6,64,424
6,65,425
6,66,426
6,67,427
6,68,428
6,69,92
6,70,93
6,71,94
6,72,200
6,73,429
6,74,198
6,75,430
6,76,431
6,77,432
6,78,118
6,79,119
6,80,339
6,81,340
6,82,433
6,83,358
6,84,434
6,85,435
6,86,307
6,87,308
6,88,436
6,89,437
6,90,77
6,91,78
6,92,438
6,93,185
6,94,439
6,95,122
6,96,440
6,97,113
6,98,242
6,99,173
6,100,35
6,101,36
6,102,441
6,103,172
6,104,25
6,105,26
6,106,163
6,107,164
6,108,442
6,109,443
6,110,444
6,111,445
6,112,446
6,113,143
6,114,201
6,115,447
6,116,448
6,117,194
6,118,195
6,119,278
6,120,279
6,121,203
6,122,449
6,123,450
6,124,298
6,125,183
6,126,184
6,127,451
6,128,452
6,129,453
6,130,454
6,131,455
6,132,223
6,133,224
6,134,456
6,135,457
6,136,72
6,137,73
6,138,349
6,139,350
6,140,458
6,141,226
6,142,459
6,143,460
6,144,215
6,145,461
6,146,480
6,147,481
6,148,482
6,149,483
6,150,484
6,151,490
6,152,479
6,153,207
6,154,472
6,155,299
6,156,476
6,157,280
6,158,281
6,159,282
6,160,475
6,161,108
6,162,463
6,163,133
6,164,134
6,165,135
6,166,136
6,167,196
6,168,197
6,169,470
6,170,471
6,171,333
6,172,334
6,173,175
6,174,176
6,175,468
6,176,228
6,177,229
6,178,81
6,179,82
6,180,462
6,181,114
6,182,465
6,183,193
6,184,469
6,185,357
6,186,111
6,187,112
6,188,464
6,189,355
6,190,356
6,191,477
6,192,137
6,193,233
6,194,474
6,195,123
6,196,212
6,197,239
6,198,125
6,199,466
6,200,240
6,201,126
6,202,467
6,203,220
6,204,221
6,205,473
6,206,361
6,207,362
6,208,478
6,209,359
6,210,487
7,1,152
7,2,153
7,3,154
7,4,155
7,5,156
7,6,157
7,7,158
7,8,159
7,9,160
7,10,16
7,11,17
7,12,18
7,13,21
7,14,22
7,15,163
7,16,164
7,17,19
7,18,20
7,19,161
7,20,162
7,21,172
7,22,25
7,23,26
7,24,10
7,25,11
7,26,12
7,27,13
7,28,14
7,29,15
7,30,165
7,31,166
7,32,167
7,33,168
7,34,74
7,35,75
7,36,76
7,37,41
7,38,42
7,39,169
7,40,173
7,41,35
7,42,36
7,43,174
7,44,39
7,45,40
7,46,175
7,47,176
7,48,27
7,49,28
7,50,23
7,51,24
7,52,206
7,53,179
7,54,180
7,55,181
7,56,194
7,57,195
7,58,92
7,59,93
7,60,94
7,61,201
7,62,95
7,63,208
7,64,69
7,65,70
7,66,71
7,67,187
7,68,188
7,69,189
7,70,46
7,71,47
7,72,60
7,73,61
7,74,62
7,75,186
7,76,129
7,77,130
7,78,118
7,79,119
7,80,79
7,81,80
7,82,199
7,83,43
7,84,44
7,85,45
7,86,182
7,87,96
7,88,97
7,89,63
7,90,64
7,91,65
7,92,132
7,93,204
7,94,205
7,95,29
7,96,30
7,97,31
7,98,32
7,99,33
7,100,34
7,101,193
7,102,469
7,103,191
7,104,192
7,105,102
7,106,103
7,107,185
7,108,202
7,109,48
7,110,49
7,111,123
7,112,212
7,113,127
7,114,214
7,115,109
7,116,110
7,117,88
7,118,89
7,119,81
7,120,82
7,121,100
7,122,101
7,123,190
7,124,424
7,125,209
7,126,210
7,127,37
7,128,38
7,129,58
7,130,59
7,131,234
7,132,183
7,133,184
7,134,50
7,135,51
7,136,56
7,137,57
7,138,52
7,139,53
7,140,54
7,141,55
7,142,66
7,143,67
7,144,68
7,145,236
7,146,106
7,147,107
7,148,237
7,149,203
7,150,128
7,151,241
7,152,240
7,153,126
7,154,238
7,155,124
7,156,239
7,157,125
7,158,122
7,159,235
7,160,83
7,161,177
7,162,178
7,163,211
7,164,72
7,165,73
7,166,98
7,167,99
7,168,213
7,169,120
7,170,121
7,171,90
7,172,91
7,173,222
7,174,223
7,175,224
7,176,170
7,177,171
7,178,86
7,179,87
7,180,108
7,181,463
7,182,114
7,183,465
7,184,133
7,185,134
7,186,135
7,187,136
7,188,196
7,189,197
7,190,116
7,191,117
7,192,230
7,193,207
7,194,225
7,195,220
7,196,221
7,197,473
7,198,216
7,199,217
7,200,231
7,201,232
7,202,226
7,203,227
7,204,84
7,205,85
7,206,77
7,207,78
7,208,104
7,209,105
7,210,115
7,211,111
7,212,112
7,213,198
7,214,228
7,215,229
7,216,218
7,217,219
7,218,215
7,219,200
7,220,137
7,221,233
7,222,113
7,223,242
7,224,131
7,225,138
7,226,139
7,227,140
7,228,141
7,229,142
7,230,143
7,231,1
7,232,2
7,233,3
7,234,4
7,235,5
7,236,6
7,237,7
7,238,8
7,239,9
7,240,144
7,241,145
7,242,146
7,243,243
7,244,244
7,245,245
7,246,147
7,247,148
7,248,149
7,249,246
7,250,247
7,251,248
7,252,249
7,253,250
7,254,150
7,255,151
7,256,251
8,0,494
8,1,495
8,2,496
8,3,497
8,4,498
8,5,499
8,6,500
8,7,501
8,8,502
8,9,503
8,10,504
8,11,505
8,12,506
8,13,507
8,14,508
8,15,509
8,16,510
8,17,511
8,18,512
8,19,513
8,20,514
8,21,515
8,22,516
8,23,517
8,24,518
8,25,519
8,26,520
8,27,521
8,28,522
8,29,523
8,30,524
8,31,525
8,32,526
8,33,527
8,34,528
8,35,529
8,36,530
8,37,531
8,38,532
8,39,533
8,40,534
8,41,535
8,42,536
8,43,537
8,44,538
8,45,539
8,46,540
8,47,541
8,48,542
8,49,543
8,50,544
8,51,545
8,52,546
8,53,547
8,54,548
8,55,549
8,56,550
8,57,551
8,58,552
8,59,553
8,60,554
8,61,555
8,62,556
8,63,557
8,64,558
8,65,559
8,66,560
8,67,561
8,68,562
8,69,563
8,70,564
8,71,565
8,72,566
8,73,567
8,74,568
8,75,569
8,76,570
8,77,571
8,78,572
8,79,573
8,80,574
8,81,575
8,82,576
8,83,577
8,84,578
8,85,579
8,86,580
8,87,581
8,88,582
8,89,583
8,90,584
8,91,585
8,92,586
8,93,587
8,94,588
8,95,589
8,96,590
8,97,591
8,98,592
8,99,593
8,100,594
8,101,595
8,102,596
8,103,597
8,104,598
8,105,599
8,106,600
8,107,601
8,108,602
8,109,603
8,110,604
8,111,605
8,112,606
8,113,607
8,114,608
8,115,609
8,116,610
8,117,611
8,118,612
8,119,613
8,120,614
8,121,615
8,122,616
8,123,617
8,124,618
8,125,619
8,126,620
8,127,621
8,128,622
8,129,623
8,130,624
8,131,625
8,132,626
8,133,627
8,134,628
8,135,629
8,136,630
8,137,631
8,138,632
8,139,633
8,140,634
8,141,635
8,142,636
8,143,637
8,144,638
8,145,639
8,146,640
8,147,641
8,148,642
8,149,643
8,150,644
8,151,645
8,152,646
8,153,647
8,154,648
8,155,649
9,0,494
9,1,495
9,2,496
9,3,497
9,4,498
9,5,499
9,6,500
9,7,501
9,8,502
9,9,503
9,10,504
9,11,505
9,12,509
9,13,510
9,14,519
9,15,520
9,16,521
9,17,540
9,18,541
9,19,542
9,20,191
9,21,192
9,22,506
9,23,507
9,24,508
9,25,179
9,26,180
9,27,181
9,28,54
9,29,55
9,30,298
9,31,183
9,32,184
9,33,447
9,34,448
9,35,206
9,36,531
9,37,511
9,38,512
9,39,513
9,40,514
9,41,515
9,42,516
9,43,543
9,44,544
9,45,545
9,46,109
9,47,110
9,48,81
9,49,82
9,50,462
9,51,58
9,52,59
9,53,240
9,54,126
9,55,467
9,56,239
9,57,125
9,58,466
9,59,19
9,60,20
9,61,41
9,62,42
9,63,169
9,64,88
9,65,89
9,66,527
9,67,528
9,68,524
9,69,525
9,70,526
9,71,95
9,72,208
9,73,532
9,74,533
9,75,534
9,76,529
9,77,530
9,78,300
9,79,301
9,80,427
9,81,428
9,82,546
9,83,547
9,84,548
9,85,549
9,86,517
9,87,518
9,88,173
9,89,35
9,90,36
9,91,133
9,92,134
9,93,135
9,94,136
9,95,196
9,96,197
9,97,470
9,98,471
9,99,551
9,100,552
9,101,553
9,102,554
9,103,555
9,104,550
9,105,568
9,106,569
9,107,572
9,108,573
9,109,627
9,110,628
9,111,629
9,112,630
9,113,27
9,114,28
9,115,557
9,116,558
9,117,559
9,118,560
9,119,556
9,120,561
9,121,328
9,122,329
9,123,330
9,124,562
9,125,563
9,126,564
9,127,565
9,128,566
9,129,567
9,130,599
9,131,600
9,132,601
9,133,406
9,134,315
9,135,407
9,136,574
9,137,575
9,138,576
9,139,577
9,140,578
9,141,579
9,142,415
9,143,416
9,144,587
9,145,214
9,146,127
9,147,522
9,148,523
9,149,418
9,150,419
9,151,570
9,152,571
9,153,580
9,154,581
9,155,588
9,156,589
9,157,616
9,158,617
9,159,585
9,160,586
9,161,590
9,162,591
9,163,351
9,164,299
9,165,476
9,166,304
9,167,305
9,168,306
9,169,343
9,170,344
9,171,636
9,172,637
9,173,595
9,174,596
9,175,597
9,176,598
9,177,602
9,178,603
9,179,604
9,180,592
9,181,593
9,182,594
9,183,610
9,184,611
9,185,612
9,186,335
9,187,336
9,188,605
9,189,606
9,190,607
9,191,608
9,192,609
9,193,631
9,194,632
9,195,613
9,196,614
9,197,615
9,198,641
9,199,642
9,200,645
9,201,451
9,202,452
9,203,227
9,204,322
9,205,323
9,206,325
9,207,326
9,208,425
9,209,426
9,210,353
9,211,354
9,212,278
9,213,279
9,214,337
9,215,338
9,216,359
9,217,114
9,218,465
9,219,619
9,220,620
9,221,207
9,222,472
9,223,624
9,224,625
9,225,638
9,226,639
9,227,640
9,228,535
9,229,536
9,230,537
9,231,618
9,232,213
9,233,458
9,234,226
9,235,223
9,236,224
9,237,222
9,238,120
9,239,121
9,240,320
9,241,321
9,242,131
9,243,363
9,244,364
9,245,365
9,246,333
9,247,334
9,248,37
9,249,38
9,250,436
9,251,437
9,252,215
9,253,461
9,254,225
9,255,582
9,256,583
9,257,584
9,258,220
9,259,221
9,260,473
9,261,132
9,262,374
9,263,375
9,264,376
9,265,86
9,266,87
9,267,538
9,268,539
9,269,626
9,270,621
9,271,622
9,272,623
9,273,633
9,274,634
9,275,635
9,276,287
9,277,288
9,278,289
9,279,341
9,280,342
9,281,174
9,282,39
9,283,40
9,284,108
9,285,463
9,286,193
9,287,469
9,288,357
9,289,455
9,290,453
9,291,454
9,292,246
9,293,247
9,294,248
9,295,643
9,296,644
9,297,646
9,298,647
9,299,648
9,300,649
10,1,650
10,2,651
10,3,652
10,4,653
10,5,654
10,6,655
10,7,656
10,8,657
10,9,658
10,10,659
10,11,660
10,12,263
10,13,264
10,14,661
10,15,662
10,16,663
10,17,16
10,18,17
10,19,18
10,20,664
10,21,665
10,22,666
10,23,10
10,24,11
10,25,12
10,26,13
10,27,14
10,28,15
10,29,511
10,30,512
10,31,513
10,32,514
10,33,515
10,34,516
10,35,172
10,36,25
10,37,26
10,38,399
10,39,400
10,40,206
10,41,298
10,42,183
10,43,184
10,44,412
10,45,413
10,46,414
10,47,283
10,48,284
10,49,129
10,50,130
10,51,341
10,52,342
10,53,118
10,54,119
10,55,318
10,56,319
10,57,667
10,58,668
10,59,54
10,60,55
10,61,83
10,62,447
10,63,448
10,64,280
10,65,281
10,66,282
10,67,475
10,68,669
10,69,670
10,70,671
10,71,406
10,72,315
10,73,407
10,74,165
10,75,166
10,76,415
10,77,416
10,78,300
10,79,301
10,80,1
10,81,2
10,82,3
10,83,4
10,84,5
10,85,6
10,86,7
10,87,8
10,88,9
10,89,672
10,90,673
10,91,674
10,92,675
10,93,676
10,94,84
10,95,85
10,96,311
10,97,312
10,98,316
10,99,317
10,100,559
10,101,560
10,102,63
10,103,64
10,104,65
10,105,43
10,106,44
10,107,45
10,108,182
10,109,161
10,110,162
10,111,290
10,112,291
10,113,292
10,114,677
10,115,678
10,116,352
10,117,679
10,118,680
10,119,681
10,120,543
10,121,544
10,122,545
10,123,531
10,124,235
10,125,453
10,126,454
10,127,580
10,128,581
10,129,682
10,130,683
10,131,684
10,132,685
10,133,313
10,134,314
10,135,187
10,136,188
10,137,189
10,138,446
10,139,143
10,140,293
10,141,294
10,142,295
10,143,307
10,144,308
10,145,41
10,146,42
10,147,169
10,148,610
10,149,611
10,150,612
10,151,719
10,152,720
10,153,721
11,1,425
11,2,426
11,3,619
11,4,620
11,5,335
11,6,336
11,7,325
11,8,326
11,9,359
11,10,686
11,11,687
11,12,337
11,13,338
11,14,371
11,15,372
11,16,373
11,17,278
11,18,279
11,19,276
11,20,277
11,21,688
11,22,689
11,23,557
11,24,558
11,25,72
11,26,73
11,27,320
11,28,321
11,29,370
11,30,690
11,31,691
11,32,692
11,33,693
11,34,120
11,35,121
11,36,90
11,37,91
11,38,211
11,39,116
11,40,117
11,41,230
11,42,369
11,43,551
11,44,552
11,45,553
11,46,694
11,47,695
11,48,449
11,49,450
11,50,111
11,51,112
11,52,464
11,53,95
11,54,208
11,55,527
11,56,528
11,57,66
11,58,67
11,59,68
11,60,104
11,61,105
11,62,115
11,63,303
11,64,696
11,65,697
11,66,698
11,67,699
11,68,142
11,69,597
11,70,598
11,71,209
11,72,210
11,73,309
11,74,310
11,75,228
11,76,229
11,77,133
11,78,134
11,79,135
11,80,136
11,81,196
11,82,197
11,83,470
11,84,471
11,85,700
11,86,587
11,87,193
11,88,469
11,89,701
11,90,561
11,91,622
11,92,623
11,93,299
11,94,476
11,95,296
11,96,297
11,97,538
11,98,539
11,99,396
11,100,397
11,101,398
11,102,434
11,103,435
11,104,29
11,105,30
11,106,31
11,107,32
11,108,33
11,109,34
11,110,702
11,111,433
11,112,358
11,113,439
11,114,122
11,115,577
11,116,578
11,117,579
11,118,360
11,119,202
11,120,524
11,121,525
11,122,526
11,123,302
11,124,703
11,125,128
11,126,241
11,127,179
11,128,180
11,129,181
11,130,127
11,131,214
11,132,417
11,133,79
11,134,80
11,135,199
11,136,102
11,137,103
11,138,441
11,139,458
11,140,226
11,141,366
11,142,367
11,143,368
11,144,223
11,145,224
11,146,222
11,147,170
11,148,171
11,149,594
11,150,131
11,151,144
11,152,145
11,153,146
12,1,50
12,2,51
12,3,328
12,4,329
12,5,330
12,6,443
12,7,444
12,8,445
12,9,74
12,10,75
12,11,76
12,12,218
12,13,219
12,14,213
12,15,451
12,16,452
12,17,194
12,18,195
12,19,704
12,20,705
12,21,706
12,22,588
12,23,589
12,24,616
12,25,617
12,26,69
12,27,70
12,28,71
12,29,455
12,30,92
12,31,93
12,32,94
12,33,60
12,34,61
12,35,62
12,36,186
12,37,23
12,38,24
12,39,618
12,40,339
12,41,340
12,42,509
12,43,510
12,44,261
12,45,262
12,46,504
12,47,505
12,48,624
12,49,625
12,50,707
12,51,198
12,52,430
12,53,590
12,54,591
12,55,270
12,56,271
12,57,272
12,58,418
12,59,419
12,60,550
12,61,708
12,62,709
12,63,710
12,64,711
12,65,607
12,66,608
12,67,609
12,68,479
12,69,81
12,70,82
12,71,462
12,72,100
12,73,101
12,74,568
12,75,569
12,76,220
12,77,221
12,78,473
12,79,712
12,80,713
12,81,613
12,82,614
12,83,238
12,84,124
12,85,582
12,86,583
12,87,584
12,88,459
12,89,460
12,90,225
12,91,215
12,92,461
12,93,532
12,94,533
12,95,534
12,96,324
12,97,27
12,98,28
12,99,304
12,100,305
12,101,306
12,102,246
12,103,247
12,104,248
12,105,631
12,106,632
12,107,167
12,108,168
12,109,21
12,110,22
12,111,615
12,112,227
12,113,714
12,114,715
12,115,207
12,116,472
12,117,163
12,118,164
12,119,174
12,120,39
12,121,40
12,122,353
12,123,354
12,124,570
12,125,571
12,126,574
12,127,575
12,128,576
12,129,438
12,130,185
12,131,327
12,132,216
12,133,217
12,134,108
12,135,463
12,136,123
12,137,212
12,138,132
12,139,333
12,140,334
12,141,621
12,142,633
12,143,634
12,144,635
12,145,147
12,146,148
12,147,149
12,148,716
12,149,717
12,150,718
12,151,150
13,1,252
13,2,253
13,3,254
13,4,255
13,5,256
13,6,257
13,7,258
13,8,259
13,9,260
13,10,261
13,11,262
13,12,263
13,13,264
13,14,265
13,15,266
13,16,267
13,17,268
13,18,269
13,19,270
13,20,271
13,21,272
13,22,273
13,23,274
13,24,275
13,25,276
13,26,277
13,27,278
13,28,279
13,29,280
13,30,281
13,31,282
13,32,475
13,33,283
13,34,284
13,35,285
13,36,286
13,37,287
13,38,288
13,39,289
13,40,63
13,41,64
13,42,65
13,43,290
13,44,291
13,45,292
13,46,293
13,47,294
13,48,295
13,49,296
13,50,297
13,51,118
13,52,119
13,53,129
13,54,130
13,55,298
13,56,183
13,57,184
13,58,74
13,59,75
13,60,76
13,61,299
13,62,476
13,63,300
13,64,301
13,65,41
13,66,42
13,67,169
13,68,72
13,69,73
13,70,302
13,71,303
13,72,304
13,73,305
13,74,306
13,75,66
13,76,67
13,77,68
13,78,307
13,79,308
13,80,309
13,81,310
13,82,311
13,83,312
13,84,81
13,85,82
13,86,462
13,87,100
13,88,101
13,89,313
13,90,314
13,91,43
13,92,44
13,93,45
13,94,182
13,95,84
13,96,85
13,97,406
13,98,315
13,99,407
13,100,316
13,101,317
13,102,318
13,103,319
13,104,320
13,105,321
13,106,322
13,107,323
13,108,218
13,109,219
13,110,324
13,111,88
13,112,89
13,113,109
13,114,110
13,115,325
13,116,326
13,117,27
13,118,28
13,119,327
13,120,227
13,121,328
13,122,329
13,123,330
13,124,331
13,125,332
13,126,333
13,127,334
13,128,335
13,129,336
13,130,337
13,131,338
13,132,339
13,133,340
13,134,341
13,135,342
13,136,343
13,137,344
13,138,345
13,139,346
13,140,347
13,141,348
13,142,174
13,143,39
13,144,40
13,145,349
13,146,350
13,147,351
13,148,120
13,149,121
13,150,352
13,151,353
13,152,354
13,153,355
13,154,356
13,155,477
13,156,357
13,157,433
13,158,358
13,159,359
13,160,37
13,161,38
13,162,172
13,163,25
13,164,26
13,165,54
13,166,55
13,167,360
13,168,202
13,169,177
13,170,178
13,171,203
13,172,231
13,173,232
13,174,127
13,175,214
13,176,111
13,177,112
13,178,464
13,179,361
13,180,362
13,181,478
13,182,363
13,183,364
13,184,365
13,185,366
13,186,367
13,187,368
13,188,369
13,189,222
13,190,170
13,191,171
13,192,370
13,193,116
13,194,117
13,195,230
13,196,371
13,197,372
13,198,373
13,199,374
13,200,375
13,201,376
13,202,377
13,203,378
13,204,379
13,205,380
13,206,381
13,207,382
13,208,383
13,209,384
13,210,385
13,211,386
14,1,722
14,2,723
14,3,724
14,4,725
14,5,726
14,6,727
14,7,728
14,8,729
14,9,730
14,10,731
14,11,732
14,12,733
14,13,734
14,14,735
14,15,19
14,16,20
14,17,10
14,18,11
14,19,12
14,20,165
14,21,166
14,22,167
14,23,168
14,24,172
14,25,25
14,26,26
14,27,736
14,28,737
14,29,738
14,30,438
14,31,185
14,32,440
14,33,113
14,34,242
14,35,446
14,36,143
14,37,79
14,38,80
14,39,199
14,40,278
14,41,279
14,42,63
14,43,64
14,44,65
14,45,52
14,46,53
14,47,81
14,48,82
14,49,462
14,50,88
14,51,89
14,52,58
14,53,59
14,54,96
14,55,97
14,56,296
14,57,297
14,58,235
14,59,739
14,60,740
14,61,92
14,62,93
14,63,94
14,64,425
14,65,426
14,66,200
14,67,429
14,68,41
14,69,42
14,70,169
14,71,50
14,72,51
14,73,21
14,74,22
14,75,627
14,76,628
14,77,629
14,78,630
14,79,56
14,80,57
14,81,225
14,82,741
14,83,742
14,84,743
14,85,548
14,86,549
14,87,546
14,88,547
14,89,54
14,90,55
14,91,129
14,92,130
14,93,339
14,94,340
14,95,66
14,96,67
14,97,68
14,98,524
14,99,525
14,100,526
14,101,703
14,102,302
14,103,744
14,104,745
14,105,327
14,106,72
14,107,73
14,108,456
14,109,457
14,110,746
14,111,370
14,112,222
14,113,747
14,114,748
14,115,90
14,116,91
14,117,371
14,118,372
14,119,373
14,120,506
14,121,507
14,122,508
14,123,133
14,124,134
14,125,135
14,126,136
14,127,196
14,128,197
14,129,470
14,130,471
14,131,700
14,132,749
14,133,750
14,134,174
14,135,39
14,136,40
14,137,128
14,138,241
14,139,283
14,140,284
14,141,751
14,142,752
14,143,753
14,144,754
14,145,755
14,146,756
14,147,46
14,148,47
14,149,60
14,150,61
14,151,62
14,152,186
14,153,118
14,154,119
14,155,349
14,156,350
14,157,594
14,158,661
14,159,662
14,160,663
14,161,757
14,162,758
14,163,104
14,164,105
14,165,115
14,166,240
14,167,126
14,168,467
14,169,759
14,170,760
14,171,761
14,172,762
14,173,763
14,174,764
14,175,127
14,176,765
14,177,766
14,178,704
14,179,705
14,180,706
14,181,351
14,182,767
14,183,768
14,184,120
14,185,121
14,186,769
14,187,770
14,188,408
14,189,409
14,190,410
14,191,411
14,192,566
14,193,567
14,194,564
14,195,565
14,196,708
14,197,709
14,198,299
14,199,476
14,200,771
14,201,170
14,202,171
14,203,772
14,204,773
14,205,718
14,206,568
14,207,569
14,208,227
14,209,132
14,210,173
14,211,35
14,212,36
14,213,774
14,214,374
14,215,375
14,216,376
14,217,137
14,218,233
14,219,474
14,220,674
14,221,675
14,222,775
14,223,324
14,224,776
14,225,777
14,226,239
14,227,125
14,228,466
14,229,74
14,230,75
14,231,76
14,232,551
14,233,552
14,234,553
14,235,328
14,236,329
14,237,330
14,238,443
14,239,444
14,240,445
14,241,707
14,242,778
14,243,779
14,244,780
14,245,359
14,246,361
14,247,362
14,248,478
14,249,215
14,250,461
14,251,27
14,252,28
14,253,37
14,254,38
14,255,582
14,256,583
14,257,584
14,258,209
14,259,210
14,260,422
14,261,423
14,262,369
14,263,781
14,264,318
14,265,319
14,266,320
14,267,321
14,268,131
14,269,102
14,270,103
14,271,782
14,272,783
14,273,784
14,274,587
14,275,123
14,276,212
14,277,198
14,278,430
14,279,447
14,280,448
14,281,147
14,282,148
14,283,149
14,284,142
14,285,785
14,286,786
14,287,787
14,288,788
14,289,789
14,290,790
14,291,791
14,292,792
14,293,793
14,294,794
14,295,795
14,296,796
14,297,797
14,298,798
14,299,799
14,300,800
14,301,801
14,302,802
15,1,722
15,2,723
15,3,724
15,4,725
15,5,726
15,6,727
15,7,728
15,8,729
15,9,730
15,10,731
15,11,732
15,12,733
15,13,734
15,14,735
15,15,19
15,16,20
15,17,10
15,18,11
15,19,12
15,20,165
15,21,166
15,22,167
15,23,168
15,24,172
15,25,25
15,26,26
15,27,736
15,28,737
15,29,738
15,30,438
15,31,185
15,32,440
15,33,113
15,34,242
15,35,446
15,36,143
15,37,79
15,38,80
15,39,199
15,40,278
15,41,279
15,42,63
15,43,64
15,44,65
15,45,52
15,46,53
15,47,81
15,48,82
15,49,462
15,50,88
15,51,89
15,52,58
15,53,59
15,54,96
15,55,97
15,56,296
15,57,297
15,58,235
15,59,739
15,60,740
15,61,92
15,62,93
15,63,94
15,64,425
15,65,426
15,66,200
15,67,429
15,68,41
15,69,42
15,70,169
15,71,50
15,72,51
15,73,21
15,74,22
15,75,627
15,76,628
15,77,629
15,78,630
15,79,56
15,80,57
15,81,225
15,82,741
15,83,742
15,84,743
15,85,548
15,86,549
15,87,546
15,88,547
15,89,54
15,90,55
15,91,129
15,92,130
15,93,339
15,94,340
15,95,66
15,96,67
15,97,68
15,98,524
15,99,525
15,100,526
15,101,703
15,102,302
15,103,744
15,104,745
15,105,327
15,106,72
15,107,73
15,108,456
15,109,457
15,110,746
15,111,370
15,112,222
15,113,747
15,114,748
15,115,90
15,116,91
15,117,371
15,118,372
15,119,373
15,285,785
16,10,731
16,11,732
16,12,733
16,13,734
16,14,735
16,15,19
16,16,20
16,17,10
16,18,11
16,19,12
16,27,736
16,28,737
16,29,738
16,30,438
16,31,185
16,32,440
16,33,113
16,34,242
16,40,278
16,41,279
16,59,739
16,60,740
16,61,92
16,62,93
16,63,94
16,68,41
16,69,42
16,70,169
16,71,50
16,72,51
16,82,741
16,89,54
16,90,55
16,91,129
16,92,130
16,93,339
16,94,340
16,106,72
16,107,73
16,108,456
16,109,457
16,110,746
16,111,370
16,112,222
16,113,747
16,114,748
16,120,506
16,121,507
16,122,508
16,123,133
16,124,134
16,125,135
16,126,136
16,127,196
16,128,197
16,129,470
16,130,471
16,131,700
16,132,749
16,133,750
16,134,174
16,135,39
16,136,40
16,137,128
16,138,241
16,139,283
16,140,284
16,141,751
16,142,752
16,143,753
16,144,754
16,145,755
16,146,756
16,147,46
16,148,47
16,149,60
16,150,61
16,151,62
16,152,186
16,153,118
16,154,119
16,155,349
16,156,350
16,157,594
16,158,661
16,159,662
16,160,663
16,161,757
16,162,758
16,163,104
16,164,105
16,165,115
16,166,240
16,167,126
16,168,467
16,169,759
16,170,760
16,171,761
16,172,762
16,173,763
16,174,764
16,175,127
16,176,765
16,177,766
16,178,704
16,179,705
16,180,706
16,181,351
16,182,767
16,183,768
16,184,120
16,185,121
16,186,769
16,187,770
16,188,408
16,189,409
16,190,410
16,191,411
16,192,566
16,193,567
16,194,564
16,195,565
16,196,708
16,197,709
16,198,299
16,199,476
16,200,771
16,201,170
16,202,171
16,286,786
17,10,731
17,11,732
17,12,733
17,13,734
17,14,735
17,15,19
17,16,20
17,20,165
17,21,166
17,22,167
17,23,168
17,27,736
17,28,737
17,29,738
17,32,440
17,33,113
17,34,242
17,37,79
17,38,80
17,39,199
17,40,278
17,41,279
17,45,52
17,46,53
17,47,81
17,48,82
17,49,462
17,50,88
17,51,89
17,59,739
17,60,740
17,61,92
17,62,93
17,63,94
17,68,41
17,69,42
17,70,169
17,71,50
17,72,51
17,73,21
17,74,22
17,82,741
17,83,742
17,84,743
17,85,548
17,86,549
17,87,546
17,88,547
17,89,54
17,90,55
17,91,129
17,92,130
17,106,72
17,107,73
17,108,456
17,109,457
17,110,746
17,132,749
17,133,750
17,139,283
17,140,284
17,141,751
17,142,752
17,145,755
17,146,756
17,147,46
17,148,47
17,149,60
17,150,61
17,151,62
17,152,186
17,153,118
17,154,119
17,178,704
17,179,705
17,180,706
17,181,351
17,206,568
17,207,569
17,208,227
17,209,132
17,210,173
17,211,35
17,212,36
17,213,774
17,214,374
17,215,375
17,216,376
17,217,137
17,218,233
17,219,474
17,220,674
17,221,675
17,222,775
17,223,324
17,224,776
17,225,777
17,226,239
17,227,125
17,228,466
17,229,74
17,230,75
17,231,76
17,232,551
17,233,552
17,234,553
17,235,328
17,236,329
17,237,330
17,238,443
17,239,444
17,240,445
17,241,707
17,242,778
17,243,779
17,244,780
17,245,359
17,246,361
17,247,362
17,248,478
17,249,215
17,250,461
17,251,27
17,252,28
17,253,37
17,254,38
17,255,582
17,256,583
17,257,584
17,287,787
18,10,731
18,11,732
18,12,733
18,13,734
18,14,735
18,15,19
18,16,20
18,32,440
18,33,113
18,34,242
18,40,278
18,41,279
18,54,96
18,55,97
18,56,296
18,57,297
18,59,739
18,60,740
18,68,41
18,69,42
18,70,169
18,71,50
18,72,51
18,73,21
18,74,22
18,75,627
18,76,628
18,77,629
18,78,630
18,79,56
18,80,57
18,82,741
18,83,742
18,84,743
18,85,548
18,86,549
18,87,546
18,88,547
18,89,54
18,90,55
18,91,129
18,92,130
18,93,339
18,94,340
18,95,66
18,96,67
18,97,68
18,98,524
18,99,525
18,100,526
18,101,703
18,102,302
18,103,744
18,104,745
18,106,72
18,107,73
18,108,456
18,109,457
18,132,749
18,133,750
18,137,128
18,138,241
18,169,759
18,170,760
18,175,127
18,178,704
18,179,705
18,180,706
18,181,351
18,182,767
18,183,768
18,208,227
18,258,209
18,259,210
18,260,422
18,261,423
18,262,369
18,263,781
18,264,318
18,265,319
18,266,320
18,267,321
18,268,131
18,269,102
18,270,103
18,271,782
18,272,783
18,273,784
18,274,587
18,275,123
18,276,212
18,277,198
18,278,430
18,279,447
18,280,448
18,281,147
18,282,148
18,283,149
18,284,142
18,288,788
19,1,722
19,2,723
19,3,724
19,4,725
19,5,726
19,6,727
19,7,728
19,8,729
19,9,730
19,10,731
19,11,732
19,12,733
19,13,734
19,14,735
19,15,19
19,16,20
19,17,10
19,18,11
19,19,12
19,20,165
19,21,166
19,22,167
19,23,168
19,24,427
19,25,428
19,26,686
19,27,687
19,28,570
19,29,571
19,30,676
19,31,172
19,32,25
19,33,26
19,34,736
19,35,737
19,36,738
19,37,438
19,38,185
19,39,440
19,40,113
19,41,242
19,42,446
19,43,143
19,44,79
19,45,80
19,46,199
19,47,278
19,48,279
19,49,63
19,50,64
19,51,65
19,52,52
19,53,53
19,54,81
19,55,82
19,56,462
19,57,88
19,58,89
19,59,439
19,60,122
19,61,23
19,62,24
19,63,206
19,64,58
19,65,59
19,66,96
19,67,97
19,68,296
19,69,297
19,70,235
19,71,739
19,72,740
19,73,92
19,74,93
19,75,94
19,76,425
19,77,426
19,78,198
19,79,430
19,80,41
19,81,42
19,82,169
19,83,714
19,84,715
19,85,50
19,86,51
19,87,21
19,88,22
19,89,627
19,90,628
19,91,629
19,92,630
19,93,56
19,94,57
19,95,225
19,96,701
19,97,741
19,98,742
19,99,743
19,100,669
19,101,670
19,102,671
19,103,548
19,104,549
19,105,546
19,106,547
19,107,54
19,108,55
19,109,238
19,110,124
19,111,129
19,112,130
19,113,339
19,114,340
19,115,86
19,116,87
19,117,66
19,118,67
19,119,68
19,120,524
19,121,525
19,122,526
19,123,703
19,124,302
19,125,303
19,126,744
19,127,745
19,128,327
19,129,72
19,130,73
19,131,456
19,132,457
19,133,746
19,134,370
19,135,222
19,136,747
19,137,748
19,138,90
19,139,91
19,140,366
19,141,367
19,142,368
19,143,223
19,144,224
19,145,458
19,146,226
19,147,371
19,148,372
19,149,373
19,150,506
19,151,507
19,152,508
19,153,133
19,154,134
19,155,135
19,156,136
19,157,196
19,158,197
19,159,470
19,160,471
19,161,700
19,162,179
19,163,180
19,164,181
19,165,749
19,166,750
19,167,174
19,168,39
19,169,40
19,170,128
19,171,241
19,172,283
19,173,284
19,174,751
19,175,752
19,176,753
19,177,754
19,178,755
19,179,756
19,180,46
19,181,47
19,182,60
19,183,61
19,184,62
19,185,186
19,186,118
19,187,119
19,188,550
19,189,349
19,190,350
19,191,594
19,192,661
19,193,662
19,194,663
19,195,757
19,196,758
19,197,104
19,198,105
19,199,115
19,200,240
19,201,126
19,202,467
19,203,636
19,204,637
19,205,759
19,206,760
19,207,761
19,208,762
19,209,763
19,210,764
19,211,127
19,212,163
19,213,164
19,214,352
19,215,765
19,216,766
19,217,704
19,218,705
19,219,706
19,220,351
19,221,767
19,222,768
19,223,120
19,224,121
19,225,769
19,226,770
19,227,138
19,228,139
19,229,140
19,230,141
19,231,345
19,232,346
19,233,347
19,234,348
19,235,408
19,236,409
19,237,410
19,238,411
19,239,566
19,240,567
19,241,564
19,242,565
19,243,696
19,244,697
19,245,698
19,246,699
19,247,246
19,248,247
19,249,248
19,250,708
19,251,709
19,252,177
19,253,178
19,254,299
19,255,476
19,256,771
19,257,170
19,258,171
19,259,772
19,260,773
19,261,803
19,262,804
19,263,718
19,264,568
19,265,569
19,266,572
19,267,573
19,268,204
19,269,205
19,270,227
19,271,132
19,272,173
19,273,35
19,274,36
19,275,605
19,276,606
19,277,774
19,278,374
19,279,375
19,280,376
19,281,137
19,282,233
19,283,474
19,284,674
19,285,675
19,286,775
19,287,324
19,288,776
19,289,228
19,290,229
19,291,702
19,292,777
19,293,309
19,294,310
19,295,239
19,296,125
19,297,466
19,298,74
19,299,75
19,300,76
19,301,551
19,302,552
19,303,553
19,304,328
19,305,329
19,306,330
19,307,443
19,308,444
19,309,445
19,310,343
19,311,344
19,312,622
19,313,623
19,314,707
19,315,778
19,316,353
19,317,354
19,318,592
19,319,593
19,320,779
19,321,780
19,322,359
19,323,361
19,324,362
19,325,478
19,326,215
19,327,461
19,328,27
19,329,28
19,330,37
19,331,38
19,332,582
19,333,583
19,334,584
19,335,559
19,336,560
19,337,624
19,338,625
19,339,209
19,340,210
19,341,422
19,342,423
19,343,369
19,344,781
19,345,318
19,346,319
19,347,690
19,348,691
19,349,692
19,350,693
19,351,320
19,352,321
19,353,131
19,354,357
19,355,102
19,356,103
19,357,341
19,358,342
19,359,619
19,360,620
19,361,782
19,362,783
19,363,784
19,364,587
19,365,123
19,366,212
19,367,214
19,368,190
19,369,424
19,370,667
19,371,668
19,372,200
19,373,429
19,374,621
19,375,108
19,376,463
19,377,447
19,378,448
19,379,147
19,380,148
19,381,149
19,382,142
19,383,785
19,384,786
19,385,787
19,386,788
19,387,789
19,388,790
19,389,791
19,390,792
19,391,793
19,392,805
19,393,806
19,394,794
19,395,795
19,396,796
19,397,797
19,398,798
19,399,799
19,400,800
19,401,801
19,402,802
19,403,807
20,1,722
20,2,723
20,3,724
20,4,725
20,5,726
20,6,727
20,7,728
20,8,729
20,9,730
20,10,731
20,11,732
20,12,733
20,13,734
20,14,735
20,15,19
20,16,20
20,17,10
20,18,11
20,19,12
20,20,165
20,21,166
20,22,167
20,23,168
20,24,427
20,25,428
20,26,686
20,27,687
20,28,570
20,29,571
20,30,676
20,31,172
20,32,25
20,33,26
20,34,736
20,35,737
20,36,738
20,37,438
20,38,185
20,39,440
20,40,113
20,41,242
20,42,446
20,43,143
20,44,79
20,45,80
20,46,199
20,47,278
20,48,279
20,49,63
20,50,64
20,51,65
20,52,52
20,53,53
20,54,81
20,55,82
20,56,462
20,57,88
20,58,89
20,59,439
20,60,122
20,61,23
20,62,24
20,63,206
20,64,58
20,65,59
20,66,96
20,67,97
20,68,296
20,69,297
20,70,235
20,71,739
20,72,740
20,73,92
20,74,93
20,75,94
20,76,425
20,77,426
20,78,198
20,79,430
20,80,41
20,81,42
20,82,169
20,83,714
20,84,715
20,85,50
20,86,51
20,87,21
20,88,22
20,89,627
20,90,628
20,91,629
20,92,630
20,93,56
20,94,57
20,95,225
20,96,701
20,97,741
20,98,742
20,99,743
20,100,669
20,101,670
20,102,671
20,103,548
20,104,549
20,105,546
20,106,547
20,107,54
20,108,55
20,109,238
20,110,124
20,111,129
20,112,130
20,113,339
20,114,340
20,115,86
20,116,87
20,117,66
20,118,67
20,119,68
20,120,524
20,121,525
20,122,526
20,123,703
20,124,302
20,125,303
20,126,744
20,127,745
20,128,327
20,129,72
20,130,73
20,131,456
20,132,457
20,133,746
20,134,370
20,135,222
20,136,747
20,137,748
20,138,90
20,139,91
20,140,366
20,141,367
20,142,368
20,143,223
20,144,224
20,145,458
20,146,226
20,147,371
20,148,372
20,149,373
20,383,785
21,10,731
21,11,732
21,12,733
21,13,734
21,14,735
21,15,19
21,16,20
21,17,10
21,18,11
21,19,12
21,34,736
21,35,737
21,36,738
21,37,438
21,38,185
21,39,440
21,40,113
21,41,242
21,47,278
21,48,279
21,71,739
21,72,740
21,73,92
21,74,93
21,75,94
21,80,41
21,81,42
21,82,169
21,85,50
21,86,51
21,97,741
21,107,54
21,108,55
21,111,129
21,112,130
21,113,339
21,114,340
21,129,72
21,130,73
21,131,456
21,132,457
21,133,746
21,134,370
21,135,222
21,136,747
21,137,748
21,143,223
21,144,224
21,145,458
21,146,226
21,150,506
21,151,507
21,152,508
21,153,133
21,154,134
21,155,135
21,156,136
21,157,196
21,158,197
21,159,470
21,160,471
21,161,700
21,162,179
21,163,180
21,164,181
21,165,749
21,166,750
21,167,174
21,168,39
21,169,40
21,170,128
21,171,241
21,172,283
21,173,284
21,174,751
21,175,752
21,176,753
21,177,754
21,178,755
21,179,756
21,180,46
21,181,47
21,182,60
21,183,61
21,184,62
21,185,186
21,186,118
21,187,119
21,188,550
21,189,349
21,190,350
21,191,594
21,192,661
21,193,662
21,194,663
21,195,757
21,196,758
21,197,104
21,198,105
21,199,115
21,200,240
21,201,126
21,202,467
21,203,636
21,204,637
21,205,759
21,206,760
21,207,761
21,208,762
21,209,763
21,210,764
21,211,127
21,212,163
21,213,164
21,214,352
21,215,765
21,216,766
21,217,704
21,218,705
21,219,706
21,220,351
21,221,767
21,222,768
21,223,120
21,224,121
21,225,769
21,226,770
21,227,138
21,228,139
21,229,140
21,230,141
21,231,345
21,232,346
21,233,347
21,234,348
21,235,408
21,236,409
21,237,410
21,238,411
21,239,566
21,240,567
21,241,564
21,242,565
21,243,696
21,244,697
21,245,698
21,246,699
21,247,246
21,248,247
21,249,248
21,250,708
21,251,709
21,252,177
21,253,178
21,254,299
21,255,476
21,256,771
21,257,170
21,258,171
21,384,786
22,10,731
22,11,732
22,12,733
22,13,734
22,14,735
22,15,19
22,16,20
22,20,165
22,21,166
22,22,167
22,23,168
22,34,736
22,35,737
22,36,738
22,39,440
22,40,113
22,41,242
22,44,79
22,45,80
22,46,199
22,47,278
22,48,279
22,52,52
22,53,53
22,54,81
22,55,82
22,56,462
22,57,88
22,58,89
22,71,739
22,72,740
22,73,92
22,74,93
22,75,94
22,80,41
22,81,42
22,82,169
22,85,50
22,86,51
22,87,21
22,88,22
22,97,741
22,98,742
22,99,743
22,100,669
22,101,670
22,102,671
22,103,548
22,104,549
22,105,546
22,106,547
22,107,54
22,108,55
22,111,129
22,112,130
22,129,72
22,130,73
22,131,456
22,132,457
22,133,746
22,140,366
22,141,367
22,142,368
22,165,749
22,166,750
22,172,283
22,173,284
22,174,751
22,175,752
22,178,755
22,179,756
22,180,46
22,181,47
22,182,60
22,183,61
22,184,62
22,185,186
22,186,118
22,187,119
22,188,550
22,217,704
22,218,705
22,219,706
22,220,351
22,264,568
22,265,569
22,266,572
22,267,573
22,268,204
22,269,205
22,270,227
22,271,132
22,272,173
22,273,35
22,274,36
22,275,605
22,276,606
22,277,774
22,278,374
22,279,375
22,280,376
22,281,137
22,282,233
22,283,474
22,284,674
22,285,675
22,286,775
22,287,324
22,288,776
22,289,228
22,290,229
22,291,702
22,292,777
22,293,309
22,294,310
22,295,239
22,296,125
22,297,466
22,298,74
22,299,75
22,300,76
22,301,551
22,302,552
22,303,553
22,304,328
22,305,329
22,306,330
22,307,443
22,308,444
22,309,445
22,310,343
22,311,344
22,312,622
22,313,623
22,314,707
22,315,778
22,316,353
22,317,354
22,318,592
22,319,593
22,320,779
22,321,780
22,322,359
22,323,361
22,324,362
22,325,478
22,326,215
22,327,461
22,328,27
22,329,28
22,330,37
22,331,38
22,332,582
22,333,583
22,334,584
22,335,559
22,336,560
22,337,624
22,338,625
22,385,787
23,10,731
23,11,732
23,12,733
23,13,734
23,14,735
23,15,19
23,16,20
23,24,427
23,25,428
23,26,686
23,27,687
23,28,570
23,29,571
23,30,676
23,39,440
23,40,113
23,41,242
23,47,278
23,48,279
23,66,96
23,67,97
23,68,296
23,69,297
23,71,739
23,72,740
23,80,41
23,81,42
23,82,169
23,83,714
23,84,715
23,85,50
23,86,51
23,87,21
23,88,22
23,89,627
23,90,628
23,91,629
23,92,630
23,93,56
23,94,57
23,97,741
23,98,742
23,99,743
23,100,669
23,101,670
23,102,671
23,103,548
23,104,549
23,105,546
23,106,547
23,107,54
23,108,55
23,111,129
23,112,130
23,113,339
23,114,340
23,117,66
23,118,67
23,119,68
23,120,524
23,121,525
23,122,526
23,123,703
23,124,302
23,126,744
23,127,745
23,129,72
23,130,73
23,131,456
23,132,457
23,165,749
23,166,750
23,170,128
23,171,241
23,188,550
23,205,759
23,206,760
23,211,127
23,217,704
23,218,705
23,219,706
23,220,351
23,221,767
23,222,768
23,270,227
23,339,209
23,340,210
23,341,422
23,342,423
23,343,369
23,344,781
23,345,318
23,346,319
23,347,690
23,348,691
23,349,692
23,350,693
23,351,320
23,352,321
23,353,131
23,354,357
23,355,102
23,356,103
23,357,341
23,358,342
23,359,619
23,360,620
23,361,782
23,362,783
23,363,784
23,364,587
23,365,123
23,366,212
23,367,214
23,368,190
23,369,424
23,370,667
23,371,668
23,372,200
23,373,429
23,374,621
23,375,108
23,376,463
23,377,447
23,378,448
23,379,147
23,380,148
23,381,149
23,382,142
23,386,788
