version_group_id,ability_id
7,1
7,2
7,3
7,4
7,5
7,6
7,7
7,8
7,9
7,10
7,11
7,12
7,13
7,14
7,15
7,16
7,17
7,18
7,19
7,20
7,21
7,22
7,23
7,24
7,25
7,26
7,27
7,28
7,29
7,30
7,31
7,32
7,33
7,34
7,35
7,36
7,37
7,38
7,39
7,40
7,41
7,42
7,43
7,44
7,45
7,46
7,47
7,48
7,49
7,50
7,51
7,52
7,53
7,54
7,55
7,56
7,57
7,58
7,59
7,60
7,61
7,62
7,63
7,64
7,65
7,66
7,67
7,68
7,69
7,70
7,71
7,72
7,73
7,74
7,75
7,76
8,1
8,2
8,3
8,4
8,5
8,6
8,7
8,8
8,9
8,10
8,11
8,12
8,13
8,14
8,15
8,16
8,17
8,18
8,19
8,20
8,21
8,22
8,23
8,24
8,25
8,26
8,27
8,28
8,29
8,30
8,31
8,32
8,33
8,34
8,35
8,36
8,37
8,38
8,39
8,40
8,41
8,42
8,43
8,44
8,45
8,46
8,47
8,48
8,49
8,50
8,51
8,52
8,53
8,54
8,55
8,56
8,57
8,58
8,59
8,60
8,61
8,62
8,63
8,64
8,65
8,66
8,67
8,68
8,69
8,70
8,71
8,72
8,73
8,74
8,75
8,76
9,1
9,2
9,3
9,4
9,5
9,6
9,7
9,8
9,9
9,10
9,11
9,12
9,13
9,14
9,15
9,16
9,17
9,18
9,19
9,20
9,21
9,22
9,23
9,24
9,25
9,26
9,27
9,28
9,29
9,30
9,31
9,32
9,33
9,34
9,35
9,36
9,37
9,38
9,39
9,40
9,41
9,42
9,43
9,44
9,45
9,46
9,47
9,48
9,49
9,50
9,51
9,52
9,53
9,54
9,55
9,56
9,57
9,58
9,59
9,60
9,61
9,62
9,63
9,64
9,65
9,66
9,67
9,68
9,69
9,70
9,71
9,72
9,73
9,74
9,75
9,76
10,1
10,2
10,3
10,4
10,5
10,6
10,7
10,8
10,9
10,10
10,11
10,12
10,13
10,14
10,15
10,16
10,17
10,18
10,19
10,20
10,21
10,22
10,23
10,24
10,25
10,26
10,27
10,28
10,29
10,30
10,31
10,32
10,33
10,34
10,35
10,36
10,37
10,38
10,39
10,40
10,41
10,42
10,43
10,44
10,45
10,46
10,47
10,48
10,49
10,50
10,51
10,52
10,53
10,54
10,55
10,56
10,57
10,58
10,59
10,60
10,61
10,62
10,63
10,64
10,65
10,66
10,67
10,68
10,69
10,70
10,71
10,72
10,73
10,74
10,75
10,76
11,1
11,2
11,3
11,4
11,5
11,6
11,7
11,8
11,9
11,10
11,11
11,12
11,13
11,14
11,15
11,16
11,17
11,18
11,19
11,20
11,21
11,22
11,23
11,24
11,25
11,26
11,27
11,28
11,29
11,30
11,31
11,32
11,33
11,34
11,35
11,36
11,37
11,38
11,39
11,40
11,41
11,42
11,43
11,44
11,45
11,46
11,47
11,48
11,49
11,50
11,51
11,52
11,53
11,54
11,55
11,56
11,57
11,58
11,59
11,60
11,61
11,62
11,63
11,64
11,65
11,66
11,67
11,68
11,69
11,70
11,71
11,72
11,73
11,74
11,75
11,76
12,1
12,2
12,3
12,4
12,5
12,6
12,7
12,8
12,9
12,10
12,11
12,12
12,13
12,14
12,15
12,16
12,17
12,18
12,19
12,20
12,21
12,22
12,23
12,24
12,25
12,26
12,27
12,28
12,29
12,30
12,31
12,32
12,33
12,34
12,35
12,36
12,37
12,38
12,39
12,40
12,41
12,42
12,43
12,44
12,45
12,46
12,47
12,48
12,49
12,50
12,51
12,52
12,53
12,54
12,55
12,56
12,57
12,58
12,59
12,60
12,61
12,62
12,63
12,64
12,65
12,66
12,67
12,68
12,69
12,70
12,71
12,72
12,73
12,74
12,75
12,76
12,77
12,78
12,79
12,80
12,81
12,82
12,83
12,84
12,85
12,86
12,87
12,88
12,89
12,90
12,91
12,92
12,93
12,94
12,95
12,96
12,97
12,98
12,99
12,100
12,101
12,102
12,103
12,104
12,105
12,106
12,107
12,108
12,109
12,110
12,111
12,112
12,113
12,114
12,115
12,116
12,117
12,118
12,119
12,120
12,121
12,122
12,123
13,1
13,2
13,3
13,4
13,5
13,6
13,7
13,8
13,9
13,10
13,11
13,12
13,13
13,14
13,15
13,16
13,17
13,18
13,19
13,20
13,21
13,22
13,23
13,24
13,25
13,26
13,27
13,28
13,29
13,30
13,31
13,32
13,33
13,34
13,35
13,36
13,37
13,38
13,39
13,40
13,41
13,42
13,43
13,44
13,45
13,46
13,47
13,48
13,49
13,50
13,51
13,52
13,53
13,54
13,55
13,56
13,57
13,58
13,59
13,60
13,61
13,62
13,63
13,64
13,65
13,66
13,67
13,68
13,69
13,70
13,71
13,72
13,73
13,74
13,75
13,76
13,77
13,78
13,79
13,80
13,81
13,82
13,83
13,84
13,85
13,86
13,87
13,88
13,89
13,90
13,91
13,92
13,93
13,94
13,95
13,96
13,97
13,98
13,99
13,100
13,101
13,102
13,103
13,104
13,105
13,106
13,107
13,108
13,109
13,110
13,111
13,112
13,113
13,114
13,115
13,116
13,117
13,118
13,119
13,120
13,121
13,122
13,123
14,1
14,2
14,3
14,4
14,5
14,6
14,7
14,8
14,9
14,10
14,11
14,12
14,13
14,14
14,15
14,16
14,17
14,18
14,19
14,20
14,21
14,22
14,23
14,24
14,25
14,26
14,27
14,28
14,29
14,30
14,31
14,32
14,33
14,34
14,35
14,36
14,37
14,38
14,39
14,40
14,41
14,42
14,43
14,44
14,45
14,46
14,47
14,48
14,49
14,50
14,51
14,52
14,53
14,54
14,55
14,56
14,57
14,58
14,59
14,60
14,61
14,62
14,63
14,64
14,65
14,66
14,67
14,68
14,69
14,70
14,71
14,72
14,73
14,74
14,75
14,76
14,77
14,78
14,79
14,80
14,81
14,82
14,83
14,84
14,85
14,86
14,87
14,88
14,89
14,90
14,91
14,92
14,93
14,94
14,95
14,96
14,97
14,98
14,99
14,100
14,101
14,102
14,103
14,104
14,105
14,106
14,107
14,108
14,109
14,110
14,111
14,112
14,113
14,114
14,115
14,116
14,117
14,118
14,119
14,120
14,121
14,122
14,123
15,1
15,2
15,3
15,4
15,5
15,6
15,7
15,8
15,9
15,10
15,11
15,12
15,13
15,14
15,15
15,16
15,17
15,18
15,19
15,20
15,21
15,22
15,23
15,24
15,25
15,26
15,27
15,28
15,29
15,30
15,31
15,32
15,33
15,34
15,35
15,36
15,37
15,38
15,39
15,40
15,41
15,42
15,43
15,44
15,45
15,46
15,47
15,48
15,49
15,50
15,51
15,52
15,53
15,54
15,55
15,56
15,57
15,58
15,59
15,60
15,61
15,62
15,63
15,64
15,65
15,66
15,67
15,68
15,69
15,70
15,71
15,72
15,73
15,74
15,75
15,76
15,77
15,78
15,79
15,80
15,81
15,82
15,83
15,84
15,85
15,86
15,87
15,88
15,89
15,90
15,91
15,92
15,93
15,94
15,95
15,96
15,97
15,98
15,99
15,100
15,101
15,102
15,103
15,104
15,105
15,106
15,107
15,108
15,109
15,110
15,111
15,112
15,113
15,114
15,115
15,116
15,117
15,118
15,119
15,120
15,121
15,122
15,123
15,124
15,125
15,126
15,127
15,128
15,129
15,130
15,131
15,132
15,133
15,134
15,135
15,136
15,137
15,138
15,139
15,140
15,141
15,142
15,143
15,144
15,145
15,146
15,147
15,148
15,149
15,150
15,151
15,152
15,153
15,154
15,155
15,156
15,157
15,158
15,159
15,160
15,161
15,162
15,163
15,164
16,1
16,2
16,3
16,4
16,5
16,6
16,7
16,8
16,9
16,10
16,11
16,12
16,13
16,14
16,15
16,16
16,17
16,18
16,19
16,20
16,21
16,22
16,23
16,24
16,25
16,26
16,27
16,28
16,29
16,30
16,31
16,32
16,33
16,34
16,35
16,36
16,37
16,38
16,39
16,40
16,41
16,42
16,43
16,44
16,45
16,46
16,47
16,48
16,49
16,50
16,51
16,52
16,53
16,54
16,55
16,56
16,57
16,58
16,59
16,60
16,61
16,62
16,63
16,64
16,65
16,66
16,67
16,68
16,69
16,70
16,71
16,72
16,73
16,74
16,75
16,76
16,77
16,78
16,79
16,80
16,81
16,82
16,83
16,84
16,85
16,86
16,87
16,88
16,89
16,90
16,91
16,92
16,93
16,94
16,95
16,96
16,97
16,98
16,99
16,100
16,101
16,102
16,103
16,104
16,105
16,106
16,107
16,108
16,109
16,110
16,111
16,112
16,113
16,114
16,115
16,116
16,117
16,118
16,119
16,120
16,121
16,122
16,123
16,124
16,125
16,126
16,127
16,128
16,129
16,130
16,131
16,132
16,133
16,134
16,135
16,136
16,137
16,138
16,139
16,140
16,141
16,142
16,143
16,144
16,145
16,146
16,147
16,148
16,149
16,150
16,151
16,152
16,153
16,154
16,155
16,156
16,157
16,158
16,159
16,160
16,161
16,162
16,163
16,164
17,1
17,2
17,3
17,4
17,5
17,6
17,7
17,8
17,9
17,10
17,11
17,12
17,13
17,14
17,15
17,16
17,17
17,18
17,19
17,20
17,21
17,22
17,23
17,24
17,25
17,26
17,27
17,28
17,29
17,30
17,31
17,32
17,33
17,34
17,35
17,36
17,37
17,38
17,39
17,40
17,41
17,42
17,43
17,44
17,45
17,46
17,47
17,48
17,49
17,50
17,51
17,52
17,53
17,54
17,55
17,56
17,57
17,58
17,59
17,60
17,61
17,62
17,63
17,64
17,65
17,66
17,67
17,68
17,69
17,70
17,71
17,72
17,73
17,74
17,75
17,76
17,77
17,78
17,79
17,80
17,81
17,82
17,83
17,84
17,85
17,86
17,87
17,88
17,89
17,90
17,91
17,92
17,93
17,94
17,95
17,96
17,97
17,98
17,99
17,100
17,101
17,102
17,103
17,104
17,105
17,106
17,107
17,108
17,109
17,110
17,111
17,112
17,113
17,114
17,115
17,116
17,117
17,118
17,119
17,120
17,121
17,122
17,123
17,124
17,125
17,126
17,127
17,128
17,129
17,130
17,131
17,132
17,133
17,134
17,135
17,136
17,137
17,138
17,139
17,140
17,141
17,142
17,143
17,144
17,145
17,146
17,147
17,148
17,149
17,150
17,151
17,152
17,153
17,154
17,155
17,156
17,157
17,158
17,159
17,160
17,161
17,162
17,163
17,164
17,165
17,166
17,167
17,168
17,169
17,170
17,171
17,172
17,173
17,174
17,175
17,176
17,177
17,178
17,179
17,180
17,181
17,182
17,183
17,184
17,185
17,186
17,187
17,188
18,1
18,2
18,3
18,4
18,5
18,6
18,7
18,8
18,9
18,10
18,11
18,12
18,13
18,14
18,15
18,16
18,17
18,18
18,19
18,20
18,21
18,22
18,23
18,24
18,25
18,26
18,27
18,28
18,29
18,30
18,31
18,32
18,33
18,34
18,35
18,36
18,37
18,38
18,39
18,40
18,41
18,42
18,43
18,44
18,45
18,46
18,47
18,48
18,49
18,50
18,51
18,52
18,53
18,54
18,55
18,56
18,57
18,58
18,59
18,60
18,61
18,62
18,63
18,64
18,65
18,66
18,67
18,68
18,69
18,70
18,71
18,72
18,73
18,74
18,75
18,76
18,77
18,78
18,79
18,80
18,81
18,82
18,83
18,84
18,85
18,86
18,87
18,88
18,89
18,90
18,91
18,92
18,93
18,94
18,95
18,96
18,97
18,98
18,99
18,100
18,101
18,102
18,103
18,104
18,105
18,106
18,107
18,108
18,109
18,110
18,111
18,112
18,113
18,114
18,115
18,116
18,117
18,118
18,119
18,120
18,121
18,122
18,123
18,124
18,125
18,126
18,127
18,128
18,129
18,130
18,131
18,132
18,133
18,134
18,135
18,136
18,137
18,138
18,139
18,140
18,141
18,142
18,143
18,144
18,145
18,146
18,147
18,148
18,149
18,150
18,151
18,152
18,153
18,154
18,155
18,156
18,157
18,158
18,159
18,160
18,161
18,162
18,163
18,164
18,165
18,166
18,167
18,168
18,169
18,170
18,171
18,172
18,173
18,174
18,175
18,176
18,177
18,178
18,179
18,180
18,181
18,182
18,183
18,184
18,185
18,186
18,187
18,188
18,189
18,190
18,191
19,1
19,2
19,3
19,4
19,5
19,6
19,7
19,8
19,9
19,10
19,11
19,12
19,13
19,14
19,15
19,16
19,17
19,18
19,19
19,20
19,21
19,22
19,23
19,24
19,25
19,26
19,27
19,28
19,29
19,30
19,31
19,32
19,33
19,34
19,35
19,36
19,37
19,38
19,39
19,40
19,41
19,42
19,43
19,44
19,45
19,46
19,47
19,48
19,49
19,50
19,51
19,52
19,53
19,54
19,55
19,56
19,57
19,58
19,59
19,60
19,61
19,62
19,63
19,64
19,65
19,66
19,67
19,68
19,69
19,70
19,71
19,72
19,73
19,74
19,75
19,76
19,77
19,78
19,79
19,80
19,81
19,82
19,83
19,84
19,85
19,86
19,87
19,88
19,89
19,90
19,91
19,92
19,93
19,94
19,95
19,96
19,97
19,98
19,99
19,100
19,101
19,102
19,103
19,104
19,105
19,106
19,107
19,108
19,109
19,110
19,111
19,112
19,113
19,114
19,115
19,116
19,117
19,118
19,119
19,120
19,121
19,122
19,123
19,124
19,125
19,126
19,127
19,128
19,129
19,130
19,131
19,132
19,133
19,134
19,135
19,136
19,137
19,138
19,139
19,140
19,141
19,142
19,143
19,144
19,145
19,146
19,147
19,148
19,149
19,150
19,151
19,152
19,153
19,154
19,155
19,156
19,157
19,158
19,159
19,160
19,161
19,162
19,163
19,164
19,165
19,166
19,167
19,168
19,169
19,170
19,171
19,172
19,173
19,174
19,175
19,176
19,177
19,178
19,179
19,180
19,181
19,182
19,183
19,184
19,185
19,186
19,187
19,188
19,189
19,190
19,191
19,192
19,193
19,194
19,195
19,196
19,197
19,198
19,199
19,200
19,201
19,202
19,203
19,204
19,205
19,206
19,207
19,208
19,209
19,210
19,211
19,212
19,213
19,214
19,215
19,216
19,217
19,218
19,219
19,220
19,221
19,222
19,223
19,224
19,225
19,226
19,227
19,228
19,229
19,230
19,231
19,232
20,1
20,2
20,3
20,4
20,5
20,6
20,7
20,8
20,9
20,10
20,11
20,12
20,13
20,14
20,15
20,16
20,17
20,18
20,19
20,20
20,21
20,22
20,23
20,24
20,25
20,26
20,27
20,28
20,29
20,30
20,31
20,32
20,33
20,34
20,35
20,36
20,37
20,38
20,39
20,40
20,41
20,42
20,43
20,44
20,45
20,46
20,47
20,48
20,49
20,50
20,51
20,52
20,53
20,54
20,55
20,56
20,57
20,58
20,59
20,60
20,61
20,62
20,63
20,64
20,65
20,66
20,67
20,68
20,69
20,70
20,71
20,72
20,73
20,74
20,75
20,76
20,77
20,78
20,79
20,80
20,81
20,82
20,83
20,84
20,85
20,86
20,87
20,88
20,89
20,90
20,91
20,92
20,93
20,94
20,95
20,96
20,97
20,98
20,99
20,100
20,101
20,102
20,103
20,104
20,105
20,106
20,107
20,108
20,109
20,110
20,111
20,112
20,113
20,114
20,115
20,116
20,117
20,118
20,119
20,120
20,121
20,122
20,123
20,124
20,125
20,126
20,127
20,128
20,129
20,130
20,131
20,132
20,133
20,134
20,135
20,136
20,137
20,138
20,139
20,140
20,141
20,142
20,143
20,144
20,145
20,146
20,147
20,148
20,149
20,150
20,151
20,152
20,153
20,154
20,155
20,156
20,157
20,158
20,159
20,160
20,161
20,162
20,163
20,164
20,165
20,166
20,167
20,168
20,169
20,170
20,171
20,172
20,173
20,174
20,175
20,176
20,177
20,178
20,179
20,180
20,181
20,182
20,183
20,184
20,185
20,186
20,187
20,188
20,189
20,190
20,191
20,192
20,193
20,194
20,195
20,196
20,197
20,198
20,199
20,200
20,201
20,202
20,203
20,204
20,205
20,206
20,207
20,208
20,209
20,210
20,211
20,212
20,213
20,214
20,215
20,216
20,217
20,218
20,219
20,220
20,221
20,222
20,223
20,224
20,225
20,226
20,227
20,228
20,229
20,230
20,231
20,232
20,233
22,1
22,2
22,3
22,4
22,5
22,6
22,7
22,8
22,9
22,10
22,11
22,12
22,13
22,14
22,15
22,16
22,17
22,18
22,19
22,20
22,21
22,22
22,23
22,24
22,25
22,26
22,27
22,28
22,29
22,30
22,31
22,32
22,33
22,34
22,35
22,36
22,37
22,38
22,39
22,40
22,41
22,42
22,43
22,44
22,45
22,46
22,47
22,48
22,49
22,50
22,51
22,52
22,53
22,54
22,55
22,56
22,57
22,58
22,59
22,60
22,61
22,62
22,63
22,64
22,65
22,66
22,67
22,68
22,69
22,70
22,71
22,72
22,73
22,74
22,75
22,76
22,77
22,78
22,79
22,80
22,81
22,82
22,83
22,84
22,85
22,86
22,87
22,88
22,89
22,90
22,91
22,92
22,93
22,94
22,95
22,96
22,97
22,98
22,99
22,100
22,101
22,102
22,103
22,104
22,105
22,106
22,107
22,108
22,109
22,110
22,111
22,112
22,113
22,114
22,115
22,116
22,117
22,118
22,119
22,120
22,121
22,122
22,123
22,124
22,125
22,126
22,127
22,128
22,129
22,130
22,131
22,132
22,133
22,134
22,135
22,136
22,137
22,138
22,139
22,140
22,141
22,142
22,143
22,144
22,145
22,146
22,147
22,148
22,149
22,150
22,151
22,152
22,153
22,154
22,155
22,156
22,157
22,158
22,159
22,160
22,161
22,162
22,163
22,164
22,165
22,166
22,167
22,168
22,169
22,170
22,171
22,172
22,173
22,174
22,175
22,176
22,177
22,178
22,179
22,180
22,181
22,182
22,183
22,184
22,185
22,186
22,187
22,188
22,189
22,190
22,191
22,192
22,193
22,194
22,195
22,196
22,197
22,198
22,199
22,200
22,201
22,202
22,203
22,204
22,205
22,206
22,207
22,208
22,209
22,210
22,211
22,212
22,213
22,214
22,215
22,216
22,217
22,218
22,219
22,220
22,221
22,222
22,223
22,224
22,225
22,226
22,227
22,228
22,229
22,230
22,231
22,232
22,233
22,234
22,235
22,236
22,237
22,238
22,239
22,240
22,241
22,242
22,243
22,244
22,245
22,246
22,247
22,248
22,249
22,250
22,251
22,252
22,253
22,254
22,255
22,256
22,257
22,258
22,259
22,260
22,261
22,262
22,263
22,264
22,265
22,266
22,267
23,1
23,2
23,3
23,4
23,5
23,6
23,7
23,8
23,9
23,10
23,11
23,12
23,13
23,14
23,15
23,16
23,17
23,18
23,19
23,20
23,21
23,22
23,23
23,24
23,25
23,26
23,27
23,28
23,29
23,30
23,31
23,32
23,33
23,34
23,35
23,36
23,37
23,38
23,39
23,40
23,41
23,42
23,43
23,44
23,45
23,46
23,47
23,48
23,49
23,50
23,51
23,52
23,53
23,54
23,55
23,56
23,57
23,58
23,59
23,60
23,61
23,62
23,63
23,64
23,65
23,66
23,67
23,68
23,69
23,70
23,71
23,72
23,73
23,74
23,75
23,76
23,77
23,78
23,79
23,80
23,81
23,82
23,83
23,84
23,85
23,86
23,87
23,88
23,89
23,90
23,91
23,92
23,93
23,94
23,95
23,96
23,97
23,98
23,99
23,100
23,101
23,102
23,103
23,104
23,105
23,106
23,107
23,108
23,109
23,110
23,111
23,112
23,113
23,114
23,115
23,116
23,117
23,118
23,119
23,120
23,121
23,122
23,123
23,124
23,125
23,126
23,127
23,128
23,129
23,130
23,131
23,132
23,133
23,134
23,135
23,136
23,137
23,138
23,139
23,140
23,141
23,142
23,143
23,144
23,145
23,146
23,147
23,148
23,149
23,150
23,151
23,152
23,153
23,154
23,155
23,156
23,157
23,158
23,159
23,160
23,161
23,162
23,163
23,164
23,165
23,166
23,167
23,168
23,169
23,170
23,171
23,172
23,173
23,174
23,175
23,176
23,177
23,178
23,179
23,180
23,181
23,182
23,183
23,184
23,185
23,186
23,187
23,188
23,189
23,190
23,191
23,192
23,193
23,194
23,195
23,196
23,197
23,198
23,199
23,200
23,201
23,202
23,203
23,204
23,205
23,206
23,207
23,208
23,209
23,210
23,211
23,212
23,213
23,214
23,215
23,216
23,217
23,218
23,219
23,220
23,221
23,222
23,223
23,224
23,225
23,226
23,227
23,228
23,229
23,230
23,231
23,232
23,233
23,234
23,235
23,236
23,237
23,238
23,239
23,240
23,241
23,242
23,243
23,244
23,245
23,246
23,247
23,248
23,249
23,250
23,251
23,252
23,253
23,254
23,255
23,256
23,257
23,258
23,259
23,260
23,261
23,262
23,263
23,264
23,265
23,266
23,267
25,1
25,2
25,3
25,4
25,5
25,6
25,7
25,8
25,9
25,10
25,11
25,12
25,13
25,14
25,15
25,16
25,17
25,18
25,19
25,20
25,21
25,22
25,23
25,24
25,25
25,26
25,27
25,28
25,29
25,30
25,31
25,32
25,33
25,34
25,35
25,36
25,37
25,38
25,39
25,40
25,41
25,42
25,43
25,44
25,45
25,46
25,47
25,48
25,49
25,50
25,51
25,52
25,53
25,54
25,55
25,56
25,57
25,58
25,59
25,60
25,61
25,62
25,63
25,64
25,65
25,66
25,67
25,68
25,69
25,70
25,71
25,72
25,73
25,74
25,75
25,76
25,77
25,78
25,79
25,80
25,81
25,82
25,83
25,84
25,85
25,86
25,87
25,88
25,89
25,90
25,91
25,92
25,93
25,94
25,95
25,96
25,97
25,98
25,99
25,100
25,101
25,102
25,103
25,104
25,105
25,106
25,107
25,108
25,109
25,110
25,111
25,112
25,113
25,114
25,115
25,116
25,117
25,118
25,119
25,120
25,121
25,122
25,123
25,124
25,125
25,126
25,127
25,128
25,129
25,130
25,131
25,132
25,133
25,134
25,135
25,136
25,137
25,138
25,139
25,140
25,141
25,142
25,143
25,144
25,145
25,146
25,147
25,148
25,149
25,150
25,151
25,152
25,153
25,154
25,155
25,156
25,157
25,158
25,159
25,160
25,161
25,162
25,163
25,164
25,165
25,166
25,167
25,168
25,169
25,170
25,171
25,172
25,173
25,174
25,175
25,176
25,177
25,178
25,179
25,180
25,181
25,182
25,183
25,184
25,185
25,186
25,187
25,188
25,189
25,190
25,191
25,192
25,193
25,194
25,195
25,196
25,197
25,198
25,199
25,200
25,201
25,202
25,203
25,204
25,205
25,206
25,207
25,208
25,209
25,210
25,211
25,212
25,213
25,214
25,215
25,216
25,217
25,218
25,219
25,220
25,221
25,222
25,223
25,224
25,225
25,226
25,227
25,228
25,229
25,230
25,231
25,232
25,233
25,234
25,235
25,236
25,237
25,238
25,239
25,240
25,241
25,242
25,243
25,244
25,245
25,246
25,247
25,248
25,249
25,250
25,251
25,252
25,253
25,254
25,255
25,256
25,257
25,258
25,259
25,260
25,261
25,262
25,263
25,264
25,265
25,266
25,267
25,268
25,269
25,270
25,271
25,272
25,273
25,274
25,275
25,276
25,277
25,278
25,279
25,280
25,281
25,282
25,283
25,284
25,285
25,286
25,287
25,288
25,289
25,290
25,291
25,292
25,293
25,294
25,295
25,296
25,297
25,298
25,299
25,300
25,301
25,302
25,303
25,304
25,305
25,306
25,307
25,308
25,309
25,310
