version_group_id,ability_id,flag_id
25,1,1
25,2,1
25,3,1
25,4,1
25,4,8
25,5,1
25,5,8
25,6,1
25,6,8
25,7,1
25,7,8
25,8,1
25,8,8
25,9,1
25,10,1
25,10,8
25,11,1
25,11,8
25,12,1
25,12,8
25,13,1
25,14,1
25,15,1
25,15,8
25,16,1
25,17,1
25,17,8
25,18,1
25,18,8
25,19,1
25,19,8
25,20,1
25,20,8
25,21,1
25,21,8
25,22,1
25,23,1
25,24,1
25,25,1
25,25,2
25,25,3
25,25,4
25,25,6
25,25,8
25,26,1
25,26,8
25,27,1
25,28,1
25,29,1
25,29,8
25,30,1
25,31,1
25,31,8
25,32,1
25,33,1
25,34,1
25,35,1
25,35,8
25,36,1
25,36,2
25,36,3
25,36,4
25,36,5
25,37,1
25,38,1
25,39,1
25,39,8
25,40,1
25,40,8
25,41,1
25,41,8
25,42,1
25,43,1
25,43,8
25,44,1
25,45,1
25,46,1
25,47,1
25,47,8
25,48,1
25,49,1
25,50,1
25,51,1
25,51,8
25,52,1
25,52,8
25,53,1
25,54,1
25,55,1
25,56,1
25,57,1
25,58,1
25,59,1
25,59,2
25,59,3
25,59,4
25,59,5
25,60,1
25,60,8
25,61,1
25,62,1
25,63,1
25,63,8
25,64,1
25,65,1
25,66,1
25,67,1
25,68,1
25,69,1
25,70,1
25,71,1
25,72,1
25,72,8
25,73,1
25,73,8
25,74,1
25,75,1
25,75,8
25,76,1
25,77,1
25,77,8
25,78,1
25,78,8
25,79,1
25,80,1
25,81,1
25,81,8
25,82,1
25,83,1
25,84,1
25,85,1
25,85,8
25,86,1
25,86,8
25,87,1
25,87,8
25,88,1
25,89,1
25,90,1
25,91,1
25,92,1
25,93,1
25,94,1
25,95,1
25,96,1
25,97,1
25,98,1
25,99,1
25,100,1
25,101,1
25,102,1
25,102,8
25,103,1
25,104,1
25,105,1
25,106,1
25,107,1
25,108,1
25,109,1
25,109,8
25,110,1
25,111,1
25,111,8
25,112,1
25,113,1
25,114,1
25,114,8
25,115,1
25,116,1
25,116,8
25,117,1
25,118,1
25,119,1
25,120,1
25,121,1
25,121,2
25,121,3
25,121,4
25,121,5
25,121,6
25,121,7
25,122,1
25,122,2
25,122,3
25,122,4
25,122,5
25,122,8
25,123,1
25,124,1
25,125,1
25,126,1
25,126,8
25,127,1
25,128,1
25,129,1
25,130,1
25,131,1
25,132,1
25,132,8
25,133,1
25,134,1
25,134,8
25,135,1
25,135,8
25,136,1
25,136,8
25,137,1
25,138,1
25,139,1
25,140,1
25,140,8
25,141,1
25,142,1
25,142,8
25,143,1
25,144,1
25,145,1
25,145,8
25,146,1
25,147,1
25,147,8
25,148,1
25,149,1
25,149,2
25,149,3
25,149,4
25,149,5
25,149,6
25,150,1
25,150,2
25,150,3
25,150,4
25,150,5
25,151,1
25,152,1
25,153,1
25,154,1
25,155,1
25,156,1
25,156,8
25,157,1
25,157,8
25,158,1
25,159,1
25,160,1
25,161,1
25,161,2
25,161,3
25,161,4
25,161,5
25,161,6
25,161,7
25,162,1
25,163,1
25,164,1
25,165,1
25,165,8
25,166,1
25,166,8
25,167,1
25,168,1
25,169,1
25,169,8
25,170,1
25,171,1
25,171,8
25,172,1
25,173,1
25,174,1
25,175,1
25,175,8
25,176,1
25,176,2
25,176,3
25,176,4
25,176,5
25,176,6
25,176,7
25,177,1
25,178,1
25,179,1
25,179,8
25,180,1
25,181,1
25,182,1
25,183,1
25,184,1
25,185,1
25,186,1
25,187,1
25,188,1
25,188,8
25,189,1
25,190,1
25,191,1
25,192,1
25,193,1
25,194,1
25,195,1
25,196,1
25,197,1
25,197,2
25,197,3
25,197,4
25,197,5
25,197,6
25,197,7
25,198,1
25,199,1
25,199,8
25,200,1
25,201,1
25,202,1
25,203,1
25,204,1
25,205,1
25,206,1
25,207,1
25,208,1
25,208,2
25,208,3
25,208,4
25,208,5
25,208,6
25,208,7
25,209,1
25,209,2
25,209,3
25,209,4
25,209,5
25,209,6
25,209,7
25,209,8
25,209,9
25,210,1
25,210,2
25,210,3
25,210,4
25,210,5
25,210,6
25,210,7
25,211,1
25,211,2
25,211,3
25,211,4
25,211,5
25,211,6
25,211,7
25,212,1
25,213,1
25,213,2
25,213,3
25,213,4
25,213,5
25,213,6
25,213,7
25,214,1
25,214,8
25,215,1
25,216,1
25,217,1
25,218,1
25,218,8
25,219,1
25,219,8
25,220,1
25,221,1
25,222,1
25,222,2
25,222,3
25,222,4
25,222,5
25,223,1
25,223,2
25,223,3
25,223,4
25,223,5
25,224,1
25,225,1
25,225,2
25,225,3
25,225,4
25,225,5
25,225,6
25,225,7
25,226,1
25,227,1
25,228,1
25,229,1
25,230,1
25,231,1
25,232,1
25,233,1
25,234,1
25,235,1
25,236,1
25,237,1
25,238,1
25,239,1
25,240,1
25,240,8
25,241,1
25,241,7
25,241,9
25,242,1
25,243,1
25,244,1
25,244,8
25,245,1
25,246,1
25,246,8
25,247,1
25,248,1
25,248,2
25,248,3
25,248,4
25,248,5
25,248,6
25,248,7
25,248,8
25,248,9
25,249,1
25,250,1
25,251,1
25,252,1
25,253,1
25,254,1
25,255,1
25,256,2
25,256,3
25,256,4
25,256,5
25,256,6
25,256,9
25,257,1
25,257,8
25,258,1
25,258,2
25,258,3
25,258,4
25,258,5
25,258,6
25,258,9
25,259,1
25,260,1
25,261,1
25,262,1
25,263,1
25,264,1
25,265,1
25,266,1
25,266,2
25,266,3
25,266,4
25,266,5
25,266,6
25,266,7
25,267,1
25,267,2
25,267,3
25,267,4
25,267,5
25,267,6
25,267,7
25,268,1
25,269,1
25,270,1
25,270,8
25,271,1
25,272,1
25,272,8
25,273,1
25,273,8
25,274,1
25,274,8
25,275,1
25,275,8
25,276,1
25,277,1
25,278,1
25,278,2
25,278,3
25,278,4
25,278,5
25,278,6
25,278,7
25,278,9
25,279,1
25,279,2
25,279,3
25,279,4
25,279,5
25,279,6
25,280,1
25,281,1
25,281,2
25,281,3
25,281,4
25,281,5
25,281,6
25,281,9
25,282,1
25,282,2
25,282,3
25,282,4
25,282,5
25,282,6
25,282,9
25,283,1
25,283,8
25,284,1
25,284,8
25,285,1
25,285,8
25,286,1
25,286,8
25,287,1
25,287,8
25,288,1
25,289,1
25,290,1
25,291,1
25,292,1
25,293,1
25,294,1
25,295,1
25,296,1
25,296,8
25,297,1
25,297,8
25,298,1
25,299,1
25,300,1
25,300,8
25,301,1
25,301,2
25,301,3
25,301,4
25,301,5
25,301,6
25,301,9
25,302,1
25,302,2
25,302,3
25,302,4
25,302,5
25,302,6
25,302,9
25,303,1
25,303,2
25,303,3
25,303,4
25,303,5
25,303,6
25,303,9
25,304,1
25,304,2
25,304,3
25,304,4
25,304,5
25,304,6
25,304,9
25,305,1
25,306,1
25,307,1
25,307,2
25,307,3
25,307,4
25,307,5
25,307,6
25,307,7
25,307,9
25,308,1
25,308,2
25,308,3
25,308,4
25,308,5
25,308,6
25,308,8
25,309,1
25,309,2
25,309,3
25,309,4
25,309,5
25,309,6
25,310,1
25,310,2
25,310,3
25,310,4
25,310,5
25,310,6
