version_group_id,form_id
1,1
1,2
1,3
1,4
1,5
1,6
1,7
1,8
1,9
1,10
1,11
1,12
1,13
1,14
1,15
1,16
1,17
1,18
1,19
1,20
1,21
1,22
1,23
1,24
1,25
1,26
1,27
1,28
1,29
1,30
1,31
1,32
1,33
1,34
1,35
1,36
1,37
1,38
1,39
1,40
1,41
1,42
1,43
1,44
1,45
1,46
1,47
1,48
1,49
1,50
1,51
1,52
1,53
1,54
1,55
1,56
1,57
1,58
1,59
1,60
1,61
1,62
1,63
1,64
1,65
1,66
1,67
1,68
1,69
1,70
1,71
1,72
1,73
1,74
1,75
1,76
1,77
1,78
1,79
1,80
1,81
1,82
1,83
1,84
1,85
1,86
1,87
1,88
1,89
1,90
1,91
1,92
1,93
1,94
1,95
1,96
1,97
1,98
1,99
1,100
1,101
1,102
1,103
1,104
1,105
1,106
1,107
1,108
1,109
1,110
1,111
1,112
1,113
1,114
1,115
1,116
1,117
1,118
1,119
1,120
1,121
1,122
1,123
1,124
1,125
1,126
1,127
1,128
1,129
1,130
1,131
1,132
1,133
1,134
1,135
1,136
1,137
1,138
1,139
1,140
1,141
1,142
1,143
1,144
1,145
1,146
1,147
1,148
1,149
1,150
1,151
2,1
2,2
2,3
2,4
2,5
2,6
2,7
2,8
2,9
2,10
2,11
2,12
2,13
2,14
2,15
2,16
2,17
2,18
2,19
2,20
2,21
2,22
2,23
2,24
2,25
2,26
2,27
2,28
2,29
2,30
2,31
2,32
2,33
2,34
2,35
2,36
2,37
2,38
2,39
2,40
2,41
2,42
2,43
2,44
2,45
2,46
2,47
2,48
2,49
2,50
2,51
2,52
2,53
2,54
2,55
2,56
2,57
2,58
2,59
2,60
2,61
2,62
2,63
2,64
2,65
2,66
2,67
2,68
2,69
2,70
2,71
2,72
2,73
2,74
2,75
2,76
2,77
2,78
2,79
2,80
2,81
2,82
2,83
2,84
2,85
2,86
2,87
2,88
2,89
2,90
2,91
2,92
2,93
2,94
2,95
2,96
2,97
2,98
2,99
2,100
2,101
2,102
2,103
2,104
2,105
2,106
2,107
2,108
2,109
2,110
2,111
2,112
2,113
2,114
2,115
2,116
2,117
2,118
2,119
2,120
2,121
2,122
2,123
2,124
2,125
2,126
2,127
2,128
2,129
2,130
2,131
2,132
2,133
2,134
2,135
2,136
2,137
2,138
2,139
2,140
2,141
2,142
2,143
2,144
2,145
2,146
2,147
2,148
2,149
2,150
2,151
3,1
3,2
3,3
3,4
3,5
3,6
3,7
3,8
3,9
3,10
3,11
3,12
3,13
3,14
3,15
3,16
3,17
3,18
3,19
3,20
3,21
3,22
3,23
3,24
3,25
3,26
3,27
3,28
3,29
3,30
3,31
3,32
3,33
3,34
3,35
3,36
3,37
3,38
3,39
3,40
3,41
3,42
3,43
3,44
3,45
3,46
3,47
3,48
3,49
3,50
3,51
3,52
3,53
3,54
3,55
3,56
3,57
3,58
3,59
3,60
3,61
3,62
3,63
3,64
3,65
3,66
3,67
3,68
3,69
3,70
3,71
3,72
3,73
3,74
3,75
3,76
3,77
3,78
3,79
3,80
3,81
3,82
3,83
3,84
3,85
3,86
3,87
3,88
3,89
3,90
3,91
3,92
3,93
3,94
3,95
3,96
3,97
3,98
3,99
3,100
3,101
3,102
3,103
3,104
3,105
3,106
3,107
3,108
3,109
3,110
3,111
3,112
3,113
3,114
3,115
3,116
3,117
3,118
3,119
3,120
3,121
3,122
3,123
3,124
3,125
3,126
3,127
3,128
3,129
3,130
3,131
3,132
3,133
3,134
3,135
3,136
3,137
3,138
3,139
3,140
3,141
3,142
3,143
3,144
3,145
3,146
3,147
3,148
3,149
3,150
3,151
4,1
4,2
4,3
4,4
4,5
4,6
4,7
4,8
4,9
4,10
4,11
4,12
4,13
4,14
4,15
4,16
4,17
4,18
4,19
4,20
4,21
4,22
4,23
4,24
4,25
4,26
4,27
4,28
4,29
4,30
4,31
4,32
4,33
4,34
4,35
4,36
4,37
4,38
4,39
4,40
4,41
4,42
4,43
4,44
4,45
4,46
4,47
4,48
4,49
4,50
4,51
4,52
4,53
4,54
4,55
4,56
4,57
4,58
4,59
4,60
4,61
4,62
4,63
4,64
4,65
4,66
4,67
4,68
4,69
4,70
4,71
4,72
4,73
4,74
4,75
4,76
4,77
4,78
4,79
4,80
4,81
4,82
4,83
4,84
4,85
4,86
4,87
4,88
4,89
4,90
4,91
4,92
4,93
4,94
4,95
4,96
4,97
4,98
4,99
4,100
4,101
4,102
4,103
4,104
4,105
4,106
4,107
4,108
4,109
4,110
4,111
4,112
4,113
4,114
4,115
4,116
4,117
4,118
4,119
4,120
4,121
4,122
4,123
4,124
4,125
4,126
4,127
4,128
4,129
4,130
4,131
4,132
4,133
4,134
4,135
4,136
4,137
4,138
4,139
4,140
4,141
4,142
4,143
4,144
4,145
4,146
4,147
4,148
4,149
4,150
4,151
5,1
5,2
5,3
5,4
5,5
5,6
5,7
5,8
5,9
5,10
5,11
5,12
5,13
5,14
5,15
5,16
5,17
5,18
5,19
5,20
5,21
5,22
5,23
5,24
5,25
5,26
5,27
5,28
5,29
5,30
5,31
5,32
5,33
5,34
5,35
5,36
5,37
5,38
5,39
5,40
5,41
5,42
5,43
5,44
5,45
5,46
5,47
5,48
5,49
5,50
5,51
5,52
5,53
5,54
5,55
5,56
5,57
5,58
5,59
5,60
5,61
5,62
5,63
5,64
5,65
5,66
5,67
5,68
5,69
5,70
5,71
5,72
5,73
5,74
5,75
5,76
5,77
5,78
5,79
5,80
5,81
5,82
5,83
5,84
5,85
5,86
5,87
5,88
5,89
5,90
5,91
5,92
5,93
5,94
5,95
5,96
5,97
5,98
5,99
5,100
5,101
5,102
5,103
5,104
5,105
5,106
5,107
5,108
5,109
5,110
5,111
5,112
5,113
5,114
5,115
5,116
5,117
5,118
5,119
5,120
5,121
5,122
5,123
5,124
5,125
5,126
5,127
5,128
5,129
5,130
5,131
5,132
5,133
5,134
5,135
5,136
5,137
5,138
5,139
5,140
5,141
5,142
5,143
5,144
5,145
5,146
5,147
5,148
5,149
5,150
5,151
5,152
5,153
5,154
5,155
5,156
5,157
5,158
5,159
5,160
5,161
5,162
5,163
5,164
5,165
5,166
5,167
5,168
5,169
5,170
5,171
5,172
5,173
5,174
5,175
5,176
5,177
5,178
5,179
5,180
5,181
5,182
5,183
5,184
5,185
5,186
5,187
5,188
5,189
5,190
5,191
5,192
5,193
5,194
5,195
5,196
5,197
5,198
5,199
5,200
5,201
5,202
5,203
5,204
5,205
5,206
5,207
5,208
5,209
5,210
5,211
5,212
5,213
5,214
5,215
5,216
5,217
5,218
5,219
5,220
5,221
5,222
5,223
5,224
5,225
5,226
5,227
5,228
5,229
5,230
5,231
5,232
5,233
5,234
5,235
5,236
5,237
5,238
5,239
5,240
5,241
5,242
5,243
5,244
5,245
5,246
5,247
5,248
5,249
5,250
5,251
5,20001
5,20002
5,20003
5,20004
5,20005
5,20006
5,20007
5,20008
5,20009
5,20010
5,20011
5,20012
5,20013
5,20014
5,20015
5,20016
5,20017
5,20018
5,20019
5,20020
5,20021
5,20022
5,20023
5,20024
5,20025
6,1
6,2
6,3
6,4
6,5
6,6
6,7
6,8
6,9
6,10
6,11
6,12
6,13
6,14
6,15
6,16
6,17
6,18
6,19
6,20
6,21
6,22
6,23
6,24
6,25
6,26
6,27
6,28
6,29
6,30
6,31
6,32
6,33
6,34
6,35
6,36
6,37
6,38
6,39
6,40
6,41
6,42
6,43
6,44
6,45
6,46
6,47
6,48
6,49
6,50
6,51
6,52
6,53
6,54
6,55
6,56
6,57
6,58
6,59
6,60
6,61
6,62
6,63
6,64
6,65
6,66
6,67
6,68
6,69
6,70
6,71
6,72
6,73
6,74
6,75
6,76
6,77
6,78
6,79
6,80
6,81
6,82
6,83
6,84
6,85
6,86
6,87
6,88
6,89
6,90
6,91
6,92
6,93
6,94
6,95
6,96
6,97
6,98
6,99
6,100
6,101
6,102
6,103
6,104
6,105
6,106
6,107
6,108
6,109
6,110
6,111
6,112
6,113
6,114
6,115
6,116
6,117
6,118
6,119
6,120
6,121
6,122
6,123
6,124
6,125
6,126
6,127
6,128
6,129
6,130
6,131
6,132
6,133
6,134
6,135
6,136
6,137
6,138
6,139
6,140
6,141
6,142
6,143
6,144
6,145
6,146
6,147
6,148
6,149
6,150
6,151
6,152
6,153
6,154
6,155
6,156
6,157
6,158
6,159
6,160
6,161
6,162
6,163
6,164
6,165
6,166
6,167
6,168
6,169
6,170
6,171
6,172
6,173
6,174
6,175
6,176
6,177
6,178
6,179
6,180
6,181
6,182
6,183
6,184
6,185
6,186
6,187
6,188
6,189
6,190
6,191
6,192
6,193
6,194
6,195
6,196
6,197
6,198
6,199
6,200
6,201
6,202
6,203
6,204
6,205
6,206
6,207
6,208
6,209
6,210
6,211
6,212
6,213
6,214
6,215
6,216
6,217
6,218
6,219
6,220
6,221
6,222
6,223
6,224
6,225
6,226
6,227
6,228
6,229
6,230
6,231
6,232
6,233
6,234
6,235
6,236
6,237
6,238
6,239
6,240
6,241
6,242
6,243
6,244
6,245
6,246
6,247
6,248
6,249
6,250
6,251
6,20001
6,20002
6,20003
6,20004
6,20005
6,20006
6,20007
6,20008
6,20009
6,20010
6,20011
6,20012
6,20013
6,20014
6,20015
6,20016
6,20017
6,20018
6,20019
6,20020
6,20021
6,20022
6,20023
6,20024
6,20025
7,1
7,2
7,3
7,4
7,5
7,6
7,7
7,8
7,9
7,10
7,11
7,12
7,13
7,14
7,15
7,16
7,17
7,18
7,19
7,20
7,21
7,22
7,23
7,24
7,25
7,26
7,27
7,28
7,29
7,30
7,31
7,32
7,33
7,34
7,35
7,36
7,37
7,38
7,39
7,40
7,41
7,42
7,43
7,44
7,45
7,46
7,47
7,48
7,49
7,50
7,51
7,52
7,53
7,54
7,55
7,56
7,57
7,58
7,59
7,60
7,61
7,62
7,63
7,64
7,65
7,66
7,67
7,68
7,69
7,70
7,71
7,72
7,73
7,74
7,75
7,76
7,77
7,78
7,79
7,80
7,81
7,82
7,83
7,84
7,85
7,86
7,87
7,88
7,89
7,90
7,91
7,92
7,93
7,94
7,95
7,96
7,97
7,98
7,99
7,100
7,101
7,102
7,103
7,104
7,105
7,106
7,107
7,108
7,109
7,110
7,111
7,112
7,113
7,114
7,115
7,116
7,117
7,118
7,119
7,120
7,121
7,122
7,123
7,124
7,125
7,126
7,127
7,128
7,129
7,130
7,131
7,132
7,133
7,134
7,135
7,136
7,137
7,138
7,139
7,140
7,141
7,142
7,143
7,144
7,145
7,146
7,147
7,148
7,149
7,150
7,151
7,152
7,153
7,154
7,155
7,156
7,157
7,158
7,159
7,160
7,161
7,162
7,163
7,164
7,165
7,166
7,167
7,168
7,169
7,170
7,171
7,172
7,173
7,174
7,175
7,176
7,177
7,178
7,179
7,180
7,181
7,182
7,183
7,184
7,185
7,186
7,187
7,188
7,189
7,190
7,191
7,192
7,193
7,194
7,195
7,196
7,197
7,198
7,199
7,200
7,201
7,202
7,203
7,204
7,205
7,206
7,207
7,208
7,209
7,210
7,211
7,212
7,213
7,214
7,215
7,216
7,217
7,218
7,219
7,220
7,221
7,222
7,223
7,224
7,225
7,226
7,227
7,228
7,229
7,230
7,231
7,232
7,233
7,234
7,235
7,236
7,237
7,238
7,239
7,240
7,241
7,242
7,243
7,244
7,245
7,246
7,247
7,248
7,249
7,250
7,251
7,252
7,253
7,254
7,255
7,256
7,257
7,258
7,259
7,260
7,261
7,262
7,263
7,264
7,265
7,266
7,267
7,268
7,269
7,270
7,271
7,272
7,273
7,274
7,275
7,276
7,277
7,278
7,279
7,280
7,281
7,282
7,283
7,284
7,285
7,286
7,287
7,288
7,289
7,290
7,291
7,292
7,293
7,294
7,295
7,296
7,297
7,298
7,299
7,300
7,301
7,302
7,303
7,304
7,305
7,306
7,307
7,308
7,309
7,310
7,311
7,312
7,313
7,314
7,315
7,316
7,317
7,318
7,319
7,320
7,321
7,322
7,323
7,324
7,325
7,326
7,327
7,328
7,329
7,330
7,331
7,332
7,333
7,334
7,335
7,336
7,337
7,338
7,339
7,340
7,341
7,342
7,343
7,344
7,345
7,346
7,347
7,348
7,349
7,350
7,351
7,352
7,353
7,354
7,355
7,356
7,357
7,358
7,359
7,360
7,361
7,362
7,363
7,364
7,365
7,366
7,367
7,368
7,369
7,370
7,371
7,372
7,373
7,374
7,375
7,376
7,377
7,378
7,379
7,380
7,381
7,382
7,383
7,384
7,385
7,386
7,10001
7,10002
7,10003
7,20001
7,20002
7,20003
7,20004
7,20005
7,20006
7,20007
7,20008
7,20009
7,20010
7,20011
7,20012
7,20013
7,20014
7,20015
7,20016
7,20017
7,20018
7,20019
7,20020
7,20021
7,20022
7,20023
7,20024
7,20025
7,20026
7,20027
8,1
8,2
8,3
8,4
8,5
8,6
8,7
8,8
8,9
8,10
8,11
8,12
8,13
8,14
8,15
8,16
8,17
8,18
8,19
8,20
8,21
8,22
8,23
8,24
8,25
8,26
8,27
8,28
8,29
8,30
8,31
8,32
8,33
8,34
8,35
8,36
8,37
8,38
8,39
8,40
8,41
8,42
8,43
8,44
8,45
8,46
8,47
8,48
8,49
8,50
8,51
8,52
8,53
8,54
8,55
8,56
8,57
8,58
8,59
8,60
8,61
8,62
8,63
8,64
8,65
8,66
8,67
8,68
8,69
8,70
8,71
8,72
8,73
8,74
8,75
8,76
8,77
8,78
8,79
8,80
8,81
8,82
8,83
8,84
8,85
8,86
8,87
8,88
8,89
8,90
8,91
8,92
8,93
8,94
8,95
8,96
8,97
8,98
8,99
8,100
8,101
8,102
8,103
8,104
8,105
8,106
8,107
8,108
8,109
8,110
8,111
8,112
8,113
8,114
8,115
8,116
8,117
8,118
8,119
8,120
8,121
8,122
8,123
8,124
8,125
8,126
8,127
8,128
8,129
8,130
8,131
8,132
8,133
8,134
8,135
8,136
8,137
8,138
8,139
8,140
8,141
8,142
8,143
8,144
8,145
8,146
8,147
8,148
8,149
8,150
8,151
8,152
8,153
8,154
8,155
8,156
8,157
8,158
8,159
8,160
8,161
8,162
8,163
8,164
8,165
8,166
8,167
8,168
8,169
8,170
8,171
8,172
8,173
8,174
8,175
8,176
8,177
8,178
8,179
8,180
8,181
8,182
8,183
8,184
8,185
8,186
8,187
8,188
8,189
8,190
8,191
8,192
8,193
8,194
8,195
8,196
8,197
8,198
8,199
8,200
8,201
8,202
8,203
8,204
8,205
8,206
8,207
8,208
8,209
8,210
8,211
8,212
8,213
8,214
8,215
8,216
8,217
8,218
8,219
8,220
8,221
8,222
8,223
8,224
8,225
8,226
8,227
8,228
8,229
8,230
8,231
8,232
8,233
8,234
8,235
8,236
8,237
8,238
8,239
8,240
8,241
8,242
8,243
8,244
8,245
8,246
8,247
8,248
8,249
8,250
8,251
8,252
8,253
8,254
8,255
8,256
8,257
8,258
8,259
8,260
8,261
8,262
8,263
8,264
8,265
8,266
8,267
8,268
8,269
8,270
8,271
8,272
8,273
8,274
8,275
8,276
8,277
8,278
8,279
8,280
8,281
8,282
8,283
8,284
8,285
8,286
8,287
8,288
8,289
8,290
8,291
8,292
8,293
8,294
8,295
8,296
8,297
8,298
8,299
8,300
8,301
8,302
8,303
8,304
8,305
8,306
8,307
8,308
8,309
8,310
8,311
8,312
8,313
8,314
8,315
8,316
8,317
8,318
8,319
8,320
8,321
8,322
8,323
8,324
8,325
8,326
8,327
8,328
8,329
8,330
8,331
8,332
8,333
8,334
8,335
8,336
8,337
8,338
8,339
8,340
8,341
8,342
8,343
8,344
8,345
8,346
8,347
8,348
8,349
8,350
8,351
8,352
8,353
8,354
8,355
8,356
8,357
8,358
8,359
8,360
8,361
8,362
8,363
8,364
8,365
8,366
8,367
8,368
8,369
8,370
8,371
8,372
8,373
8,374
8,375
8,376
8,377
8,378
8,379
8,380
8,381
8,382
8,383
8,384
8,385
8,10001
8,10002
8,10003
8,10004
8,10005
8,20001
8,20002
8,20003
8,20004
8,20005
8,20006
8,20007
8,20008
8,20009
8,20010
8,20011
8,20012
8,20013
8,20014
8,20015
8,20016
8,20017
8,20018
8,20019
8,20020
8,20021
8,20022
8,20023
8,20024
8,20025
8,20026
8,20027
9,1
9,2
9,3
9,4
9,5
9,6
9,7
9,8
9,9
9,10
9,11
9,12
9,13
9,14
9,15
9,16
9,17
9,18
9,19
9,20
9,21
9,22
9,23
9,24
9,25
9,26
9,27
9,28
9,29
9,30
9,31
9,32
9,33
9,34
9,35
9,36
9,37
9,38
9,39
9,40
9,41
9,42
9,43
9,44
9,45
9,46
9,47
9,48
9,49
9,50
9,51
9,52
9,53
9,54
9,55
9,56
9,57
9,58
9,59
9,60
9,61
9,62
9,63
9,64
9,65
9,66
9,67
9,68
9,69
9,70
9,71
9,72
9,73
9,74
9,75
9,76
9,77
9,78
9,79
9,80
9,81
9,82
9,83
9,84
9,85
9,86
9,87
9,88
9,89
9,90
9,91
9,92
9,93
9,94
9,95
9,96
9,97
9,98
9,99
9,100
9,101
9,102
9,103
9,104
9,105
9,106
9,107
9,108
9,109
9,110
9,111
9,112
9,113
9,114
9,115
9,116
9,117
9,118
9,119
9,120
9,121
9,122
9,123
9,124
9,125
9,126
9,127
9,128
9,129
9,130
9,131
9,132
9,133
9,134
9,135
9,136
9,137
9,138
9,139
9,140
9,141
9,142
9,143
9,144
9,145
9,146
9,147
9,148
9,149
9,150
9,151
9,152
9,153
9,154
9,155
9,156
9,157
9,158
9,159
9,160
9,161
9,162
9,163
9,164
9,165
9,166
9,167
9,168
9,169
9,170
9,171
9,172
9,173
9,174
9,175
9,176
9,177
9,178
9,179
9,180
9,181
9,182
9,183
9,184
9,185
9,186
9,187
9,188
9,189
9,190
9,191
9,192
9,193
9,194
9,195
9,196
9,197
9,198
9,199
9,200
9,201
9,202
9,203
9,204
9,205
9,206
9,207
9,208
9,209
9,210
9,211
9,212
9,213
9,214
9,215
9,216
9,217
9,218
9,219
9,220
9,221
9,222
9,223
9,224
9,225
9,226
9,227
9,228
9,229
9,230
9,231
9,232
9,233
9,234
9,235
9,236
9,237
9,238
9,239
9,240
9,241
9,242
9,243
9,244
9,245
9,246
9,247
9,248
9,249
9,250
9,251
9,252
9,253
9,254
9,255
9,256
9,257
9,258
9,259
9,260
9,261
9,262
9,263
9,264
9,265
9,266
9,267
9,268
9,269
9,270
9,271
9,272
9,273
9,274
9,275
9,276
9,277
9,278
9,279
9,280
9,281
9,282
9,283
9,284
9,285
9,286
9,287
9,288
9,289
9,290
9,291
9,292
9,293
9,294
9,295
9,296
9,297
9,298
9,299
9,300
9,301
9,302
9,303
9,304
9,305
9,306
9,307
9,308
9,309
9,310
9,311
9,312
9,313
9,314
9,315
9,316
9,317
9,318
9,319
9,320
9,321
9,322
9,323
9,324
9,325
9,326
9,327
9,328
9,329
9,330
9,331
9,332
9,333
9,334
9,335
9,336
9,337
9,338
9,339
9,340
9,341
9,342
9,343
9,344
9,345
9,346
9,347
9,348
9,349
9,350
9,351
9,352
9,353
9,354
9,355
9,356
9,357
9,358
9,359
9,360
9,361
9,362
9,363
9,364
9,365
9,366
9,367
9,368
9,369
9,370
9,371
9,372
9,373
9,374
9,375
9,376
9,377
9,378
9,379
9,380
9,381
9,382
9,383
9,384
9,385
9,10001
9,10002
9,10003
9,10006
9,20001
9,20002
9,20003
9,20004
9,20005
9,20006
9,20007
9,20008
9,20009
9,20010
9,20011
9,20012
9,20013
9,20014
9,20015
9,20016
9,20017
9,20018
9,20019
9,20020
9,20021
9,20022
9,20023
9,20024
9,20025
9,20026
9,20027
10,1
10,2
10,3
10,4
10,5
10,6
10,7
10,8
10,9
10,10
10,11
10,12
10,13
10,14
10,15
10,16
10,17
10,18
10,19
10,20
10,21
10,22
10,23
10,24
10,25
10,26
10,27
10,28
10,29
10,30
10,31
10,32
10,33
10,34
10,35
10,36
10,37
10,38
10,39
10,40
10,41
10,42
10,43
10,44
10,45
10,46
10,47
10,48
10,49
10,50
10,51
10,52
10,53
10,54
10,55
10,56
10,57
10,58
10,59
10,60
10,61
10,62
10,63
10,64
10,65
10,66
10,67
10,68
10,69
10,70
10,71
10,72
10,73
10,74
10,75
10,76
10,77
10,78
10,79
10,80
10,81
10,82
10,83
10,84
10,85
10,86
10,87
10,88
10,89
10,90
10,91
10,92
10,93
10,94
10,95
10,96
10,97
10,98
10,99
10,100
10,101
10,102
10,103
10,104
10,105
10,106
10,107
10,108
10,109
10,110
10,111
10,112
10,113
10,114
10,115
10,116
10,117
10,118
10,119
10,120
10,121
10,122
10,123
10,124
10,125
10,126
10,127
10,128
10,129
10,130
10,131
10,132
10,133
10,134
10,135
10,136
10,137
10,138
10,139
10,140
10,141
10,142
10,143
10,144
10,145
10,146
10,147
10,148
10,149
10,150
10,151
10,152
10,153
10,154
10,155
10,156
10,157
10,158
10,159
10,160
10,161
10,162
10,163
10,164
10,165
10,166
10,167
10,168
10,169
10,170
10,171
10,172
10,173
10,174
10,175
10,176
10,177
10,178
10,179
10,180
10,181
10,182
10,183
10,184
10,185
10,186
10,187
10,188
10,189
10,190
10,191
10,192
10,193
10,194
10,195
10,196
10,197
10,198
10,199
10,200
10,201
10,202
10,203
10,204
10,205
10,206
10,207
10,208
10,209
10,210
10,211
10,212
10,213
10,214
10,215
10,216
10,217
10,218
10,219
10,220
10,221
10,222
10,223
10,224
10,225
10,226
10,227
10,228
10,229
10,230
10,231
10,232
10,233
10,234
10,235
10,236
10,237
10,238
10,239
10,240
10,241
10,242
10,243
10,244
10,245
10,246
10,247
10,248
10,249
10,250
10,251
10,252
10,253
10,254
10,255
10,256
10,257
10,258
10,259
10,260
10,261
10,262
10,263
10,264
10,265
10,266
10,267
10,268
10,269
10,270
10,271
10,272
10,273
10,274
10,275
10,276
10,277
10,278
10,279
10,280
10,281
10,282
10,283
10,284
10,285
10,286
10,287
10,288
10,289
10,290
10,291
10,292
10,293
10,294
10,295
10,296
10,297
10,298
10,299
10,300
10,301
10,302
10,303
10,304
10,305
10,306
10,307
10,308
10,309
10,310
10,311
10,312
10,313
10,314
10,315
10,316
10,317
10,318
10,319
10,320
10,321
10,322
10,323
10,324
10,325
10,326
10,327
10,328
10,329
10,330
10,331
10,332
10,333
10,334
10,335
10,336
10,337
10,338
10,339
10,340
10,341
10,342
10,343
10,344
10,345
10,346
10,347
10,348
10,349
10,350
10,351
10,352
10,353
10,354
10,355
10,356
10,357
10,358
10,359
10,360
10,361
10,362
10,363
10,364
10,365
10,366
10,367
10,368
10,369
10,370
10,371
10,372
10,373
10,374
10,375
10,376
10,377
10,378
10,379
10,380
10,381
10,382
10,383
10,384
10,385
10,386
10,387
10,388
10,389
10,390
10,391
10,392
10,393
10,394
10,395
10,396
10,397
10,398
10,399
10,400
10,401
10,402
10,403
10,404
10,405
10,406
10,407
10,408
10,409
10,410
10,411
10,412
10,413
10,414
10,415
10,416
10,417
10,418
10,419
10,420
10,421
10,422
10,423
10,424
10,425
10,426
10,427
10,428
10,429
10,430
10,431
10,432
10,433
10,434
10,435
10,436
10,437
10,438
10,439
10,440
10,441
10,442
10,443
10,444
10,445
10,446
10,447
10,448
10,449
10,450
10,451
10,452
10,453
10,454
10,455
10,456
10,457
10,458
10,459
10,460
10,461
10,462
10,463
10,464
10,465
10,466
10,467
10,468
10,469
10,470
10,471
10,472
10,473
10,474
10,475
10,476
10,477
10,478
10,479
10,480
10,481
10,482
10,483
10,484
10,485
10,486
10,487
10,488
10,489
10,490
10,491
10,492
10,493
10,10001
10,10002
10,10003
10,10004
10,10005
10,10006
10,10007
10,10008
10,10009
10,10010
10,10011
10,10012
10,10013
10,10014
10,10015
10,10016
10,10017
10,10018
10,10019
10,10020
10,10021
10,10022
10,10023
10,10024
10,20001
10,20002
10,20003
10,20004
10,20005
10,20006
10,20007
10,20008
10,20009
10,20010
10,20011
10,20012
10,20013
10,20014
10,20015
10,20016
10,20017
10,20018
10,20019
10,20020
10,20021
10,20022
10,20023
10,20024
10,20025
10,20026
10,20027
10,20028
10,20029
10,20030
10,20031
10,20032
11,1
11,2
11,3
11,4
11,5
11,6
11,7
11,8
11,9
11,10
11,11
11,12
11,13
11,14
11,15
11,16
11,17
11,18
11,19
11,20
11,21
11,22
11,23
11,24
11,25
11,26
11,27
11,28
11,29
11,30
11,31
11,32
11,33
11,34
11,35
11,36
11,37
11,38
11,39
11,40
11,41
11,42
11,43
11,44
11,45
11,46
11,47
11,48
11,49
11,50
11,51
11,52
11,53
11,54
11,55
11,56
11,57
11,58
11,59
11,60
11,61
11,62
11,63
11,64
11,65
11,66
11,67
11,68
11,69
11,70
11,71
11,72
11,73
11,74
11,75
11,76
11,77
11,78
11,79
11,80
11,81
11,82
11,83
11,84
11,85
11,86
11,87
11,88
11,89
11,90
11,91
11,92
11,93
11,94
11,95
11,96
11,97
11,98
11,99
11,100
11,101
11,102
11,103
11,104
11,105
11,106
11,107
11,108
11,109
11,110
11,111
11,112
11,113
11,114
11,115
11,116
11,117
11,118
11,119
11,120
11,121
11,122
11,123
11,124
11,125
11,126
11,127
11,128
11,129
11,130
11,131
11,132
11,133
11,134
11,135
11,136
11,137
11,138
11,139
11,140
11,141
11,142
11,143
11,144
11,145
11,146
11,147
11,148
11,149
11,150
11,151
11,152
11,153
11,154
11,155
11,156
11,157
11,158
11,159
11,160
11,161
11,162
11,163
11,164
11,165
11,166
11,167
11,168
11,169
11,170
11,171
11,172
11,173
11,174
11,175
11,176
11,177
11,178
11,179
11,180
11,181
11,182
11,183
11,184
11,185
11,186
11,187
11,188
11,189
11,190
11,191
11,192
11,193
11,194
11,195
11,196
11,197
11,198
11,199
11,200
11,201
11,202
11,203
11,204
11,205
11,206
11,207
11,208
11,209
11,210
11,211
11,212
11,213
11,214
11,215
11,216
11,217
11,218
11,219
11,220
11,221
11,222
11,223
11,224
11,225
11,226
11,227
11,228
11,229
11,230
11,231
11,232
11,233
11,234
11,235
11,236
11,237
11,238
11,239
11,240
11,241
11,242
11,243
11,244
11,245
11,246
11,247
11,248
11,249
11,250
11,251
11,252
11,253
11,254
11,255
11,256
11,257
11,258
11,259
11,260
11,261
11,262
11,263
11,264
11,265
11,266
11,267
11,268
11,269
11,270
11,271
11,272
11,273
11,274
11,275
11,276
11,277
11,278
11,279
11,280
11,281
11,282
11,283
11,284
11,285
11,286
11,287
11,288
11,289
11,290
11,291
11,292
11,293
11,294
11,295
11,296
11,297
11,298
11,299
11,300
11,301
11,302
11,303
11,304
11,305
11,306
11,307
11,308
11,309
11,310
11,311
11,312
11,313
11,314
11,315
11,316
11,317
11,318
11,319
11,320
11,321
11,322
11,323
11,324
11,325
11,326
11,327
11,328
11,329
11,330
11,331
11,332
11,333
11,334
11,335
11,336
11,337
11,338
11,339
11,340
11,341
11,342
11,343
11,344
11,345
11,346
11,347
11,348
11,349
11,350
11,351
11,352
11,353
11,354
11,355
11,356
11,357
11,358
11,359
11,360
11,361
11,362
11,363
11,364
11,365
11,366
11,367
11,368
11,369
11,370
11,371
11,372
11,373
11,374
11,375
11,376
11,377
11,378
11,379
11,380
11,381
11,382
11,383
11,384
11,385
11,386
11,387
11,388
11,389
11,390
11,391
11,392
11,393
11,394
11,395
11,396
11,397
11,398
11,399
11,400
11,401
11,402
11,403
11,404
11,405
11,406
11,407
11,408
11,409
11,410
11,411
11,412
11,413
11,414
11,415
11,416
11,417
11,418
11,419
11,420
11,421
11,422
11,423
11,424
11,425
11,426
11,427
11,428
11,429
11,430
11,431
11,432
11,433
11,434
11,435
11,436
11,437
11,438
11,439
11,440
11,441
11,442
11,443
11,444
11,445
11,446
11,447
11,448
11,449
11,450
11,451
11,452
11,453
11,454
11,455
11,456
11,457
11,458
11,459
11,460
11,461
11,462
11,463
11,464
11,465
11,466
11,467
11,468
11,469
11,470
11,471
11,472
11,473
11,474
11,475
11,476
11,477
11,478
11,479
11,480
11,481
11,482
11,483
11,484
11,485
11,486
11,487
11,488
11,489
11,490
11,491
11,492
11,493
11,10001
11,10002
11,10003
11,10004
11,10005
11,10006
11,10007
11,10008
11,10009
11,10010
11,10011
11,10012
11,10013
11,10014
11,10015
11,10016
11,10017
11,10018
11,10019
11,10020
11,10021
11,10022
11,10023
11,10024
11,10025
11,10026
11,10027
11,10028
11,10029
11,10030
11,10031
11,20001
11,20002
11,20003
11,20004
11,20005
11,20006
11,20007
11,20008
11,20009
11,20010
11,20011
11,20012
11,20013
11,20014
11,20015
11,20016
11,20017
11,20018
11,20019
11,20020
11,20021
11,20022
11,20023
11,20024
11,20025
11,20026
11,20027
11,20028
11,20029
11,20030
11,20031
11,20032
12,1
12,2
12,3
12,4
12,5
12,6
12,7
12,8
12,9
12,10
12,11
12,12
12,13
12,14
12,15
12,16
12,17
12,18
12,19
12,20
12,21
12,22
12,23
12,24
12,25
12,26
12,27
12,28
12,29
12,30
12,31
12,32
12,33
12,34
12,35
12,36
12,37
12,38
12,39
12,40
12,41
12,42
12,43
12,44
12,45
12,46
12,47
12,48
12,49
12,50
12,51
12,52
12,53
12,54
12,55
12,56
12,57
12,58
12,59
12,60
12,61
12,62
12,63
12,64
12,65
12,66
12,67
12,68
12,69
12,70
12,71
12,72
12,73
12,74
12,75
12,76
12,77
12,78
12,79
12,80
12,81
12,82
12,83
12,84
12,85
12,86
12,87
12,88
12,89
12,90
12,91
12,92
12,93
12,94
12,95
12,96
12,97
12,98
12,99
12,100
12,101
12,102
12,103
12,104
12,105
12,106
12,107
12,108
12,109
12,110
12,111
12,112
12,113
12,114
12,115
12,116
12,117
12,118
12,119
12,120
12,121
12,122
12,123
12,124
12,125
12,126
12,127
12,128
12,129
12,130
12,131
12,132
12,133
12,134
12,135
12,136
12,137
12,138
12,139
12,140
12,141
12,142
12,143
12,144
12,145
12,146
12,147
12,148
12,149
12,150
12,151
12,152
12,153
12,154
12,155
12,156
12,157
12,158
12,159
12,160
12,161
12,162
12,163
12,164
12,165
12,166
12,167
12,168
12,169
12,170
12,171
12,172
12,173
12,174
12,175
12,176
12,177
12,178
12,179
12,180
12,181
12,182
12,183
12,184
12,185
12,186
12,187
12,188
12,189
12,190
12,191
12,192
12,193
12,194
12,195
12,196
12,197
12,198
12,199
12,200
12,201
12,202
12,203
12,204
12,205
12,206
12,207
12,208
12,209
12,210
12,211
12,212
12,213
12,214
12,215
12,216
12,217
12,218
12,219
12,220
12,221
12,222
12,223
12,224
12,225
12,226
12,227
12,228
12,229
12,230
12,231
12,232
12,233
12,234
12,235
12,236
12,237
12,238
12,239
12,240
12,241
12,242
12,243
12,244
12,245
12,246
12,247
12,248
12,249
12,250
12,251
12,252
12,253
12,254
12,255
12,256
12,257
12,258
12,259
12,260
12,261
12,262
12,263
12,264
12,265
12,266
12,267
12,268
12,269
12,270
12,271
12,272
12,273
12,274
12,275
12,276
12,277
12,278
12,279
12,280
12,281
12,282
12,283
12,284
12,285
12,286
12,287
12,288
12,289
12,290
12,291
12,292
12,293
12,294
12,295
12,296
12,297
12,298
12,299
12,300
12,301
12,302
12,303
12,304
12,305
12,306
12,307
12,308
12,309
12,310
12,311
12,312
12,313
12,314
12,315
12,316
12,317
12,318
12,319
12,320
12,321
12,322
12,323
12,324
12,325
12,326
12,327
12,328
12,329
12,330
12,331
12,332
12,333
12,334
12,335
12,336
12,337
12,338
12,339
12,340
12,341
12,342
12,343
12,344
12,345
12,346
12,347
12,348
12,349
12,350
12,351
12,352
12,353
12,354
12,355
12,356
12,357
12,358
12,359
12,360
12,361
12,362
12,363
12,364
12,365
12,366
12,367
12,368
12,369
12,370
12,371
12,372
12,373
12,374
12,375
12,376
12,377
12,378
12,379
12,380
12,381
12,382
12,383
12,384
12,385
12,386
12,387
12,388
12,389
12,390
12,391
12,392
12,393
12,394
12,395
12,396
12,397
12,398
12,399
12,400
12,401
12,402
12,403
12,404
12,405
12,406
12,407
12,408
12,409
12,410
12,411
12,412
12,413
12,414
12,415
12,416
12,417
12,418
12,419
12,420
12,421
12,422
12,423
12,424
12,425
12,426
12,427
12,428
12,429
12,430
12,431
12,432
12,433
12,434
12,435
12,436
12,437
12,438
12,439
12,440
12,441
12,442
12,443
12,444
12,445
12,446
12,447
12,448
12,449
12,450
12,451
12,452
12,453
12,454
12,455
12,456
12,457
12,458
12,459
12,460
12,461
12,462
12,463
12,464
12,465
12,466
12,467
12,468
12,469
12,470
12,471
12,472
12,473
12,474
12,475
12,476
12,477
12,478
12,479
12,480
12,481
12,482
12,483
12,484
12,485
12,486
12,487
12,488
12,489
12,490
12,491
12,492
12,493
12,10001
12,10002
12,10003
12,10004
12,10005
12,10006
12,10007
12,10008
12,10009
12,10010
12,10011
12,10012
12,10013
12,10014
12,10015
12,10016
12,10017
12,10018
12,10019
12,10020
12,10021
12,10022
12,10023
12,10024
12,10025
12,10026
12,10027
12,10028
12,10029
12,10030
12,10031
12,10032
12,20001
12,20002
12,20003
12,20004
12,20005
12,20006
12,20007
12,20008
12,20009
12,20010
12,20011
12,20012
12,20013
12,20014
12,20015
12,20016
12,20017
12,20018
12,20019
12,20020
12,20021
12,20022
12,20023
12,20024
12,20025
12,20026
12,20027
12,20028
12,20029
12,20030
12,20031
12,20032
13,1
13,2
13,3
13,4
13,5
13,6
13,7
13,8
13,9
13,10
13,11
13,12
13,13
13,14
13,15
13,16
13,17
13,18
13,19
13,20
13,21
13,22
13,23
13,24
13,25
13,26
13,27
13,28
13,29
13,30
13,31
13,32
13,33
13,34
13,35
13,36
13,37
13,38
13,39
13,40
13,41
13,42
13,43
13,44
13,45
13,46
13,47
13,48
13,49
13,50
13,51
13,52
13,53
13,54
13,55
13,56
13,57
13,58
13,59
13,60
13,61
13,62
13,63
13,64
13,65
13,66
13,67
13,68
13,69
13,70
13,71
13,72
13,73
13,74
13,75
13,76
13,77
13,78
13,79
13,80
13,81
13,82
13,83
13,84
13,85
13,86
13,87
13,88
13,89
13,90
13,91
13,92
13,93
13,94
13,95
13,96
13,97
13,98
13,99
13,100
13,101
13,102
13,103
13,104
13,105
13,106
13,107
13,108
13,109
13,110
13,111
13,112
13,113
13,114
13,115
13,116
13,117
13,118
13,119
13,120
13,121
13,122
13,123
13,124
13,125
13,126
13,127
13,128
13,129
13,130
13,131
13,132
13,133
13,134
13,135
13,136
13,137
13,138
13,139
13,140
13,141
13,142
13,143
13,144
13,145
13,146
13,147
13,148
13,149
13,150
13,151
13,152
13,153
13,154
13,155
13,156
13,157
13,158
13,159
13,160
13,161
13,162
13,163
13,164
13,165
13,166
13,167
13,168
13,169
13,170
13,171
13,172
13,173
13,174
13,175
13,176
13,177
13,178
13,179
13,180
13,181
13,182
13,183
13,184
13,185
13,186
13,187
13,188
13,189
13,190
13,191
13,192
13,193
13,194
13,195
13,196
13,197
13,198
13,199
13,200
13,201
13,202
13,203
13,204
13,205
13,206
13,207
13,208
13,209
13,210
13,211
13,212
13,213
13,214
13,215
13,216
13,217
13,218
13,219
13,220
13,221
13,222
13,223
13,224
13,225
13,226
13,227
13,228
13,229
13,230
13,231
13,232
13,233
13,234
13,235
13,236
13,237
13,238
13,239
13,240
13,241
13,242
13,243
13,244
13,245
13,246
13,247
13,248
13,249
13,250
13,251
13,252
13,253
13,254
13,255
13,256
13,257
13,258
13,259
13,260
13,261
13,262
13,263
13,264
13,265
13,266
13,267
13,268
13,269
13,270
13,271
13,272
13,273
13,274
13,275
13,276
13,277
13,278
13,279
13,280
13,281
13,282
13,283
13,284
13,285
13,286
13,287
13,288
13,289
13,290
13,291
13,292
13,293
13,294
13,295
13,296
13,297
13,298
13,299
13,300
13,301
13,302
13,303
13,304
13,305
13,306
13,307
13,308
13,309
13,310
13,311
13,312
13,313
13,314
13,315
13,316
13,317
13,318
13,319
13,320
13,321
13,322
13,323
13,324
13,325
13,326
13,327
13,328
13,329
13,330
13,331
13,332
13,333
13,334
13,335
13,336
13,337
13,338
13,339
13,340
13,341
13,342
13,343
13,344
13,345
13,346
13,347
13,348
13,349
13,350
13,351
13,352
13,353
13,354
13,355
13,356
13,357
13,358
13,359
13,360
13,361
13,362
13,363
13,364
13,365
13,366
13,367
13,368
13,369
13,370
13,371
13,372
13,373
13,374
13,375
13,376
13,377
13,378
13,379
13,380
13,381
13,382
13,383
13,384
13,385
13,386
13,387
13,388
13,389
13,390
13,391
13,392
13,393
13,394
13,395
13,396
13,397
13,398
13,399
13,400
13,401
13,402
13,403
13,404
13,405
13,406
13,407
13,408
13,409
13,410
13,411
13,412
13,413
13,414
13,415
13,416
13,417
13,418
13,419
13,420
13,421
13,422
13,423
13,424
13,425
13,426
13,427
13,428
13,429
13,430
13,431
13,432
13,433
13,434
13,435
13,436
13,437
13,438
13,439
13,440
13,441
13,442
13,443
13,444
13,445
13,446
13,447
13,448
13,449
13,450
13,451
13,452
13,453
13,454
13,455
13,456
13,457
13,458
13,459
13,460
13,461
13,462
13,463
13,464
13,465
13,466
13,467
13,468
13,469
13,470
13,471
13,472
13,473
13,474
13,475
13,476
13,477
13,478
13,479
13,480
13,481
13,482
13,483
13,484
13,485
13,486
13,487
13,488
13,489
13,490
13,491
13,492
13,493
13,494
13,495
13,496
13,497
13,498
13,499
13,500
13,501
13,502
13,503
13,504
13,505
13,506
13,507
13,508
13,509
13,510
13,511
13,512
13,513
13,514
13,515
13,516
13,517
13,518
13,519
13,520
13,521
13,522
13,523
13,524
13,525
13,526
13,527
13,528
13,529
13,530
13,531
13,532
13,533
13,534
13,535
13,536
13,537
13,538
13,539
13,540
13,541
13,542
13,543
13,544
13,545
13,546
13,547
13,548
13,549
13,550
13,551
13,552
13,553
13,554
13,555
13,556
13,557
13,558
13,559
13,560
13,561
13,562
13,563
13,564
13,565
13,566
13,567
13,568
13,569
13,570
13,571
13,572
13,573
13,574
13,575
13,576
13,577
13,578
13,579
13,580
13,581
13,582
13,583
13,584
13,585
13,586
13,587
13,588
13,589
13,590
13,591
13,592
13,593
13,594
13,595
13,596
13,597
13,598
13,599
13,600
13,601
13,602
13,603
13,604
13,605
13,606
13,607
13,608
13,609
13,610
13,611
13,612
13,613
13,614
13,615
13,616
13,617
13,618
13,619
13,620
13,621
13,622
13,623
13,624
13,625
13,626
13,627
13,628
13,629
13,630
13,631
13,632
13,633
13,634
13,635
13,636
13,637
13,638
13,639
13,640
13,641
13,642
13,643
13,644
13,645
13,646
13,647
13,648
13,649
13,10001
13,10002
13,10003
13,10004
13,10005
13,10006
13,10007
13,10008
13,10009
13,10010
13,10011
13,10012
13,10013
13,10014
13,10015
13,10016
13,10017
13,10018
13,10019
13,10020
13,10021
13,10022
13,10023
13,10024
13,10025
13,10026
13,10027
13,10028
13,10029
13,10030
13,10031
13,10033
13,10034
13,10035
13,20001
13,20002
13,20003
13,20004
13,20005
13,20006
13,20007
13,20008
13,20009
13,20010
13,20011
13,20012
13,20013
13,20014
13,20015
13,20016
13,20017
13,20018
13,20019
13,20020
13,20021
13,20022
13,20023
13,20024
13,20025
13,20026
13,20027
13,20028
13,20029
13,20030
13,20031
13,20032
13,20033
13,20034
13,20035
13,20036
13,20037
13,20038
13,20039
13,20040
13,20041
13,20042
14,1
14,2
14,3
14,4
14,5
14,6
14,7
14,8
14,9
14,10
14,11
14,12
14,13
14,14
14,15
14,16
14,17
14,18
14,19
14,20
14,21
14,22
14,23
14,24
14,25
14,26
14,27
14,28
14,29
14,30
14,31
14,32
14,33
14,34
14,35
14,36
14,37
14,38
14,39
14,40
14,41
14,42
14,43
14,44
14,45
14,46
14,47
14,48
14,49
14,50
14,51
14,52
14,53
14,54
14,55
14,56
14,57
14,58
14,59
14,60
14,61
14,62
14,63
14,64
14,65
14,66
14,67
14,68
14,69
14,70
14,71
14,72
14,73
14,74
14,75
14,76
14,77
14,78
14,79
14,80
14,81
14,82
14,83
14,84
14,85
14,86
14,87
14,88
14,89
14,90
14,91
14,92
14,93
14,94
14,95
14,96
14,97
14,98
14,99
14,100
14,101
14,102
14,103
14,104
14,105
14,106
14,107
14,108
14,109
14,110
14,111
14,112
14,113
14,114
14,115
14,116
14,117
14,118
14,119
14,120
14,121
14,122
14,123
14,124
14,125
14,126
14,127
14,128
14,129
14,130
14,131
14,132
14,133
14,134
14,135
14,136
14,137
14,138
14,139
14,140
14,141
14,142
14,143
14,144
14,145
14,146
14,147
14,148
14,149
14,150
14,151
14,152
14,153
14,154
14,155
14,156
14,157
14,158
14,159
14,160
14,161
14,162
14,163
14,164
14,165
14,166
14,167
14,168
14,169
14,170
14,171
14,172
14,173
14,174
14,175
14,176
14,177
14,178
14,179
14,180
14,181
14,182
14,183
14,184
14,185
14,186
14,187
14,188
14,189
14,190
14,191
14,192
14,193
14,194
14,195
14,196
14,197
14,198
14,199
14,200
14,201
14,202
14,203
14,204
14,205
14,206
14,207
14,208
14,209
14,210
14,211
14,212
14,213
14,214
14,215
14,216
14,217
14,218
14,219
14,220
14,221
14,222
14,223
14,224
14,225
14,226
14,227
14,228
14,229
14,230
14,231
14,232
14,233
14,234
14,235
14,236
14,237
14,238
14,239
14,240
14,241
14,242
14,243
14,244
14,245
14,246
14,247
14,248
14,249
14,250
14,251
14,252
14,253
14,254
14,255
14,256
14,257
14,258
14,259
14,260
14,261
14,262
14,263
14,264
14,265
14,266
14,267
14,268
14,269
14,270
14,271
14,272
14,273
14,274
14,275
14,276
14,277
14,278
14,279
14,280
14,281
14,282
14,283
14,284
14,285
14,286
14,287
14,288
14,289
14,290
14,291
14,292
14,293
14,294
14,295
14,296
14,297
14,298
14,299
14,300
14,301
14,302
14,303
14,304
14,305
14,306
14,307
14,308
14,309
14,310
14,311
14,312
14,313
14,314
14,315
14,316
14,317
14,318
14,319
14,320
14,321
14,322
14,323
14,324
14,325
14,326
14,327
14,328
14,329
14,330
14,331
14,332
14,333
14,334
14,335
14,336
14,337
14,338
14,339
14,340
14,341
14,342
14,343
14,344
14,345
14,346
14,347
14,348
14,349
14,350
14,351
14,352
14,353
14,354
14,355
14,356
14,357
14,358
14,359
14,360
14,361
14,362
14,363
14,364
14,365
14,366
14,367
14,368
14,369
14,370
14,371
14,372
14,373
14,374
14,375
14,376
14,377
14,378
14,379
14,380
14,381
14,382
14,383
14,384
14,385
14,386
14,387
14,388
14,389
14,390
14,391
14,392
14,393
14,394
14,395
14,396
14,397
14,398
14,399
14,400
14,401
14,402
14,403
14,404
14,405
14,406
14,407
14,408
14,409
14,410
14,411
14,412
14,413
14,414
14,415
14,416
14,417
14,418
14,419
14,420
14,421
14,422
14,423
14,424
14,425
14,426
14,427
14,428
14,429
14,430
14,431
14,432
14,433
14,434
14,435
14,436
14,437
14,438
14,439
14,440
14,441
14,442
14,443
14,444
14,445
14,446
14,447
14,448
14,449
14,450
14,451
14,452
14,453
14,454
14,455
14,456
14,457
14,458
14,459
14,460
14,461
14,462
14,463
14,464
14,465
14,466
14,467
14,468
14,469
14,470
14,471
14,472
14,473
14,474
14,475
14,476
14,477
14,478
14,479
14,480
14,481
14,482
14,483
14,484
14,485
14,486
14,487
14,488
14,489
14,490
14,491
14,492
14,493
14,494
14,495
14,496
14,497
14,498
14,499
14,500
14,501
14,502
14,503
14,504
14,505
14,506
14,507
14,508
14,509
14,510
14,511
14,512
14,513
14,514
14,515
14,516
14,517
14,518
14,519
14,520
14,521
14,522
14,523
14,524
14,525
14,526
14,527
14,528
14,529
14,530
14,531
14,532
14,533
14,534
14,535
14,536
14,537
14,538
14,539
14,540
14,541
14,542
14,543
14,544
14,545
14,546
14,547
14,548
14,549
14,550
14,551
14,552
14,553
14,554
14,555
14,556
14,557
14,558
14,559
14,560
14,561
14,562
14,563
14,564
14,565
14,566
14,567
14,568
14,569
14,570
14,571
14,572
14,573
14,574
14,575
14,576
14,577
14,578
14,579
14,580
14,581
14,582
14,583
14,584
14,585
14,586
14,587
14,588
14,589
14,590
14,591
14,592
14,593
14,594
14,595
14,596
14,597
14,598
14,599
14,600
14,601
14,602
14,603
14,604
14,605
14,606
14,607
14,608
14,609
14,610
14,611
14,612
14,613
14,614
14,615
14,616
14,617
14,618
14,619
14,620
14,621
14,622
14,623
14,624
14,625
14,626
14,627
14,628
14,629
14,630
14,631
14,632
14,633
14,634
14,635
14,636
14,637
14,638
14,639
14,640
14,641
14,642
14,643
14,644
14,645
14,646
14,647
14,648
14,649
14,10001
14,10002
14,10003
14,10004
14,10005
14,10006
14,10007
14,10008
14,10009
14,10010
14,10011
14,10012
14,10013
14,10014
14,10015
14,10016
14,10017
14,10018
14,10019
14,10020
14,10021
14,10022
14,10023
14,10024
14,10025
14,10026
14,10027
14,10028
14,10029
14,10030
14,10031
14,10033
14,10034
14,10035
14,10036
14,10037
14,10038
14,10039
14,10040
14,20001
14,20002
14,20003
14,20004
14,20005
14,20006
14,20007
14,20008
14,20009
14,20010
14,20011
14,20012
14,20013
14,20014
14,20015
14,20016
14,20017
14,20018
14,20019
14,20020
14,20021
14,20022
14,20023
14,20024
14,20025
14,20026
14,20027
14,20028
14,20029
14,20030
14,20031
14,20032
14,20033
14,20034
14,20035
14,20036
14,20037
14,20038
14,20039
14,20040
14,20041
14,20042
14,20043
15,1
15,2
15,3
15,4
15,5
15,6
15,7
15,8
15,9
15,10
15,11
15,12
15,13
15,14
15,15
15,16
15,17
15,18
15,19
15,20
15,21
15,22
15,23
15,24
15,25
15,26
15,27
15,28
15,29
15,30
15,31
15,32
15,33
15,34
15,35
15,36
15,37
15,38
15,39
15,40
15,41
15,42
15,43
15,44
15,45
15,46
15,47
15,48
15,49
15,50
15,51
15,52
15,53
15,54
15,55
15,56
15,57
15,58
15,59
15,60
15,61
15,62
15,63
15,64
15,65
15,66
15,67
15,68
15,69
15,70
15,71
15,72
15,73
15,74
15,75
15,76
15,77
15,78
15,79
15,80
15,81
15,82
15,83
15,84
15,85
15,86
15,87
15,88
15,89
15,90
15,91
15,92
15,93
15,94
15,95
15,96
15,97
15,98
15,99
15,100
15,101
15,102
15,103
15,104
15,105
15,106
15,107
15,108
15,109
15,110
15,111
15,112
15,113
15,114
15,115
15,116
15,117
15,118
15,119
15,120
15,121
15,122
15,123
15,124
15,125
15,126
15,127
15,128
15,129
15,130
15,131
15,132
15,133
15,134
15,135
15,136
15,137
15,138
15,139
15,140
15,141
15,142
15,143
15,144
15,145
15,146
15,147
15,148
15,149
15,150
15,151
15,152
15,153
15,154
15,155
15,156
15,157
15,158
15,159
15,160
15,161
15,162
15,163
15,164
15,165
15,166
15,167
15,168
15,169
15,170
15,171
15,172
15,173
15,174
15,175
15,176
15,177
15,178
15,179
15,180
15,181
15,182
15,183
15,184
15,185
15,186
15,187
15,188
15,189
15,190
15,191
15,192
15,193
15,194
15,195
15,196
15,197
15,198
15,199
15,200
15,201
15,202
15,203
15,204
15,205
15,206
15,207
15,208
15,209
15,210
15,211
15,212
15,213
15,214
15,215
15,216
15,217
15,218
15,219
15,220
15,221
15,222
15,223
15,224
15,225
15,226
15,227
15,228
15,229
15,230
15,231
15,232
15,233
15,234
15,235
15,236
15,237
15,238
15,239
15,240
15,241
15,242
15,243
15,244
15,245
15,246
15,247
15,248
15,249
15,250
15,251
15,252
15,253
15,254
15,255
15,256
15,257
15,258
15,259
15,260
15,261
15,262
15,263
15,264
15,265
15,266
15,267
15,268
15,269
15,270
15,271
15,272
15,273
15,274
15,275
15,276
15,277
15,278
15,279
15,280
15,281
15,282
15,283
15,284
15,285
15,286
15,287
15,288
15,289
15,290
15,291
15,292
15,293
15,294
15,295
15,296
15,297
15,298
15,299
15,300
15,301
15,302
15,303
15,304
15,305
15,306
15,307
15,308
15,309
15,310
15,311
15,312
15,313
15,314
15,315
15,316
15,317
15,318
15,319
15,320
15,321
15,322
15,323
15,324
15,325
15,326
15,327
15,328
15,329
15,330
15,331
15,332
15,333
15,334
15,335
15,336
15,337
15,338
15,339
15,340
15,341
15,342
15,343
15,344
15,345
15,346
15,347
15,348
15,349
15,350
15,351
15,352
15,353
15,354
15,355
15,356
15,357
15,358
15,359
15,360
15,361
15,362
15,363
15,364
15,365
15,366
15,367
15,368
15,369
15,370
15,371
15,372
15,373
15,374
15,375
15,376
15,377
15,378
15,379
15,380
15,381
15,382
15,383
15,384
15,385
15,386
15,387
15,388
15,389
15,390
15,391
15,392
15,393
15,394
15,395
15,396
15,397
15,398
15,399
15,400
15,401
15,402
15,403
15,404
15,405
15,406
15,407
15,408
15,409
15,410
15,411
15,412
15,413
15,414
15,415
15,416
15,417
15,418
15,419
15,420
15,421
15,422
15,423
15,424
15,425
15,426
15,427
15,428
15,429
15,430
15,431
15,432
15,433
15,434
15,435
15,436
15,437
15,438
15,439
15,440
15,441
15,442
15,443
15,444
15,445
15,446
15,447
15,448
15,449
15,450
15,451
15,452
15,453
15,454
15,455
15,456
15,457
15,458
15,459
15,460
15,461
15,462
15,463
15,464
15,465
15,466
15,467
15,468
15,469
15,470
15,471
15,472
15,473
15,474
15,475
15,476
15,477
15,478
15,479
15,480
15,481
15,482
15,483
15,484
15,485
15,486
15,487
15,488
15,489
15,490
15,491
15,492
15,493
15,494
15,495
15,496
15,497
15,498
15,499
15,500
15,501
15,502
15,503
15,504
15,505
15,506
15,507
15,508
15,509
15,510
15,511
15,512
15,513
15,514
15,515
15,516
15,517
15,518
15,519
15,520
15,521
15,522
15,523
15,524
15,525
15,526
15,527
15,528
15,529
15,530
15,531
15,532
15,533
15,534
15,535
15,536
15,537
15,538
15,539
15,540
15,541
15,542
15,543
15,544
15,545
15,546
15,547
15,548
15,549
15,550
15,551
15,552
15,553
15,554
15,555
15,556
15,557
15,558
15,559
15,560
15,561
15,562
15,563
15,564
15,565
15,566
15,567
15,568
15,569
15,570
15,571
15,572
15,573
15,574
15,575
15,576
15,577
15,578
15,579
15,580
15,581
15,582
15,583
15,584
15,585
15,586
15,587
15,588
15,589
15,590
15,591
15,592
15,593
15,594
15,595
15,596
15,597
15,598
15,599
15,600
15,601
15,602
15,603
15,604
15,605
15,606
15,607
15,608
15,609
15,610
15,611
15,612
15,613
15,614
15,615
15,616
15,617
15,618
15,619
15,620
15,621
15,622
15,623
15,624
15,625
15,626
15,627
15,628
15,629
15,630
15,631
15,632
15,633
15,634
15,635
15,636
15,637
15,638
15,639
15,640
15,641
15,642
15,643
15,644
15,645
15,646
15,647
15,648
15,649
15,650
15,651
15,652
15,653
15,654
15,655
15,656
15,657
15,658
15,659
15,660
15,661
15,662
15,663
15,664
15,665
15,666
15,667
15,668
15,669
15,670
15,671
15,672
15,673
15,674
15,675
15,676
15,677
15,678
15,679
15,680
15,681
15,682
15,683
15,684
15,685
15,686
15,687
15,688
15,689
15,690
15,691
15,692
15,693
15,694
15,695
15,696
15,697
15,698
15,699
15,700
15,701
15,702
15,703
15,704
15,705
15,706
15,707
15,708
15,709
15,710
15,711
15,712
15,713
15,714
15,715
15,716
15,717
15,718
15,719
15,720
15,721
15,10001
15,10002
15,10003
15,10004
15,10005
15,10006
15,10007
15,10008
15,10009
15,10010
15,10011
15,10012
15,10013
15,10014
15,10015
15,10016
15,10017
15,10018
15,10019
15,10020
15,10021
15,10022
15,10023
15,10024
15,10025
15,10026
15,10027
15,10028
15,10029
15,10030
15,10031
15,10033
15,10034
15,10035
15,10036
15,10037
15,10038
15,10039
15,10040
15,10041
15,10042
15,10043
15,10044
15,10045
15,10046
15,10047
15,10048
15,10049
15,10050
15,10051
15,10052
15,10053
15,10054
15,10055
15,10056
15,10057
15,10058
15,10059
15,10060
15,10061
15,10062
15,10063
15,10064
15,10065
15,10066
15,10067
15,10068
15,10069
15,10070
15,10071
15,10072
15,10073
15,10074
15,10075
15,10076
15,10077
15,10078
15,10079
15,10080
15,20001
15,20002
15,20003
15,20004
15,20005
15,20006
15,20007
15,20008
15,20009
15,20010
15,20011
15,20012
15,20013
15,20014
15,20015
15,20016
15,20017
15,20018
15,20019
15,20020
15,20021
15,20022
15,20023
15,20024
15,20025
15,20026
15,20027
15,20028
15,20029
15,20030
15,20031
15,20032
15,20033
15,20034
15,20035
15,20036
15,20037
15,20038
15,20039
15,20040
15,20041
15,20042
15,20043
15,20044
15,20045
15,20046
15,20047
15,20048
15,20049
15,20050
15,20051
15,20052
15,20053
15,20054
15,20055
15,20056
15,20057
15,20058
15,20059
15,20060
15,20061
15,20062
15,20063
15,20064
15,20065
15,20066
15,20067
15,20068
15,20069
15,20070
15,20071
15,20072
15,20073
15,20074
15,20075
15,20076
15,20077
15,20078
15,20079
15,20080
15,20081
15,20082
15,20083
15,20084
15,20085
15,20086
15,20087
15,20088
15,20089
15,20090
15,20091
15,20092
15,20093
15,20094
15,20095
15,20096
15,20097
15,20098
15,20099
15,20100
15,20101
15,20102
15,20103
15,20104
15,20105
15,20106
15,20107
15,20108
15,20109
15,20110
15,20111
15,20112
15,20113
15,20114
15,20115
15,20116
15,20117
15,20118
15,20119
15,20120
15,20121
15,20122
16,1
16,2
16,3
16,4
16,5
16,6
16,7
16,8
16,9
16,10
16,11
16,12
16,13
16,14
16,15
16,16
16,17
16,18
16,19
16,20
16,21
16,22
16,23
16,24
16,25
16,26
16,27
16,28
16,29
16,30
16,31
16,32
16,33
16,34
16,35
16,36
16,37
16,38
16,39
16,40
16,41
16,42
16,43
16,44
16,45
16,46
16,47
16,48
16,49
16,50
16,51
16,52
16,53
16,54
16,55
16,56
16,57
16,58
16,59
16,60
16,61
16,62
16,63
16,64
16,65
16,66
16,67
16,68
16,69
16,70
16,71
16,72
16,73
16,74
16,75
16,76
16,77
16,78
16,79
16,80
16,81
16,82
16,83
16,84
16,85
16,86
16,87
16,88
16,89
16,90
16,91
16,92
16,93
16,94
16,95
16,96
16,97
16,98
16,99
16,100
16,101
16,102
16,103
16,104
16,105
16,106
16,107
16,108
16,109
16,110
16,111
16,112
16,113
16,114
16,115
16,116
16,117
16,118
16,119
16,120
16,121
16,122
16,123
16,124
16,125
16,126
16,127
16,128
16,129
16,130
16,131
16,132
16,133
16,134
16,135
16,136
16,137
16,138
16,139
16,140
16,141
16,142
16,143
16,144
16,145
16,146
16,147
16,148
16,149
16,150
16,151
16,152
16,153
16,154
16,155
16,156
16,157
16,158
16,159
16,160
16,161
16,162
16,163
16,164
16,165
16,166
16,167
16,168
16,169
16,170
16,171
16,172
16,173
16,174
16,175
16,176
16,177
16,178
16,179
16,180
16,181
16,182
16,183
16,184
16,185
16,186
16,187
16,188
16,189
16,190
16,191
16,192
16,193
16,194
16,195
16,196
16,197
16,198
16,199
16,200
16,201
16,202
16,203
16,204
16,205
16,206
16,207
16,208
16,209
16,210
16,211
16,212
16,213
16,214
16,215
16,216
16,217
16,218
16,219
16,220
16,221
16,222
16,223
16,224
16,225
16,226
16,227
16,228
16,229
16,230
16,231
16,232
16,233
16,234
16,235
16,236
16,237
16,238
16,239
16,240
16,241
16,242
16,243
16,244
16,245
16,246
16,247
16,248
16,249
16,250
16,251
16,252
16,253
16,254
16,255
16,256
16,257
16,258
16,259
16,260
16,261
16,262
16,263
16,264
16,265
16,266
16,267
16,268
16,269
16,270
16,271
16,272
16,273
16,274
16,275
16,276
16,277
16,278
16,279
16,280
16,281
16,282
16,283
16,284
16,285
16,286
16,287
16,288
16,289
16,290
16,291
16,292
16,293
16,294
16,295
16,296
16,297
16,298
16,299
16,300
16,301
16,302
16,303
16,304
16,305
16,306
16,307
16,308
16,309
16,310
16,311
16,312
16,313
16,314
16,315
16,316
16,317
16,318
16,319
16,320
16,321
16,322
16,323
16,324
16,325
16,326
16,327
16,328
16,329
16,330
16,331
16,332
16,333
16,334
16,335
16,336
16,337
16,338
16,339
16,340
16,341
16,342
16,343
16,344
16,345
16,346
16,347
16,348
16,349
16,350
16,351
16,352
16,353
16,354
16,355
16,356
16,357
16,358
16,359
16,360
16,361
16,362
16,363
16,364
16,365
16,366
16,367
16,368
16,369
16,370
16,371
16,372
16,373
16,374
16,375
16,376
16,377
16,378
16,379
16,380
16,381
16,382
16,383
16,384
16,385
16,386
16,387
16,388
16,389
16,390
16,391
16,392
16,393
16,394
16,395
16,396
16,397
16,398
16,399
16,400
16,401
16,402
16,403
16,404
16,405
16,406
16,407
16,408
16,409
16,410
16,411
16,412
16,413
16,414
16,415
16,416
16,417
16,418
16,419
16,420
16,421
16,422
16,423
16,424
16,425
16,426
16,427
16,428
16,429
16,430
16,431
16,432
16,433
16,434
16,435
16,436
16,437
16,438
16,439
16,440
16,441
16,442
16,443
16,444
16,445
16,446
16,447
16,448
16,449
16,450
16,451
16,452
16,453
16,454
16,455
16,456
16,457
16,458
16,459
16,460
16,461
16,462
16,463
16,464
16,465
16,466
16,467
16,468
16,469
16,470
16,471
16,472
16,473
16,474
16,475
16,476
16,477
16,478
16,479
16,480
16,481
16,482
16,483
16,484
16,485
16,486
16,487
16,488
16,489
16,490
16,491
16,492
16,493
16,494
16,495
16,496
16,497
16,498
16,499
16,500
16,501
16,502
16,503
16,504
16,505
16,506
16,507
16,508
16,509
16,510
16,511
16,512
16,513
16,514
16,515
16,516
16,517
16,518
16,519
16,520
16,521
16,522
16,523
16,524
16,525
16,526
16,527
16,528
16,529
16,530
16,531
16,532
16,533
16,534
16,535
16,536
16,537
16,538
16,539
16,540
16,541
16,542
16,543
16,544
16,545
16,546
16,547
16,548
16,549
16,550
16,551
16,552
16,553
16,554
16,555
16,556
16,557
16,558
16,559
16,560
16,561
16,562
16,563
16,564
16,565
16,566
16,567
16,568
16,569
16,570
16,571
16,572
16,573
16,574
16,575
16,576
16,577
16,578
16,579
16,580
16,581
16,582
16,583
16,584
16,585
16,586
16,587
16,588
16,589
16,590
16,591
16,592
16,593
16,594
16,595
16,596
16,597
16,598
16,599
16,600
16,601
16,602
16,603
16,604
16,605
16,606
16,607
16,608
16,609
16,610
16,611
16,612
16,613
16,614
16,615
16,616
16,617
16,618
16,619
16,620
16,621
16,622
16,623
16,624
16,625
16,626
16,627
16,628
16,629
16,630
16,631
16,632
16,633
16,634
16,635
16,636
16,637
16,638
16,639
16,640
16,641
16,642
16,643
16,644
16,645
16,646
16,647
16,648
16,649
16,650
16,651
16,652
16,653
16,654
16,655
16,656
16,657
16,658
16,659
16,660
16,661
16,662
16,663
16,664
16,665
16,666
16,667
16,668
16,669
16,670
16,671
16,672
16,673
16,674
16,675
16,676
16,677
16,678
16,679
16,680
16,681
16,682
16,683
16,684
16,685
16,686
16,687
16,688
16,689
16,690
16,691
16,692
16,693
16,694
16,695
16,696
16,697
16,698
16,699
16,700
16,701
16,702
16,703
16,704
16,705
16,706
16,707
16,708
16,709
16,710
16,711
16,712
16,713
16,714
16,715
16,716
16,717
16,718
16,719
16,720
16,721
16,10001
16,10002
16,10003
16,10004
16,10005
16,10006
16,10007
16,10008
16,10009
16,10010
16,10011
16,10012
16,10013
16,10014
16,10015
16,10016
16,10017
16,10018
16,10019
16,10020
16,10021
16,10022
16,10023
16,10024
16,10025
16,10026
16,10027
16,10028
16,10029
16,10030
16,10031
16,10033
16,10034
16,10035
16,10036
16,10037
16,10038
16,10039
16,10040
16,10041
16,10042
16,10043
16,10044
16,10045
16,10046
16,10047
16,10048
16,10049
16,10050
16,10051
16,10052
16,10053
16,10054
16,10055
16,10056
16,10057
16,10058
16,10059
16,10060
16,10061
16,10062
16,10063
16,10064
16,10065
16,10066
16,10067
16,10068
16,10069
16,10070
16,10071
16,10072
16,10073
16,10074
16,10075
16,10076
16,10077
16,10078
16,10079
16,10080
16,10081
16,10082
16,10083
16,10084
16,10085
16,10086
16,10087
16,10088
16,10089
16,10090
16,10091
16,10092
16,10093
16,10094
16,10095
16,10096
16,10097
16,10098
16,10099
16,10100
16,10101
16,10102
16,10103
16,10104
16,10105
16,10106
16,10107
16,20001
16,20002
16,20003
16,20004
16,20005
16,20006
16,20007
16,20008
16,20009
16,20010
16,20011
16,20012
16,20013
16,20014
16,20015
16,20016
16,20017
16,20018
16,20019
16,20020
16,20021
16,20022
16,20023
16,20024
16,20025
16,20026
16,20027
16,20028
16,20029
16,20030
16,20031
16,20032
16,20033
16,20034
16,20035
16,20036
16,20037
16,20038
16,20039
16,20040
16,20041
16,20042
16,20043
16,20044
16,20045
16,20046
16,20047
16,20048
16,20049
16,20050
16,20051
16,20052
16,20053
16,20054
16,20055
16,20056
16,20057
16,20058
16,20059
16,20060
16,20061
16,20062
16,20063
16,20064
16,20065
16,20066
16,20067
16,20068
16,20069
16,20070
16,20071
16,20072
16,20073
16,20074
16,20075
16,20076
16,20077
16,20078
16,20079
16,20080
16,20081
16,20082
16,20083
16,20084
16,20085
16,20086
16,20087
16,20088
16,20089
16,20090
16,20091
16,20092
16,20093
16,20094
16,20095
16,20096
16,20097
16,20098
16,20099
16,20100
16,20101
16,20102
16,20103
16,20104
16,20105
16,20106
16,20107
16,20108
16,20109
16,20110
16,20111
16,20112
16,20113
16,20114
16,20115
16,20116
16,20117
16,20118
16,20119
16,20120
16,20121
16,20122
17,1
17,2
17,3
17,4
17,5
17,6
17,7
17,8
17,9
17,10
17,11
17,12
17,13
17,14
17,15
17,16
17,17
17,18
17,19
17,20
17,21
17,22
17,23
17,24
17,25
17,26
17,27
17,28
17,29
17,30
17,31
17,32
17,33
17,34
17,35
17,36
17,37
17,38
17,39
17,40
17,41
17,42
17,43
17,44
17,45
17,46
17,47
17,48
17,49
17,50
17,51
17,52
17,53
17,54
17,55
17,56
17,57
17,58
17,59
17,60
17,61
17,62
17,63
17,64
17,65
17,66
17,67
17,68
17,69
17,70
17,71
17,72
17,73
17,74
17,75
17,76
17,77
17,78
17,79
17,80
17,81
17,82
17,83
17,84
17,85
17,86
17,87
17,88
17,89
17,90
17,91
17,92
17,93
17,94
17,95
17,96
17,97
17,98
17,99
17,100
17,101
17,102
17,103
17,104
17,105
17,106
17,107
17,108
17,109
17,110
17,111
17,112
17,113
17,114
17,115
17,116
17,117
17,118
17,119
17,120
17,121
17,122
17,123
17,124
17,125
17,126
17,127
17,128
17,129
17,130
17,131
17,132
17,133
17,134
17,135
17,136
17,137
17,138
17,139
17,140
17,141
17,142
17,143
17,144
17,145
17,146
17,147
17,148
17,149
17,150
17,151
17,152
17,153
17,154
17,155
17,156
17,157
17,158
17,159
17,160
17,161
17,162
17,163
17,164
17,165
17,166
17,167
17,168
17,169
17,170
17,171
17,172
17,173
17,174
17,175
17,176
17,177
17,178
17,179
17,180
17,181
17,182
17,183
17,184
17,185
17,186
17,187
17,188
17,189
17,190
17,191
17,192
17,193
17,194
17,195
17,196
17,197
17,198
17,199
17,200
17,201
17,202
17,203
17,204
17,205
17,206
17,207
17,208
17,209
17,210
17,211
17,212
17,213
17,214
17,215
17,216
17,217
17,218
17,219
17,220
17,221
17,222
17,223
17,224
17,225
17,226
17,227
17,228
17,229
17,230
17,231
17,232
17,233
17,234
17,235
17,236
17,237
17,238
17,239
17,240
17,241
17,242
17,243
17,244
17,245
17,246
17,247
17,248
17,249
17,250
17,251
17,252
17,253
17,254
17,255
17,256
17,257
17,258
17,259
17,260
17,261
17,262
17,263
17,264
17,265
17,266
17,267
17,268
17,269
17,270
17,271
17,272
17,273
17,274
17,275
17,276
17,277
17,278
17,279
17,280
17,281
17,282
17,283
17,284
17,285
17,286
17,287
17,288
17,289
17,290
17,291
17,292
17,293
17,294
17,295
17,296
17,297
17,298
17,299
17,300
17,301
17,302
17,303
17,304
17,305
17,306
17,307
17,308
17,309
17,310
17,311
17,312
17,313
17,314
17,315
17,316
17,317
17,318
17,319
17,320
17,321
17,322
17,323
17,324
17,325
17,326
17,327
17,328
17,329
17,330
17,331
17,332
17,333
17,334
17,335
17,336
17,337
17,338
17,339
17,340
17,341
17,342
17,343
17,344
17,345
17,346
17,347
17,348
17,349
17,350
17,351
17,352
17,353
17,354
17,355
17,356
17,357
17,358
17,359
17,360
17,361
17,362
17,363
17,364
17,365
17,366
17,367
17,368
17,369
17,370
17,371
17,372
17,373
17,374
17,375
17,376
17,377
17,378
17,379
17,380
17,381
17,382
17,383
17,384
17,385
17,386
17,387
17,388
17,389
17,390
17,391
17,392
17,393
17,394
17,395
17,396
17,397
17,398
17,399
17,400
17,401
17,402
17,403
17,404
17,405
17,406
17,407
17,408
17,409
17,410
17,411
17,412
17,413
17,414
17,415
17,416
17,417
17,418
17,419
17,420
17,421
17,422
17,423
17,424
17,425
17,426
17,427
17,428
17,429
17,430
17,431
17,432
17,433
17,434
17,435
17,436
17,437
17,438
17,439
17,440
17,441
17,442
17,443
17,444
17,445
17,446
17,447
17,448
17,449
17,450
17,451
17,452
17,453
17,454
17,455
17,456
17,457
17,458
17,459
17,460
17,461
17,462
17,463
17,464
17,465
17,466
17,467
17,468
17,469
17,470
17,471
17,472
17,473
17,474
17,475
17,476
17,477
17,478
17,479
17,480
17,481
17,482
17,483
17,484
17,485
17,486
17,487
17,488
17,489
17,490
17,491
17,492
17,493
17,494
17,495
17,496
17,497
17,498
17,499
17,500
17,501
17,502
17,503
17,504
17,505
17,506
17,507
17,508
17,509
17,510
17,511
17,512
17,513
17,514
17,515
17,516
17,517
17,518
17,519
17,520
17,521
17,522
17,523
17,524
17,525
17,526
17,527
17,528
17,529
17,530
17,531
17,532
17,533
17,534
17,535
17,536
17,537
17,538
17,539
17,540
17,541
17,542
17,543
17,544
17,545
17,546
17,547
17,548
17,549
17,550
17,551
17,552
17,553
17,554
17,555
17,556
17,557
17,558
17,559
17,560
17,561
17,562
17,563
17,564
17,565
17,566
17,567
17,568
17,569
17,570
17,571
17,572
17,573
17,574
17,575
17,576
17,577
17,578
17,579
17,580
17,581
17,582
17,583
17,584
17,585
17,586
17,587
17,588
17,589
17,590
17,591
17,592
17,593
17,594
17,595
17,596
17,597
17,598
17,599
17,600
17,601
17,602
17,603
17,604
17,605
17,606
17,607
17,608
17,609
17,610
17,611
17,612
17,613
17,614
17,615
17,616
17,617
17,618
17,619
17,620
17,621
17,622
17,623
17,624
17,625
17,626
17,627
17,628
17,629
17,630
17,631
17,632
17,633
17,634
17,635
17,636
17,637
17,638
17,639
17,640
17,641
17,642
17,643
17,644
17,645
17,646
17,647
17,648
17,649
17,650
17,651
17,652
17,653
17,654
17,655
17,656
17,657
17,658
17,659
17,660
17,661
17,662
17,663
17,664
17,665
17,666
17,667
17,668
17,669
17,670
17,671
17,672
17,673
17,674
17,675
17,676
17,677
17,678
17,679
17,680
17,681
17,682
17,683
17,684
17,685
17,686
17,687
17,688
17,689
17,690
17,691
17,692
17,693
17,694
17,695
17,696
17,697
17,698
17,699
17,700
17,701
17,702
17,703
17,704
17,705
17,706
17,707
17,708
17,709
17,710
17,711
17,712
17,713
17,714
17,715
17,716
17,717
17,718
17,719
17,720
17,721
17,722
17,723
17,724
17,725
17,726
17,727
17,728
17,729
17,730
17,731
17,732
17,733
17,734
17,735
17,736
17,737
17,738
17,739
17,740
17,741
17,742
17,743
17,744
17,745
17,746
17,747
17,748
17,749
17,750
17,751
17,752
17,753
17,754
17,755
17,756
17,757
17,758
17,759
17,760
17,761
17,762
17,763
17,764
17,765
17,766
17,767
17,768
17,769
17,770
17,771
17,772
17,773
17,774
17,775
17,776
17,777
17,778
17,779
17,780
17,781
17,782
17,783
17,784
17,785
17,786
17,787
17,788
17,789
17,790
17,791
17,792
17,793
17,794
17,795
17,796
17,797
17,798
17,799
17,800
17,801
17,802
17,10001
17,10002
17,10003
17,10004
17,10005
17,10006
17,10007
17,10008
17,10009
17,10010
17,10011
17,10012
17,10013
17,10014
17,10015
17,10016
17,10017
17,10018
17,10019
17,10020
17,10021
17,10022
17,10023
17,10024
17,10025
17,10026
17,10027
17,10028
17,10029
17,10030
17,10031
17,10033
17,10034
17,10035
17,10036
17,10037
17,10038
17,10039
17,10040
17,10041
17,10042
17,10043
17,10044
17,10045
17,10046
17,10047
17,10048
17,10049
17,10050
17,10051
17,10052
17,10053
17,10054
17,10055
17,10056
17,10057
17,10058
17,10059
17,10060
17,10061
17,10062
17,10063
17,10064
17,10065
17,10066
17,10067
17,10068
17,10069
17,10070
17,10071
17,10072
17,10073
17,10074
17,10075
17,10076
17,10077
17,10078
17,10079
17,10080
17,10081
17,10082
17,10089
17,10090
17,10091
17,10092
17,10093
17,10094
17,10095
17,10096
17,10097
17,10098
17,10099
17,10100
17,10101
17,10102
17,10103
17,10104
17,10105
17,10106
17,10107
17,10108
17,10109
17,10110
17,10111
17,10112
17,10113
17,10114
17,10115
17,10116
17,10117
17,10118
17,10119
17,10120
17,10121
17,10122
17,10123
17,10124
17,10125
17,10126
17,10127
17,10128
17,10129
17,10130
17,10131
17,10132
17,10133
17,10134
17,10135
17,10136
17,10137
17,10138
17,10139
17,10140
17,10141
17,10142
17,10143
17,10144
17,10145
17,10146
17,10147
17,10148
17,10149
17,10150
17,10151
17,10152
17,10153
17,10154
17,10155
17,20001
17,20002
17,20003
17,20004
17,20005
17,20006
17,20007
17,20008
17,20009
17,20010
17,20011
17,20012
17,20013
17,20014
17,20015
17,20016
17,20017
17,20018
17,20019
17,20020
17,20021
17,20022
17,20023
17,20024
17,20025
17,20026
17,20027
17,20028
17,20029
17,20030
17,20031
17,20032
17,20033
17,20034
17,20035
17,20036
17,20037
17,20038
17,20039
17,20040
17,20041
17,20042
17,20043
17,20044
17,20045
17,20046
17,20047
17,20048
17,20049
17,20050
17,20051
17,20052
17,20053
17,20054
17,20055
17,20056
17,20057
17,20058
17,20059
17,20060
17,20061
17,20062
17,20063
17,20064
17,20065
17,20066
17,20067
17,20068
17,20069
17,20070
17,20071
17,20072
17,20073
17,20074
17,20075
17,20076
17,20077
17,20078
17,20079
17,20080
17,20081
17,20082
17,20083
17,20084
17,20085
17,20086
17,20087
17,20088
17,20089
17,20090
17,20091
17,20092
17,20093
17,20094
17,20095
17,20096
17,20097
17,20098
17,20099
17,20100
17,20101
17,20102
17,20103
17,20104
17,20105
17,20106
17,20107
17,20108
17,20109
17,20110
17,20111
17,20112
17,20113
17,20114
17,20115
17,20116
17,20117
17,20118
17,20119
17,20120
17,20121
17,20122
17,20123
17,20124
17,20125
17,20126
17,20127
17,20128
17,20129
17,20130
17,20131
17,20132
17,20133
17,20134
17,20135
17,20136
17,20137
17,20138
17,20139
17,20140
17,20141
17,20142
17,20143
17,20144
17,20145
17,20146
17,20147
17,20148
17,20149
18,1
18,2
18,3
18,4
18,5
18,6
18,7
18,8
18,9
18,10
18,11
18,12
18,13
18,14
18,15
18,16
18,17
18,18
18,19
18,20
18,21
18,22
18,23
18,24
18,25
18,26
18,27
18,28
18,29
18,30
18,31
18,32
18,33
18,34
18,35
18,36
18,37
18,38
18,39
18,40
18,41
18,42
18,43
18,44
18,45
18,46
18,47
18,48
18,49
18,50
18,51
18,52
18,53
18,54
18,55
18,56
18,57
18,58
18,59
18,60
18,61
18,62
18,63
18,64
18,65
18,66
18,67
18,68
18,69
18,70
18,71
18,72
18,73
18,74
18,75
18,76
18,77
18,78
18,79
18,80
18,81
18,82
18,83
18,84
18,85
18,86
18,87
18,88
18,89
18,90
18,91
18,92
18,93
18,94
18,95
18,96
18,97
18,98
18,99
18,100
18,101
18,102
18,103
18,104
18,105
18,106
18,107
18,108
18,109
18,110
18,111
18,112
18,113
18,114
18,115
18,116
18,117
18,118
18,119
18,120
18,121
18,122
18,123
18,124
18,125
18,126
18,127
18,128
18,129
18,130
18,131
18,132
18,133
18,134
18,135
18,136
18,137
18,138
18,139
18,140
18,141
18,142
18,143
18,144
18,145
18,146
18,147
18,148
18,149
18,150
18,151
18,152
18,153
18,154
18,155
18,156
18,157
18,158
18,159
18,160
18,161
18,162
18,163
18,164
18,165
18,166
18,167
18,168
18,169
18,170
18,171
18,172
18,173
18,174
18,175
18,176
18,177
18,178
18,179
18,180
18,181
18,182
18,183
18,184
18,185
18,186
18,187
18,188
18,189
18,190
18,191
18,192
18,193
18,194
18,195
18,196
18,197
18,198
18,199
18,200
18,201
18,202
18,203
18,204
18,205
18,206
18,207
18,208
18,209
18,210
18,211
18,212
18,213
18,214
18,215
18,216
18,217
18,218
18,219
18,220
18,221
18,222
18,223
18,224
18,225
18,226
18,227
18,228
18,229
18,230
18,231
18,232
18,233
18,234
18,235
18,236
18,237
18,238
18,239
18,240
18,241
18,242
18,243
18,244
18,245
18,246
18,247
18,248
18,249
18,250
18,251
18,252
18,253
18,254
18,255
18,256
18,257
18,258
18,259
18,260
18,261
18,262
18,263
18,264
18,265
18,266
18,267
18,268
18,269
18,270
18,271
18,272
18,273
18,274
18,275
18,276
18,277
18,278
18,279
18,280
18,281
18,282
18,283
18,284
18,285
18,286
18,287
18,288
18,289
18,290
18,291
18,292
18,293
18,294
18,295
18,296
18,297
18,298
18,299
18,300
18,301
18,302
18,303
18,304
18,305
18,306
18,307
18,308
18,309
18,310
18,311
18,312
18,313
18,314
18,315
18,316
18,317
18,318
18,319
18,320
18,321
18,322
18,323
18,324
18,325
18,326
18,327
18,328
18,329
18,330
18,331
18,332
18,333
18,334
18,335
18,336
18,337
18,338
18,339
18,340
18,341
18,342
18,343
18,344
18,345
18,346
18,347
18,348
18,349
18,350
18,351
18,352
18,353
18,354
18,355
18,356
18,357
18,358
18,359
18,360
18,361
18,362
18,363
18,364
18,365
18,366
18,367
18,368
18,369
18,370
18,371
18,372
18,373
18,374
18,375
18,376
18,377
18,378
18,379
18,380
18,381
18,382
18,383
18,384
18,385
18,386
18,387
18,388
18,389
18,390
18,391
18,392
18,393
18,394
18,395
18,396
18,397
18,398
18,399
18,400
18,401
18,402
18,403
18,404
18,405
18,406
18,407
18,408
18,409
18,410
18,411
18,412
18,413
18,414
18,415
18,416
18,417
18,418
18,419
18,420
18,421
18,422
18,423
18,424
18,425
18,426
18,427
18,428
18,429
18,430
18,431
18,432
18,433
18,434
18,435
18,436
18,437
18,438
18,439
18,440
18,441
18,442
18,443
18,444
18,445
18,446
18,447
18,448
18,449
18,450
18,451
18,452
18,453
18,454
18,455
18,456
18,457
18,458
18,459
18,460
18,461
18,462
18,463
18,464
18,465
18,466
18,467
18,468
18,469
18,470
18,471
18,472
18,473
18,474
18,475
18,476
18,477
18,478
18,479
18,480
18,481
18,482
18,483
18,484
18,485
18,486
18,487
18,488
18,489
18,490
18,491
18,492
18,493
18,494
18,495
18,496
18,497
18,498
18,499
18,500
18,501
18,502
18,503
18,504
18,505
18,506
18,507
18,508
18,509
18,510
18,511
18,512
18,513
18,514
18,515
18,516
18,517
18,518
18,519
18,520
18,521
18,522
18,523
18,524
18,525
18,526
18,527
18,528
18,529
18,530
18,531
18,532
18,533
18,534
18,535
18,536
18,537
18,538
18,539
18,540
18,541
18,542
18,543
18,544
18,545
18,546
18,547
18,548
18,549
18,550
18,551
18,552
18,553
18,554
18,555
18,556
18,557
18,558
18,559
18,560
18,561
18,562
18,563
18,564
18,565
18,566
18,567
18,568
18,569
18,570
18,571
18,572
18,573
18,574
18,575
18,576
18,577
18,578
18,579
18,580
18,581
18,582
18,583
18,584
18,585
18,586
18,587
18,588
18,589
18,590
18,591
18,592
18,593
18,594
18,595
18,596
18,597
18,598
18,599
18,600
18,601
18,602
18,603
18,604
18,605
18,606
18,607
18,608
18,609
18,610
18,611
18,612
18,613
18,614
18,615
18,616
18,617
18,618
18,619
18,620
18,621
18,622
18,623
18,624
18,625
18,626
18,627
18,628
18,629
18,630
18,631
18,632
18,633
18,634
18,635
18,636
18,637
18,638
18,639
18,640
18,641
18,642
18,643
18,644
18,645
18,646
18,647
18,648
18,649
18,650
18,651
18,652
18,653
18,654
18,655
18,656
18,657
18,658
18,659
18,660
18,661
18,662
18,663
18,664
18,665
18,666
18,667
18,668
18,669
18,670
18,671
18,672
18,673
18,674
18,675
18,676
18,677
18,678
18,679
18,680
18,681
18,682
18,683
18,684
18,685
18,686
18,687
18,688
18,689
18,690
18,691
18,692
18,693
18,694
18,695
18,696
18,697
18,698
18,699
18,700
18,701
18,702
18,703
18,704
18,705
18,706
18,707
18,708
18,709
18,710
18,711
18,712
18,713
18,714
18,715
18,716
18,717
18,718
18,719
18,720
18,721
18,722
18,723
18,724
18,725
18,726
18,727
18,728
18,729
18,730
18,731
18,732
18,733
18,734
18,735
18,736
18,737
18,738
18,739
18,740
18,741
18,742
18,743
18,744
18,745
18,746
18,747
18,748
18,749
18,750
18,751
18,752
18,753
18,754
18,755
18,756
18,757
18,758
18,759
18,760
18,761
18,762
18,763
18,764
18,765
18,766
18,767
18,768
18,769
18,770
18,771
18,772
18,773
18,774
18,775
18,776
18,777
18,778
18,779
18,780
18,781
18,782
18,783
18,784
18,785
18,786
18,787
18,788
18,789
18,790
18,791
18,792
18,793
18,794
18,795
18,796
18,797
18,798
18,799
18,800
18,801
18,802
18,803
18,804
18,805
18,806
18,807
18,10001
18,10002
18,10003
18,10004
18,10005
18,10006
18,10007
18,10008
18,10009
18,10010
18,10011
18,10012
18,10013
18,10014
18,10015
18,10016
18,10017
18,10018
18,10019
18,10020
18,10021
18,10022
18,10023
18,10024
18,10025
18,10026
18,10027
18,10028
18,10029
18,10030
18,10031
18,10033
18,10034
18,10035
18,10036
18,10037
18,10038
18,10039
18,10040
18,10041
18,10042
18,10043
18,10044
18,10045
18,10046
18,10047
18,10048
18,10049
18,10050
18,10051
18,10052
18,10053
18,10054
18,10055
18,10056
18,10057
18,10058
18,10059
18,10060
18,10061
18,10062
18,10063
18,10064
18,10065
18,10066
18,10067
18,10068
18,10069
18,10070
18,10071
18,10072
18,10073
18,10074
18,10075
18,10076
18,10077
18,10078
18,10079
18,10080
18,10081
18,10082
18,10089
18,10090
18,10091
18,10092
18,10093
18,10094
18,10095
18,10096
18,10097
18,10098
18,10099
18,10100
18,10101
18,10102
18,10103
18,10104
18,10105
18,10106
18,10107
18,10108
18,10109
18,10110
18,10111
18,10112
18,10113
18,10114
18,10115
18,10116
18,10117
18,10118
18,10119
18,10120
18,10121
18,10122
18,10123
18,10124
18,10125
18,10126
18,10127
18,10128
18,10129
18,10130
18,10131
18,10132
18,10133
18,10134
18,10135
18,10136
18,10137
18,10138
18,10139
18,10140
18,10141
18,10142
18,10143
18,10144
18,10145
18,10146
18,10147
18,10148
18,10149
18,10150
18,10151
18,10152
18,10153
18,10154
18,10155
18,10156
18,10157
18,10158
18,10159
18,10160
18,20001
18,20002
18,20003
18,20004
18,20005
18,20006
18,20007
18,20008
18,20009
18,20010
18,20011
18,20012
18,20013
18,20014
18,20015
18,20016
18,20017
18,20018
18,20019
18,20020
18,20021
18,20022
18,20023
18,20024
18,20025
18,20026
18,20027
18,20028
18,20029
18,20030
18,20031
18,20032
18,20033
18,20034
18,20035
18,20036
18,20037
18,20038
18,20039
18,20040
18,20041
18,20042
18,20043
18,20044
18,20045
18,20046
18,20047
18,20048
18,20049
18,20050
18,20051
18,20052
18,20053
18,20054
18,20055
18,20056
18,20057
18,20058
18,20059
18,20060
18,20061
18,20062
18,20063
18,20064
18,20065
18,20066
18,20067
18,20068
18,20069
18,20070
18,20071
18,20072
18,20073
18,20074
18,20075
18,20076
18,20077
18,20078
18,20079
18,20080
18,20081
18,20082
18,20083
18,20084
18,20085
18,20086
18,20087
18,20088
18,20089
18,20090
18,20091
18,20092
18,20093
18,20094
18,20095
18,20096
18,20097
18,20098
18,20099
18,20100
18,20101
18,20102
18,20103
18,20104
18,20105
18,20106
18,20107
18,20108
18,20109
18,20110
18,20111
18,20112
18,20113
18,20114
18,20115
18,20116
18,20117
18,20118
18,20119
18,20120
18,20121
18,20122
18,20123
18,20124
18,20125
18,20126
18,20127
18,20128
18,20129
18,20130
18,20131
18,20132
18,20133
18,20134
18,20135
18,20136
18,20137
18,20138
18,20139
18,20140
18,20141
18,20142
18,20143
18,20144
18,20145
18,20146
18,20147
18,20148
18,20149
18,20150
18,20151
18,20152
18,20153
18,20154
19,1
19,2
19,3
19,4
19,5
19,6
19,7
19,8
19,9
19,10
19,11
19,12
19,13
19,14
19,15
19,16
19,17
19,18
19,19
19,20
19,21
19,22
19,23
19,24
19,25
19,26
19,27
19,28
19,29
19,30
19,31
19,32
19,33
19,34
19,35
19,36
19,37
19,38
19,39
19,40
19,41
19,42
19,43
19,44
19,45
19,46
19,47
19,48
19,49
19,50
19,51
19,52
19,53
19,54
19,55
19,56
19,57
19,58
19,59
19,60
19,61
19,62
19,63
19,64
19,65
19,66
19,67
19,68
19,69
19,70
19,71
19,72
19,73
19,74
19,75
19,76
19,77
19,78
19,79
19,80
19,81
19,82
19,83
19,84
19,85
19,86
19,87
19,88
19,89
19,90
19,91
19,92
19,93
19,94
19,95
19,96
19,97
19,98
19,99
19,100
19,101
19,102
19,103
19,104
19,105
19,106
19,107
19,108
19,109
19,110
19,111
19,112
19,113
19,114
19,115
19,116
19,117
19,118
19,119
19,120
19,121
19,122
19,123
19,124
19,125
19,126
19,127
19,128
19,129
19,130
19,131
19,132
19,133
19,134
19,135
19,136
19,137
19,138
19,139
19,140
19,141
19,142
19,143
19,144
19,145
19,146
19,147
19,148
19,149
19,150
19,151
19,808
19,809
19,10041
19,10042
19,10043
19,10044
19,10045
19,10046
19,10047
19,10048
19,10049
19,10050
19,10051
19,10052
19,10081
19,10082
19,10089
19,10108
19,10109
19,10111
19,10112
19,10113
19,10114
19,10115
19,10116
19,10117
19,10118
19,10119
19,10120
19,10121
19,10122
19,10123
19,10124
19,10125
19,10126
19,10161
19,10162
20,1
20,2
20,3
20,4
20,5
20,6
20,7
20,8
20,9
20,10
20,11
20,12
20,25
20,26
20,27
20,28
20,29
20,30
20,31
20,32
20,33
20,34
20,35
20,36
20,37
20,38
20,39
20,40
20,41
20,42
20,43
20,44
20,45
20,50
20,51
20,52
20,53
20,54
20,55
20,58
20,59
20,60
20,61
20,62
20,63
20,64
20,65
20,66
20,67
20,68
20,72
20,73
20,77
20,78
20,79
20,80
20,81
20,82
20,83
20,90
20,91
20,92
20,93
20,94
20,95
20,98
20,99
20,102
20,103
20,104
20,105
20,106
20,107
20,108
20,109
20,110
20,111
20,112
20,113
20,114
20,115
20,116
20,117
20,118
20,119
20,120
20,121
20,122
20,123
20,124
20,125
20,126
20,127
20,128
20,129
20,130
20,131
20,132
20,133
20,134
20,135
20,136
20,137
20,138
20,139
20,140
20,141
20,142
20,143
20,144
20,145
20,146
20,147
20,148
20,149
20,150
20,151
20,163
20,164
20,169
20,170
20,171
20,172
20,173
20,174
20,175
20,176
20,177
20,178
20,182
20,183
20,184
20,185
20,186
20,194
20,195
20,196
20,197
20,199
20,202
20,206
20,208
20,211
20,212
20,213
20,214
20,215
20,220
20,221
20,222
20,223
20,224
20,225
20,226
20,227
20,230
20,233
20,236
20,237
20,238
20,239
20,240
20,241
20,242
20,243
20,244
20,245
20,246
20,247
20,248
20,249
20,250
20,251
20,252
20,253
20,254
20,255
20,256
20,257
20,258
20,259
20,260
20,263
20,264
20,270
20,271
20,272
20,273
20,274
20,275
20,278
20,279
20,280
20,281
20,282
20,290
20,291
20,292
20,293
20,294
20,295
20,298
20,302
20,303
20,304
20,305
20,306
20,309
20,310
20,315
20,318
20,319
20,320
20,321
20,324
20,328
20,329
20,330
20,333
20,334
20,337
20,338
20,339
20,340
20,341
20,342
20,343
20,344
20,345
20,346
20,347
20,348
20,349
20,350
20,355
20,356
20,359
20,360
20,361
20,362
20,363
20,364
20,365
20,369
20,371
20,372
20,373
20,374
20,375
20,376
20,377
20,378
20,379
20,380
20,381
20,382
20,383
20,384
20,385
20,403
20,404
20,405
20,406
20,407
20,415
20,416
20,420
20,421
20,422
20,423
20,425
20,426
20,427
20,428
20,434
20,435
20,436
20,437
20,438
20,439
20,440
20,442
20,443
20,444
20,445
20,446
20,447
20,448
20,449
20,450
20,451
20,452
20,453
20,454
20,458
20,459
20,460
20,461
20,462
20,463
20,464
20,465
20,466
20,467
20,468
20,470
20,471
20,473
20,474
20,475
20,477
20,478
20,479
20,480
20,481
20,482
20,483
20,484
20,485
20,486
20,487
20,488
20,494
20,506
20,507
20,508
20,509
20,510
20,517
20,518
20,519
20,520
20,521
20,524
20,525
20,526
20,527
20,528
20,529
20,530
20,531
20,532
20,533
20,534
20,535
20,536
20,537
20,538
20,539
20,543
20,544
20,545
20,546
20,547
20,548
20,549
20,550
20,551
20,552
20,553
20,554
20,555
20,556
20,557
20,558
20,559
20,560
20,561
20,562
20,563
20,564
20,565
20,566
20,567
20,568
20,569
20,570
20,571
20,572
20,573
20,574
20,575
20,576
20,577
20,578
20,579
20,582
20,583
20,584
20,587
20,588
20,589
20,590
20,591
20,592
20,593
20,595
20,596
20,597
20,598
20,599
20,600
20,601
20,605
20,606
20,607
20,608
20,609
20,610
20,611
20,612
20,613
20,614
20,615
20,616
20,617
20,618
20,619
20,620
20,621
20,622
20,623
20,624
20,625
20,626
20,627
20,628
20,629
20,630
20,631
20,632
20,633
20,634
20,635
20,636
20,637
20,638
20,639
20,640
20,641
20,642
20,643
20,644
20,645
20,646
20,647
20,649
20,659
20,660
20,661
20,662
20,663
20,674
20,675
20,677
20,678
20,679
20,680
20,681
20,682
20,683
20,684
20,685
20,686
20,687
20,688
20,689
20,690
20,691
20,692
20,693
20,694
20,695
20,696
20,697
20,698
20,699
20,700
20,701
20,702
20,703
20,704
20,705
20,706
20,707
20,708
20,709
20,710
20,711
20,712
20,713
20,714
20,715
20,716
20,717
20,718
20,719
20,721
20,722
20,723
20,724
20,725
20,726
20,727
20,728
20,729
20,730
20,736
20,737
20,738
20,742
20,743
20,744
20,745
20,746
20,747
20,748
20,749
20,750
20,751
20,752
20,753
20,754
20,755
20,756
20,757
20,758
20,759
20,760
20,761
20,762
20,763
20,764
20,765
20,766
20,767
20,768
20,769
20,770
20,771
20,772
20,773
20,776
20,777
20,778
20,780
20,781
20,782
20,783
20,784
20,785
20,786
20,787
20,788
20,789
20,790
20,791
20,792
20,793
20,794
20,795
20,796
20,797
20,798
20,799
20,800
20,801
20,802
20,803
20,804
20,805
20,806
20,807
20,808
20,809
20,810
20,811
20,812
20,813
20,814
20,815
20,816
20,817
20,818
20,819
20,820
20,821
20,822
20,823
20,824
20,825
20,826
20,827
20,828
20,829
20,830
20,831
20,832
20,833
20,834
20,835
20,836
20,837
20,838
20,839
20,840
20,841
20,842
20,843
20,844
20,845
20,846
20,847
20,848
20,849
20,850
20,851
20,852
20,853
20,854
20,855
20,856
20,857
20,858
20,859
20,860
20,861
20,862
20,863
20,864
20,865
20,866
20,867
20,868
20,869
20,870
20,871
20,872
20,873
20,874
20,875
20,876
20,877
20,878
20,879
20,880
20,881
20,882
20,883
20,884
20,885
20,886
20,887
20,888
20,889
20,890
20,891
20,892
20,893
20,894
20,895
20,896
20,897
20,898
20,10025
20,10026
20,10027
20,10028
20,10029
20,10030
20,10033
20,10034
20,10036
20,10037
20,10038
20,10039
20,10040
20,10073
20,10074
20,10075
20,10076
20,10077
20,10078
20,10079
20,10080
20,10110
20,10111
20,10112
20,10113
20,10114
20,10115
20,10116
20,10117
20,10118
20,10119
20,10125
20,10126
20,10129
20,10130
20,10131
20,10132
20,10136
20,10137
20,10138
20,10139
20,10140
20,10141
20,10142
20,10143
20,10144
20,10145
20,10146
20,10147
20,10148
20,10149
20,10150
20,10151
20,10152
20,10153
20,10154
20,10156
20,10157
20,10158
20,10159
20,10163
20,10164
20,10165
20,10166
20,10167
20,10168
20,10169
20,10170
20,10171
20,10172
20,10173
20,10174
20,10175
20,10176
20,10177
20,10178
20,10179
20,10180
20,10181
20,10182
20,10183
20,10184
20,10185
20,10186
20,10187
20,10188
20,10189
20,10190
20,10191
20,20030
20,20031
20,20032
20,20039
20,20040
20,20041
20,20042
20,20043
20,20122
20,20124
20,20125
20,20126
20,20127
20,20128
20,20145
20,20149
20,20150
20,20155
20,20156
20,20157
20,20158
20,20159
20,20160
20,20161
20,20162
20,20163
20,20164
20,20165
20,20166
20,20167
20,20168
20,20169
20,20170
20,20171
20,20172
20,20173
20,20174
20,20175
20,20176
20,20177
20,20178
20,20179
20,20180
20,20181
20,20182
20,20183
20,20184
20,20185
20,20186
20,20187
20,20188
20,20189
20,20190
20,20191
20,20192
20,20193
20,20194
20,20195
20,20196
20,20197
20,20198
20,20199
20,20200
20,20201
20,20202
20,20203
20,20204
20,20205
20,20206
20,20207
20,20208
20,20209
20,20210
20,20211
20,20212
20,20213
20,20214
20,20215
20,20216
20,20217
20,20218
20,20219
20,20220
20,20221
20,20222
20,20223
20,20224
20,20225
20,20226
20,20227
20,20228
20,20229
20,20230
20,20231
20,20232
20,20233
20,20234
20,20235
20,20236
20,20237
20,20238
20,20239
20,20240
20,20241
20,20242
20,20243
20,20244
20,20245
20,20246
20,20247
20,20248
20,20249
20,20250
20,20251
20,20252
20,20253
20,20254
20,20255
20,20256
20,20257
21,1
21,2
21,3
21,4
21,5
21,6
21,7
21,8
21,9
21,10
21,11
21,12
21,13
21,14
21,15
21,16
21,17
21,18
21,19
21,20
21,21
21,22
21,23
21,24
21,25
21,26
21,27
21,28
21,29
21,30
21,31
21,32
21,33
21,34
21,35
21,36
21,37
21,38
21,39
21,40
21,41
21,42
21,43
21,44
21,45
21,46
21,47
21,48
21,49
21,50
21,51
21,52
21,53
21,54
21,55
21,56
21,57
21,58
21,59
21,60
21,61
21,62
21,63
21,64
21,65
21,66
21,67
21,68
21,69
21,70
21,71
21,72
21,73
21,74
21,75
21,76
21,77
21,78
21,79
21,80
21,81
21,82
21,83
21,84
21,85
21,86
21,87
21,88
21,89
21,90
21,91
21,92
21,93
21,94
21,95
21,96
21,97
21,98
21,99
21,100
21,101
21,102
21,103
21,104
21,105
21,106
21,107
21,108
21,109
21,110
21,111
21,112
21,113
21,114
21,115
21,116
21,117
21,118
21,119
21,120
21,121
21,122
21,123
21,124
21,125
21,126
21,127
21,128
21,129
21,130
21,131
21,132
21,133
21,134
21,135
21,136
21,137
21,138
21,139
21,140
21,141
21,142
21,143
21,144
21,145
21,146
21,147
21,148
21,149
21,150
21,151
21,152
21,153
21,154
21,155
21,156
21,157
21,158
21,159
21,160
21,161
21,162
21,163
21,164
21,165
21,166
21,167
21,168
21,169
21,170
21,171
21,172
21,173
21,174
21,175
21,176
21,177
21,178
21,179
21,180
21,181
21,182
21,183
21,184
21,185
21,186
21,187
21,188
21,189
21,190
21,191
21,192
21,193
21,194
21,195
21,196
21,197
21,198
21,199
21,200
21,201
21,202
21,203
21,204
21,205
21,206
21,207
21,208
21,209
21,210
21,211
21,212
21,213
21,214
21,215
21,216
21,217
21,218
21,219
21,220
21,221
21,222
21,223
21,224
21,225
21,226
21,227
21,228
21,229
21,230
21,231
21,232
21,233
21,234
21,235
21,236
21,237
21,238
21,239
21,240
21,241
21,242
21,243
21,244
21,245
21,246
21,247
21,248
21,249
21,250
21,251
21,252
21,253
21,254
21,255
21,256
21,257
21,258
21,259
21,260
21,261
21,262
21,263
21,264
21,265
21,266
21,267
21,268
21,269
21,270
21,271
21,272
21,273
21,274
21,275
21,276
21,277
21,278
21,279
21,280
21,281
21,282
21,283
21,284
21,285
21,286
21,287
21,288
21,289
21,290
21,291
21,292
21,293
21,294
21,295
21,296
21,297
21,298
21,299
21,300
21,301
21,302
21,303
21,304
21,305
21,306
21,307
21,308
21,309
21,310
21,311
21,312
21,313
21,314
21,315
21,316
21,317
21,318
21,319
21,320
21,321
21,322
21,323
21,324
21,325
21,326
21,327
21,328
21,329
21,330
21,331
21,332
21,333
21,334
21,335
21,336
21,337
21,338
21,339
21,340
21,341
21,342
21,343
21,344
21,345
21,346
21,347
21,348
21,349
21,350
21,351
21,352
21,353
21,354
21,355
21,356
21,357
21,358
21,359
21,360
21,361
21,362
21,363
21,364
21,365
21,366
21,367
21,368
21,369
21,370
21,371
21,372
21,373
21,374
21,375
21,376
21,377
21,378
21,379
21,380
21,381
21,382
21,383
21,384
21,385
21,386
21,387
21,388
21,389
21,390
21,391
21,392
21,393
21,394
21,395
21,396
21,397
21,398
21,399
21,400
21,401
21,402
21,403
21,404
21,405
21,406
21,407
21,408
21,409
21,410
21,411
21,412
21,413
21,414
21,415
21,416
21,417
21,418
21,419
21,420
21,421
21,422
21,423
21,424
21,425
21,426
21,427
21,428
21,429
21,430
21,431
21,432
21,433
21,434
21,435
21,436
21,437
21,438
21,439
21,440
21,441
21,442
21,443
21,444
21,445
21,446
21,447
21,448
21,449
21,450
21,451
21,452
21,453
21,454
21,455
21,456
21,457
21,458
21,459
21,460
21,461
21,462
21,463
21,464
21,465
21,466
21,467
21,468
21,469
21,470
21,471
21,472
21,473
21,474
21,475
21,476
21,477
21,478
21,479
21,480
21,481
21,482
21,483
21,484
21,485
21,486
21,487
21,488
21,489
21,490
21,491
21,492
21,493
21,10001
21,10002
21,10003
21,10004
21,10005
21,10006
21,10007
21,10008
21,10009
21,10010
21,10011
21,10012
21,10013
21,10014
21,10015
21,10016
21,10017
21,10018
21,10019
21,10020
21,10021
21,10022
21,10023
21,10024
21,10025
21,10026
21,10027
21,10028
21,10029
21,10030
21,10031
21,10071
21,20001
21,20002
21,20003
21,20004
21,20005
21,20006
21,20007
21,20008
21,20009
21,20010
21,20011
21,20012
21,20013
21,20014
21,20015
21,20016
21,20017
21,20018
21,20019
21,20020
21,20021
21,20022
21,20023
21,20024
21,20025
21,20026
21,20027
21,20028
21,20029
21,20030
21,20031
21,20032
22,25
22,26
22,35
22,36
22,37
22,38
22,41
22,42
22,46
22,47
22,54
22,55
22,63
22,64
22,65
22,66
22,67
22,68
22,72
22,73
22,74
22,75
22,76
22,77
22,78
22,81
22,82
22,92
22,93
22,94
22,95
22,108
22,111
22,112
22,113
22,114
22,122
22,123
22,125
22,126
22,129
22,130
22,133
22,134
22,135
22,136
22,137
22,143
22,155
22,156
22,169
22,172
22,173
22,175
22,176
22,185
22,190
22,193
22,196
22,197
22,198
22,200
22,201
22,207
22,208
22,212
22,214
22,215
22,216
22,217
22,220
22,221
22,223
22,224
22,226
22,233
22,234
22,239
22,240
22,242
22,265
22,266
22,267
22,268
22,269
22,280
22,281
22,282
22,299
22,315
22,339
22,340
22,355
22,356
22,358
22,361
22,362
22,363
22,364
22,365
22,387
22,388
22,389
22,390
22,391
22,392
22,393
22,394
22,395
22,396
22,397
22,398
22,399
22,400
22,401
22,402
22,403
22,404
22,405
22,406
22,407
22,408
22,409
22,410
22,411
22,412
22,413
22,414
22,415
22,416
22,417
22,418
22,419
22,420
22,421
22,422
22,423
22,424
22,425
22,426
22,427
22,428
22,429
22,430
22,431
22,432
22,433
22,434
22,435
22,436
22,437
22,438
22,439
22,440
22,441
22,442
22,443
22,444
22,445
22,446
22,447
22,448
22,449
22,450
22,451
22,452
22,453
22,454
22,455
22,456
22,457
22,458
22,459
22,460
22,461
22,462
22,463
22,464
22,465
22,466
22,467
22,468
22,469
22,470
22,471
22,472
22,473
22,474
22,475
22,476
22,477
22,478
22,479
22,480
22,481
22,482
22,483
22,484
22,485
22,486
22,487
22,488
22,489
22,490
22,491
22,492
22,493
22,501
22,502
22,548
22,627
22,641
22,642
22,645
22,700
22,704
22,712
22,722
22,723
22,899
22,900
22,901
22,902
22,903
22,904
22,905
22,10007
22,10008
22,10009
22,10010
22,10011
22,10012
22,10013
22,10014
22,10015
22,10016
22,10017
22,10018
22,10019
22,10020
22,10021
22,10022
22,10023
22,10024
22,10025
22,10026
22,10027
22,10028
22,10029
22,10030
22,10031
22,10036
22,10037
22,10038
22,10071
22,10114
22,10115
22,10192
22,10193
22,10194
22,10195
22,10196
22,10197
22,10198
22,10199
22,10200
22,10201
22,10202
22,10203
22,10204
22,10205
22,10206
22,10207
22,10208
22,10209
22,10210
22,10211
22,10212
22,20001
22,20002
22,20003
22,20004
22,20005
22,20006
22,20007
22,20008
22,20009
22,20010
22,20011
22,20012
22,20013
22,20014
22,20015
22,20016
22,20017
22,20018
22,20019
22,20020
22,20021
22,20022
22,20023
22,20024
22,20025
22,20026
22,20027
22,20028
22,20029
22,20030
22,20031
22,20032
22,20258
22,20259
22,20260
22,20261
22,20262
23,1
23,2
23,3
23,4
23,5
23,6
23,7
23,8
23,9
23,23
23,24
23,25
23,26
23,27
23,28
23,35
23,36
23,37
23,38
23,39
23,40
23,43
23,44
23,45
23,48
23,49
23,50
23,51
23,52
23,53
23,54
23,55
23,56
23,57
23,58
23,59
23,60
23,61
23,62
23,69
23,70
23,71
23,72
23,73
23,74
23,75
23,76
23,79
23,80
23,81
23,82
23,84
23,85
23,86
23,87
23,88
23,89
23,90
23,91
23,92
23,93
23,94
23,96
23,97
23,100
23,101
23,102
23,103
23,106
23,107
23,109
23,110
23,111
23,112
23,113
23,116
23,117
23,123
23,125
23,126
23,128
23,129
23,130
23,131
23,132
23,133
23,134
23,135
23,136
23,137
23,143
23,144
23,145
23,146
23,147
23,148
23,149
23,150
23,151
23,152
23,153
23,154
23,155
23,156
23,157
23,158
23,159
23,160
23,161
23,162
23,163
23,164
23,167
23,168
23,170
23,171
23,172
23,173
23,174
23,179
23,180
23,181
23,182
23,183
23,184
23,185
23,186
23,187
23,188
23,189
23,190
23,191
23,192
23,193
23,194
23,195
23,196
23,197
23,198
23,199
23,200
23,203
23,204
23,205
23,206
23,207
23,209
23,210
23,211
23,212
23,214
23,215
23,216
23,217
23,218
23,219
23,220
23,221
23,225
23,227
23,228
23,229
23,230
23,231
23,232
23,233
23,234
23,235
23,236
23,237
23,239
23,240
23,242
23,243
23,244
23,245
23,246
23,247
23,248
23,249
23,250
23,252
23,253
23,254
23,255
23,256
23,257
23,258
23,259
23,260
23,261
23,262
23,270
23,271
23,272
23,273
23,274
23,275
23,278
23,279
23,280
23,281
23,282
23,283
23,284
23,285
23,286
23,287
23,288
23,289
23,296
23,297
23,298
23,299
23,302
23,307
23,308
23,311
23,312
23,313
23,314
23,316
23,317
23,322
23,323
23,324
23,325
23,326
23,328
23,329
23,330
23,331
23,332
23,333
23,334
23,335
23,336
23,339
23,340
23,341
23,342
23,349
23,350
23,353
23,354
23,355
23,356
23,357
23,358
23,361
23,362
23,370
23,371
23,372
23,373
23,374
23,375
23,376
23,377
23,378
23,379
23,380
23,381
23,382
23,383
23,384
23,385
23,386
23,387
23,388
23,389
23,390
23,391
23,392
23,393
23,394
23,395
23,396
23,397
23,398
23,401
23,402
23,403
23,404
23,405
23,408
23,409
23,410
23,411
23,415
23,416
23,417
23,418
23,419
23,422
23,423
23,424
23,425
23,426
23,429
23,430
23,433
23,434
23,435
23,436
23,437
23,438
23,440
23,442
23,443
23,444
23,445
23,446
23,447
23,448
23,449
23,450
23,453
23,454
23,456
23,457
23,459
23,460
23,461
23,462
23,464
23,466
23,467
23,469
23,470
23,471
23,472
23,473
23,474
23,475
23,476
23,477
23,478
23,479
23,480
23,481
23,482
23,483
23,484
23,485
23,486
23,487
23,488
23,489
23,490
23,491
23,492
23,493
23,495
23,496
23,497
23,498
23,499
23,500
23,501
23,502
23,503
23,522
23,523
23,529
23,530
23,532
23,533
23,534
23,540
23,541
23,542
23,546
23,547
23,548
23,549
23,550
23,551
23,552
23,553
23,559
23,560
23,570
23,571
23,572
23,573
23,574
23,575
23,576
23,577
23,578
23,579
23,580
23,581
23,585
23,586
23,590
23,591
23,594
23,595
23,596
23,602
23,603
23,604
23,607
23,608
23,609
23,610
23,611
23,612
23,613
23,614
23,615
23,619
23,620
23,622
23,623
23,624
23,625
23,627
23,628
23,629
23,630
23,633
23,634
23,635
23,636
23,637
23,638
23,639
23,640
23,641
23,642
23,643
23,644
23,645
23,646
23,647
23,648
23,650
23,651
23,652
23,653
23,654
23,655
23,656
23,657
23,658
23,661
23,662
23,663
23,664
23,665
23,666
23,667
23,668
23,669
23,670
23,671
23,672
23,673
23,677
23,678
23,686
23,687
23,690
23,691
23,692
23,693
23,700
23,701
23,702
23,703
23,704
23,705
23,706
23,707
23,708
23,709
23,712
23,713
23,714
23,715
23,719
23,720
23,721
23,722
23,723
23,724
23,725
23,726
23,727
23,728
23,729
23,730
23,731
23,732
23,733
23,734
23,735
23,736
23,737
23,738
23,739
23,740
23,741
23,742
23,743
23,744
23,745
23,747
23,748
23,749
23,750
23,751
23,752
23,753
23,754
23,757
23,758
23,761
23,762
23,763
23,764
23,765
23,766
23,769
23,770
23,774
23,775
23,778
23,779
23,782
23,783
23,784
23,789
23,790
23,791
23,792
23,800
23,801
23,810
23,811
23,812
23,813
23,814
23,815
23,816
23,817
23,818
23,819
23,820
23,821
23,822
23,823
23,833
23,834
23,837
23,838
23,839
23,840
23,841
23,842
23,843
23,844
23,845
23,846
23,847
23,848
23,849
23,854
23,855
23,856
23,857
23,858
23,859
23,860
23,861
23,863
23,868
23,869
23,870
23,871
23,872
23,873
23,874
23,875
23,876
23,877
23,878
23,879
23,884
23,885
23,886
23,887
23,888
23,889
23,890
23,891
23,892
23,893
23,894
23,895
23,896
23,897
23,898
23,899
23,900
23,901
23,902
23,903
23,904
23,905
23,906
23,907
23,908
23,909
23,910
23,911
23,912
23,913
23,914
23,915
23,916
23,917
23,918
23,919
23,920
23,921
23,922
23,923
23,924
23,925
23,926
23,927
23,928
23,929
23,930
23,931
23,932
23,933
23,934
23,935
23,936
23,937
23,938
23,939
23,940
23,941
23,942
23,943
23,944
23,945
23,946
23,947
23,948
23,949
23,950
23,951
23,952
23,953
23,954
23,955
23,956
23,957
23,958
23,959
23,960
23,961
23,962
23,963
23,964
23,965
23,966
23,967
23,968
23,969
23,970
23,971
23,972
23,973
23,974
23,975
23,976
23,977
23,978
23,979
23,980
23,981
23,982
23,983
23,984
23,985
23,986
23,987
23,988
23,989
23,990
23,991
23,992
23,993
23,994
23,995
23,996
23,997
23,998
23,999
23,1000
23,1001
23,1002
23,1003
23,1004
23,1005
23,1006
23,1007
23,1008
23,1009
23,1010
23,1011
23,1012
23,1013
23,1014
23,1015
23,1016
23,1017
23,1018
23,1019
23,1020
23,1021
23,1022
23,1023
23,1024
23,1025
23,10004
23,10005
23,10006
23,10009
23,10010
23,10011
23,10012
23,10013
23,10014
23,10015
23,10016
23,10017
23,10018
23,10019
23,10020
23,10021
23,10022
23,10023
23,10024
23,10025
23,10026
23,10027
23,10028
23,10029
23,10030
23,10031
23,10033
23,10035
23,10036
23,10037
23,10038
23,10039
23,10040
23,10071
23,10073
23,10107
23,10110
23,10111
23,10112
23,10113
23,10114
23,10115
23,10116
23,10117
23,10118
23,10119
23,10120
23,10121
23,10122
23,10123
23,10124
23,10125
23,10127
23,10133
23,10134
23,10135
23,10136
23,10155
23,10156
23,10157
23,10158
23,10159
23,10163
23,10167
23,10177
23,10178
23,10179
23,10180
23,10181
23,10183
23,10184
23,10185
23,10186
23,10187
23,10188
23,10189
23,10190
23,10191
23,10192
23,10193
23,10194
23,10195
23,10196
23,10197
23,10198
23,10199
23,10200
23,10201
23,10202
23,10203
23,10204
23,10205
23,10206
23,10207
23,10208
23,10209
23,10210
23,10211
23,10212
23,10213
23,10214
23,10215
23,10216
23,10217
23,10218
23,10219
23,10220
23,10221
23,10222
23,10223
23,10224
23,10225
23,10226
23,10227
23,10228
23,10229
23,10230
23,10231
23,10232
23,20031
23,20032
23,20033
23,20034
23,20035
23,20036
23,20037
23,20038
23,20043
23,20044
23,20045
23,20046
23,20047
23,20048
23,20049
23,20050
23,20051
23,20052
23,20053
23,20054
23,20055
23,20056
23,20057
23,20058
23,20059
23,20060
23,20061
23,20062
23,20063
23,20064
23,20065
23,20066
23,20067
23,20068
23,20069
23,20070
23,20071
23,20072
23,20073
23,20074
23,20075
23,20076
23,20077
23,20078
23,20079
23,20080
23,20081
23,20082
23,20083
23,20084
23,20085
23,20086
23,20087
23,20088
23,20089
23,20090
23,20091
23,20092
23,20093
23,20094
23,20095
23,20096
23,20097
23,20098
23,20099
23,20100
23,20101
23,20102
23,20103
23,20104
23,20105
23,20106
23,20107
23,20108
23,20109
23,20110
23,20111
23,20112
23,20124
23,20125
23,20126
23,20127
23,20128
23,20133
23,20134
23,20135
23,20136
23,20137
23,20138
23,20139
23,20140
23,20141
23,20142
23,20143
23,20144
23,20145
23,20149
23,20150
23,20174
23,20175
23,20178
23,20179
23,20182
23,20183
23,20184
23,20185
23,20186
23,20187
23,20188
23,20189
23,20190
23,20191
23,20192
23,20193
23,20194
23,20195
23,20196
23,20197
23,20198
23,20199
23,20200
23,20201
23,20202
23,20203
23,20204
23,20205
23,20206
23,20207
23,20208
23,20209
23,20210
23,20211
23,20212
23,20213
23,20214
23,20215
23,20216
23,20217
23,20218
23,20219
23,20220
23,20221
23,20222
23,20223
23,20224
23,20225
23,20226
23,20227
23,20228
23,20229
23,20230
23,20231
23,20232
23,20233
23,20234
23,20235
23,20236
23,20237
23,20238
23,20239
23,20240
23,20241
23,20242
23,20243
23,20245
23,20255
23,20256
23,20263
23,20264
23,20265
23,20266
23,20267
23,20268
23,20269
23,20270
23,20271
23,20272
23,20273
23,20274
23,20275
23,20276
101,1
101,2
101,3
101,4
101,5
101,6
101,7
101,8
101,9
101,10
101,11
101,12
101,13
101,14
101,15
101,16
101,17
101,18
101,19
101,20
101,21
101,22
101,23
101,24
101,25
101,26
101,27
101,28
101,29
101,30
101,31
101,32
101,33
101,34
101,35
101,36
101,37
101,38
101,39
101,40
101,41
101,42
101,43
101,44
101,45
101,46
101,47
101,48
101,49
101,50
101,51
101,52
101,53
101,54
101,55
101,56
101,57
101,58
101,59
101,60
101,61
101,62
101,63
101,64
101,65
101,66
101,67
101,68
101,69
101,70
101,71
101,72
101,73
101,74
101,75
101,76
101,77
101,78
101,79
101,80
101,81
101,82
101,83
101,84
101,85
101,86
101,87
101,88
101,89
101,90
101,91
101,92
101,93
101,94
101,95
101,96
101,97
101,98
101,99
101,100
101,101
101,102
101,103
101,104
101,105
101,106
101,107
101,108
101,109
101,110
101,111
101,112
101,113
101,114
101,115
101,116
101,117
101,118
101,119
101,120
101,121
101,122
101,123
101,124
101,125
101,126
101,127
101,128
101,129
101,130
101,131
101,132
101,133
101,134
101,135
101,136
101,137
101,138
101,139
101,140
101,141
101,142
101,143
101,144
101,145
101,146
101,147
101,148
101,149
101,150
101,151
101,152
101,153
101,154
101,155
101,156
101,157
101,158
101,159
101,160
101,161
101,162
101,163
101,164
101,165
101,166
101,167
101,168
101,169
101,170
101,171
101,172
101,173
101,174
101,175
101,176
101,177
101,178
101,179
101,180
101,181
101,182
101,183
101,184
101,185
101,186
101,187
101,188
101,189
101,190
101,191
101,192
101,193
101,194
101,195
101,196
101,197
101,198
101,199
101,200
101,201
101,202
101,203
101,204
101,205
101,206
101,207
101,208
101,209
101,210
101,211
101,212
101,213
101,214
101,215
101,216
101,217
101,218
101,219
101,220
101,221
101,222
101,223
101,224
101,225
101,226
101,227
101,228
101,229
101,230
101,231
101,232
101,233
101,234
101,235
101,236
101,237
101,238
101,239
101,240
101,241
101,242
101,243
101,244
101,245
101,246
101,247
101,248
101,249
101,250
101,251
101,252
101,253
101,254
101,255
101,256
101,257
101,258
101,259
101,260
101,261
101,262
101,263
101,264
101,265
101,266
101,267
101,268
101,269
101,270
101,271
101,272
101,273
101,274
101,275
101,276
101,277
101,278
101,279
101,280
101,281
101,282
101,283
101,284
101,285
101,286
101,287
101,288
101,289
101,290
101,291
101,292
101,293
101,294
101,295
101,296
101,297
101,298
101,299
101,300
101,301
101,302
101,303
101,304
101,305
101,306
101,307
101,308
101,309
101,310
101,311
101,312
101,313
101,314
101,315
101,316
101,317
101,318
101,319
101,320
101,321
101,322
101,323
101,324
101,325
101,326
101,327
101,328
101,329
101,330
101,331
101,332
101,333
101,334
101,335
101,336
101,337
101,338
101,339
101,340
101,341
101,342
101,343
101,344
101,345
101,346
101,347
101,348
101,349
101,350
101,351
101,352
101,353
101,354
101,355
101,356
101,357
101,358
101,359
101,360
101,361
101,362
101,363
101,364
101,365
101,366
101,367
101,368
101,369
101,370
101,371
101,372
101,373
101,374
101,375
101,376
101,377
101,378
101,379
101,380
101,381
101,382
101,383
101,384
101,385
101,386
101,10001
101,10002
101,10003
101,20001
101,20002
101,20003
101,20004
101,20005
101,20006
101,20007
101,20008
101,20009
101,20010
101,20011
101,20012
101,20013
101,20014
101,20015
101,20016
101,20017
101,20018
101,20019
101,20020
101,20021
101,20022
101,20023
101,20024
101,20025
101,20026
101,20027
102,1
102,2
102,3
102,4
102,5
102,6
102,7
102,8
102,9
102,10
102,11
102,12
102,13
102,14
102,15
102,16
102,17
102,18
102,19
102,20
102,21
102,22
102,23
102,24
102,25
102,26
102,27
102,28
102,29
102,30
102,31
102,32
102,33
102,34
102,35
102,36
102,37
102,38
102,39
102,40
102,41
102,42
102,43
102,44
102,45
102,46
102,47
102,48
102,49
102,50
102,51
102,52
102,53
102,54
102,55
102,56
102,57
102,58
102,59
102,60
102,61
102,62
102,63
102,64
102,65
102,66
102,67
102,68
102,69
102,70
102,71
102,72
102,73
102,74
102,75
102,76
102,77
102,78
102,79
102,80
102,81
102,82
102,83
102,84
102,85
102,86
102,87
102,88
102,89
102,90
102,91
102,92
102,93
102,94
102,95
102,96
102,97
102,98
102,99
102,100
102,101
102,102
102,103
102,104
102,105
102,106
102,107
102,108
102,109
102,110
102,111
102,112
102,113
102,114
102,115
102,116
102,117
102,118
102,119
102,120
102,121
102,122
102,123
102,124
102,125
102,126
102,127
102,128
102,129
102,130
102,131
102,132
102,133
102,134
102,135
102,136
102,137
102,138
102,139
102,140
102,141
102,142
102,143
102,144
102,145
102,146
102,147
102,148
102,149
102,150
102,151
102,152
102,153
102,154
102,155
102,156
102,157
102,158
102,159
102,160
102,161
102,162
102,163
102,164
102,165
102,166
102,167
102,168
102,169
102,170
102,171
102,172
102,173
102,174
102,175
102,176
102,177
102,178
102,179
102,180
102,181
102,182
102,183
102,184
102,185
102,186
102,187
102,188
102,189
102,190
102,191
102,192
102,193
102,194
102,195
102,196
102,197
102,198
102,199
102,200
102,201
102,202
102,203
102,204
102,205
102,206
102,207
102,208
102,209
102,210
102,211
102,212
102,213
102,214
102,215
102,216
102,217
102,218
102,219
102,220
102,221
102,222
102,223
102,224
102,225
102,226
102,227
102,228
102,229
102,230
102,231
102,232
102,233
102,234
102,235
102,236
102,237
102,238
102,239
102,240
102,241
102,242
102,243
102,244
102,245
102,246
102,247
102,248
102,249
102,250
102,251
102,252
102,253
102,254
102,255
102,256
102,257
102,258
102,259
102,260
102,261
102,262
102,263
102,264
102,265
102,266
102,267
102,268
102,269
102,270
102,271
102,272
102,273
102,274
102,275
102,276
102,277
102,278
102,279
102,280
102,281
102,282
102,283
102,284
102,285
102,286
102,287
102,288
102,289
102,290
102,291
102,292
102,293
102,294
102,295
102,296
102,297
102,298
102,299
102,300
102,301
102,302
102,303
102,304
102,305
102,306
102,307
102,308
102,309
102,310
102,311
102,312
102,313
102,314
102,315
102,316
102,317
102,318
102,319
102,320
102,321
102,322
102,323
102,324
102,325
102,326
102,327
102,328
102,329
102,330
102,331
102,332
102,333
102,334
102,335
102,336
102,337
102,338
102,339
102,340
102,341
102,342
102,343
102,344
102,345
102,346
102,347
102,348
102,349
102,350
102,351
102,352
102,353
102,354
102,355
102,356
102,357
102,358
102,359
102,360
102,361
102,362
102,363
102,364
102,365
102,366
102,367
102,368
102,369
102,370
102,371
102,372
102,373
102,374
102,375
102,376
102,377
102,378
102,379
102,380
102,381
102,382
102,383
102,384
102,385
102,386
102,10001
102,10002
102,10003
102,20001
102,20002
102,20003
102,20004
102,20005
102,20006
102,20007
102,20008
102,20009
102,20010
102,20011
102,20012
102,20013
102,20014
102,20015
102,20016
102,20017
102,20018
102,20019
102,20020
102,20021
102,20022
102,20023
102,20024
102,20025
102,20026
102,20027
