version_group_id,form_id
1,1
1,2
1,3
1,4
1,5
1,6
1,7
1,8
1,9
1,10
1,11
1,12
1,13
1,14
1,15
1,16
1,17
1,18
1,19
1,20
1,21
1,22
1,23
1,24
1,25
1,26
1,27
1,28
1,29
1,30
1,31
1,32
1,33
1,34
1,35
1,36
1,37
1,38
1,39
1,40
1,41
1,42
1,43
1,44
1,45
1,46
1,47
1,48
1,49
1,50
1,51
1,52
1,53
1,54
1,55
1,56
1,57
1,58
1,59
1,60
1,61
1,62
1,63
1,64
1,65
1,66
1,67
1,68
1,69
1,70
1,71
1,72
1,73
1,74
1,75
1,76
1,77
1,78
1,79
1,80
1,81
1,82
1,83
1,84
1,85
1,86
1,87
1,88
1,89
1,90
1,91
1,92
1,93
1,94
1,95
1,96
1,97
1,98
1,99
1,100
1,101
1,102
1,103
1,104
1,105
1,106
1,107
1,108
1,109
1,110
1,111
1,112
1,113
1,114
1,115
1,116
1,117
1,118
1,119
1,120
1,121
1,122
1,123
1,124
1,125
1,126
1,127
1,128
1,129
1,130
1,131
1,132
1,133
1,134
1,135
1,136
1,137
1,138
1,139
1,140
1,141
1,142
1,143
1,144
1,145
1,146
1,147
1,148
1,149
1,150
1,151
2,1
2,2
2,3
2,4
2,5
2,6
2,7
2,8
2,9
2,10
2,11
2,12
2,13
2,14
2,15
2,16
2,17
2,18
2,19
2,20
2,21
2,22
2,23
2,24
2,25
2,26
2,27
2,28
2,29
2,30
2,31
2,32
2,33
2,34
2,35
2,36
2,37
2,38
2,39
2,40
2,41
2,42
2,43
2,44
2,45
2,46
2,47
2,48
2,49
2,50
2,51
2,52
2,53
2,54
2,55
2,56
2,57
2,58
2,59
2,60
2,61
2,62
2,63
2,64
2,65
2,66
2,67
2,68
2,69
2,70
2,71
2,72
2,73
2,74
2,75
2,76
2,77
2,78
2,79
2,80
2,81
2,82
2,83
2,84
2,85
2,86
2,87
2,88
2,89
2,90
2,91
2,92
2,93
2,94
2,95
2,96
2,97
2,98
2,99
2,100
2,101
2,102
2,103
2,104
2,105
2,106
2,107
2,108
2,109
2,110
2,111
2,112
2,113
2,114
2,115
2,116
2,117
2,118
2,119
2,120
2,121
2,122
2,123
2,124
2,125
2,126
2,127
2,128
2,129
2,130
2,131
2,132
2,133
2,134
2,135
2,136
2,137
2,138
2,139
2,140
2,141
2,142
2,143
2,144
2,145
2,146
2,147
2,148
2,149
2,150
2,151
3,1
3,2
3,3
3,4
3,5
3,6
3,7
3,8
3,9
3,10
3,11
3,12
3,13
3,14
3,15
3,16
3,17
3,18
3,19
3,20
3,21
3,22
3,23
3,24
3,25
3,26
3,27
3,28
3,29
3,30
3,31
3,32
3,33
3,34
3,35
3,36
3,37
3,38
3,39
3,40
3,41
3,42
3,43
3,44
3,45
3,46
3,47
3,48
3,49
3,50
3,51
3,52
3,53
3,54
3,55
3,56
3,57
3,58
3,59
3,60
3,61
3,62
3,63
3,64
3,65
3,66
3,67
3,68
3,69
3,70
3,71
3,72
3,73
3,74
3,75
3,76
3,77
3,78
3,79
3,80
3,81
3,82
3,83
3,84
3,85
3,86
3,87
3,88
3,89
3,90
3,91
3,92
3,93
3,94
3,95
3,96
3,97
3,98
3,99
3,100
3,101
3,102
3,103
3,104
3,105
3,106
3,107
3,108
3,109
3,110
3,111
3,112
3,113
3,114
3,115
3,116
3,117
3,118
3,119
3,120
3,121
3,122
3,123
3,124
3,125
3,126
3,127
3,128
3,129
3,130
3,131
3,132
3,133
3,134
3,135
3,136
3,137
3,138
3,139
3,140
3,141
3,142
3,143
3,144
3,145
3,146
3,147
3,148
3,149
3,150
3,151
4,1
4,2
4,3
4,4
4,5
4,6
4,7
4,8
4,9
4,10
4,11
4,12
4,13
4,14
4,15
4,16
4,17
4,18
4,19
4,20
4,21
4,22
4,23
4,24
4,25
4,26
4,27
4,28
4,29
4,30
4,31
4,32
4,33
4,34
4,35
4,36
4,37
4,38
4,39
4,40
4,41
4,42
4,43
4,44
4,45
4,46
4,47
4,48
4,49
4,50
4,51
4,52
4,53
4,54
4,55
4,56
4,57
4,58
4,59
4,60
4,61
4,62
4,63
4,64
4,65
4,66
4,67
4,68
4,69
4,70
4,71
4,72
4,73
4,74
4,75
4,76
4,77
4,78
4,79
4,80
4,81
4,82
4,83
4,84
4,85
4,86
4,87
4,88
4,89
4,90
4,91
4,92
4,93
4,94
4,95
4,96
4,97
4,98
4,99
4,100
4,101
4,102
4,103
4,104
4,105
4,106
4,107
4,108
4,109
4,110
4,111
4,112
4,113
4,114
4,115
4,116
4,117
4,118
4,119
4,120
4,121
4,122
4,123
4,124
4,125
4,126
4,127
4,128
4,129
4,130
4,131
4,132
4,133
4,134
4,135
4,136
4,137
4,138
4,139
4,140
4,141
4,142
4,143
4,144
4,145
4,146
4,147
4,148
4,149
4,150
4,151
5,1
5,2
5,3
5,4
5,5
5,6
5,7
5,8
5,9
5,10
5,11
5,12
5,13
5,14
5,15
5,16
5,17
5,18
5,19
5,20
5,21
5,22
5,23
5,24
5,25
5,26
5,27
5,28
5,29
5,30
5,31
5,32
5,33
5,34
5,35
5,36
5,37
5,38
5,39
5,40
5,41
5,42
5,43
5,44
5,45
5,46
5,47
5,48
5,49
5,50
5,51
5,52
5,53
5,54
5,55
5,56
5,57
5,58
5,59
5,60
5,61
5,62
5,63
5,64
5,65
5,66
5,67
5,68
5,69
5,70
5,71
5,72
5,73
5,74
5,75
5,76
5,77
5,78
5,79
5,80
5,81
5,82
5,83
5,84
5,85
5,86
5,87
5,88
5,89
5,90
5,91
5,92
5,93
5,94
5,95
5,96
5,97
5,98
5,99
5,100
5,101
5,102
5,103
5,104
5,105
5,106
5,107
5,108
5,109
5,110
5,111
5,112
5,113
5,114
5,115
5,116
5,117
5,118
5,119
5,120
5,121
5,122
5,123
5,124
5,125
5,126
5,127
5,128
5,129
5,130
5,131
5,132
5,133
5,134
5,135
5,136
5,137
5,138
5,139
5,140
5,141
5,142
5,143
5,144
5,145
5,146
5,147
5,148
5,149
5,150
5,151
5,152
5,153
5,154
5,155
5,156
5,157
5,158
5,159
5,160
5,161
5,162
5,163
5,164
5,165
5,166
5,167
5,168
5,169
5,170
5,171
5,172
5,173
5,174
5,175
5,176
5,177
5,178
5,179
5,180
5,181
5,182
5,183
5,184
5,185
5,186
5,187
5,188
5,189
5,190
5,191
5,192
5,193
5,194
5,195
5,196
5,197
5,198
5,199
5,200
5,201
5,202
5,203
5,204
5,205
5,206
5,207
5,208
5,209
5,210
5,211
5,212
5,213
5,214
5,215
5,216
5,217
5,218
5,219
5,220
5,221
5,222
5,223
5,224
5,225
5,226
5,227
5,228
5,229
5,230
5,231
5,232
5,233
5,234
5,235
5,236
5,237
5,238
5,239
5,240
5,241
5,242
5,243
5,244
5,245
5,246
5,247
5,248
5,249
5,250
5,251
5,20001
5,20002
5,20003
5,20004
5,20005
5,20006
5,20007
5,20008
5,20009
5,20010
5,20011
5,20012
5,20013
5,20014
5,20015
5,20016
5,20017
5,20018
5,20019
5,20020
5,20021
5,20022
5,20023
5,20024
5,20025
6,1
6,2
6,3
6,4
6,5
6,6
6,7
6,8
6,9
6,10
6,11
6,12
6,13
6,14
6,15
6,16
6,17
6,18
6,19
6,20
6,21
6,22
6,23
6,24
6,25
6,26
6,27
6,28
6,29
6,30
6,31
6,32
6,33
6,34
6,35
6,36
6,37
6,38
6,39
6,40
6,41
6,42
6,43
6,44
6,45
6,46
6,47
6,48
6,49
6,50
6,51
6,52
6,53
6,54
6,55
6,56
6,57
6,58
6,59
6,60
6,61
6,62
6,63
6,64
6,65
6,66
6,67
6,68
6,69
6,70
6,71
6,72
6,73
6,74
6,75
6,76
6,77
6,78
6,79
6,80
6,81
6,82
6,83
6,84
6,85
6,86
6,87
6,88
6,89
6,90
6,91
6,92
6,93
6,94
6,95
6,96
6,97
6,98
6,99
6,100
6,101
6,102
6,103
6,104
6,105
6,106
6,107
6,108
6,109
6,110
6,111
6,112
6,113
6,114
6,115
6,116
6,117
6,118
6,119
6,120
6,121
6,122
6,123
6,124
6,125
6,126
6,127
6,128
6,129
6,130
6,131
6,132
6,133
6,134
6,135
6,136
6,137
6,138
6,139
6,140
6,141
6,142
6,143
6,144
6,145
6,146
6,147
6,148
6,149
6,150
6,151
6,152
6,153
6,154
6,155
6,156
6,157
6,158
6,159
6,160
6,161
6,162
6,163
6,164
6,165
6,166
6,167
6,168
6,169
6,170
6,171
6,172
6,173
6,174
6,175
6,176
6,177
6,178
6,179
6,180
6,181
6,182
6,183
6,184
6,185
6,186
6,187
6,188
6,189
6,190
6,191
6,192
6,193
6,194
6,195
6,196
6,197
6,198
6,199
6,200
6,201
6,202
6,203
6,204
6,205
6,206
6,207
6,208
6,209
6,210
6,211
6,212
6,213
6,214
6,215
6,216
6,217
6,218
6,219
6,220
6,221
6,222
6,223
6,224
6,225
6,226
6,227
6,228
6,229
6,230
6,231
6,232
6,233
6,234
6,235
6,236
6,237
6,238
6,239
6,240
6,241
6,242
6,243
6,244
6,245
6,246
6,247
6,248
6,249
6,250
6,251
6,20001
6,20002
6,20003
6,20004
6,20005
6,20006
6,20007
6,20008
6,20009
6,20010
6,20011
6,20012
6,20013
6,20014
6,20015
6,20016
6,20017
6,20018
6,20019
6,20020
6,20021
6,20022
6,20023
6,20024
6,20025
7,1
7,2
7,3
7,4
7,5
7,6
7,7
7,8
7,9
7,10
7,11
7,12
7,13
7,14
7,15
7,16
7,17
7,18
7,19
7,20
7,21
7,22
7,23
7,24
7,25
7,26
7,27
7,28
7,29
7,30
7,31
7,32
7,33
7,34
7,35
7,36
7,37
7,38
7,39
7,40
7,41
7,42
7,43
7,44
7,45
7,46
7,47
7,48
7,49
7,50
7,51
7,52
7,53
7,54
7,55
7,56
7,57
7,58
7,59
7,60
7,61
7,62
7,63
7,64
7,65
7,66
7,67
7,68
7,69
7,70
7,71
7,72
7,73
7,74
7,75
7,76
7,77
7,78
7,79
7,80
7,81
7,82
7,83
7,84
7,85
7,86
7,87
7,88
7,89
7,90
7,91
7,92
7,93
7,94
7,95
7,96
7,97
7,98
7,99
7,100
7,101
7,102
7,103
7,104
7,105
7,106
7,107
7,108
7,109
7,110
7,111
7,112
7,113
7,114
7,115
7,116
7,117
7,118
7,119
7,120
7,121
7,122
7,123
7,124
7,125
7,126
7,127
7,128
7,129
7,130
7,131
7,132
7,133
7,134
7,135
7,136
7,137
7,138
7,139
7,140
7,141
7,142
7,143
7,144
7,145
7,146
7,147
7,148
7,149
7,150
7,151
7,152
7,153
7,154
7,155
7,156
7,157
7,158
7,159
7,160
7,161
7,162
7,163
7,164
7,165
7,166
7,167
7,168
7,169
7,170
7,171
7,172
7,173
7,174
7,175
7,176
7,177
7,178
7,179
7,180
7,181
7,182
7,183
7,184
7,185
7,186
7,187
7,188
7,189
7,190
7,191
7,192
7,193
7,194
7,195
7,196
7,197
7,198
7,199
7,200
7,201
7,202
7,203
7,204
7,205
7,206
7,207
7,208
7,209
7,210
7,211
7,212
7,213
7,214
7,215
7,216
7,217
7,218
7,219
7,220
7,221
7,222
7,223
7,224
7,225
7,226
7,227
7,228
7,229
7,230
7,231
7,232
7,233
7,234
7,235
7,236
7,237
7,238
7,239
7,240
7,241
7,242
7,243
7,244
7,245
7,246
7,247
7,248
7,249
7,250
7,251
7,252
7,253
7,254
7,255
7,256
7,257
7,258
7,259
7,260
7,261
7,262
7,263
7,264
7,265
7,266
7,267
7,268
7,269
7,270
7,271
7,272
7,273
7,274
7,275
7,276
7,277
7,278
7,279
7,280
7,281
7,282
7,283
7,284
7,285
7,286
7,287
7,288
7,289
7,290
7,291
7,292
7,293
7,294
7,295
7,296
7,297
7,298
7,299
7,300
7,301
7,302
7,303
7,304
7,305
7,306
7,307
7,308
7,309
7,310
7,311
7,312
7,313
7,314
7,315
7,316
7,317
7,318
7,319
7,320
7,321
7,322
7,323
7,324
7,325
7,326
7,327
7,328
7,329
7,330
7,331
7,332
7,333
7,334
7,335
7,336
7,337
7,338
7,339
7,340
7,341
7,342
7,343
7,344
7,345
7,346
7,347
7,348
7,349
7,350
7,351
7,352
7,353
7,354
7,355
7,356
7,357
7,358
7,359
7,360
7,361
7,362
7,363
7,364
7,365
7,366
7,367
7,368
7,369
7,370
7,371
7,372
7,373
7,374
7,375
7,376
7,377
7,378
7,379
7,380
7,381
7,382
7,383
7,384
7,385
7,386
7,10001
7,10002
7,10003
7,20001
7,20002
7,20003
7,20004
7,20005
7,20006
7,20007
7,20008
7,20009
7,20010
7,20011
7,20012
7,20013
7,20014
7,20015
7,20016
7,20017
7,20018
7,20019
7,20020
7,20021
7,20022
7,20023
7,20024
7,20025
7,20026
7,20027
8,1
8,2
8,3
8,4
8,5
8,6
8,7
8,8
8,9
8,10
8,11
8,12
8,13
8,14
8,15
8,16
8,17
8,18
8,19
8,20
8,21
8,22
8,23
8,24
8,25
8,26
8,27
8,28
8,29
8,30
8,31
8,32
8,33
8,34
8,35
8,36
8,37
8,38
8,39
8,40
8,41
8,42
8,43
8,44
8,45
8,46
8,47
8,48
8,49
8,50
8,51
8,52
8,53
8,54
8,55
8,56
8,57
8,58
8,59
8,60
8,61
8,62
8,63
8,64
8,65
8,66
8,67
8,68
8,69
8,70
8,71
8,72
8,73
8,74
8,75
8,76
8,77
8,78
8,79
8,80
8,81
8,82
8,83
8,84
8,85
8,86
8,87
8,88
8,89
8,90
8,91
8,92
8,93
8,94
8,95
8,96
8,97
8,98
8,99
8,100
8,101
8,102
8,103
8,104
8,105
8,106
8,107
8,108
8,109
8,110
8,111
8,112
8,113
8,114
8,115
8,116
8,117
8,118
8,119
8,120
8,121
8,122
8,123
8,124
8,125
8,126
8,127
8,128
8,129
8,130
8,131
8,132
8,133
8,134
8,135
8,136
8,137
8,138
8,139
8,140
8,141
8,142
8,143
8,144
8,145
8,146
8,147
8,148
8,149
8,150
8,151
8,152
8,153
8,154
8,155
8,156
8,157
8,158
8,159
8,160
8,161
8,162
8,163
8,164
8,165
8,166
8,167
8,168
8,169
8,170
8,171
8,172
8,173
8,174
8,175
8,176
8,177
8,178
8,179
8,180
8,181
8,182
8,183
8,184
8,185
8,186
8,187
8,188
8,189
8,190
8,191
8,192
8,193
8,194
8,195
8,196
8,197
8,198
8,199
8,200
8,201
8,202
8,203
8,204
8,205
8,206
8,207
8,208
8,209
8,210
8,211
8,212
8,213
8,214
8,215
8,216
8,217
8,218
8,219
8,220
8,221
8,222
8,223
8,224
8,225
8,226
8,227
8,228
8,229
8,230
8,231
8,232
8,233
8,234
8,235
8,236
8,237
8,238
8,239
8,240
8,241
8,242
8,243
8,244
8,245
8,246
8,247
8,248
8,249
8,250
8,251
8,252
8,253
8,254
8,255
8,256
8,257
8,258
8,259
8,260
8,261
8,262
8,263
8,264
8,265
8,266
8,267
8,268
8,269
8,270
8,271
8,272
8,273
8,274
8,275
8,276
8,277
8,278
8,279
8,280
8,281
8,282
8,283
8,284
8,285
8,286
8,287
8,288
8,289
8,290
8,291
8,292
8,293
8,294
8,295
8,296
8,297
8,298
8,299
8,300
8,301
8,302
8,303
8,304
8,305
8,306
8,307
8,308
8,309
8,310
8,311
8,312
8,313
8,314
8,315
8,316
8,317
8,318
8,319
8,320
8,321
8,322
8,323
8,324
8,325
8,326
8,327
8,328
8,329
8,330
8,331
8,332
8,333
8,334
8,335
8,336
8,337
8,338
8,339
8,340
8,341
8,342
8,343
8,344
8,345
8,346
8,347
8,348
8,349
8,350
8,351
8,352
8,353
8,354
8,355
8,356
8,357
8,358
8,359
8,360
8,361
8,362
8,363
8,364
8,365
8,366
8,367
8,368
8,369
8,370
8,371
8,372
8,373
8,374
8,375
8,376
8,377
8,378
8,379
8,380
8,381
8,382
8,383
8,384
8,385
8,386
8,10001
8,10002
8,10003
8,20001
8,20002
8,20003
8,20004
8,20005
8,20006
8,20007
8,20008
8,20009
8,20010
8,20011
8,20012
8,20013
8,20014
8,20015
8,20016
8,20017
8,20018
8,20019
8,20020
8,20021
8,20022
8,20023
8,20024
8,20025
8,20026
8,20027
9,1
9,2
9,3
9,4
9,5
9,6
9,7
9,8
9,9
9,10
9,11
9,12
9,13
9,14
9,15
9,16
9,17
9,18
9,19
9,20
9,21
9,22
9,23
9,24
9,25
9,26
9,27
9,28
9,29
9,30
9,31
9,32
9,33
9,34
9,35
9,36
9,37
9,38
9,39
9,40
9,41
9,42
9,43
9,44
9,45
9,46
9,47
9,48
9,49
9,50
9,51
9,52
9,53
9,54
9,55
9,56
9,57
9,58
9,59
9,60
9,61
9,62
9,63
9,64
9,65
9,66
9,67
9,68
9,69
9,70
9,71
9,72
9,73
9,74
9,75
9,76
9,77
9,78
9,79
9,80
9,81
9,82
9,83
9,84
9,85
9,86
9,87
9,88
9,89
9,90
9,91
9,92
9,93
9,94
9,95
9,96
9,97
9,98
9,99
9,100
9,101
9,102
9,103
9,104
9,105
9,106
9,107
9,108
9,109
9,110
9,111
9,112
9,113
9,114
9,115
9,116
9,117
9,118
9,119
9,120
9,121
9,122
9,123
9,124
9,125
9,126
9,127
9,128
9,129
9,130
9,131
9,132
9,133
9,134
9,135
9,136
9,137
9,138
9,139
9,140
9,141
9,142
9,143
9,144
9,145
9,146
9,147
9,148
9,149
9,150
9,151
9,152
9,153
9,154
9,155
9,156
9,157
9,158
9,159
9,160
9,161
9,162
9,163
9,164
9,165
9,166
9,167
9,168
9,169
9,170
9,171
9,172
9,173
9,174
9,175
9,176
9,177
9,178
9,179
9,180
9,181
9,182
9,183
9,184
9,185
9,186
9,187
9,188
9,189
9,190
9,191
9,192
9,193
9,194
9,195
9,196
9,197
9,198
9,199
9,200
9,201
9,202
9,203
9,204
9,205
9,206
9,207
9,208
9,209
9,210
9,211
9,212
9,213
9,214
9,215
9,216
9,217
9,218
9,219
9,220
9,221
9,222
9,223
9,224
9,225
9,226
9,227
9,228
9,229
9,230
9,231
9,232
9,233
9,234
9,235
9,236
9,237
9,238
9,239
9,240
9,241
9,242
9,243
9,244
9,245
9,246
9,247
9,248
9,249
9,250
9,251
9,252
9,253
9,254
9,255
9,256
9,257
9,258
9,259
9,260
9,261
9,262
9,263
9,264
9,265
9,266
9,267
9,268
9,269
9,270
9,271
9,272
9,273
9,274
9,275
9,276
9,277
9,278
9,279
9,280
9,281
9,282
9,283
9,284
9,285
9,286
9,287
9,288
9,289
9,290
9,291
9,292
9,293
9,294
9,295
9,296
9,297
9,298
9,299
9,300
9,301
9,302
9,303
9,304
9,305
9,306
9,307
9,308
9,309
9,310
9,311
9,312
9,313
9,314
9,315
9,316
9,317
9,318
9,319
9,320
9,321
9,322
9,323
9,324
9,325
9,326
9,327
9,328
9,329
9,330
9,331
9,332
9,333
9,334
9,335
9,336
9,337
9,338
9,339
9,340
9,341
9,342
9,343
9,344
9,345
9,346
9,347
9,348
9,349
9,350
9,351
9,352
9,353
9,354
9,355
9,356
9,357
9,358
9,359
9,360
9,361
9,362
9,363
9,364
9,365
9,366
9,367
9,368
9,369
9,370
9,371
9,372
9,373
9,374
9,375
9,376
9,377
9,378
9,379
9,380
9,381
9,382
9,383
9,384
9,385
9,10001
9,10002
9,10003
9,10004
9,10005
9,20001
9,20002
9,20003
9,20004
9,20005
9,20006
9,20007
9,20008
9,20009
9,20010
9,20011
9,20012
9,20013
9,20014
9,20015
9,20016
9,20017
9,20018
9,20019
9,20020
9,20021
9,20022
9,20023
9,20024
9,20025
9,20026
9,20027
10,1
10,2
10,3
10,4
10,5
10,6
10,7
10,8
10,9
10,10
10,11
10,12
10,13
10,14
10,15
10,16
10,17
10,18
10,19
10,20
10,21
10,22
10,23
10,24
10,25
10,26
10,27
10,28
10,29
10,30
10,31
10,32
10,33
10,34
10,35
10,36
10,37
10,38
10,39
10,40
10,41
10,42
10,43
10,44
10,45
10,46
10,47
10,48
10,49
10,50
10,51
10,52
10,53
10,54
10,55
10,56
10,57
10,58
10,59
10,60
10,61
10,62
10,63
10,64
10,65
10,66
10,67
10,68
10,69
10,70
10,71
10,72
10,73
10,74
10,75
10,76
10,77
10,78
10,79
10,80
10,81
10,82
10,83
10,84
10,85
10,86
10,87
10,88
10,89
10,90
10,91
10,92
10,93
10,94
10,95
10,96
10,97
10,98
10,99
10,100
10,101
10,102
10,103
10,104
10,105
10,106
10,107
10,108
10,109
10,110
10,111
10,112
10,113
10,114
10,115
10,116
10,117
10,118
10,119
10,120
10,121
10,122
10,123
10,124
10,125
10,126
10,127
10,128
10,129
10,130
10,131
10,132
10,133
10,134
10,135
10,136
10,137
10,138
10,139
10,140
10,141
10,142
10,143
10,144
10,145
10,146
10,147
10,148
10,149
10,150
10,151
10,152
10,153
10,154
10,155
10,156
10,157
10,158
10,159
10,160
10,161
10,162
10,163
10,164
10,165
10,166
10,167
10,168
10,169
10,170
10,171
10,172
10,173
10,174
10,175
10,176
10,177
10,178
10,179
10,180
10,181
10,182
10,183
10,184
10,185
10,186
10,187
10,188
10,189
10,190
10,191
10,192
10,193
10,194
10,195
10,196
10,197
10,198
10,199
10,200
10,201
10,202
10,203
10,204
10,205
10,206
10,207
10,208
10,209
10,210
10,211
10,212
10,213
10,214
10,215
10,216
10,217
10,218
10,219
10,220
10,221
10,222
10,223
10,224
10,225
10,226
10,227
10,228
10,229
10,230
10,231
10,232
10,233
10,234
10,235
10,236
10,237
10,238
10,239
10,240
10,241
10,242
10,243
10,244
10,245
10,246
10,247
10,248
10,249
10,250
10,251
10,252
10,253
10,254
10,255
10,256
10,257
10,258
10,259
10,260
10,261
10,262
10,263
10,264
10,265
10,266
10,267
10,268
10,269
10,270
10,271
10,272
10,273
10,274
10,275
10,276
10,277
10,278
10,279
10,280
10,281
10,282
10,283
10,284
10,285
10,286
10,287
10,288
10,289
10,290
10,291
10,292
10,293
10,294
10,295
10,296
10,297
10,298
10,299
10,300
10,301
10,302
10,303
10,304
10,305
10,306
10,307
10,308
10,309
10,310
10,311
10,312
10,313
10,314
10,315
10,316
10,317
10,318
10,319
10,320
10,321
10,322
10,323
10,324
10,325
10,326
10,327
10,328
10,329
10,330
10,331
10,332
10,333
10,334
10,335
10,336
10,337
10,338
10,339
10,340
10,341
10,342
10,343
10,344
10,345
10,346
10,347
10,348
10,349
10,350
10,351
10,352
10,353
10,354
10,355
10,356
10,357
10,358
10,359
10,360
10,361
10,362
10,363
10,364
10,365
10,366
10,367
10,368
10,369
10,370
10,371
10,372
10,373
10,374
10,375
10,376
10,377
10,378
10,379
10,380
10,381
10,382
10,383
10,384
10,385
10,10001
10,10002
10,10003
10,10006
10,20001
10,20002
10,20003
10,20004
10,20005
10,20006
10,20007
10,20008
10,20009
10,20010
10,20011
10,20012
10,20013
10,20014
10,20015
10,20016
10,20017
10,20018
10,20019
10,20020
10,20021
10,20022
10,20023
10,20024
10,20025
10,20026
10,20027
11,1
11,2
11,3
11,4
11,5
11,6
11,7
11,8
11,9
11,10
11,11
11,12
11,13
11,14
11,15
11,16
11,17
11,18
11,19
11,20
11,21
11,22
11,23
11,24
11,25
11,26
11,27
11,28
11,29
11,30
11,31
11,32
11,33
11,34
11,35
11,36
11,37
11,38
11,39
11,40
11,41
11,42
11,43
11,44
11,45
11,46
11,47
11,48
11,49
11,50
11,51
11,52
11,53
11,54
11,55
11,56
11,57
11,58
11,59
11,60
11,61
11,62
11,63
11,64
11,65
11,66
11,67
11,68
11,69
11,70
11,71
11,72
11,73
11,74
11,75
11,76
11,77
11,78
11,79
11,80
11,81
11,82
11,83
11,84
11,85
11,86
11,87
11,88
11,89
11,90
11,91
11,92
11,93
11,94
11,95
11,96
11,97
11,98
11,99
11,100
11,101
11,102
11,103
11,104
11,105
11,106
11,107
11,108
11,109
11,110
11,111
11,112
11,113
11,114
11,115
11,116
11,117
11,118
11,119
11,120
11,121
11,122
11,123
11,124
11,125
11,126
11,127
11,128
11,129
11,130
11,131
11,132
11,133
11,134
11,135
11,136
11,137
11,138
11,139
11,140
11,141
11,142
11,143
11,144
11,145
11,146
11,147
11,148
11,149
11,150
11,151
11,152
11,153
11,154
11,155
11,156
11,157
11,158
11,159
11,160
11,161
11,162
11,163
11,164
11,165
11,166
11,167
11,168
11,169
11,170
11,171
11,172
11,173
11,174
11,175
11,176
11,177
11,178
11,179
11,180
11,181
11,182
11,183
11,184
11,185
11,186
11,187
11,188
11,189
11,190
11,191
11,192
11,193
11,194
11,195
11,196
11,197
11,198
11,199
11,200
11,201
11,202
11,203
11,204
11,205
11,206
11,207
11,208
11,209
11,210
11,211
11,212
11,213
11,214
11,215
11,216
11,217
11,218
11,219
11,220
11,221
11,222
11,223
11,224
11,225
11,226
11,227
11,228
11,229
11,230
11,231
11,232
11,233
11,234
11,235
11,236
11,237
11,238
11,239
11,240
11,241
11,242
11,243
11,244
11,245
11,246
11,247
11,248
11,249
11,250
11,251
11,252
11,253
11,254
11,255
11,256
11,257
11,258
11,259
11,260
11,261
11,262
11,263
11,264
11,265
11,266
11,267
11,268
11,269
11,270
11,271
11,272
11,273
11,274
11,275
11,276
11,277
11,278
11,279
11,280
11,281
11,282
11,283
11,284
11,285
11,286
11,287
11,288
11,289
11,290
11,291
11,292
11,293
11,294
11,295
11,296
11,297
11,298
11,299
11,300
11,301
11,302
11,303
11,304
11,305
11,306
11,307
11,308
11,309
11,310
11,311
11,312
11,313
11,314
11,315
11,316
11,317
11,318
11,319
11,320
11,321
11,322
11,323
11,324
11,325
11,326
11,327
11,328
11,329
11,330
11,331
11,332
11,333
11,334
11,335
11,336
11,337
11,338
11,339
11,340
11,341
11,342
11,343
11,344
11,345
11,346
11,347
11,348
11,349
11,350
11,351
11,352
11,353
11,354
11,355
11,356
11,357
11,358
11,359
11,360
11,361
11,362
11,363
11,364
11,365
11,366
11,367
11,368
11,369
11,370
11,371
11,372
11,373
11,374
11,375
11,376
11,377
11,378
11,379
11,380
11,381
11,382
11,383
11,384
11,385
11,386
11,10001
11,10002
11,10003
11,20001
11,20002
11,20003
11,20004
11,20005
11,20006
11,20007
11,20008
11,20009
11,20010
11,20011
11,20012
11,20013
11,20014
11,20015
11,20016
11,20017
11,20018
11,20019
11,20020
11,20021
11,20022
11,20023
11,20024
11,20025
11,20026
11,20027
12,1
12,2
12,3
12,4
12,5
12,6
12,7
12,8
12,9
12,10
12,11
12,12
12,13
12,14
12,15
12,16
12,17
12,18
12,19
12,20
12,21
12,22
12,23
12,24
12,25
12,26
12,27
12,28
12,29
12,30
12,31
12,32
12,33
12,34
12,35
12,36
12,37
12,38
12,39
12,40
12,41
12,42
12,43
12,44
12,45
12,46
12,47
12,48
12,49
12,50
12,51
12,52
12,53
12,54
12,55
12,56
12,57
12,58
12,59
12,60
12,61
12,62
12,63
12,64
12,65
12,66
12,67
12,68
12,69
12,70
12,71
12,72
12,73
12,74
12,75
12,76
12,77
12,78
12,79
12,80
12,81
12,82
12,83
12,84
12,85
12,86
12,87
12,88
12,89
12,90
12,91
12,92
12,93
12,94
12,95
12,96
12,97
12,98
12,99
12,100
12,101
12,102
12,103
12,104
12,105
12,106
12,107
12,108
12,109
12,110
12,111
12,112
12,113
12,114
12,115
12,116
12,117
12,118
12,119
12,120
12,121
12,122
12,123
12,124
12,125
12,126
12,127
12,128
12,129
12,130
12,131
12,132
12,133
12,134
12,135
12,136
12,137
12,138
12,139
12,140
12,141
12,142
12,143
12,144
12,145
12,146
12,147
12,148
12,149
12,150
12,151
12,152
12,153
12,154
12,155
12,156
12,157
12,158
12,159
12,160
12,161
12,162
12,163
12,164
12,165
12,166
12,167
12,168
12,169
12,170
12,171
12,172
12,173
12,174
12,175
12,176
12,177
12,178
12,179
12,180
12,181
12,182
12,183
12,184
12,185
12,186
12,187
12,188
12,189
12,190
12,191
12,192
12,193
12,194
12,195
12,196
12,197
12,198
12,199
12,200
12,201
12,202
12,203
12,204
12,205
12,206
12,207
12,208
12,209
12,210
12,211
12,212
12,213
12,214
12,215
12,216
12,217
12,218
12,219
12,220
12,221
12,222
12,223
12,224
12,225
12,226
12,227
12,228
12,229
12,230
12,231
12,232
12,233
12,234
12,235
12,236
12,237
12,238
12,239
12,240
12,241
12,242
12,243
12,244
12,245
12,246
12,247
12,248
12,249
12,250
12,251
12,252
12,253
12,254
12,255
12,256
12,257
12,258
12,259
12,260
12,261
12,262
12,263
12,264
12,265
12,266
12,267
12,268
12,269
12,270
12,271
12,272
12,273
12,274
12,275
12,276
12,277
12,278
12,279
12,280
12,281
12,282
12,283
12,284
12,285
12,286
12,287
12,288
12,289
12,290
12,291
12,292
12,293
12,294
12,295
12,296
12,297
12,298
12,299
12,300
12,301
12,302
12,303
12,304
12,305
12,306
12,307
12,308
12,309
12,310
12,311
12,312
12,313
12,314
12,315
12,316
12,317
12,318
12,319
12,320
12,321
12,322
12,323
12,324
12,325
12,326
12,327
12,328
12,329
12,330
12,331
12,332
12,333
12,334
12,335
12,336
12,337
12,338
12,339
12,340
12,341
12,342
12,343
12,344
12,345
12,346
12,347
12,348
12,349
12,350
12,351
12,352
12,353
12,354
12,355
12,356
12,357
12,358
12,359
12,360
12,361
12,362
12,363
12,364
12,365
12,366
12,367
12,368
12,369
12,370
12,371
12,372
12,373
12,374
12,375
12,376
12,377
12,378
12,379
12,380
12,381
12,382
12,383
12,384
12,385
12,386
12,387
12,388
12,389
12,390
12,391
12,392
12,393
12,394
12,395
12,396
12,397
12,398
12,399
12,400
12,401
12,402
12,403
12,404
12,405
12,406
12,407
12,408
12,409
12,410
12,411
12,412
12,413
12,414
12,415
12,416
12,417
12,418
12,419
12,420
12,421
12,422
12,423
12,424
12,425
12,426
12,427
12,428
12,429
12,430
12,431
12,432
12,433
12,434
12,435
12,436
12,437
12,438
12,439
12,440
12,441
12,442
12,443
12,444
12,445
12,446
12,447
12,448
12,449
12,450
12,451
12,452
12,453
12,454
12,455
12,456
12,457
12,458
12,459
12,460
12,461
12,462
12,463
12,464
12,465
12,466
12,467
12,468
12,469
12,470
12,471
12,472
12,473
12,474
12,475
12,476
12,477
12,478
12,479
12,480
12,481
12,482
12,483
12,484
12,485
12,486
12,487
12,488
12,489
12,490
12,491
12,492
12,493
12,10001
12,10002
12,10003
12,10004
12,10005
12,10006
12,10007
12,10008
12,10009
12,10010
12,10011
12,10012
12,10013
12,10014
12,10015
12,10016
12,10017
12,10018
12,10019
12,10020
12,10021
12,10022
12,10023
12,10024
12,20001
12,20002
12,20003
12,20004
12,20005
12,20006
12,20007
12,20008
12,20009
12,20010
12,20011
12,20012
12,20013
12,20014
12,20015
12,20016
12,20017
12,20018
12,20019
12,20020
12,20021
12,20022
12,20023
12,20024
12,20025
12,20026
12,20027
12,20028
12,20029
12,20030
12,20031
12,20032
13,1
13,2
13,3
13,4
13,5
13,6
13,7
13,8
13,9
13,10
13,11
13,12
13,13
13,14
13,15
13,16
13,17
13,18
13,19
13,20
13,21
13,22
13,23
13,24
13,25
13,26
13,27
13,28
13,29
13,30
13,31
13,32
13,33
13,34
13,35
13,36
13,37
13,38
13,39
13,40
13,41
13,42
13,43
13,44
13,45
13,46
13,47
13,48
13,49
13,50
13,51
13,52
13,53
13,54
13,55
13,56
13,57
13,58
13,59
13,60
13,61
13,62
13,63
13,64
13,65
13,66
13,67
13,68
13,69
13,70
13,71
13,72
13,73
13,74
13,75
13,76
13,77
13,78
13,79
13,80
13,81
13,82
13,83
13,84
13,85
13,86
13,87
13,88
13,89
13,90
13,91
13,92
13,93
13,94
13,95
13,96
13,97
13,98
13,99
13,100
13,101
13,102
13,103
13,104
13,105
13,106
13,107
13,108
13,109
13,110
13,111
13,112
13,113
13,114
13,115
13,116
13,117
13,118
13,119
13,120
13,121
13,122
13,123
13,124
13,125
13,126
13,127
13,128
13,129
13,130
13,131
13,132
13,133
13,134
13,135
13,136
13,137
13,138
13,139
13,140
13,141
13,142
13,143
13,144
13,145
13,146
13,147
13,148
13,149
13,150
13,151
13,152
13,153
13,154
13,155
13,156
13,157
13,158
13,159
13,160
13,161
13,162
13,163
13,164
13,165
13,166
13,167
13,168
13,169
13,170
13,171
13,172
13,173
13,174
13,175
13,176
13,177
13,178
13,179
13,180
13,181
13,182
13,183
13,184
13,185
13,186
13,187
13,188
13,189
13,190
13,191
13,192
13,193
13,194
13,195
13,196
13,197
13,198
13,199
13,200
13,201
13,202
13,203
13,204
13,205
13,206
13,207
13,208
13,209
13,210
13,211
13,212
13,213
13,214
13,215
13,216
13,217
13,218
13,219
13,220
13,221
13,222
13,223
13,224
13,225
13,226
13,227
13,228
13,229
13,230
13,231
13,232
13,233
13,234
13,235
13,236
13,237
13,238
13,239
13,240
13,241
13,242
13,243
13,244
13,245
13,246
13,247
13,248
13,249
13,250
13,251
13,252
13,253
13,254
13,255
13,256
13,257
13,258
13,259
13,260
13,261
13,262
13,263
13,264
13,265
13,266
13,267
13,268
13,269
13,270
13,271
13,272
13,273
13,274
13,275
13,276
13,277
13,278
13,279
13,280
13,281
13,282
13,283
13,284
13,285
13,286
13,287
13,288
13,289
13,290
13,291
13,292
13,293
13,294
13,295
13,296
13,297
13,298
13,299
13,300
13,301
13,302
13,303
13,304
13,305
13,306
13,307
13,308
13,309
13,310
13,311
13,312
13,313
13,314
13,315
13,316
13,317
13,318
13,319
13,320
13,321
13,322
13,323
13,324
13,325
13,326
13,327
13,328
13,329
13,330
13,331
13,332
13,333
13,334
13,335
13,336
13,337
13,338
13,339
13,340
13,341
13,342
13,343
13,344
13,345
13,346
13,347
13,348
13,349
13,350
13,351
13,352
13,353
13,354
13,355
13,356
13,357
13,358
13,359
13,360
13,361
13,362
13,363
13,364
13,365
13,366
13,367
13,368
13,369
13,370
13,371
13,372
13,373
13,374
13,375
13,376
13,377
13,378
13,379
13,380
13,381
13,382
13,383
13,384
13,385
13,386
13,387
13,388
13,389
13,390
13,391
13,392
13,393
13,394
13,395
13,396
13,397
13,398
13,399
13,400
13,401
13,402
13,403
13,404
13,405
13,406
13,407
13,408
13,409
13,410
13,411
13,412
13,413
13,414
13,415
13,416
13,417
13,418
13,419
13,420
13,421
13,422
13,423
13,424
13,425
13,426
13,427
13,428
13,429
13,430
13,431
13,432
13,433
13,434
13,435
13,436
13,437
13,438
13,439
13,440
13,441
13,442
13,443
13,444
13,445
13,446
13,447
13,448
13,449
13,450
13,451
13,452
13,453
13,454
13,455
13,456
13,457
13,458
13,459
13,460
13,461
13,462
13,463
13,464
13,465
13,466
13,467
13,468
13,469
13,470
13,471
13,472
13,473
13,474
13,475
13,476
13,477
13,478
13,479
13,480
13,481
13,482
13,483
13,484
13,485
13,486
13,487
13,488
13,489
13,490
13,491
13,492
13,493
13,10001
13,10002
13,10003
13,10004
13,10005
13,10006
13,10007
13,10008
13,10009
13,10010
13,10011
13,10012
13,10013
13,10014
13,10015
13,10016
13,10017
13,10018
13,10019
13,10020
13,10021
13,10022
13,10023
13,10024
13,10025
13,10026
13,10027
13,10028
13,10029
13,10030
13,10031
13,20001
13,20002
13,20003
13,20004
13,20005
13,20006
13,20007
13,20008
13,20009
13,20010
13,20011
13,20012
13,20013
13,20014
13,20015
13,20016
13,20017
13,20018
13,20019
13,20020
13,20021
13,20022
13,20023
13,20024
13,20025
13,20026
13,20027
13,20028
13,20029
13,20030
13,20031
13,20032
14,1
14,2
14,3
14,4
14,5
14,6
14,7
14,8
14,9
14,10
14,11
14,12
14,13
14,14
14,15
14,16
14,17
14,18
14,19
14,20
14,21
14,22
14,23
14,24
14,25
14,26
14,27
14,28
14,29
14,30
14,31
14,32
14,33
14,34
14,35
14,36
14,37
14,38
14,39
14,40
14,41
14,42
14,43
14,44
14,45
14,46
14,47
14,48
14,49
14,50
14,51
14,52
14,53
14,54
14,55
14,56
14,57
14,58
14,59
14,60
14,61
14,62
14,63
14,64
14,65
14,66
14,67
14,68
14,69
14,70
14,71
14,72
14,73
14,74
14,75
14,76
14,77
14,78
14,79
14,80
14,81
14,82
14,83
14,84
14,85
14,86
14,87
14,88
14,89
14,90
14,91
14,92
14,93
14,94
14,95
14,96
14,97
14,98
14,99
14,100
14,101
14,102
14,103
14,104
14,105
14,106
14,107
14,108
14,109
14,110
14,111
14,112
14,113
14,114
14,115
14,116
14,117
14,118
14,119
14,120
14,121
14,122
14,123
14,124
14,125
14,126
14,127
14,128
14,129
14,130
14,131
14,132
14,133
14,134
14,135
14,136
14,137
14,138
14,139
14,140
14,141
14,142
14,143
14,144
14,145
14,146
14,147
14,148
14,149
14,150
14,151
14,152
14,153
14,154
14,155
14,156
14,157
14,158
14,159
14,160
14,161
14,162
14,163
14,164
14,165
14,166
14,167
14,168
14,169
14,170
14,171
14,172
14,173
14,174
14,175
14,176
14,177
14,178
14,179
14,180
14,181
14,182
14,183
14,184
14,185
14,186
14,187
14,188
14,189
14,190
14,191
14,192
14,193
14,194
14,195
14,196
14,197
14,198
14,199
14,200
14,201
14,202
14,203
14,204
14,205
14,206
14,207
14,208
14,209
14,210
14,211
14,212
14,213
14,214
14,215
14,216
14,217
14,218
14,219
14,220
14,221
14,222
14,223
14,224
14,225
14,226
14,227
14,228
14,229
14,230
14,231
14,232
14,233
14,234
14,235
14,236
14,237
14,238
14,239
14,240
14,241
14,242
14,243
14,244
14,245
14,246
14,247
14,248
14,249
14,250
14,251
14,252
14,253
14,254
14,255
14,256
14,257
14,258
14,259
14,260
14,261
14,262
14,263
14,264
14,265
14,266
14,267
14,268
14,269
14,270
14,271
14,272
14,273
14,274
14,275
14,276
14,277
14,278
14,279
14,280
14,281
14,282
14,283
14,284
14,285
14,286
14,287
14,288
14,289
14,290
14,291
14,292
14,293
14,294
14,295
14,296
14,297
14,298
14,299
14,300
14,301
14,302
14,303
14,304
14,305
14,306
14,307
14,308
14,309
14,310
14,311
14,312
14,313
14,314
14,315
14,316
14,317
14,318
14,319
14,320
14,321
14,322
14,323
14,324
14,325
14,326
14,327
14,328
14,329
14,330
14,331
14,332
14,333
14,334
14,335
14,336
14,337
14,338
14,339
14,340
14,341
14,342
14,343
14,344
14,345
14,346
14,347
14,348
14,349
14,350
14,351
14,352
14,353
14,354
14,355
14,356
14,357
14,358
14,359
14,360
14,361
14,362
14,363
14,364
14,365
14,366
14,367
14,368
14,369
14,370
14,371
14,372
14,373
14,374
14,375
14,376
14,377
14,378
14,379
14,380
14,381
14,382
14,383
14,384
14,385
14,386
14,387
14,388
14,389
14,390
14,391
14,392
14,393
14,394
14,395
14,396
14,397
14,398
14,399
14,400
14,401
14,402
14,403
14,404
14,405
14,406
14,407
14,408
14,409
14,410
14,411
14,412
14,413
14,414
14,415
14,416
14,417
14,418
14,419
14,420
14,421
14,422
14,423
14,424
14,425
14,426
14,427
14,428
14,429
14,430
14,431
14,432
14,433
14,434
14,435
14,436
14,437
14,438
14,439
14,440
14,441
14,442
14,443
14,444
14,445
14,446
14,447
14,448
14,449
14,450
14,451
14,452
14,453
14,454
14,455
14,456
14,457
14,458
14,459
14,460
14,461
14,462
14,463
14,464
14,465
14,466
14,467
14,468
14,469
14,470
14,471
14,472
14,473
14,474
14,475
14,476
14,477
14,478
14,479
14,480
14,481
14,482
14,483
14,484
14,485
14,486
14,487
14,488
14,489
14,490
14,491
14,492
14,493
14,10001
14,10002
14,10003
14,10004
14,10005
14,10006
14,10007
14,10008
14,10009
14,10010
14,10011
14,10012
14,10013
14,10014
14,10015
14,10016
14,10017
14,10018
14,10019
14,10020
14,10021
14,10022
14,10023
14,10024
14,10025
14,10026
14,10027
14,10028
14,10029
14,10030
14,10031
14,10032
14,20001
14,20002
14,20003
14,20004
14,20005
14,20006
14,20007
14,20008
14,20009
14,20010
14,20011
14,20012
14,20013
14,20014
14,20015
14,20016
14,20017
14,20018
14,20019
14,20020
14,20021
14,20022
14,20023
14,20024
14,20025
14,20026
14,20027
14,20028
14,20029
14,20030
14,20031
14,20032
15,1
15,2
15,3
15,4
15,5
15,6
15,7
15,8
15,9
15,10
15,11
15,12
15,13
15,14
15,15
15,16
15,17
15,18
15,19
15,20
15,21
15,22
15,23
15,24
15,25
15,26
15,27
15,28
15,29
15,30
15,31
15,32
15,33
15,34
15,35
15,36
15,37
15,38
15,39
15,40
15,41
15,42
15,43
15,44
15,45
15,46
15,47
15,48
15,49
15,50
15,51
15,52
15,53
15,54
15,55
15,56
15,57
15,58
15,59
15,60
15,61
15,62
15,63
15,64
15,65
15,66
15,67
15,68
15,69
15,70
15,71
15,72
15,73
15,74
15,75
15,76
15,77
15,78
15,79
15,80
15,81
15,82
15,83
15,84
15,85
15,86
15,87
15,88
15,89
15,90
15,91
15,92
15,93
15,94
15,95
15,96
15,97
15,98
15,99
15,100
15,101
15,102
15,103
15,104
15,105
15,106
15,107
15,108
15,109
15,110
15,111
15,112
15,113
15,114
15,115
15,116
15,117
15,118
15,119
15,120
15,121
15,122
15,123
15,124
15,125
15,126
15,127
15,128
15,129
15,130
15,131
15,132
15,133
15,134
15,135
15,136
15,137
15,138
15,139
15,140
15,141
15,142
15,143
15,144
15,145
15,146
15,147
15,148
15,149
15,150
15,151
15,152
15,153
15,154
15,155
15,156
15,157
15,158
15,159
15,160
15,161
15,162
15,163
15,164
15,165
15,166
15,167
15,168
15,169
15,170
15,171
15,172
15,173
15,174
15,175
15,176
15,177
15,178
15,179
15,180
15,181
15,182
15,183
15,184
15,185
15,186
15,187
15,188
15,189
15,190
15,191
15,192
15,193
15,194
15,195
15,196
15,197
15,198
15,199
15,200
15,201
15,202
15,203
15,204
15,205
15,206
15,207
15,208
15,209
15,210
15,211
15,212
15,213
15,214
15,215
15,216
15,217
15,218
15,219
15,220
15,221
15,222
15,223
15,224
15,225
15,226
15,227
15,228
15,229
15,230
15,231
15,232
15,233
15,234
15,235
15,236
15,237
15,238
15,239
15,240
15,241
15,242
15,243
15,244
15,245
15,246
15,247
15,248
15,249
15,250
15,251
15,252
15,253
15,254
15,255
15,256
15,257
15,258
15,259
15,260
15,261
15,262
15,263
15,264
15,265
15,266
15,267
15,268
15,269
15,270
15,271
15,272
15,273
15,274
15,275
15,276
15,277
15,278
15,279
15,280
15,281
15,282
15,283
15,284
15,285
15,286
15,287
15,288
15,289
15,290
15,291
15,292
15,293
15,294
15,295
15,296
15,297
15,298
15,299
15,300
15,301
15,302
15,303
15,304
15,305
15,306
15,307
15,308
15,309
15,310
15,311
15,312
15,313
15,314
15,315
15,316
15,317
15,318
15,319
15,320
15,321
15,322
15,323
15,324
15,325
15,326
15,327
15,328
15,329
15,330
15,331
15,332
15,333
15,334
15,335
15,336
15,337
15,338
15,339
15,340
15,341
15,342
15,343
15,344
15,345
15,346
15,347
15,348
15,349
15,350
15,351
15,352
15,353
15,354
15,355
15,356
15,357
15,358
15,359
15,360
15,361
15,362
15,363
15,364
15,365
15,366
15,367
15,368
15,369
15,370
15,371
15,372
15,373
15,374
15,375
15,376
15,377
15,378
15,379
15,380
15,381
15,382
15,383
15,384
15,385
15,386
15,387
15,388
15,389
15,390
15,391
15,392
15,393
15,394
15,395
15,396
15,397
15,398
15,399
15,400
15,401
15,402
15,403
15,404
15,405
15,406
15,407
15,408
15,409
15,410
15,411
15,412
15,413
15,414
15,415
15,416
15,417
15,418
15,419
15,420
15,421
15,422
15,423
15,424
15,425
15,426
15,427
15,428
15,429
15,430
15,431
15,432
15,433
15,434
15,435
15,436
15,437
15,438
15,439
15,440
15,441
15,442
15,443
15,444
15,445
15,446
15,447
15,448
15,449
15,450
15,451
15,452
15,453
15,454
15,455
15,456
15,457
15,458
15,459
15,460
15,461
15,462
15,463
15,464
15,465
15,466
15,467
15,468
15,469
15,470
15,471
15,472
15,473
15,474
15,475
15,476
15,477
15,478
15,479
15,480
15,481
15,482
15,483
15,484
15,485
15,486
15,487
15,488
15,489
15,490
15,491
15,492
15,493
15,494
15,495
15,496
15,497
15,498
15,499
15,500
15,501
15,502
15,503
15,504
15,505
15,506
15,507
15,508
15,509
15,510
15,511
15,512
15,513
15,514
15,515
15,516
15,517
15,518
15,519
15,520
15,521
15,522
15,523
15,524
15,525
15,526
15,527
15,528
15,529
15,530
15,531
15,532
15,533
15,534
15,535
15,536
15,537
15,538
15,539
15,540
15,541
15,542
15,543
15,544
15,545
15,546
15,547
15,548
15,549
15,550
15,551
15,552
15,553
15,554
15,555
15,556
15,557
15,558
15,559
15,560
15,561
15,562
15,563
15,564
15,565
15,566
15,567
15,568
15,569
15,570
15,571
15,572
15,573
15,574
15,575
15,576
15,577
15,578
15,579
15,580
15,581
15,582
15,583
15,584
15,585
15,586
15,587
15,588
15,589
15,590
15,591
15,592
15,593
15,594
15,595
15,596
15,597
15,598
15,599
15,600
15,601
15,602
15,603
15,604
15,605
15,606
15,607
15,608
15,609
15,610
15,611
15,612
15,613
15,614
15,615
15,616
15,617
15,618
15,619
15,620
15,621
15,622
15,623
15,624
15,625
15,626
15,627
15,628
15,629
15,630
15,631
15,632
15,633
15,634
15,635
15,636
15,637
15,638
15,639
15,640
15,641
15,642
15,643
15,644
15,645
15,646
15,647
15,648
15,649
15,10001
15,10002
15,10003
15,10004
15,10005
15,10006
15,10007
15,10008
15,10009
15,10010
15,10011
15,10012
15,10013
15,10014
15,10015
15,10016
15,10017
15,10018
15,10019
15,10020
15,10021
15,10022
15,10023
15,10024
15,10025
15,10026
15,10027
15,10028
15,10029
15,10030
15,10031
15,10033
15,10034
15,10035
15,20001
15,20002
15,20003
15,20004
15,20005
15,20006
15,20007
15,20008
15,20009
15,20010
15,20011
15,20012
15,20013
15,20014
15,20015
15,20016
15,20017
15,20018
15,20019
15,20020
15,20021
15,20022
15,20023
15,20024
15,20025
15,20026
15,20027
15,20028
15,20029
15,20030
15,20031
15,20032
15,20033
15,20034
15,20035
15,20036
15,20037
15,20038
15,20039
15,20040
15,20041
15,20042
16,1
16,2
16,3
16,4
16,5
16,6
16,7
16,8
16,9
16,10
16,11
16,12
16,13
16,14
16,15
16,16
16,17
16,18
16,19
16,20
16,21
16,22
16,23
16,24
16,25
16,26
16,27
16,28
16,29
16,30
16,31
16,32
16,33
16,34
16,35
16,36
16,37
16,38
16,39
16,40
16,41
16,42
16,43
16,44
16,45
16,46
16,47
16,48
16,49
16,50
16,51
16,52
16,53
16,54
16,55
16,56
16,57
16,58
16,59
16,60
16,61
16,62
16,63
16,64
16,65
16,66
16,67
16,68
16,69
16,70
16,71
16,72
16,73
16,74
16,75
16,76
16,77
16,78
16,79
16,80
16,81
16,82
16,83
16,84
16,85
16,86
16,87
16,88
16,89
16,90
16,91
16,92
16,93
16,94
16,95
16,96
16,97
16,98
16,99
16,100
16,101
16,102
16,103
16,104
16,105
16,106
16,107
16,108
16,109
16,110
16,111
16,112
16,113
16,114
16,115
16,116
16,117
16,118
16,119
16,120
16,121
16,122
16,123
16,124
16,125
16,126
16,127
16,128
16,129
16,130
16,131
16,132
16,133
16,134
16,135
16,136
16,137
16,138
16,139
16,140
16,141
16,142
16,143
16,144
16,145
16,146
16,147
16,148
16,149
16,150
16,151
16,152
16,153
16,154
16,155
16,156
16,157
16,158
16,159
16,160
16,161
16,162
16,163
16,164
16,165
16,166
16,167
16,168
16,169
16,170
16,171
16,172
16,173
16,174
16,175
16,176
16,177
16,178
16,179
16,180
16,181
16,182
16,183
16,184
16,185
16,186
16,187
16,188
16,189
16,190
16,191
16,192
16,193
16,194
16,195
16,196
16,197
16,198
16,199
16,200
16,201
16,202
16,203
16,204
16,205
16,206
16,207
16,208
16,209
16,210
16,211
16,212
16,213
16,214
16,215
16,216
16,217
16,218
16,219
16,220
16,221
16,222
16,223
16,224
16,225
16,226
16,227
16,228
16,229
16,230
16,231
16,232
16,233
16,234
16,235
16,236
16,237
16,238
16,239
16,240
16,241
16,242
16,243
16,244
16,245
16,246
16,247
16,248
16,249
16,250
16,251
16,252
16,253
16,254
16,255
16,256
16,257
16,258
16,259
16,260
16,261
16,262
16,263
16,264
16,265
16,266
16,267
16,268
16,269
16,270
16,271
16,272
16,273
16,274
16,275
16,276
16,277
16,278
16,279
16,280
16,281
16,282
16,283
16,284
16,285
16,286
16,287
16,288
16,289
16,290
16,291
16,292
16,293
16,294
16,295
16,296
16,297
16,298
16,299
16,300
16,301
16,302
16,303
16,304
16,305
16,306
16,307
16,308
16,309
16,310
16,311
16,312
16,313
16,314
16,315
16,316
16,317
16,318
16,319
16,320
16,321
16,322
16,323
16,324
16,325
16,326
16,327
16,328
16,329
16,330
16,331
16,332
16,333
16,334
16,335
16,336
16,337
16,338
16,339
16,340
16,341
16,342
16,343
16,344
16,345
16,346
16,347
16,348
16,349
16,350
16,351
16,352
16,353
16,354
16,355
16,356
16,357
16,358
16,359
16,360
16,361
16,362
16,363
16,364
16,365
16,366
16,367
16,368
16,369
16,370
16,371
16,372
16,373
16,374
16,375
16,376
16,377
16,378
16,379
16,380
16,381
16,382
16,383
16,384
16,385
16,386
16,387
16,388
16,389
16,390
16,391
16,392
16,393
16,394
16,395
16,396
16,397
16,398
16,399
16,400
16,401
16,402
16,403
16,404
16,405
16,406
16,407
16,408
16,409
16,410
16,411
16,412
16,413
16,414
16,415
16,416
16,417
16,418
16,419
16,420
16,421
16,422
16,423
16,424
16,425
16,426
16,427
16,428
16,429
16,430
16,431
16,432
16,433
16,434
16,435
16,436
16,437
16,438
16,439
16,440
16,441
16,442
16,443
16,444
16,445
16,446
16,447
16,448
16,449
16,450
16,451
16,452
16,453
16,454
16,455
16,456
16,457
16,458
16,459
16,460
16,461
16,462
16,463
16,464
16,465
16,466
16,467
16,468
16,469
16,470
16,471
16,472
16,473
16,474
16,475
16,476
16,477
16,478
16,479
16,480
16,481
16,482
16,483
16,484
16,485
16,486
16,487
16,488
16,489
16,490
16,491
16,492
16,493
16,494
16,495
16,496
16,497
16,498
16,499
16,500
16,501
16,502
16,503
16,504
16,505
16,506
16,507
16,508
16,509
16,510
16,511
16,512
16,513
16,514
16,515
16,516
16,517
16,518
16,519
16,520
16,521
16,522
16,523
16,524
16,525
16,526
16,527
16,528
16,529
16,530
16,531
16,532
16,533
16,534
16,535
16,536
16,537
16,538
16,539
16,540
16,541
16,542
16,543
16,544
16,545
16,546
16,547
16,548
16,549
16,550
16,551
16,552
16,553
16,554
16,555
16,556
16,557
16,558
16,559
16,560
16,561
16,562
16,563
16,564
16,565
16,566
16,567
16,568
16,569
16,570
16,571
16,572
16,573
16,574
16,575
16,576
16,577
16,578
16,579
16,580
16,581
16,582
16,583
16,584
16,585
16,586
16,587
16,588
16,589
16,590
16,591
16,592
16,593
16,594
16,595
16,596
16,597
16,598
16,599
16,600
16,601
16,602
16,603
16,604
16,605
16,606
16,607
16,608
16,609
16,610
16,611
16,612
16,613
16,614
16,615
16,616
16,617
16,618
16,619
16,620
16,621
16,622
16,623
16,624
16,625
16,626
16,627
16,628
16,629
16,630
16,631
16,632
16,633
16,634
16,635
16,636
16,637
16,638
16,639
16,640
16,641
16,642
16,643
16,644
16,645
16,646
16,647
16,648
16,649
16,10001
16,10002
16,10003
16,10004
16,10005
16,10006
16,10007
16,10008
16,10009
16,10010
16,10011
16,10012
16,10013
16,10014
16,10015
16,10016
16,10017
16,10018
16,10019
16,10020
16,10021
16,10022
16,10023
16,10024
16,10025
16,10026
16,10027
16,10028
16,10029
16,10030
16,10031
16,10033
16,10034
16,10035
16,10036
16,10037
16,10038
16,10039
16,10040
16,20001
16,20002
16,20003
16,20004
16,20005
16,20006
16,20007
16,20008
16,20009
16,20010
16,20011
16,20012
16,20013
16,20014
16,20015
16,20016
16,20017
16,20018
16,20019
16,20020
16,20021
16,20022
16,20023
16,20024
16,20025
16,20026
16,20027
16,20028
16,20029
16,20030
16,20031
16,20032
16,20033
16,20034
16,20035
16,20036
16,20037
16,20038
16,20039
16,20040
16,20041
16,20042
16,20043
17,1
17,2
17,3
17,4
17,5
17,6
17,7
17,8
17,9
17,10
17,11
17,12
17,13
17,14
17,15
17,16
17,17
17,18
17,19
17,20
17,21
17,22
17,23
17,24
17,25
17,26
17,27
17,28
17,29
17,30
17,31
17,32
17,33
17,34
17,35
17,36
17,37
17,38
17,39
17,40
17,41
17,42
17,43
17,44
17,45
17,46
17,47
17,48
17,49
17,50
17,51
17,52
17,53
17,54
17,55
17,56
17,57
17,58
17,59
17,60
17,61
17,62
17,63
17,64
17,65
17,66
17,67
17,68
17,69
17,70
17,71
17,72
17,73
17,74
17,75
17,76
17,77
17,78
17,79
17,80
17,81
17,82
17,83
17,84
17,85
17,86
17,87
17,88
17,89
17,90
17,91
17,92
17,93
17,94
17,95
17,96
17,97
17,98
17,99
17,100
17,101
17,102
17,103
17,104
17,105
17,106
17,107
17,108
17,109
17,110
17,111
17,112
17,113
17,114
17,115
17,116
17,117
17,118
17,119
17,120
17,121
17,122
17,123
17,124
17,125
17,126
17,127
17,128
17,129
17,130
17,131
17,132
17,133
17,134
17,135
17,136
17,137
17,138
17,139
17,140
17,141
17,142
17,143
17,144
17,145
17,146
17,147
17,148
17,149
17,150
17,151
17,152
17,153
17,154
17,155
17,156
17,157
17,158
17,159
17,160
17,161
17,162
17,163
17,164
17,165
17,166
17,167
17,168
17,169
17,170
17,171
17,172
17,173
17,174
17,175
17,176
17,177
17,178
17,179
17,180
17,181
17,182
17,183
17,184
17,185
17,186
17,187
17,188
17,189
17,190
17,191
17,192
17,193
17,194
17,195
17,196
17,197
17,198
17,199
17,200
17,201
17,202
17,203
17,204
17,205
17,206
17,207
17,208
17,209
17,210
17,211
17,212
17,213
17,214
17,215
17,216
17,217
17,218
17,219
17,220
17,221
17,222
17,223
17,224
17,225
17,226
17,227
17,228
17,229
17,230
17,231
17,232
17,233
17,234
17,235
17,236
17,237
17,238
17,239
17,240
17,241
17,242
17,243
17,244
17,245
17,246
17,247
17,248
17,249
17,250
17,251
17,252
17,253
17,254
17,255
17,256
17,257
17,258
17,259
17,260
17,261
17,262
17,263
17,264
17,265
17,266
17,267
17,268
17,269
17,270
17,271
17,272
17,273
17,274
17,275
17,276
17,277
17,278
17,279
17,280
17,281
17,282
17,283
17,284
17,285
17,286
17,287
17,288
17,289
17,290
17,291
17,292
17,293
17,294
17,295
17,296
17,297
17,298
17,299
17,300
17,301
17,302
17,303
17,304
17,305
17,306
17,307
17,308
17,309
17,310
17,311
17,312
17,313
17,314
17,315
17,316
17,317
17,318
17,319
17,320
17,321
17,322
17,323
17,324
17,325
17,326
17,327
17,328
17,329
17,330
17,331
17,332
17,333
17,334
17,335
17,336
17,337
17,338
17,339
17,340
17,341
17,342
17,343
17,344
17,345
17,346
17,347
17,348
17,349
17,350
17,351
17,352
17,353
17,354
17,355
17,356
17,357
17,358
17,359
17,360
17,361
17,362
17,363
17,364
17,365
17,366
17,367
17,368
17,369
17,370
17,371
17,372
17,373
17,374
17,375
17,376
17,377
17,378
17,379
17,380
17,381
17,382
17,383
17,384
17,385
17,386
17,387
17,388
17,389
17,390
17,391
17,392
17,393
17,394
17,395
17,396
17,397
17,398
17,399
17,400
17,401
17,402
17,403
17,404
17,405
17,406
17,407
17,408
17,409
17,410
17,411
17,412
17,413
17,414
17,415
17,416
17,417
17,418
17,419
17,420
17,421
17,422
17,423
17,424
17,425
17,426
17,427
17,428
17,429
17,430
17,431
17,432
17,433
17,434
17,435
17,436
17,437
17,438
17,439
17,440
17,441
17,442
17,443
17,444
17,445
17,446
17,447
17,448
17,449
17,450
17,451
17,452
17,453
17,454
17,455
17,456
17,457
17,458
17,459
17,460
17,461
17,462
17,463
17,464
17,465
17,466
17,467
17,468
17,469
17,470
17,471
17,472
17,473
17,474
17,475
17,476
17,477
17,478
17,479
17,480
17,481
17,482
17,483
17,484
17,485
17,486
17,487
17,488
17,489
17,490
17,491
17,492
17,493
17,494
17,495
17,496
17,497
17,498
17,499
17,500
17,501
17,502
17,503
17,504
17,505
17,506
17,507
17,508
17,509
17,510
17,511
17,512
17,513
17,514
17,515
17,516
17,517
17,518
17,519
17,520
17,521
17,522
17,523
17,524
17,525
17,526
17,527
17,528
17,529
17,530
17,531
17,532
17,533
17,534
17,535
17,536
17,537
17,538
17,539
17,540
17,541
17,542
17,543
17,544
17,545
17,546
17,547
17,548
17,549
17,550
17,551
17,552
17,553
17,554
17,555
17,556
17,557
17,558
17,559
17,560
17,561
17,562
17,563
17,564
17,565
17,566
17,567
17,568
17,569
17,570
17,571
17,572
17,573
17,574
17,575
17,576
17,577
17,578
17,579
17,580
17,581
17,582
17,583
17,584
17,585
17,586
17,587
17,588
17,589
17,590
17,591
17,592
17,593
17,594
17,595
17,596
17,597
17,598
17,599
17,600
17,601
17,602
17,603
17,604
17,605
17,606
17,607
17,608
17,609
17,610
17,611
17,612
17,613
17,614
17,615
17,616
17,617
17,618
17,619
17,620
17,621
17,622
17,623
17,624
17,625
17,626
17,627
17,628
17,629
17,630
17,631
17,632
17,633
17,634
17,635
17,636
17,637
17,638
17,639
17,640
17,641
17,642
17,643
17,644
17,645
17,646
17,647
17,648
17,649
17,650
17,651
17,652
17,653
17,654
17,655
17,656
17,657
17,658
17,659
17,660
17,661
17,662
17,663
17,664
17,665
17,666
17,667
17,668
17,669
17,670
17,671
17,672
17,673
17,674
17,675
17,676
17,677
17,678
17,679
17,680
17,681
17,682
17,683
17,684
17,685
17,686
17,687
17,688
17,689
17,690
17,691
17,692
17,693
17,694
17,695
17,696
17,697
17,698
17,699
17,700
17,701
17,702
17,703
17,704
17,705
17,706
17,707
17,708
17,709
17,710
17,711
17,712
17,713
17,714
17,715
17,716
17,717
17,718
17,719
17,720
17,721
17,10001
17,10002
17,10003
17,10004
17,10005
17,10006
17,10007
17,10008
17,10009
17,10010
17,10011
17,10012
17,10013
17,10014
17,10015
17,10016
17,10017
17,10018
17,10019
17,10020
17,10021
17,10022
17,10023
17,10024
17,10025
17,10026
17,10027
17,10028
17,10029
17,10030
17,10031
17,10033
17,10034
17,10035
17,10036
17,10037
17,10038
17,10039
17,10040
17,10041
17,10042
17,10043
17,10044
17,10045
17,10046
17,10047
17,10048
17,10049
17,10050
17,10051
17,10052
17,10053
17,10054
17,10055
17,10056
17,10057
17,10058
17,10059
17,10060
17,10061
17,10062
17,10063
17,10064
17,10065
17,10066
17,10067
17,10068
17,10069
17,10070
17,10071
17,10072
17,10073
17,10074
17,10075
17,10076
17,10077
17,10078
17,10079
17,10080
17,20001
17,20002
17,20003
17,20004
17,20005
17,20006
17,20007
17,20008
17,20009
17,20010
17,20011
17,20012
17,20013
17,20014
17,20015
17,20016
17,20017
17,20018
17,20019
17,20020
17,20021
17,20022
17,20023
17,20024
17,20025
17,20026
17,20027
17,20028
17,20029
17,20030
17,20031
17,20032
17,20033
17,20034
17,20035
17,20036
17,20037
17,20038
17,20039
17,20040
17,20041
17,20042
17,20043
17,20044
17,20045
17,20046
17,20047
17,20048
17,20049
17,20050
17,20051
17,20052
17,20053
17,20054
17,20055
17,20056
17,20057
17,20058
17,20059
17,20060
17,20061
17,20062
17,20063
17,20064
17,20065
17,20066
17,20067
17,20068
17,20069
17,20070
17,20071
17,20072
17,20073
17,20074
17,20075
17,20076
17,20077
17,20078
17,20079
17,20080
17,20081
17,20082
17,20083
17,20084
17,20085
17,20086
17,20087
17,20088
17,20089
17,20090
17,20091
17,20092
17,20093
17,20094
17,20095
17,20096
17,20097
17,20098
17,20099
17,20100
17,20101
17,20102
17,20103
17,20104
17,20105
17,20106
17,20107
17,20108
17,20109
17,20110
17,20111
17,20112
17,20113
17,20114
17,20115
17,20116
17,20117
17,20118
17,20119
17,20120
17,20121
17,20122
18,1
18,2
18,3
18,4
18,5
18,6
18,7
18,8
18,9
18,10
18,11
18,12
18,13
18,14
18,15
18,16
18,17
18,18
18,19
18,20
18,21
18,22
18,23
18,24
18,25
18,26
18,27
18,28
18,29
18,30
18,31
18,32
18,33
18,34
18,35
18,36
18,37
18,38
18,39
18,40
18,41
18,42
18,43
18,44
18,45
18,46
18,47
18,48
18,49
18,50
18,51
18,52
18,53
18,54
18,55
18,56
18,57
18,58
18,59
18,60
18,61
18,62
18,63
18,64
18,65
18,66
18,67
18,68
18,69
18,70
18,71
18,72
18,73
18,74
18,75
18,76
18,77
18,78
18,79
18,80
18,81
18,82
18,83
18,84
18,85
18,86
18,87
18,88
18,89
18,90
18,91
18,92
18,93
18,94
18,95
18,96
18,97
18,98
18,99
18,100
18,101
18,102
18,103
18,104
18,105
18,106
18,107
18,108
18,109
18,110
18,111
18,112
18,113
18,114
18,115
18,116
18,117
18,118
18,119
18,120
18,121
18,122
18,123
18,124
18,125
18,126
18,127
18,128
18,129
18,130
18,131
18,132
18,133
18,134
18,135
18,136
18,137
18,138
18,139
18,140
18,141
18,142
18,143
18,144
18,145
18,146
18,147
18,148
18,149
18,150
18,151
18,152
18,153
18,154
18,155
18,156
18,157
18,158
18,159
18,160
18,161
18,162
18,163
18,164
18,165
18,166
18,167
18,168
18,169
18,170
18,171
18,172
18,173
18,174
18,175
18,176
18,177
18,178
18,179
18,180
18,181
18,182
18,183
18,184
18,185
18,186
18,187
18,188
18,189
18,190
18,191
18,192
18,193
18,194
18,195
18,196
18,197
18,198
18,199
18,200
18,201
18,202
18,203
18,204
18,205
18,206
18,207
18,208
18,209
18,210
18,211
18,212
18,213
18,214
18,215
18,216
18,217
18,218
18,219
18,220
18,221
18,222
18,223
18,224
18,225
18,226
18,227
18,228
18,229
18,230
18,231
18,232
18,233
18,234
18,235
18,236
18,237
18,238
18,239
18,240
18,241
18,242
18,243
18,244
18,245
18,246
18,247
18,248
18,249
18,250
18,251
18,252
18,253
18,254
18,255
18,256
18,257
18,258
18,259
18,260
18,261
18,262
18,263
18,264
18,265
18,266
18,267
18,268
18,269
18,270
18,271
18,272
18,273
18,274
18,275
18,276
18,277
18,278
18,279
18,280
18,281
18,282
18,283
18,284
18,285
18,286
18,287
18,288
18,289
18,290
18,291
18,292
18,293
18,294
18,295
18,296
18,297
18,298
18,299
18,300
18,301
18,302
18,303
18,304
18,305
18,306
18,307
18,308
18,309
18,310
18,311
18,312
18,313
18,314
18,315
18,316
18,317
18,318
18,319
18,320
18,321
18,322
18,323
18,324
18,325
18,326
18,327
18,328
18,329
18,330
18,331
18,332
18,333
18,334
18,335
18,336
18,337
18,338
18,339
18,340
18,341
18,342
18,343
18,344
18,345
18,346
18,347
18,348
18,349
18,350
18,351
18,352
18,353
18,354
18,355
18,356
18,357
18,358
18,359
18,360
18,361
18,362
18,363
18,364
18,365
18,366
18,367
18,368
18,369
18,370
18,371
18,372
18,373
18,374
18,375
18,376
18,377
18,378
18,379
18,380
18,381
18,382
18,383
18,384
18,385
18,386
18,387
18,388
18,389
18,390
18,391
18,392
18,393
18,394
18,395
18,396
18,397
18,398
18,399
18,400
18,401
18,402
18,403
18,404
18,405
18,406
18,407
18,408
18,409
18,410
18,411
18,412
18,413
18,414
18,415
18,416
18,417
18,418
18,419
18,420
18,421
18,422
18,423
18,424
18,425
18,426
18,427
18,428
18,429
18,430
18,431
18,432
18,433
18,434
18,435
18,436
18,437
18,438
18,439
18,440
18,441
18,442
18,443
18,444
18,445
18,446
18,447
18,448
18,449
18,450
18,451
18,452
18,453
18,454
18,455
18,456
18,457
18,458
18,459
18,460
18,461
18,462
18,463
18,464
18,465
18,466
18,467
18,468
18,469
18,470
18,471
18,472
18,473
18,474
18,475
18,476
18,477
18,478
18,479
18,480
18,481
18,482
18,483
18,484
18,485
18,486
18,487
18,488
18,489
18,490
18,491
18,492
18,493
18,494
18,495
18,496
18,497
18,498
18,499
18,500
18,501
18,502
18,503
18,504
18,505
18,506
18,507
18,508
18,509
18,510
18,511
18,512
18,513
18,514
18,515
18,516
18,517
18,518
18,519
18,520
18,521
18,522
18,523
18,524
18,525
18,526
18,527
18,528
18,529
18,530
18,531
18,532
18,533
18,534
18,535
18,536
18,537
18,538
18,539
18,540
18,541
18,542
18,543
18,544
18,545
18,546
18,547
18,548
18,549
18,550
18,551
18,552
18,553
18,554
18,555
18,556
18,557
18,558
18,559
18,560
18,561
18,562
18,563
18,564
18,565
18,566
18,567
18,568
18,569
18,570
18,571
18,572
18,573
18,574
18,575
18,576
18,577
18,578
18,579
18,580
18,581
18,582
18,583
18,584
18,585
18,586
18,587
18,588
18,589
18,590
18,591
18,592
18,593
18,594
18,595
18,596
18,597
18,598
18,599
18,600
18,601
18,602
18,603
18,604
18,605
18,606
18,607
18,608
18,609
18,610
18,611
18,612
18,613
18,614
18,615
18,616
18,617
18,618
18,619
18,620
18,621
18,622
18,623
18,624
18,625
18,626
18,627
18,628
18,629
18,630
18,631
18,632
18,633
18,634
18,635
18,636
18,637
18,638
18,639
18,640
18,641
18,642
18,643
18,644
18,645
18,646
18,647
18,648
18,649
18,650
18,651
18,652
18,653
18,654
18,655
18,656
18,657
18,658
18,659
18,660
18,661
18,662
18,663
18,664
18,665
18,666
18,667
18,668
18,669
18,670
18,671
18,672
18,673
18,674
18,675
18,676
18,677
18,678
18,679
18,680
18,681
18,682
18,683
18,684
18,685
18,686
18,687
18,688
18,689
18,690
18,691
18,692
18,693
18,694
18,695
18,696
18,697
18,698
18,699
18,700
18,701
18,702
18,703
18,704
18,705
18,706
18,707
18,708
18,709
18,710
18,711
18,712
18,713
18,714
18,715
18,716
18,717
18,718
18,719
18,720
18,721
18,10001
18,10002
18,10003
18,10004
18,10005
18,10006
18,10007
18,10008
18,10009
18,10010
18,10011
18,10012
18,10013
18,10014
18,10015
18,10016
18,10017
18,10018
18,10019
18,10020
18,10021
18,10022
18,10023
18,10024
18,10025
18,10026
18,10027
18,10028
18,10029
18,10030
18,10031
18,10033
18,10034
18,10035
18,10036
18,10037
18,10038
18,10039
18,10040
18,10041
18,10042
18,10043
18,10044
18,10045
18,10046
18,10047
18,10048
18,10049
18,10050
18,10051
18,10052
18,10053
18,10054
18,10055
18,10056
18,10057
18,10058
18,10059
18,10060
18,10061
18,10062
18,10063
18,10064
18,10065
18,10066
18,10067
18,10068
18,10069
18,10070
18,10071
18,10072
18,10073
18,10074
18,10075
18,10076
18,10077
18,10078
18,10079
18,10080
18,10081
18,10082
18,10083
18,10084
18,10085
18,10086
18,10087
18,10088
18,10089
18,10090
18,10091
18,10092
18,10093
18,10094
18,10095
18,10096
18,10097
18,10098
18,10099
18,10100
18,10101
18,10102
18,10103
18,10104
18,10105
18,10106
18,10107
18,20001
18,20002
18,20003
18,20004
18,20005
18,20006
18,20007
18,20008
18,20009
18,20010
18,20011
18,20012
18,20013
18,20014
18,20015
18,20016
18,20017
18,20018
18,20019
18,20020
18,20021
18,20022
18,20023
18,20024
18,20025
18,20026
18,20027
18,20028
18,20029
18,20030
18,20031
18,20032
18,20033
18,20034
18,20035
18,20036
18,20037
18,20038
18,20039
18,20040
18,20041
18,20042
18,20043
18,20044
18,20045
18,20046
18,20047
18,20048
18,20049
18,20050
18,20051
18,20052
18,20053
18,20054
18,20055
18,20056
18,20057
18,20058
18,20059
18,20060
18,20061
18,20062
18,20063
18,20064
18,20065
18,20066
18,20067
18,20068
18,20069
18,20070
18,20071
18,20072
18,20073
18,20074
18,20075
18,20076
18,20077
18,20078
18,20079
18,20080
18,20081
18,20082
18,20083
18,20084
18,20085
18,20086
18,20087
18,20088
18,20089
18,20090
18,20091
18,20092
18,20093
18,20094
18,20095
18,20096
18,20097
18,20098
18,20099
18,20100
18,20101
18,20102
18,20103
18,20104
18,20105
18,20106
18,20107
18,20108
18,20109
18,20110
18,20111
18,20112
18,20113
18,20114
18,20115
18,20116
18,20117
18,20118
18,20119
18,20120
18,20121
18,20122
19,1
19,2
19,3
19,4
19,5
19,6
19,7
19,8
19,9
19,10
19,11
19,12
19,13
19,14
19,15
19,16
19,17
19,18
19,19
19,20
19,21
19,22
19,23
19,24
19,25
19,26
19,27
19,28
19,29
19,30
19,31
19,32
19,33
19,34
19,35
19,36
19,37
19,38
19,39
19,40
19,41
19,42
19,43
19,44
19,45
19,46
19,47
19,48
19,49
19,50
19,51
19,52
19,53
19,54
19,55
19,56
19,57
19,58
19,59
19,60
19,61
19,62
19,63
19,64
19,65
19,66
19,67
19,68
19,69
19,70
19,71
19,72
19,73
19,74
19,75
19,76
19,77
19,78
19,79
19,80
19,81
19,82
19,83
19,84
19,85
19,86
19,87
19,88
19,89
19,90
19,91
19,92
19,93
19,94
19,95
19,96
19,97
19,98
19,99
19,100
19,101
19,102
19,103
19,104
19,105
19,106
19,107
19,108
19,109
19,110
19,111
19,112
19,113
19,114
19,115
19,116
19,117
19,118
19,119
19,120
19,121
19,122
19,123
19,124
19,125
19,126
19,127
19,128
19,129
19,130
19,131
19,132
19,133
19,134
19,135
19,136
19,137
19,138
19,139
19,140
19,141
19,142
19,143
19,144
19,145
19,146
19,147
19,148
19,149
19,150
19,151
19,152
19,153
19,154
19,155
19,156
19,157
19,158
19,159
19,160
19,161
19,162
19,163
19,164
19,165
19,166
19,167
19,168
19,169
19,170
19,171
19,172
19,173
19,174
19,175
19,176
19,177
19,178
19,179
19,180
19,181
19,182
19,183
19,184
19,185
19,186
19,187
19,188
19,189
19,190
19,191
19,192
19,193
19,194
19,195
19,196
19,197
19,198
19,199
19,200
19,201
19,202
19,203
19,204
19,205
19,206
19,207
19,208
19,209
19,210
19,211
19,212
19,213
19,214
19,215
19,216
19,217
19,218
19,219
19,220
19,221
19,222
19,223
19,224
19,225
19,226
19,227
19,228
19,229
19,230
19,231
19,232
19,233
19,234
19,235
19,236
19,237
19,238
19,239
19,240
19,241
19,242
19,243
19,244
19,245
19,246
19,247
19,248
19,249
19,250
19,251
19,252
19,253
19,254
19,255
19,256
19,257
19,258
19,259
19,260
19,261
19,262
19,263
19,264
19,265
19,266
19,267
19,268
19,269
19,270
19,271
19,272
19,273
19,274
19,275
19,276
19,277
19,278
19,279
19,280
19,281
19,282
19,283
19,284
19,285
19,286
19,287
19,288
19,289
19,290
19,291
19,292
19,293
19,294
19,295
19,296
19,297
19,298
19,299
19,300
19,301
19,302
19,303
19,304
19,305
19,306
19,307
19,308
19,309
19,310
19,311
19,312
19,313
19,314
19,315
19,316
19,317
19,318
19,319
19,320
19,321
19,322
19,323
19,324
19,325
19,326
19,327
19,328
19,329
19,330
19,331
19,332
19,333
19,334
19,335
19,336
19,337
19,338
19,339
19,340
19,341
19,342
19,343
19,344
19,345
19,346
19,347
19,348
19,349
19,350
19,351
19,352
19,353
19,354
19,355
19,356
19,357
19,358
19,359
19,360
19,361
19,362
19,363
19,364
19,365
19,366
19,367
19,368
19,369
19,370
19,371
19,372
19,373
19,374
19,375
19,376
19,377
19,378
19,379
19,380
19,381
19,382
19,383
19,384
19,385
19,386
19,387
19,388
19,389
19,390
19,391
19,392
19,393
19,394
19,395
19,396
19,397
19,398
19,399
19,400
19,401
19,402
19,403
19,404
19,405
19,406
19,407
19,408
19,409
19,410
19,411
19,412
19,413
19,414
19,415
19,416
19,417
19,418
19,419
19,420
19,421
19,422
19,423
19,424
19,425
19,426
19,427
19,428
19,429
19,430
19,431
19,432
19,433
19,434
19,435
19,436
19,437
19,438
19,439
19,440
19,441
19,442
19,443
19,444
19,445
19,446
19,447
19,448
19,449
19,450
19,451
19,452
19,453
19,454
19,455
19,456
19,457
19,458
19,459
19,460
19,461
19,462
19,463
19,464
19,465
19,466
19,467
19,468
19,469
19,470
19,471
19,472
19,473
19,474
19,475
19,476
19,477
19,478
19,479
19,480
19,481
19,482
19,483
19,484
19,485
19,486
19,487
19,488
19,489
19,490
19,491
19,492
19,493
19,494
19,495
19,496
19,497
19,498
19,499
19,500
19,501
19,502
19,503
19,504
19,505
19,506
19,507
19,508
19,509
19,510
19,511
19,512
19,513
19,514
19,515
19,516
19,517
19,518
19,519
19,520
19,521
19,522
19,523
19,524
19,525
19,526
19,527
19,528
19,529
19,530
19,531
19,532
19,533
19,534
19,535
19,536
19,537
19,538
19,539
19,540
19,541
19,542
19,543
19,544
19,545
19,546
19,547
19,548
19,549
19,550
19,551
19,552
19,553
19,554
19,555
19,556
19,557
19,558
19,559
19,560
19,561
19,562
19,563
19,564
19,565
19,566
19,567
19,568
19,569
19,570
19,571
19,572
19,573
19,574
19,575
19,576
19,577
19,578
19,579
19,580
19,581
19,582
19,583
19,584
19,585
19,586
19,587
19,588
19,589
19,590
19,591
19,592
19,593
19,594
19,595
19,596
19,597
19,598
19,599
19,600
19,601
19,602
19,603
19,604
19,605
19,606
19,607
19,608
19,609
19,610
19,611
19,612
19,613
19,614
19,615
19,616
19,617
19,618
19,619
19,620
19,621
19,622
19,623
19,624
19,625
19,626
19,627
19,628
19,629
19,630
19,631
19,632
19,633
19,634
19,635
19,636
19,637
19,638
19,639
19,640
19,641
19,642
19,643
19,644
19,645
19,646
19,647
19,648
19,649
19,650
19,651
19,652
19,653
19,654
19,655
19,656
19,657
19,658
19,659
19,660
19,661
19,662
19,663
19,664
19,665
19,666
19,667
19,668
19,669
19,670
19,671
19,672
19,673
19,674
19,675
19,676
19,677
19,678
19,679
19,680
19,681
19,682
19,683
19,684
19,685
19,686
19,687
19,688
19,689
19,690
19,691
19,692
19,693
19,694
19,695
19,696
19,697
19,698
19,699
19,700
19,701
19,702
19,703
19,704
19,705
19,706
19,707
19,708
19,709
19,710
19,711
19,712
19,713
19,714
19,715
19,716
19,717
19,718
19,719
19,720
19,721
19,722
19,723
19,724
19,725
19,726
19,727
19,728
19,729
19,730
19,731
19,732
19,733
19,734
19,735
19,736
19,737
19,738
19,739
19,740
19,741
19,742
19,743
19,744
19,745
19,746
19,747
19,748
19,749
19,750
19,751
19,752
19,753
19,754
19,755
19,756
19,757
19,758
19,759
19,760
19,761
19,762
19,763
19,764
19,765
19,766
19,767
19,768
19,769
19,770
19,771
19,772
19,773
19,774
19,775
19,776
19,777
19,778
19,779
19,780
19,781
19,782
19,783
19,784
19,785
19,786
19,787
19,788
19,789
19,790
19,791
19,792
19,793
19,794
19,795
19,796
19,797
19,798
19,799
19,800
19,801
19,802
19,10001
19,10002
19,10003
19,10004
19,10005
19,10006
19,10007
19,10008
19,10009
19,10010
19,10011
19,10012
19,10013
19,10014
19,10015
19,10016
19,10017
19,10018
19,10019
19,10020
19,10021
19,10022
19,10023
19,10024
19,10025
19,10026
19,10027
19,10028
19,10029
19,10030
19,10031
19,10033
19,10034
19,10035
19,10036
19,10037
19,10038
19,10039
19,10040
19,10041
19,10042
19,10043
19,10044
19,10045
19,10046
19,10047
19,10048
19,10049
19,10050
19,10051
19,10052
19,10053
19,10054
19,10055
19,10056
19,10057
19,10058
19,10059
19,10060
19,10061
19,10062
19,10063
19,10064
19,10065
19,10066
19,10067
19,10068
19,10069
19,10070
19,10071
19,10072
19,10073
19,10074
19,10075
19,10076
19,10077
19,10078
19,10079
19,10080
19,10081
19,10082
19,10089
19,10090
19,10091
19,10092
19,10093
19,10094
19,10095
19,10096
19,10097
19,10098
19,10099
19,10100
19,10101
19,10102
19,10103
19,10104
19,10105
19,10106
19,10107
19,10108
19,10109
19,10110
19,10111
19,10112
19,10113
19,10114
19,10115
19,10116
19,10117
19,10118
19,10119
19,10120
19,10121
19,10122
19,10123
19,10124
19,10125
19,10126
19,10127
19,10128
19,10129
19,10130
19,10131
19,10132
19,10133
19,10134
19,10135
19,10136
19,10137
19,10138
19,10139
19,10140
19,10141
19,10142
19,10143
19,10144
19,10145
19,10146
19,10147
19,10148
19,10149
19,10150
19,10151
19,10152
19,10153
19,10154
19,10155
19,20001
19,20002
19,20003
19,20004
19,20005
19,20006
19,20007
19,20008
19,20009
19,20010
19,20011
19,20012
19,20013
19,20014
19,20015
19,20016
19,20017
19,20018
19,20019
19,20020
19,20021
19,20022
19,20023
19,20024
19,20025
19,20026
19,20027
19,20028
19,20029
19,20030
19,20031
19,20032
19,20033
19,20034
19,20035
19,20036
19,20037
19,20038
19,20039
19,20040
19,20041
19,20042
19,20043
19,20044
19,20045
19,20046
19,20047
19,20048
19,20049
19,20050
19,20051
19,20052
19,20053
19,20054
19,20055
19,20056
19,20057
19,20058
19,20059
19,20060
19,20061
19,20062
19,20063
19,20064
19,20065
19,20066
19,20067
19,20068
19,20069
19,20070
19,20071
19,20072
19,20073
19,20074
19,20075
19,20076
19,20077
19,20078
19,20079
19,20080
19,20081
19,20082
19,20083
19,20084
19,20085
19,20086
19,20087
19,20088
19,20089
19,20090
19,20091
19,20092
19,20093
19,20094
19,20095
19,20096
19,20097
19,20098
19,20099
19,20100
19,20101
19,20102
19,20103
19,20104
19,20105
19,20106
19,20107
19,20108
19,20109
19,20110
19,20111
19,20112
19,20113
19,20114
19,20115
19,20116
19,20117
19,20118
19,20119
19,20120
19,20121
19,20122
19,20123
19,20124
19,20125
19,20126
19,20127
19,20128
19,20129
19,20130
19,20131
19,20132
19,20133
19,20134
19,20135
19,20136
19,20137
19,20138
19,20139
19,20140
19,20141
19,20142
19,20143
19,20144
19,20145
19,20146
19,20147
19,20148
19,20149
20,1
20,2
20,3
20,4
20,5
20,6
20,7
20,8
20,9
20,10
20,11
20,12
20,13
20,14
20,15
20,16
20,17
20,18
20,19
20,20
20,21
20,22
20,23
20,24
20,25
20,26
20,27
20,28
20,29
20,30
20,31
20,32
20,33
20,34
20,35
20,36
20,37
20,38
20,39
20,40
20,41
20,42
20,43
20,44
20,45
20,46
20,47
20,48
20,49
20,50
20,51
20,52
20,53
20,54
20,55
20,56
20,57
20,58
20,59
20,60
20,61
20,62
20,63
20,64
20,65
20,66
20,67
20,68
20,69
20,70
20,71
20,72
20,73
20,74
20,75
20,76
20,77
20,78
20,79
20,80
20,81
20,82
20,83
20,84
20,85
20,86
20,87
20,88
20,89
20,90
20,91
20,92
20,93
20,94
20,95
20,96
20,97
20,98
20,99
20,100
20,101
20,102
20,103
20,104
20,105
20,106
20,107
20,108
20,109
20,110
20,111
20,112
20,113
20,114
20,115
20,116
20,117
20,118
20,119
20,120
20,121
20,122
20,123
20,124
20,125
20,126
20,127
20,128
20,129
20,130
20,131
20,132
20,133
20,134
20,135
20,136
20,137
20,138
20,139
20,140
20,141
20,142
20,143
20,144
20,145
20,146
20,147
20,148
20,149
20,150
20,151
20,152
20,153
20,154
20,155
20,156
20,157
20,158
20,159
20,160
20,161
20,162
20,163
20,164
20,165
20,166
20,167
20,168
20,169
20,170
20,171
20,172
20,173
20,174
20,175
20,176
20,177
20,178
20,179
20,180
20,181
20,182
20,183
20,184
20,185
20,186
20,187
20,188
20,189
20,190
20,191
20,192
20,193
20,194
20,195
20,196
20,197
20,198
20,199
20,200
20,201
20,202
20,203
20,204
20,205
20,206
20,207
20,208
20,209
20,210
20,211
20,212
20,213
20,214
20,215
20,216
20,217
20,218
20,219
20,220
20,221
20,222
20,223
20,224
20,225
20,226
20,227
20,228
20,229
20,230
20,231
20,232
20,233
20,234
20,235
20,236
20,237
20,238
20,239
20,240
20,241
20,242
20,243
20,244
20,245
20,246
20,247
20,248
20,249
20,250
20,251
20,252
20,253
20,254
20,255
20,256
20,257
20,258
20,259
20,260
20,261
20,262
20,263
20,264
20,265
20,266
20,267
20,268
20,269
20,270
20,271
20,272
20,273
20,274
20,275
20,276
20,277
20,278
20,279
20,280
20,281
20,282
20,283
20,284
20,285
20,286
20,287
20,288
20,289
20,290
20,291
20,292
20,293
20,294
20,295
20,296
20,297
20,298
20,299
20,300
20,301
20,302
20,303
20,304
20,305
20,306
20,307
20,308
20,309
20,310
20,311
20,312
20,313
20,314
20,315
20,316
20,317
20,318
20,319
20,320
20,321
20,322
20,323
20,324
20,325
20,326
20,327
20,328
20,329
20,330
20,331
20,332
20,333
20,334
20,335
20,336
20,337
20,338
20,339
20,340
20,341
20,342
20,343
20,344
20,345
20,346
20,347
20,348
20,349
20,350
20,351
20,352
20,353
20,354
20,355
20,356
20,357
20,358
20,359
20,360
20,361
20,362
20,363
20,364
20,365
20,366
20,367
20,368
20,369
20,370
20,371
20,372
20,373
20,374
20,375
20,376
20,377
20,378
20,379
20,380
20,381
20,382
20,383
20,384
20,385
20,386
20,387
20,388
20,389
20,390
20,391
20,392
20,393
20,394
20,395
20,396
20,397
20,398
20,399
20,400
20,401
20,402
20,403
20,404
20,405
20,406
20,407
20,408
20,409
20,410
20,411
20,412
20,413
20,414
20,415
20,416
20,417
20,418
20,419
20,420
20,421
20,422
20,423
20,424
20,425
20,426
20,427
20,428
20,429
20,430
20,431
20,432
20,433
20,434
20,435
20,436
20,437
20,438
20,439
20,440
20,441
20,442
20,443
20,444
20,445
20,446
20,447
20,448
20,449
20,450
20,451
20,452
20,453
20,454
20,455
20,456
20,457
20,458
20,459
20,460
20,461
20,462
20,463
20,464
20,465
20,466
20,467
20,468
20,469
20,470
20,471
20,472
20,473
20,474
20,475
20,476
20,477
20,478
20,479
20,480
20,481
20,482
20,483
20,484
20,485
20,486
20,487
20,488
20,489
20,490
20,491
20,492
20,493
20,494
20,495
20,496
20,497
20,498
20,499
20,500
20,501
20,502
20,503
20,504
20,505
20,506
20,507
20,508
20,509
20,510
20,511
20,512
20,513
20,514
20,515
20,516
20,517
20,518
20,519
20,520
20,521
20,522
20,523
20,524
20,525
20,526
20,527
20,528
20,529
20,530
20,531
20,532
20,533
20,534
20,535
20,536
20,537
20,538
20,539
20,540
20,541
20,542
20,543
20,544
20,545
20,546
20,547
20,548
20,549
20,550
20,551
20,552
20,553
20,554
20,555
20,556
20,557
20,558
20,559
20,560
20,561
20,562
20,563
20,564
20,565
20,566
20,567
20,568
20,569
20,570
20,571
20,572
20,573
20,574
20,575
20,576
20,577
20,578
20,579
20,580
20,581
20,582
20,583
20,584
20,585
20,586
20,587
20,588
20,589
20,590
20,591
20,592
20,593
20,594
20,595
20,596
20,597
20,598
20,599
20,600
20,601
20,602
20,603
20,604
20,605
20,606
20,607
20,608
20,609
20,610
20,611
20,612
20,613
20,614
20,615
20,616
20,617
20,618
20,619
20,620
20,621
20,622
20,623
20,624
20,625
20,626
20,627
20,628
20,629
20,630
20,631
20,632
20,633
20,634
20,635
20,636
20,637
20,638
20,639
20,640
20,641
20,642
20,643
20,644
20,645
20,646
20,647
20,648
20,649
20,650
20,651
20,652
20,653
20,654
20,655
20,656
20,657
20,658
20,659
20,660
20,661
20,662
20,663
20,664
20,665
20,666
20,667
20,668
20,669
20,670
20,671
20,672
20,673
20,674
20,675
20,676
20,677
20,678
20,679
20,680
20,681
20,682
20,683
20,684
20,685
20,686
20,687
20,688
20,689
20,690
20,691
20,692
20,693
20,694
20,695
20,696
20,697
20,698
20,699
20,700
20,701
20,702
20,703
20,704
20,705
20,706
20,707
20,708
20,709
20,710
20,711
20,712
20,713
20,714
20,715
20,716
20,717
20,718
20,719
20,720
20,721
20,722
20,723
20,724
20,725
20,726
20,727
20,728
20,729
20,730
20,731
20,732
20,733
20,734
20,735
20,736
20,737
20,738
20,739
20,740
20,741
20,742
20,743
20,744
20,745
20,746
20,747
20,748
20,749
20,750
20,751
20,752
20,753
20,754
20,755
20,756
20,757
20,758
20,759
20,760
20,761
20,762
20,763
20,764
20,765
20,766
20,767
20,768
20,769
20,770
20,771
20,772
20,773
20,774
20,775
20,776
20,777
20,778
20,779
20,780
20,781
20,782
20,783
20,784
20,785
20,786
20,787
20,788
20,789
20,790
20,791
20,792
20,793
20,794
20,795
20,796
20,797
20,798
20,799
20,800
20,801
20,802
20,803
20,804
20,805
20,806
20,807
20,10001
20,10002
20,10003
20,10004
20,10005
20,10006
20,10007
20,10008
20,10009
20,10010
20,10011
20,10012
20,10013
20,10014
20,10015
20,10016
20,10017
20,10018
20,10019
20,10020
20,10021
20,10022
20,10023
20,10024
20,10025
20,10026
20,10027
20,10028
20,10029
20,10030
20,10031
20,10033
20,10034
20,10035
20,10036
20,10037
20,10038
20,10039
20,10040
20,10041
20,10042
20,10043
20,10044
20,10045
20,10046
20,10047
20,10048
20,10049
20,10050
20,10051
20,10052
20,10053
20,10054
20,10055
20,10056
20,10057
20,10058
20,10059
20,10060
20,10061
20,10062
20,10063
20,10064
20,10065
20,10066
20,10067
20,10068
20,10069
20,10070
20,10071
20,10072
20,10073
20,10074
20,10075
20,10076
20,10077
20,10078
20,10079
20,10080
20,10081
20,10082
20,10089
20,10090
20,10091
20,10092
20,10093
20,10094
20,10095
20,10096
20,10097
20,10098
20,10099
20,10100
20,10101
20,10102
20,10103
20,10104
20,10105
20,10106
20,10107
20,10108
20,10109
20,10110
20,10111
20,10112
20,10113
20,10114
20,10115
20,10116
20,10117
20,10118
20,10119
20,10120
20,10121
20,10122
20,10123
20,10124
20,10125
20,10126
20,10127
20,10128
20,10129
20,10130
20,10131
20,10132
20,10133
20,10134
20,10135
20,10136
20,10137
20,10138
20,10139
20,10140
20,10141
20,10142
20,10143
20,10144
20,10145
20,10146
20,10147
20,10148
20,10149
20,10150
20,10151
20,10152
20,10153
20,10154
20,10155
20,10156
20,10157
20,10158
20,10159
20,10160
20,20001
20,20002
20,20003
20,20004
20,20005
20,20006
20,20007
20,20008
20,20009
20,20010
20,20011
20,20012
20,20013
20,20014
20,20015
20,20016
20,20017
20,20018
20,20019
20,20020
20,20021
20,20022
20,20023
20,20024
20,20025
20,20026
20,20027
20,20028
20,20029
20,20030
20,20031
20,20032
20,20033
20,20034
20,20035
20,20036
20,20037
20,20038
20,20039
20,20040
20,20041
20,20042
20,20043
20,20044
20,20045
20,20046
20,20047
20,20048
20,20049
20,20050
20,20051
20,20052
20,20053
20,20054
20,20055
20,20056
20,20057
20,20058
20,20059
20,20060
20,20061
20,20062
20,20063
20,20064
20,20065
20,20066
20,20067
20,20068
20,20069
20,20070
20,20071
20,20072
20,20073
20,20074
20,20075
20,20076
20,20077
20,20078
20,20079
20,20080
20,20081
20,20082
20,20083
20,20084
20,20085
20,20086
20,20087
20,20088
20,20089
20,20090
20,20091
20,20092
20,20093
20,20094
20,20095
20,20096
20,20097
20,20098
20,20099
20,20100
20,20101
20,20102
20,20103
20,20104
20,20105
20,20106
20,20107
20,20108
20,20109
20,20110
20,20111
20,20112
20,20113
20,20114
20,20115
20,20116
20,20117
20,20118
20,20119
20,20120
20,20121
20,20122
20,20123
20,20124
20,20125
20,20126
20,20127
20,20128
20,20129
20,20130
20,20131
20,20132
20,20133
20,20134
20,20135
20,20136
20,20137
20,20138
20,20139
20,20140
20,20141
20,20142
20,20143
20,20144
20,20145
20,20146
20,20147
20,20148
20,20149
20,20150
20,20151
20,20152
20,20153
20,20154
21,1
21,2
21,3
21,4
21,5
21,6
21,7
21,8
21,9
21,10
21,11
21,12
21,13
21,14
21,15
21,16
21,17
21,18
21,19
21,20
21,21
21,22
21,23
21,24
21,25
21,26
21,27
21,28
21,29
21,30
21,31
21,32
21,33
21,34
21,35
21,36
21,37
21,38
21,39
21,40
21,41
21,42
21,43
21,44
21,45
21,46
21,47
21,48
21,49
21,50
21,51
21,52
21,53
21,54
21,55
21,56
21,57
21,58
21,59
21,60
21,61
21,62
21,63
21,64
21,65
21,66
21,67
21,68
21,69
21,70
21,71
21,72
21,73
21,74
21,75
21,76
21,77
21,78
21,79
21,80
21,81
21,82
21,83
21,84
21,85
21,86
21,87
21,88
21,89
21,90
21,91
21,92
21,93
21,94
21,95
21,96
21,97
21,98
21,99
21,100
21,101
21,102
21,103
21,104
21,105
21,106
21,107
21,108
21,109
21,110
21,111
21,112
21,113
21,114
21,115
21,116
21,117
21,118
21,119
21,120
21,121
21,122
21,123
21,124
21,125
21,126
21,127
21,128
21,129
21,130
21,131
21,132
21,133
21,134
21,135
21,136
21,137
21,138
21,139
21,140
21,141
21,142
21,143
21,144
21,145
21,146
21,147
21,148
21,149
21,150
21,151
21,808
21,809
21,10041
21,10042
21,10043
21,10044
21,10045
21,10046
21,10047
21,10048
21,10049
21,10050
21,10051
21,10052
21,10081
21,10082
21,10089
21,10108
21,10109
21,10111
21,10112
21,10113
21,10114
21,10115
21,10116
21,10117
21,10118
21,10119
21,10120
21,10121
21,10122
21,10123
21,10124
21,10125
21,10126
21,10161
21,10162
22,1
22,2
22,3
22,4
22,5
22,6
22,7
22,8
22,9
22,10
22,11
22,12
22,25
22,26
22,27
22,28
22,29
22,30
22,31
22,32
22,33
22,34
22,35
22,36
22,37
22,38
22,39
22,40
22,41
22,42
22,43
22,44
22,45
22,50
22,51
22,52
22,53
22,54
22,55
22,58
22,59
22,60
22,61
22,62
22,63
22,64
22,65
22,66
22,67
22,68
22,72
22,73
22,77
22,78
22,79
22,80
22,81
22,82
22,83
22,90
22,91
22,92
22,93
22,94
22,95
22,98
22,99
22,102
22,103
22,104
22,105
22,106
22,107
22,108
22,109
22,110
22,111
22,112
22,113
22,114
22,115
22,116
22,117
22,118
22,119
22,120
22,121
22,122
22,123
22,124
22,125
22,126
22,127
22,128
22,129
22,130
22,131
22,132
22,133
22,134
22,135
22,136
22,137
22,138
22,139
22,140
22,141
22,142
22,143
22,144
22,145
22,146
22,147
22,148
22,149
22,150
22,151
22,163
22,164
22,169
22,170
22,171
22,172
22,173
22,174
22,175
22,176
22,177
22,178
22,182
22,183
22,184
22,185
22,186
22,194
22,195
22,196
22,197
22,199
22,202
22,206
22,208
22,211
22,212
22,213
22,214
22,215
22,220
22,221
22,222
22,223
22,224
22,225
22,226
22,227
22,230
22,233
22,236
22,237
22,238
22,239
22,240
22,241
22,242
22,243
22,244
22,245
22,246
22,247
22,248
22,249
22,250
22,251
22,252
22,253
22,254
22,255
22,256
22,257
22,258
22,259
22,260
22,263
22,264
22,270
22,271
22,272
22,273
22,274
22,275
22,278
22,279
22,280
22,281
22,282
22,290
22,291
22,292
22,293
22,294
22,295
22,298
22,302
22,303
22,304
22,305
22,306
22,309
22,310
22,315
22,318
22,319
22,320
22,321
22,324
22,328
22,329
22,330
22,333
22,334
22,337
22,338
22,339
22,340
22,341
22,342
22,343
22,344
22,345
22,346
22,347
22,348
22,349
22,350
22,355
22,356
22,359
22,360
22,361
22,362
22,363
22,364
22,365
22,369
22,371
22,372
22,373
22,374
22,375
22,376
22,377
22,378
22,379
22,380
22,381
22,382
22,383
22,384
22,385
22,403
22,404
22,405
22,406
22,407
22,415
22,416
22,420
22,421
22,422
22,423
22,425
22,426
22,427
22,428
22,434
22,435
22,436
22,437
22,438
22,439
22,440
22,442
22,443
22,444
22,445
22,446
22,447
22,448
22,449
22,450
22,451
22,452
22,453
22,454
22,458
22,459
22,460
22,461
22,462
22,463
22,464
22,465
22,466
22,467
22,468
22,470
22,471
22,473
22,474
22,475
22,477
22,478
22,479
22,480
22,481
22,482
22,483
22,484
22,485
22,486
22,487
22,488
22,494
22,506
22,507
22,508
22,509
22,510
22,517
22,518
22,519
22,520
22,521
22,524
22,525
22,526
22,527
22,528
22,529
22,530
22,531
22,532
22,533
22,534
22,535
22,536
22,537
22,538
22,539
22,543
22,544
22,545
22,546
22,547
22,548
22,549
22,550
22,551
22,552
22,553
22,554
22,555
22,556
22,557
22,558
22,559
22,560
22,561
22,562
22,563
22,564
22,565
22,566
22,567
22,568
22,569
22,570
22,571
22,572
22,573
22,574
22,575
22,576
22,577
22,578
22,579
22,582
22,583
22,584
22,587
22,588
22,589
22,590
22,591
22,592
22,593
22,595
22,596
22,597
22,598
22,599
22,600
22,601
22,605
22,606
22,607
22,608
22,609
22,610
22,611
22,612
22,613
22,614
22,615
22,616
22,617
22,618
22,619
22,620
22,621
22,622
22,623
22,624
22,625
22,626
22,627
22,628
22,629
22,630
22,631
22,632
22,633
22,634
22,635
22,636
22,637
22,638
22,639
22,640
22,641
22,642
22,643
22,644
22,645
22,646
22,647
22,649
22,659
22,660
22,661
22,662
22,663
22,674
22,675
22,677
22,678
22,679
22,680
22,681
22,682
22,683
22,684
22,685
22,686
22,687
22,688
22,689
22,690
22,691
22,692
22,693
22,694
22,695
22,696
22,697
22,698
22,699
22,700
22,701
22,702
22,703
22,704
22,705
22,706
22,707
22,708
22,709
22,710
22,711
22,712
22,713
22,714
22,715
22,716
22,717
22,718
22,719
22,721
22,722
22,723
22,724
22,725
22,726
22,727
22,728
22,729
22,730
22,736
22,737
22,738
22,742
22,743
22,744
22,745
22,746
22,747
22,748
22,749
22,750
22,751
22,752
22,753
22,754
22,755
22,756
22,757
22,758
22,759
22,760
22,761
22,762
22,763
22,764
22,765
22,766
22,767
22,768
22,769
22,770
22,771
22,772
22,773
22,776
22,777
22,778
22,780
22,781
22,782
22,783
22,784
22,785
22,786
22,787
22,788
22,789
22,790
22,791
22,792
22,793
22,794
22,795
22,796
22,797
22,798
22,799
22,800
22,801
22,802
22,803
22,804
22,805
22,806
22,807
22,808
22,809
22,810
22,811
22,812
22,813
22,814
22,815
22,816
22,817
22,818
22,819
22,820
22,821
22,822
22,823
22,824
22,825
22,826
22,827
22,828
22,829
22,830
22,831
22,832
22,833
22,834
22,835
22,836
22,837
22,838
22,839
22,840
22,841
22,842
22,843
22,844
22,845
22,846
22,847
22,848
22,849
22,850
22,851
22,852
22,853
22,854
22,855
22,856
22,857
22,858
22,859
22,860
22,861
22,862
22,863
22,864
22,865
22,866
22,867
22,868
22,869
22,870
22,871
22,872
22,873
22,874
22,875
22,876
22,877
22,878
22,879
22,880
22,881
22,882
22,883
22,884
22,885
22,886
22,887
22,888
22,889
22,890
22,891
22,892
22,893
22,894
22,895
22,896
22,897
22,898
22,10025
22,10026
22,10027
22,10028
22,10029
22,10030
22,10033
22,10034
22,10036
22,10037
22,10038
22,10039
22,10040
22,10073
22,10074
22,10075
22,10076
22,10077
22,10078
22,10079
22,10080
22,10110
22,10111
22,10112
22,10113
22,10114
22,10115
22,10116
22,10117
22,10118
22,10119
22,10125
22,10126
22,10129
22,10130
22,10131
22,10132
22,10136
22,10137
22,10138
22,10139
22,10140
22,10141
22,10142
22,10143
22,10144
22,10145
22,10146
22,10147
22,10148
22,10149
22,10150
22,10151
22,10152
22,10153
22,10154
22,10156
22,10157
22,10158
22,10159
22,10163
22,10164
22,10165
22,10166
22,10167
22,10168
22,10169
22,10170
22,10171
22,10172
22,10173
22,10174
22,10175
22,10176
22,10177
22,10178
22,10179
22,10180
22,10181
22,10182
22,10183
22,10184
22,10185
22,10186
22,10187
22,10188
22,10189
22,10190
22,10191
22,20030
22,20031
22,20032
22,20039
22,20040
22,20041
22,20042
22,20043
22,20122
22,20124
22,20125
22,20126
22,20127
22,20128
22,20145
22,20149
22,20150
22,20155
22,20156
22,20157
22,20158
22,20159
22,20160
22,20161
22,20162
22,20163
22,20164
22,20165
22,20166
22,20167
22,20168
22,20169
22,20170
22,20171
22,20172
22,20173
22,20174
22,20175
22,20176
22,20177
22,20178
22,20179
22,20180
22,20181
22,20182
22,20183
22,20184
22,20185
22,20186
22,20187
22,20188
22,20189
22,20190
22,20191
22,20192
22,20193
22,20194
22,20195
22,20196
22,20197
22,20198
22,20199
22,20200
22,20201
22,20202
22,20203
22,20204
22,20205
22,20206
22,20207
22,20208
22,20209
22,20210
22,20211
22,20212
22,20213
22,20214
22,20215
22,20216
22,20217
22,20218
22,20219
22,20220
22,20221
22,20222
22,20223
22,20224
22,20225
22,20226
22,20227
22,20228
22,20229
22,20230
22,20231
22,20232
22,20233
22,20234
22,20235
22,20236
22,20237
22,20238
22,20239
22,20240
22,20241
22,20242
22,20243
22,20244
22,20245
22,20246
22,20247
22,20248
22,20249
22,20250
22,20251
22,20252
22,20253
22,20254
22,20255
22,20256
22,20257
23,1
23,2
23,3
23,4
23,5
23,6
23,7
23,8
23,9
23,10
23,11
23,12
23,13
23,14
23,15
23,16
23,17
23,18
23,19
23,20
23,21
23,22
23,23
23,24
23,25
23,26
23,27
23,28
23,29
23,30
23,31
23,32
23,33
23,34
23,35
23,36
23,37
23,38
23,39
23,40
23,41
23,42
23,43
23,44
23,45
23,46
23,47
23,48
23,49
23,50
23,51
23,52
23,53
23,54
23,55
23,56
23,57
23,58
23,59
23,60
23,61
23,62
23,63
23,64
23,65
23,66
23,67
23,68
23,69
23,70
23,71
23,72
23,73
23,74
23,75
23,76
23,77
23,78
23,79
23,80
23,81
23,82
23,83
23,84
23,85
23,86
23,87
23,88
23,89
23,90
23,91
23,92
23,93
23,94
23,95
23,96
23,97
23,98
23,99
23,100
23,101
23,102
23,103
23,104
23,105
23,106
23,107
23,108
23,109
23,110
23,111
23,112
23,113
23,114
23,115
23,116
23,117
23,118
23,119
23,120
23,121
23,122
23,123
23,124
23,125
23,126
23,127
23,128
23,129
23,130
23,131
23,132
23,133
23,134
23,135
23,136
23,137
23,138
23,139
23,140
23,141
23,142
23,143
23,144
23,145
23,146
23,147
23,148
23,149
23,150
23,151
23,152
23,153
23,154
23,155
23,156
23,157
23,158
23,159
23,160
23,161
23,162
23,163
23,164
23,165
23,166
23,167
23,168
23,169
23,170
23,171
23,172
23,173
23,174
23,175
23,176
23,177
23,178
23,179
23,180
23,181
23,182
23,183
23,184
23,185
23,186
23,187
23,188
23,189
23,190
23,191
23,192
23,193
23,194
23,195
23,196
23,197
23,198
23,199
23,200
23,201
23,202
23,203
23,204
23,205
23,206
23,207
23,208
23,209
23,210
23,211
23,212
23,213
23,214
23,215
23,216
23,217
23,218
23,219
23,220
23,221
23,222
23,223
23,224
23,225
23,226
23,227
23,228
23,229
23,230
23,231
23,232
23,233
23,234
23,235
23,236
23,237
23,238
23,239
23,240
23,241
23,242
23,243
23,244
23,245
23,246
23,247
23,248
23,249
23,250
23,251
23,252
23,253
23,254
23,255
23,256
23,257
23,258
23,259
23,260
23,261
23,262
23,263
23,264
23,265
23,266
23,267
23,268
23,269
23,270
23,271
23,272
23,273
23,274
23,275
23,276
23,277
23,278
23,279
23,280
23,281
23,282
23,283
23,284
23,285
23,286
23,287
23,288
23,289
23,290
23,291
23,292
23,293
23,294
23,295
23,296
23,297
23,298
23,299
23,300
23,301
23,302
23,303
23,304
23,305
23,306
23,307
23,308
23,309
23,310
23,311
23,312
23,313
23,314
23,315
23,316
23,317
23,318
23,319
23,320
23,321
23,322
23,323
23,324
23,325
23,326
23,327
23,328
23,329
23,330
23,331
23,332
23,333
23,334
23,335
23,336
23,337
23,338
23,339
23,340
23,341
23,342
23,343
23,344
23,345
23,346
23,347
23,348
23,349
23,350
23,351
23,352
23,353
23,354
23,355
23,356
23,357
23,358
23,359
23,360
23,361
23,362
23,363
23,364
23,365
23,366
23,367
23,368
23,369
23,370
23,371
23,372
23,373
23,374
23,375
23,376
23,377
23,378
23,379
23,380
23,381
23,382
23,383
23,384
23,385
23,386
23,387
23,388
23,389
23,390
23,391
23,392
23,393
23,394
23,395
23,396
23,397
23,398
23,399
23,400
23,401
23,402
23,403
23,404
23,405
23,406
23,407
23,408
23,409
23,410
23,411
23,412
23,413
23,414
23,415
23,416
23,417
23,418
23,419
23,420
23,421
23,422
23,423
23,424
23,425
23,426
23,427
23,428
23,429
23,430
23,431
23,432
23,433
23,434
23,435
23,436
23,437
23,438
23,439
23,440
23,441
23,442
23,443
23,444
23,445
23,446
23,447
23,448
23,449
23,450
23,451
23,452
23,453
23,454
23,455
23,456
23,457
23,458
23,459
23,460
23,461
23,462
23,463
23,464
23,465
23,466
23,467
23,468
23,469
23,470
23,471
23,472
23,473
23,474
23,475
23,476
23,477
23,478
23,479
23,480
23,481
23,482
23,483
23,484
23,485
23,486
23,487
23,488
23,489
23,490
23,491
23,492
23,493
23,10001
23,10002
23,10003
23,10004
23,10005
23,10006
23,10007
23,10008
23,10009
23,10010
23,10011
23,10012
23,10013
23,10014
23,10015
23,10016
23,10017
23,10018
23,10019
23,10020
23,10021
23,10022
23,10023
23,10024
23,10025
23,10026
23,10027
23,10028
23,10029
23,10030
23,10031
23,10071
23,20001
23,20002
23,20003
23,20004
23,20005
23,20006
23,20007
23,20008
23,20009
23,20010
23,20011
23,20012
23,20013
23,20014
23,20015
23,20016
23,20017
23,20018
23,20019
23,20020
23,20021
23,20022
23,20023
23,20024
23,20025
23,20026
23,20027
23,20028
23,20029
23,20030
23,20031
23,20032
24,25
24,26
24,35
24,36
24,37
24,38
24,41
24,42
24,46
24,47
24,54
24,55
24,63
24,64
24,65
24,66
24,67
24,68
24,72
24,73
24,74
24,75
24,76
24,77
24,78
24,81
24,82
24,92
24,93
24,94
24,95
24,108
24,111
24,112
24,113
24,114
24,122
24,123
24,125
24,126
24,129
24,130
24,133
24,134
24,135
24,136
24,137
24,143
24,155
24,156
24,169
24,172
24,173
24,175
24,176
24,185
24,190
24,193
24,196
24,197
24,198
24,200
24,201
24,207
24,208
24,212
24,214
24,215
24,216
24,217
24,220
24,221
24,223
24,224
24,226
24,233
24,234
24,239
24,240
24,242
24,265
24,266
24,267
24,268
24,269
24,280
24,281
24,282
24,299
24,315
24,339
24,340
24,355
24,356
24,358
24,361
24,362
24,363
24,364
24,365
24,387
24,388
24,389
24,390
24,391
24,392
24,393
24,394
24,395
24,396
24,397
24,398
24,399
24,400
24,401
24,402
24,403
24,404
24,405
24,406
24,407
24,408
24,409
24,410
24,411
24,412
24,413
24,414
24,415
24,416
24,417
24,418
24,419
24,420
24,421
24,422
24,423
24,424
24,425
24,426
24,427
24,428
24,429
24,430
24,431
24,432
24,433
24,434
24,435
24,436
24,437
24,438
24,439
24,440
24,441
24,442
24,443
24,444
24,445
24,446
24,447
24,448
24,449
24,450
24,451
24,452
24,453
24,454
24,455
24,456
24,457
24,458
24,459
24,460
24,461
24,462
24,463
24,464
24,465
24,466
24,467
24,468
24,469
24,470
24,471
24,472
24,473
24,474
24,475
24,476
24,477
24,478
24,479
24,480
24,481
24,482
24,483
24,484
24,485
24,486
24,487
24,488
24,489
24,490
24,491
24,492
24,493
24,501
24,502
24,548
24,627
24,641
24,642
24,645
24,700
24,704
24,712
24,722
24,723
24,899
24,900
24,901
24,902
24,903
24,904
24,905
24,10007
24,10008
24,10009
24,10010
24,10011
24,10012
24,10013
24,10014
24,10015
24,10016
24,10017
24,10018
24,10019
24,10020
24,10021
24,10022
24,10023
24,10024
24,10025
24,10026
24,10027
24,10028
24,10029
24,10030
24,10031
24,10036
24,10037
24,10038
24,10071
24,10114
24,10115
24,10192
24,10193
24,10194
24,10195
24,10196
24,10197
24,10198
24,10199
24,10200
24,10201
24,10202
24,10203
24,10204
24,10205
24,10206
24,10207
24,10208
24,10209
24,10210
24,10211
24,10212
24,20001
24,20002
24,20003
24,20004
24,20005
24,20006
24,20007
24,20008
24,20009
24,20010
24,20011
24,20012
24,20013
24,20014
24,20015
24,20016
24,20017
24,20018
24,20019
24,20020
24,20021
24,20022
24,20023
24,20024
24,20025
24,20026
24,20027
24,20028
24,20029
24,20030
24,20031
24,20032
24,20258
24,20259
24,20260
24,20261
24,20262
25,1
25,2
25,3
25,4
25,5
25,6
25,7
25,8
25,9
25,23
25,24
25,25
25,26
25,27
25,28
25,35
25,36
25,37
25,38
25,39
25,40
25,43
25,44
25,45
25,48
25,49
25,50
25,51
25,52
25,53
25,54
25,55
25,56
25,57
25,58
25,59
25,60
25,61
25,62
25,69
25,70
25,71
25,72
25,73
25,74
25,75
25,76
25,79
25,80
25,81
25,82
25,84
25,85
25,86
25,87
25,88
25,89
25,90
25,91
25,92
25,93
25,94
25,96
25,97
25,100
25,101
25,102
25,103
25,106
25,107
25,109
25,110
25,111
25,112
25,113
25,116
25,117
25,123
25,125
25,126
25,128
25,129
25,130
25,131
25,132
25,133
25,134
25,135
25,136
25,137
25,143
25,144
25,145
25,146
25,147
25,148
25,149
25,150
25,151
25,152
25,153
25,154
25,155
25,156
25,157
25,158
25,159
25,160
25,161
25,162
25,163
25,164
25,167
25,168
25,170
25,171
25,172
25,173
25,174
25,179
25,180
25,181
25,182
25,183
25,184
25,185
25,186
25,187
25,188
25,189
25,190
25,191
25,192
25,193
25,194
25,195
25,196
25,197
25,198
25,199
25,200
25,203
25,204
25,205
25,206
25,207
25,209
25,210
25,211
25,212
25,214
25,215
25,216
25,217
25,218
25,219
25,220
25,221
25,225
25,227
25,228
25,229
25,230
25,231
25,232
25,233
25,234
25,235
25,236
25,237
25,239
25,240
25,242
25,243
25,244
25,245
25,246
25,247
25,248
25,249
25,250
25,252
25,253
25,254
25,255
25,256
25,257
25,258
25,259
25,260
25,261
25,262
25,270
25,271
25,272
25,273
25,274
25,275
25,278
25,279
25,280
25,281
25,282
25,283
25,284
25,285
25,286
25,287
25,288
25,289
25,296
25,297
25,298
25,299
25,302
25,307
25,308
25,311
25,312
25,313
25,314
25,316
25,317
25,322
25,323
25,324
25,325
25,326
25,328
25,329
25,330
25,331
25,332
25,333
25,334
25,335
25,336
25,339
25,340
25,341
25,342
25,349
25,350
25,353
25,354
25,355
25,356
25,357
25,358
25,361
25,362
25,370
25,371
25,372
25,373
25,374
25,375
25,376
25,377
25,378
25,379
25,380
25,381
25,382
25,383
25,384
25,385
25,386
25,387
25,388
25,389
25,390
25,391
25,392
25,393
25,394
25,395
25,396
25,397
25,398
25,401
25,402
25,403
25,404
25,405
25,408
25,409
25,410
25,411
25,415
25,416
25,417
25,418
25,419
25,422
25,423
25,424
25,425
25,426
25,429
25,430
25,433
25,434
25,435
25,436
25,437
25,438
25,440
25,442
25,443
25,444
25,445
25,446
25,447
25,448
25,449
25,450
25,453
25,454
25,456
25,457
25,459
25,460
25,461
25,462
25,464
25,466
25,467
25,469
25,470
25,471
25,472
25,473
25,474
25,475
25,476
25,477
25,478
25,479
25,480
25,481
25,482
25,483
25,484
25,485
25,486
25,487
25,488
25,489
25,490
25,491
25,492
25,493
25,495
25,496
25,497
25,498
25,499
25,500
25,501
25,502
25,503
25,522
25,523
25,529
25,530
25,532
25,533
25,534
25,540
25,541
25,542
25,546
25,547
25,548
25,549
25,550
25,551
25,552
25,553
25,559
25,560
25,570
25,571
25,572
25,573
25,574
25,575
25,576
25,577
25,578
25,579
25,580
25,581
25,585
25,586
25,590
25,591
25,594
25,595
25,596
25,602
25,603
25,604
25,607
25,608
25,609
25,610
25,611
25,612
25,613
25,614
25,615
25,619
25,620
25,622
25,623
25,624
25,625
25,627
25,628
25,629
25,630
25,633
25,634
25,635
25,636
25,637
25,638
25,639
25,640
25,641
25,642
25,643
25,644
25,645
25,646
25,647
25,648
25,650
25,651
25,652
25,653
25,654
25,655
25,656
25,657
25,658
25,661
25,662
25,663
25,664
25,665
25,666
25,667
25,668
25,669
25,670
25,671
25,672
25,673
25,677
25,678
25,686
25,687
25,690
25,691
25,692
25,693
25,700
25,701
25,702
25,703
25,704
25,705
25,706
25,707
25,708
25,709
25,712
25,713
25,714
25,715
25,719
25,720
25,721
25,722
25,723
25,724
25,725
25,726
25,727
25,728
25,729
25,730
25,731
25,732
25,733
25,734
25,735
25,736
25,737
25,738
25,739
25,740
25,741
25,742
25,743
25,744
25,745
25,747
25,748
25,749
25,750
25,751
25,752
25,753
25,754
25,757
25,758
25,761
25,762
25,763
25,764
25,765
25,766
25,769
25,770
25,774
25,775
25,778
25,779
25,782
25,783
25,784
25,789
25,790
25,791
25,792
25,800
25,801
25,810
25,811
25,812
25,813
25,814
25,815
25,816
25,817
25,818
25,819
25,820
25,821
25,822
25,823
25,833
25,834
25,837
25,838
25,839
25,840
25,841
25,842
25,843
25,844
25,845
25,846
25,847
25,848
25,849
25,854
25,855
25,856
25,857
25,858
25,859
25,860
25,861
25,863
25,868
25,869
25,870
25,871
25,872
25,873
25,874
25,875
25,876
25,877
25,878
25,879
25,884
25,885
25,886
25,887
25,888
25,889
25,890
25,891
25,892
25,893
25,894
25,895
25,896
25,897
25,898
25,899
25,900
25,901
25,902
25,903
25,904
25,905
25,906
25,907
25,908
25,909
25,910
25,911
25,912
25,913
25,914
25,915
25,916
25,917
25,918
25,919
25,920
25,921
25,922
25,923
25,924
25,925
25,926
25,927
25,928
25,929
25,930
25,931
25,932
25,933
25,934
25,935
25,936
25,937
25,938
25,939
25,940
25,941
25,942
25,943
25,944
25,945
25,946
25,947
25,948
25,949
25,950
25,951
25,952
25,953
25,954
25,955
25,956
25,957
25,958
25,959
25,960
25,961
25,962
25,963
25,964
25,965
25,966
25,967
25,968
25,969
25,970
25,971
25,972
25,973
25,974
25,975
25,976
25,977
25,978
25,979
25,980
25,981
25,982
25,983
25,984
25,985
25,986
25,987
25,988
25,989
25,990
25,991
25,992
25,993
25,994
25,995
25,996
25,997
25,998
25,999
25,1000
25,1001
25,1002
25,1003
25,1004
25,1005
25,1006
25,1007
25,1008
25,1009
25,1010
25,1011
25,1012
25,1013
25,1014
25,1015
25,1016
25,1017
25,1018
25,1019
25,1020
25,1021
25,1022
25,1023
25,1024
25,1025
25,10004
25,10005
25,10006
25,10009
25,10010
25,10011
25,10012
25,10013
25,10014
25,10015
25,10016
25,10017
25,10018
25,10019
25,10020
25,10021
25,10022
25,10023
25,10024
25,10025
25,10026
25,10027
25,10028
25,10029
25,10030
25,10031
25,10033
25,10035
25,10036
25,10037
25,10038
25,10039
25,10040
25,10071
25,10073
25,10107
25,10110
25,10111
25,10112
25,10113
25,10114
25,10115
25,10116
25,10117
25,10118
25,10119
25,10120
25,10121
25,10122
25,10123
25,10124
25,10125
25,10127
25,10133
25,10134
25,10135
25,10136
25,10155
25,10156
25,10157
25,10158
25,10159
25,10163
25,10167
25,10177
25,10178
25,10179
25,10180
25,10181
25,10183
25,10184
25,10185
25,10186
25,10187
25,10188
25,10189
25,10190
25,10191
25,10192
25,10193
25,10194
25,10195
25,10196
25,10197
25,10198
25,10199
25,10200
25,10201
25,10202
25,10203
25,10204
25,10205
25,10206
25,10207
25,10208
25,10209
25,10210
25,10211
25,10212
25,10213
25,10214
25,10215
25,10216
25,10217
25,10218
25,10219
25,10220
25,10221
25,10222
25,10223
25,10224
25,10225
25,10226
25,10227
25,10228
25,10229
25,10230
25,10231
25,10232
25,20031
25,20032
25,20033
25,20034
25,20035
25,20036
25,20037
25,20038
25,20043
25,20044
25,20045
25,20046
25,20047
25,20048
25,20049
25,20050
25,20051
25,20052
25,20053
25,20054
25,20055
25,20056
25,20057
25,20058
25,20059
25,20060
25,20061
25,20062
25,20063
25,20064
25,20065
25,20066
25,20067
25,20068
25,20069
25,20070
25,20071
25,20072
25,20073
25,20074
25,20075
25,20076
25,20077
25,20078
25,20079
25,20080
25,20081
25,20082
25,20083
25,20084
25,20085
25,20086
25,20087
25,20088
25,20089
25,20090
25,20091
25,20092
25,20093
25,20094
25,20095
25,20096
25,20097
25,20098
25,20099
25,20100
25,20101
25,20102
25,20103
25,20104
25,20105
25,20106
25,20107
25,20108
25,20109
25,20110
25,20111
25,20112
25,20124
25,20125
25,20126
25,20127
25,20128
25,20133
25,20134
25,20135
25,20136
25,20137
25,20138
25,20139
25,20140
25,20141
25,20142
25,20143
25,20144
25,20145
25,20149
25,20150
25,20174
25,20175
25,20178
25,20179
25,20182
25,20183
25,20184
25,20185
25,20186
25,20187
25,20188
25,20189
25,20190
25,20191
25,20192
25,20193
25,20194
25,20195
25,20196
25,20197
25,20198
25,20199
25,20200
25,20201
25,20202
25,20203
25,20204
25,20205
25,20206
25,20207
25,20208
25,20209
25,20210
25,20211
25,20212
25,20213
25,20214
25,20215
25,20216
25,20217
25,20218
25,20219
25,20220
25,20221
25,20222
25,20223
25,20224
25,20225
25,20226
25,20227
25,20228
25,20229
25,20230
25,20231
25,20232
25,20233
25,20234
25,20235
25,20236
25,20237
25,20238
25,20239
25,20240
25,20241
25,20242
25,20243
25,20245
25,20255
25,20256
25,20263
25,20264
25,20265
25,20266
25,20267
25,20268
25,20269
25,20270
25,20271
25,20272
25,20273
25,20274
25,20275
25,20276
26,1
26,2
26,3
26,4
26,5
26,6
26,7
26,8
26,9
26,13
26,14
26,15
26,16
26,17
26,18
26,23
26,24
26,25
26,26
26,35
26,36
26,39
26,40
26,41
26,42
26,52
26,53
26,56
26,57
26,63
26,64
26,65
26,66
26,67
26,68
26,69
26,70
26,71
26,79
26,80
26,83
26,92
26,93
26,94
26,95
26,104
26,105
26,115
26,120
26,121
26,122
26,123
26,127
26,129
26,130
26,133
26,134
26,135
26,136
26,137
26,142
26,147
26,148
26,149
26,150
26,152
26,153
26,154
26,158
26,159
26,160
26,167
26,168
26,169
26,172
26,173
26,174
26,179
26,180
26,181
26,196
26,197
26,199
26,208
26,211
26,212
26,214
26,225
26,227
26,228
26,229
26,233
26,246
26,247
26,248
26,252
26,253
26,254
26,255
26,256
26,257
26,258
26,259
26,260
26,280
26,281
26,282
26,302
26,303
26,304
26,305
26,306
26,307
26,308
26,309
26,310
26,315
26,316
26,317
26,318
26,319
26,322
26,323
26,325
26,326
26,333
26,334
26,335
26,336
26,349
26,350
26,352
26,353
26,354
26,358
26,359
26,361
26,362
26,371
26,372
26,373
26,374
26,375
26,376
26,380
26,381
26,382
26,383
26,384
26,396
26,397
26,398
26,406
26,407
26,427
26,428
26,433
26,439
26,443
26,444
26,445
26,447
26,448
26,449
26,450
26,459
26,460
26,470
26,471
26,474
26,475
26,478
26,479
26,485
26,491
26,498
26,499
26,500
26,504
26,505
26,509
26,510
26,511
26,512
26,513
26,514
26,515
26,516
26,517
26,518
26,529
26,530
26,531
26,538
26,539
26,543
26,544
26,545
26,551
26,552
26,553
26,559
26,560
26,562
26,563
26,568
26,569
26,582
26,583
26,584
26,587
26,590
26,591
26,602
26,603
26,604
26,607
26,608
26,609
26,615
26,618
26,622
26,623
26,638
26,639
26,640
26,647
26,648
26,649
26,650
26,651
26,652
26,653
26,654
26,655
26,656
26,657
26,658
26,659
26,660
26,661
26,662
26,663
26,664
26,665
26,666
26,667
26,668
26,669
26,670
26,671
26,672
26,673
26,674
26,675
26,676
26,677
26,678
26,679
26,680
26,681
26,682
26,683
26,684
26,685
26,686
26,687
26,688
26,689
26,690
26,691
26,692
26,693
26,694
26,695
26,696
26,697
26,698
26,699
26,700
26,701
26,702
26,703
26,704
26,705
26,706
26,707
26,708
26,709
26,710
26,711
26,712
26,713
26,714
26,715
26,716
26,717
26,718
26,719
26,720
26,721
26,739
26,740
26,767
26,768
26,769
26,770
26,778
26,780
26,801
26,802
26,807
26,808
26,809
26,821
26,822
26,823
26,827
26,828
26,848
26,849
26,852
26,853
26,863
26,865
26,866
26,867
26,870
26,876
26,877
26,900
26,904
26,926
26,927
26,931
26,932
26,933
26,934
26,935
26,936
26,937
26,942
26,943
26,944
26,945
26,951
26,952
26,957
26,958
26,959
26,967
26,969
26,970
26,971
26,972
26,973
26,977
26,978
26,979
26,996
26,997
26,998
26,999
26,1000
26,10025
26,10026
26,10027
26,10028
26,10029
26,10035
26,10041
26,10042
26,10043
26,10044
26,10045
26,10046
26,10047
26,10048
26,10049
26,10050
26,10051
26,10052
26,10053
26,10054
26,10055
26,10056
26,10057
26,10058
26,10059
26,10060
26,10061
26,10062
26,10063
26,10064
26,10065
26,10066
26,10067
26,10068
26,10069
26,10070
26,10072
26,10073
26,10074
26,10075
26,10076
26,10077
26,10078
26,10079
26,10080
26,10081
26,10082
26,10089
26,10090
26,10091
26,10092
26,10093
26,10094
26,10095
26,10096
26,10097
26,10098
26,10099
26,10100
26,10101
26,10102
26,10103
26,10104
26,10105
26,10106
26,10107
26,10111
26,10118
26,10119
26,10126
26,10127
26,10129
26,10130
26,10131
26,10132
26,10163
26,10166
26,10168
26,10175
26,10176
26,10177
26,10179
26,10183
26,10184
26,10189
26,10197
26,10207
26,10208
26,10209
26,10218
26,10219
26,10220
26,10222
26,10233
26,10234
26,10235
26,10236
26,10237
26,10238
26,10239
26,10240
26,10241
26,10242
26,10243
26,10244
26,10245
26,10246
26,10247
26,10248
26,10249
26,10250
26,10251
26,10252
26,10253
26,10254
26,10255
26,10256
26,10257
26,10258
26,10259
26,10260
26,10261
26,10262
26,10263
26,10264
26,10265
26,10266
26,10267
26,10268
26,10269
26,10270
26,10271
26,10272
26,10273
26,10274
26,10275
26,10276
26,10277
26,10278
26,20039
26,20040
26,20041
26,20042
26,20043
26,20044
26,20045
26,20046
26,20047
26,20048
26,20049
26,20050
26,20051
26,20052
26,20053
26,20054
26,20055
26,20056
26,20057
26,20058
26,20059
26,20060
26,20061
26,20062
26,20063
26,20064
26,20065
26,20066
26,20067
26,20068
26,20069
26,20070
26,20071
26,20072
26,20073
26,20074
26,20075
26,20076
26,20077
26,20078
26,20079
26,20080
26,20081
26,20082
26,20083
26,20084
26,20085
26,20086
26,20087
26,20088
26,20089
26,20090
26,20091
26,20092
26,20093
26,20094
26,20095
26,20096
26,20097
26,20098
26,20099
26,20100
26,20101
26,20102
26,20103
26,20104
26,20105
26,20106
26,20107
26,20108
26,20109
26,20110
26,20111
26,20112
26,20113
26,20114
26,20115
26,20116
26,20117
26,20118
26,20119
26,20120
26,20121
26,20122
26,20145
26,20149
26,20245
26,20264
26,20265
26,20277
26,20278
26,20279
