version_group_id,move_id,flag_id
7,1,1
7,1,3
7,1,4
7,1,7
7,2,1
7,2,3
7,2,4
7,2,7
7,3,1
7,3,3
7,3,4
7,3,7
7,4,1
7,4,3
7,4,4
7,4,7
7,5,1
7,5,3
7,5,4
7,5,7
7,6,1
7,6,4
7,6,7
7,7,3
7,7,4
7,7,7
7,8,3
7,8,4
7,8,7
7,9,3
7,9,4
7,9,7
7,10,1
7,10,3
7,10,4
7,10,7
7,11,1
7,11,3
7,11,4
7,11,7
7,12,3
7,12,4
7,12,7
7,13,1
7,13,4
7,13,7
7,14,6
7,15,1
7,15,3
7,15,4
7,15,7
7,16,1
7,16,4
7,16,7
7,17,1
7,17,3
7,17,4
7,17,7
7,18,4
7,18,7
7,19,1
7,19,3
7,19,4
7,19,7
7,20,1
7,20,3
7,20,4
7,20,7
7,21,1
7,21,3
7,21,4
7,21,7
7,22,1
7,22,3
7,22,4
7,22,7
7,23,3
7,23,4
7,23,7
7,24,1
7,24,3
7,24,4
7,24,7
7,25,1
7,25,3
7,25,4
7,25,7
7,26,1
7,26,3
7,26,4
7,26,7
7,27,1
7,27,3
7,27,4
7,27,7
7,28,4
7,28,5
7,28,7
7,29,3
7,29,4
7,29,7
7,30,1
7,30,3
7,30,4
7,30,7
7,31,1
7,31,3
7,31,4
7,31,7
7,32,3
7,32,4
7,32,7
7,33,1
7,33,3
7,33,4
7,33,7
7,34,3
7,34,4
7,34,7
7,35,1
7,35,3
7,35,4
7,35,7
7,36,1
7,36,3
7,36,4
7,36,7
7,37,1
7,37,3
7,37,4
7,37,7
7,38,1
7,38,3
7,38,4
7,38,7
7,39,4
7,39,5
7,39,7
7,40,4
7,40,7
7,41,4
7,41,7
7,42,1
7,42,4
7,42,7
7,43,4
7,43,5
7,43,7
7,44,3
7,44,4
7,44,7
7,45,4
7,45,5
7,45,7
7,46,4
7,46,7
7,47,4
7,47,5
7,47,7
7,48,4
7,48,5
7,48,7
7,49,1
7,49,4
7,49,7
7,50,4
7,50,7
7,51,4
7,51,7
7,52,4
7,52,7
7,53,4
7,53,7
7,54,6
7,55,1
7,55,4
7,55,7
7,56,1
7,56,4
7,56,7
7,57,1
7,57,4
7,57,7
7,58,4
7,58,7
7,59,4
7,59,7
7,60,4
7,60,7
7,61,4
7,61,7
7,62,4
7,62,7
7,63,1
7,63,4
7,63,7
7,64,1
7,64,3
7,64,4
7,64,7
7,65,1
7,65,3
7,65,4
7,65,7
7,66,1
7,66,3
7,66,4
7,66,7
7,67,1
7,67,3
7,67,4
7,67,7
7,68,3
7,68,7
7,69,1
7,69,3
7,69,4
7,69,7
7,70,1
7,70,3
7,70,4
7,70,7
7,71,4
7,71,7
7,72,4
7,72,7
7,73,4
7,73,5
7,73,7
7,74,6
7,75,1
7,75,4
7,75,7
7,76,1
7,76,4
7,76,7
7,77,4
7,77,5
7,77,7
7,78,4
7,78,5
7,78,7
7,79,4
7,79,5
7,79,7
7,80,1
7,80,3
7,80,4
7,80,7
7,81,4
7,81,5
7,81,7
7,82,1
7,82,4
7,82,7
7,83,1
7,83,4
7,83,7
7,84,4
7,84,7
7,85,4
7,85,7
7,86,4
7,86,5
7,86,7
7,87,4
7,87,7
7,88,1
7,88,4
7,88,7
7,89,1
7,89,4
7,89,7
7,90,4
7,90,7
7,91,1
7,91,3
7,91,4
7,91,7
7,92,4
7,92,5
7,92,7
7,93,4
7,93,7
7,94,4
7,94,7
7,95,4
7,95,5
7,95,7
7,96,6
7,97,6
7,98,1
7,98,3
7,98,4
7,98,7
7,99,1
7,99,3
7,99,4
7,99,7
7,101,1
7,101,4
7,101,7
7,102,4
7,103,4
7,103,5
7,103,7
7,104,6
7,105,6
7,106,6
7,107,6
7,108,4
7,108,5
7,108,7
7,109,4
7,109,5
7,109,7
7,110,6
7,111,6
7,112,6
7,113,6
7,114,4
7,115,6
7,116,6
7,117,1
7,117,3
7,117,4
7,120,1
7,120,4
7,120,7
7,121,1
7,121,4
7,121,7
7,122,3
7,122,4
7,122,7
7,123,4
7,123,7
7,124,4
7,124,7
7,125,4
7,125,7
7,126,4
7,126,7
7,127,1
7,127,3
7,127,4
7,127,7
7,128,1
7,128,3
7,128,4
7,128,7
7,129,1
7,129,4
7,129,7
7,130,1
7,130,3
7,130,4
7,130,7
7,131,1
7,131,4
7,131,7
7,132,3
7,132,4
7,132,7
7,133,6
7,134,4
7,134,7
7,135,6
7,135,7
7,136,1
7,136,3
7,136,4
7,136,7
7,137,4
7,137,5
7,137,7
7,138,4
7,138,7
7,139,4
7,139,5
7,139,7
7,140,1
7,140,4
7,140,7
7,141,3
7,141,4
7,141,7
7,142,4
7,142,5
7,142,7
7,143,1
7,143,4
7,143,7
7,145,4
7,145,7
7,146,3
7,146,4
7,146,7
7,147,4
7,147,5
7,147,7
7,148,4
7,148,5
7,148,7
7,149,1
7,149,4
7,149,7
7,151,6
7,152,1
7,152,3
7,152,4
7,152,7
7,153,1
7,153,4
7,153,7
7,154,1
7,154,3
7,154,4
7,154,7
7,155,1
7,155,4
7,155,7
7,156,6
7,157,4
7,157,7
7,158,3
7,158,4
7,158,7
7,159,6
7,161,4
7,161,7
7,162,3
7,162,4
7,162,7
7,163,1
7,163,3
7,163,4
7,163,7
7,164,6
7,165,1
7,165,3
7,165,4
7,165,7
7,167,1
7,167,3
7,167,4
7,167,7
7,168,3
7,168,4
7,168,7
7,169,4
7,169,5
7,169,7
7,170,4
7,170,7
7,171,4
7,171,7
7,172,3
7,172,4
7,172,7
7,173,1
7,173,4
7,173,7
7,175,1
7,175,3
7,175,4
7,175,7
7,177,1
7,177,4
7,177,7
7,178,4
7,178,5
7,178,7
7,179,1
7,179,3
7,179,4
7,179,7
7,180,4
7,180,7
7,181,4
7,181,7
7,183,1
7,183,3
7,183,4
7,183,7
7,184,4
7,184,5
7,184,7
7,185,1
7,185,4
7,185,7
7,186,4
7,186,5
7,186,7
7,187,6
7,188,4
7,188,7
7,189,4
7,189,7
7,190,4
7,190,7
7,192,4
7,192,7
7,193,4
7,193,7
7,196,4
7,196,7
7,198,1
7,198,4
7,198,7
7,199,4
7,199,7
7,200,1
7,200,3
7,200,4
7,200,7
7,202,4
7,202,7
7,204,4
7,204,5
7,204,7
7,205,1
7,205,3
7,205,4
7,205,7
7,206,1
7,206,3
7,206,4
7,206,7
7,207,4
7,207,5
7,207,7
7,208,4
7,208,6
7,209,3
7,209,4
7,209,7
7,210,1
7,210,3
7,210,4
7,210,7
7,211,1
7,211,3
7,211,4
7,211,7
7,212,4
7,212,5
7,212,7
7,213,4
7,213,5
7,213,7
7,215,6
7,216,1
7,216,3
7,216,4
7,216,7
7,217,4
7,217,7
7,218,1
7,218,3
7,218,4
7,218,7
7,219,6
7,220,4
7,220,7
7,221,4
7,221,7
7,222,1
7,222,4
7,222,7
7,223,3
7,223,4
7,223,7
7,224,1
7,224,3
7,224,4
7,224,7
7,225,1
7,225,4
7,225,7
7,227,4
7,227,7
7,228,3
7,228,4
7,228,7
7,229,1
7,229,3
7,229,4
7,229,7
7,230,4
7,230,5
7,230,7
7,231,3
7,231,4
7,231,7
7,232,3
7,232,4
7,232,7
7,233,1
7,233,3
7,233,4
7,233,7
7,234,6
7,235,6
7,236,6
7,237,1
7,237,4
7,237,7
7,238,1
7,238,3
7,238,4
7,238,7
7,239,1
7,239,4
7,239,7
7,242,3
7,242,4
7,242,7
7,243,7
7,244,6
7,245,1
7,245,3
7,245,4
7,245,7
7,246,3
7,246,4
7,246,7
7,247,4
7,247,7
7,249,3
7,249,4
7,249,7
7,250,1
7,250,4
7,250,7
7,251,1
7,251,4
7,251,7
7,252,4
7,252,7
7,253,1
7,253,4
7,253,7
7,254,6
7,255,1
7,255,4
7,256,6
7,257,4
7,257,7
7,258,4
7,259,4
7,259,7
7,260,4
7,260,5
7,260,7
7,261,4
7,261,5
7,261,7
7,262,4
7,262,7
7,263,3
7,263,4
7,263,7
7,264,3
7,264,4
7,265,3
7,265,4
7,265,7
7,268,6
7,269,4
7,271,4
7,271,7
7,273,4
7,275,6
7,276,3
7,276,4
7,276,7
7,279,1
7,279,3
7,279,4
7,279,7
7,280,1
7,280,3
7,280,4
7,280,7
7,281,4
7,281,5
7,281,7
7,282,3
7,282,4
7,282,7
7,283,1
7,283,3
7,283,4
7,283,7
7,284,1
7,284,4
7,284,7
7,285,4
7,285,7
7,286,4
7,287,6
7,288,4
7,288,7
7,289,7
7,290,4
7,290,7
7,291,1
7,291,3
7,291,4
7,291,7
7,292,1
7,292,3
7,292,4
7,292,7
7,293,6
7,294,6
7,295,4
7,295,7
7,296,4
7,296,7
7,297,4
7,297,5
7,297,7
7,298,4
7,299,3
7,299,4
7,299,7
7,301,1
7,301,3
7,301,4
7,301,7
7,302,3
7,302,4
7,302,7
7,303,6
7,304,4
7,304,7
7,305,3
7,305,4
7,305,7
7,306,3
7,306,4
7,306,7
7,307,1
7,307,4
7,307,7
7,308,1
7,308,4
7,308,7
7,309,1
7,309,3
7,309,4
7,309,7
7,310,3
7,310,4
7,310,7
7,311,1
7,311,4
7,311,7
7,312,6
7,313,4
7,313,5
7,313,7
7,314,1
7,314,4
7,314,7
7,315,1
7,315,3
7,315,4
7,315,7
7,316,4
7,316,7
7,317,4
7,317,7
7,318,1
7,318,4
7,318,7
7,319,4
7,319,5
7,319,7
7,320,4
7,320,5
7,320,7
7,321,1
7,321,4
7,321,5
7,321,7
7,322,6
7,323,4
7,323,7
7,324,1
7,324,4
7,324,7
7,325,1
7,325,3
7,325,4
7,325,7
7,326,4
7,326,7
7,327,1
7,327,3
7,327,4
7,327,7
7,328,1
7,328,4
7,328,7
7,329,4
7,329,7
7,330,1
7,330,4
7,330,7
7,331,1
7,331,4
7,331,7
7,332,1
7,332,3
7,332,4
7,332,7
7,333,1
7,333,4
7,333,7
7,334,6
7,335,4
7,335,5
7,335,7
7,336,6
7,337,1
7,337,3
7,337,4
7,337,7
7,338,1
7,338,4
7,338,7
7,339,6
7,340,1
7,340,3
7,340,4
7,340,7
7,341,1
7,341,4
7,341,7
7,342,1
7,342,3
7,342,4
7,342,7
7,343,4
7,343,7
7,344,1
7,344,3
7,344,4
7,344,7
7,345,1
7,345,4
7,345,7
7,347,6
7,348,1
7,348,3
7,348,4
7,348,7
7,349,6
7,350,1
7,350,4
7,350,7
7,351,1
7,351,4
7,351,7
7,352,1
7,352,4
7,352,7
7,354,1
7,354,4
7,354,7
7,10001,1
7,10001,4
7,10001,7
7,10002,1
7,10002,4
7,10002,7
7,10003,1
7,10003,4
7,10003,7
7,10004,1
7,10004,4
7,10004,7
7,10005,1
7,10005,4
7,10005,7
7,10006,1
7,10006,4
7,10006,7
7,10007,1
7,10007,4
7,10007,7
7,10008,1
7,10008,4
7,10008,7
7,10009,1
7,10009,4
7,10009,7
7,10010,1
7,10010,4
7,10010,7
7,10011,1
7,10011,4
7,10011,7
7,10012,1
7,10012,4
7,10012,7
7,10013,1
7,10013,4
7,10013,7
7,10014,1
7,10014,4
7,10014,7
7,10015,1
7,10015,4
7,10015,7
7,10016,1
7,10016,4
7,10016,7
8,1,1
8,1,3
8,1,4
8,1,7
8,2,1
8,2,3
8,2,4
8,2,7
8,3,1
8,3,3
8,3,4
8,3,7
8,4,1
8,4,3
8,4,4
8,4,7
8,5,1
8,5,3
8,5,4
8,5,7
8,6,1
8,6,4
8,6,7
8,7,3
8,7,4
8,7,7
8,8,3
8,8,4
8,8,7
8,9,3
8,9,4
8,9,7
8,10,1
8,10,3
8,10,4
8,10,7
8,11,1
8,11,3
8,11,4
8,11,7
8,12,3
8,12,4
8,12,7
8,13,1
8,13,4
8,13,7
8,14,6
8,15,1
8,15,3
8,15,4
8,15,7
8,16,1
8,16,4
8,16,7
8,17,1
8,17,3
8,17,4
8,17,7
8,18,4
8,18,7
8,19,1
8,19,3
8,19,4
8,19,7
8,20,1
8,20,3
8,20,4
8,20,7
8,21,1
8,21,3
8,21,4
8,21,7
8,22,1
8,22,3
8,22,4
8,22,7
8,23,3
8,23,4
8,23,7
8,24,1
8,24,3
8,24,4
8,24,7
8,25,1
8,25,3
8,25,4
8,25,7
8,26,1
8,26,3
8,26,4
8,26,7
8,27,1
8,27,3
8,27,4
8,27,7
8,28,4
8,28,5
8,28,7
8,29,3
8,29,4
8,29,7
8,30,1
8,30,3
8,30,4
8,30,7
8,31,1
8,31,3
8,31,4
8,31,7
8,32,3
8,32,4
8,32,7
8,33,1
8,33,3
8,33,4
8,33,7
8,34,3
8,34,4
8,34,7
8,35,1
8,35,3
8,35,4
8,35,7
8,36,1
8,36,3
8,36,4
8,36,7
8,37,1
8,37,3
8,37,4
8,37,7
8,38,1
8,38,3
8,38,4
8,38,7
8,39,4
8,39,5
8,39,7
8,40,4
8,40,7
8,41,4
8,41,7
8,42,1
8,42,4
8,42,7
8,43,4
8,43,5
8,43,7
8,44,3
8,44,4
8,44,7
8,45,4
8,45,5
8,45,7
8,46,4
8,46,7
8,47,4
8,47,5
8,47,7
8,48,4
8,48,5
8,48,7
8,49,1
8,49,4
8,49,7
8,50,4
8,50,7
8,51,4
8,51,7
8,52,4
8,52,7
8,53,4
8,53,7
8,54,6
8,55,1
8,55,4
8,55,7
8,56,1
8,56,4
8,56,7
8,57,1
8,57,4
8,57,7
8,58,4
8,58,7
8,59,4
8,59,7
8,60,4
8,60,7
8,61,4
8,61,7
8,62,4
8,62,7
8,63,1
8,63,4
8,63,7
8,64,1
8,64,3
8,64,4
8,64,7
8,65,1
8,65,3
8,65,4
8,65,7
8,66,1
8,66,3
8,66,4
8,66,7
8,67,1
8,67,3
8,67,4
8,67,7
8,68,3
8,68,7
8,69,1
8,69,3
8,69,4
8,69,7
8,70,1
8,70,3
8,70,4
8,70,7
8,71,4
8,71,7
8,72,4
8,72,7
8,73,4
8,73,5
8,73,7
8,74,6
8,75,1
8,75,4
8,75,7
8,76,1
8,76,4
8,76,7
8,77,4
8,77,5
8,77,7
8,78,4
8,78,5
8,78,7
8,79,4
8,79,5
8,79,7
8,80,1
8,80,3
8,80,4
8,80,7
8,81,4
8,81,5
8,81,7
8,82,1
8,82,4
8,82,7
8,83,1
8,83,4
8,83,7
8,84,4
8,84,7
8,85,4
8,85,7
8,86,4
8,86,5
8,86,7
8,87,4
8,87,7
8,88,1
8,88,4
8,88,7
8,89,1
8,89,4
8,89,7
8,90,4
8,90,7
8,91,1
8,91,3
8,91,4
8,91,7
8,92,4
8,92,5
8,92,7
8,93,4
8,93,7
8,94,4
8,94,7
8,95,4
8,95,5
8,95,7
8,96,6
8,97,6
8,98,1
8,98,3
8,98,4
8,98,7
8,99,1
8,99,3
8,99,4
8,99,7
8,101,1
8,101,4
8,101,7
8,102,4
8,103,4
8,103,5
8,103,7
8,104,6
8,105,6
8,106,6
8,107,6
8,108,4
8,108,5
8,108,7
8,109,4
8,109,5
8,109,7
8,110,6
8,111,6
8,112,6
8,113,6
8,114,4
8,115,6
8,116,6
8,117,1
8,117,3
8,117,4
8,120,1
8,120,4
8,120,7
8,121,1
8,121,4
8,121,7
8,122,3
8,122,4
8,122,7
8,123,4
8,123,7
8,124,4
8,124,7
8,125,4
8,125,7
8,126,4
8,126,7
8,127,1
8,127,3
8,127,4
8,127,7
8,128,1
8,128,3
8,128,4
8,128,7
8,129,1
8,129,4
8,129,7
8,130,1
8,130,3
8,130,4
8,130,7
8,131,1
8,131,4
8,131,7
8,132,3
8,132,4
8,132,7
8,133,6
8,134,4
8,134,7
8,135,6
8,135,7
8,136,1
8,136,3
8,136,4
8,136,7
8,137,4
8,137,5
8,137,7
8,138,4
8,138,7
8,139,4
8,139,5
8,139,7
8,140,1
8,140,4
8,140,7
8,141,3
8,141,4
8,141,7
8,142,4
8,142,5
8,142,7
8,143,1
8,143,4
8,143,7
8,145,4
8,145,7
8,146,3
8,146,4
8,146,7
8,147,4
8,147,5
8,147,7
8,148,4
8,148,5
8,148,7
8,149,1
8,149,4
8,149,7
8,151,6
8,152,1
8,152,3
8,152,4
8,152,7
8,153,1
8,153,4
8,153,7
8,154,1
8,154,3
8,154,4
8,154,7
8,155,1
8,155,4
8,155,7
8,156,6
8,157,4
8,157,7
8,158,3
8,158,4
8,158,7
8,159,6
8,161,4
8,161,7
8,162,3
8,162,4
8,162,7
8,163,1
8,163,3
8,163,4
8,163,7
8,164,6
8,165,1
8,165,3
8,165,4
8,165,7
8,167,1
8,167,3
8,167,4
8,167,7
8,168,3
8,168,4
8,168,7
8,169,4
8,169,5
8,169,7
8,170,4
8,170,7
8,171,4
8,171,7
8,172,3
8,172,4
8,172,7
8,173,1
8,173,4
8,173,7
8,175,1
8,175,3
8,175,4
8,175,7
8,177,1
8,177,4
8,177,7
8,178,4
8,178,5
8,178,7
8,179,1
8,179,3
8,179,4
8,179,7
8,180,4
8,180,7
8,181,4
8,181,7
8,183,1
8,183,3
8,183,4
8,183,7
8,184,4
8,184,5
8,184,7
8,185,1
8,185,4
8,185,7
8,186,4
8,186,5
8,186,7
8,187,6
8,188,4
8,188,7
8,189,4
8,189,7
8,190,4
8,190,7
8,192,4
8,192,7
8,193,4
8,193,7
8,196,4
8,196,7
8,198,1
8,198,4
8,198,7
8,199,4
8,199,7
8,200,1
8,200,3
8,200,4
8,200,7
8,202,4
8,202,7
8,204,4
8,204,5
8,204,7
8,205,1
8,205,3
8,205,4
8,205,7
8,206,1
8,206,3
8,206,4
8,206,7
8,207,4
8,207,5
8,207,7
8,208,4
8,208,6
8,209,3
8,209,4
8,209,7
8,210,1
8,210,3
8,210,4
8,210,7
8,211,1
8,211,3
8,211,4
8,211,7
8,212,4
8,212,5
8,212,7
8,213,4
8,213,5
8,213,7
8,215,6
8,216,1
8,216,3
8,216,4
8,216,7
8,217,4
8,217,7
8,218,1
8,218,3
8,218,4
8,218,7
8,219,6
8,220,4
8,220,7
8,221,4
8,221,7
8,222,1
8,222,4
8,222,7
8,223,3
8,223,4
8,223,7
8,224,1
8,224,3
8,224,4
8,224,7
8,225,1
8,225,4
8,225,7
8,227,4
8,227,7
8,228,3
8,228,4
8,228,7
8,229,1
8,229,3
8,229,4
8,229,7
8,230,4
8,230,5
8,230,7
8,231,3
8,231,4
8,231,7
8,232,3
8,232,4
8,232,7
8,233,1
8,233,3
8,233,4
8,233,7
8,234,6
8,235,6
8,236,6
8,237,1
8,237,4
8,237,7
8,238,1
8,238,3
8,238,4
8,238,7
8,239,1
8,239,4
8,239,7
8,242,3
8,242,4
8,242,7
8,243,7
8,244,6
8,245,1
8,245,3
8,245,4
8,245,7
8,246,3
8,246,4
8,246,7
8,247,4
8,247,7
8,249,3
8,249,4
8,249,7
8,250,1
8,250,4
8,250,7
8,251,1
8,251,4
8,251,7
8,252,4
8,252,7
8,253,1
8,253,4
8,253,7
8,254,6
8,255,1
8,255,4
8,256,6
8,257,4
8,257,7
8,258,4
8,259,4
8,259,7
8,260,4
8,260,5
8,260,7
8,261,4
8,261,5
8,261,7
8,262,4
8,262,7
8,263,3
8,263,4
8,263,7
8,264,3
8,264,4
8,265,3
8,265,4
8,265,7
8,268,6
8,269,4
8,271,4
8,271,7
8,273,4
8,275,6
8,276,3
8,276,4
8,276,7
8,279,1
8,279,3
8,279,4
8,279,7
8,280,1
8,280,3
8,280,4
8,280,7
8,281,4
8,281,5
8,281,7
8,282,3
8,282,4
8,282,7
8,283,1
8,283,3
8,283,4
8,283,7
8,284,1
8,284,4
8,284,7
8,285,4
8,285,7
8,286,4
8,287,6
8,288,4
8,288,7
8,289,7
8,290,4
8,290,7
8,291,1
8,291,3
8,291,4
8,291,7
8,292,1
8,292,3
8,292,4
8,292,7
8,293,6
8,294,6
8,295,4
8,295,7
8,296,4
8,296,7
8,297,4
8,297,5
8,297,7
8,298,4
8,299,3
8,299,4
8,299,7
8,301,1
8,301,3
8,301,4
8,301,7
8,302,3
8,302,4
8,302,7
8,303,6
8,304,4
8,304,7
8,305,3
8,305,4
8,305,7
8,306,3
8,306,4
8,306,7
8,307,1
8,307,4
8,307,7
8,308,1
8,308,4
8,308,7
8,309,1
8,309,3
8,309,4
8,309,7
8,310,3
8,310,4
8,310,7
8,311,1
8,311,4
8,311,7
8,312,6
8,313,4
8,313,5
8,313,7
8,314,1
8,314,4
8,314,7
8,315,1
8,315,3
8,315,4
8,315,7
8,316,4
8,316,7
8,317,4
8,317,7
8,318,1
8,318,4
8,318,7
8,319,4
8,319,5
8,319,7
8,320,4
8,320,5
8,320,7
8,321,1
8,321,4
8,321,5
8,321,7
8,322,6
8,323,4
8,323,7
8,324,1
8,324,4
8,324,7
8,325,1
8,325,3
8,325,4
8,325,7
8,326,4
8,326,7
8,327,1
8,327,3
8,327,4
8,327,7
8,328,1
8,328,4
8,328,7
8,329,4
8,329,7
8,330,1
8,330,4
8,330,7
8,331,1
8,331,4
8,331,7
8,332,1
8,332,3
8,332,4
8,332,7
8,333,1
8,333,4
8,333,7
8,334,6
8,335,4
8,335,5
8,335,7
8,336,6
8,337,1
8,337,3
8,337,4
8,337,7
8,338,1
8,338,4
8,338,7
8,339,6
8,340,1
8,340,3
8,340,4
8,340,7
8,341,1
8,341,4
8,341,7
8,342,1
8,342,3
8,342,4
8,342,7
8,343,4
8,343,7
8,344,1
8,344,3
8,344,4
8,344,7
8,345,1
8,345,4
8,345,7
8,347,6
8,348,1
8,348,3
8,348,4
8,348,7
8,349,6
8,350,1
8,350,4
8,350,7
8,351,1
8,351,4
8,351,7
8,352,1
8,352,4
8,352,7
8,354,1
8,354,4
8,354,7
8,10001,1
8,10001,4
8,10001,7
8,10002,1
8,10002,4
8,10002,7
8,10003,1
8,10003,4
8,10003,7
8,10004,1
8,10004,4
8,10004,7
8,10005,1
8,10005,4
8,10005,7
8,10006,1
8,10006,4
8,10006,7
8,10007,1
8,10007,4
8,10007,7
8,10008,1
8,10008,4
8,10008,7
8,10009,1
8,10009,4
8,10009,7
8,10010,1
8,10010,4
8,10010,7
8,10011,1
8,10011,4
8,10011,7
8,10012,1
8,10012,4
8,10012,7
8,10013,1
8,10013,4
8,10013,7
8,10014,1
8,10014,4
8,10014,7
8,10015,1
8,10015,4
8,10015,7
8,10016,1
8,10016,4
8,10016,7
8,10017,1
8,10017,3
8,10017,4
8,10017,7
9,1,1
9,1,3
9,1,4
9,1,7
9,2,1
9,2,3
9,2,4
9,2,7
9,3,1
9,3,3
9,3,4
9,3,7
9,4,1
9,4,3
9,4,4
9,4,7
9,5,1
9,5,3
9,5,4
9,5,7
9,6,1
9,6,4
9,6,7
9,7,3
9,7,4
9,7,7
9,8,3
9,8,4
9,8,7
9,9,3
9,9,4
9,9,7
9,10,1
9,10,3
9,10,4
9,10,7
9,11,1
9,11,3
9,11,4
9,11,7
9,12,3
9,12,4
9,12,7
9,13,1
9,13,4
9,13,7
9,14,6
9,15,1
9,15,3
9,15,4
9,15,7
9,16,1
9,16,4
9,16,7
9,17,1
9,17,3
9,17,4
9,17,7
9,18,4
9,18,7
9,19,1
9,19,3
9,19,4
9,19,7
9,20,1
9,20,3
9,20,4
9,20,7
9,21,1
9,21,3
9,21,4
9,21,7
9,22,1
9,22,3
9,22,4
9,22,7
9,23,3
9,23,4
9,23,7
9,24,1
9,24,3
9,24,4
9,24,7
9,25,1
9,25,3
9,25,4
9,25,7
9,26,1
9,26,3
9,26,4
9,26,7
9,27,1
9,27,3
9,27,4
9,27,7
9,28,4
9,28,5
9,28,7
9,29,3
9,29,4
9,29,7
9,30,1
9,30,3
9,30,4
9,30,7
9,31,1
9,31,3
9,31,4
9,31,7
9,32,3
9,32,4
9,32,7
9,33,1
9,33,3
9,33,4
9,33,7
9,34,3
9,34,4
9,34,7
9,35,1
9,35,3
9,35,4
9,35,7
9,36,1
9,36,3
9,36,4
9,36,7
9,37,1
9,37,3
9,37,4
9,37,7
9,38,1
9,38,3
9,38,4
9,38,7
9,39,4
9,39,5
9,39,7
9,40,4
9,40,7
9,41,4
9,41,7
9,42,1
9,42,4
9,42,7
9,43,4
9,43,5
9,43,7
9,44,3
9,44,4
9,44,7
9,45,4
9,45,5
9,45,7
9,46,4
9,46,7
9,47,4
9,47,5
9,47,7
9,48,4
9,48,5
9,48,7
9,49,1
9,49,4
9,49,7
9,50,4
9,50,7
9,51,4
9,51,7
9,52,4
9,52,7
9,53,4
9,53,7
9,54,6
9,55,1
9,55,4
9,55,7
9,56,1
9,56,4
9,56,7
9,57,1
9,57,4
9,57,7
9,58,4
9,58,7
9,59,4
9,59,7
9,60,4
9,60,7
9,61,4
9,61,7
9,62,4
9,62,7
9,63,1
9,63,4
9,63,7
9,64,1
9,64,3
9,64,4
9,64,7
9,65,1
9,65,3
9,65,4
9,65,7
9,66,1
9,66,3
9,66,4
9,66,7
9,67,1
9,67,3
9,67,4
9,67,7
9,68,3
9,68,7
9,69,1
9,69,3
9,69,4
9,69,7
9,70,1
9,70,3
9,70,4
9,70,7
9,71,4
9,71,7
9,72,4
9,72,7
9,73,4
9,73,5
9,73,7
9,74,6
9,75,1
9,75,4
9,75,7
9,76,1
9,76,4
9,76,7
9,77,4
9,77,5
9,77,7
9,78,4
9,78,5
9,78,7
9,79,4
9,79,5
9,79,7
9,80,1
9,80,3
9,80,4
9,80,7
9,81,4
9,81,5
9,81,7
9,82,1
9,82,4
9,82,7
9,83,1
9,83,4
9,83,7
9,84,4
9,84,7
9,85,4
9,85,7
9,86,4
9,86,5
9,86,7
9,87,4
9,87,7
9,88,1
9,88,4
9,88,7
9,89,1
9,89,4
9,89,7
9,90,4
9,90,7
9,91,1
9,91,3
9,91,4
9,91,7
9,92,4
9,92,5
9,92,7
9,93,4
9,93,7
9,94,4
9,94,7
9,95,4
9,95,5
9,95,7
9,96,6
9,97,6
9,98,1
9,98,3
9,98,4
9,98,7
9,99,1
9,99,3
9,99,4
9,99,7
9,101,1
9,101,4
9,101,7
9,102,4
9,103,4
9,103,5
9,103,7
9,104,6
9,105,6
9,106,6
9,107,6
9,108,4
9,108,5
9,108,7
9,109,4
9,109,5
9,109,7
9,110,6
9,111,6
9,112,6
9,113,6
9,114,4
9,115,6
9,116,6
9,117,1
9,117,3
9,117,4
9,120,1
9,120,4
9,120,7
9,121,1
9,121,4
9,121,7
9,122,3
9,122,4
9,122,7
9,123,4
9,123,7
9,124,4
9,124,7
9,125,4
9,125,7
9,126,4
9,126,7
9,127,1
9,127,3
9,127,4
9,127,7
9,128,1
9,128,3
9,128,4
9,128,7
9,129,1
9,129,4
9,129,7
9,130,1
9,130,3
9,130,4
9,130,7
9,131,1
9,131,4
9,131,7
9,132,3
9,132,4
9,132,7
9,133,6
9,134,4
9,134,7
9,135,6
9,135,7
9,136,1
9,136,3
9,136,4
9,136,7
9,137,4
9,137,5
9,137,7
9,138,4
9,138,7
9,139,4
9,139,5
9,139,7
9,140,1
9,140,4
9,140,7
9,141,3
9,141,4
9,141,7
9,142,4
9,142,5
9,142,7
9,143,1
9,143,4
9,143,7
9,145,4
9,145,7
9,146,3
9,146,4
9,146,7
9,147,4
9,147,5
9,147,7
9,148,4
9,148,5
9,148,7
9,149,1
9,149,4
9,149,7
9,151,6
9,152,1
9,152,3
9,152,4
9,152,7
9,153,1
9,153,4
9,153,7
9,154,1
9,154,3
9,154,4
9,154,7
9,155,1
9,155,4
9,155,7
9,156,6
9,157,4
9,157,7
9,158,3
9,158,4
9,158,7
9,159,6
9,161,4
9,161,7
9,162,3
9,162,4
9,162,7
9,163,1
9,163,3
9,163,4
9,163,7
9,164,6
9,165,1
9,165,3
9,165,4
9,165,7
9,167,1
9,167,3
9,167,4
9,167,7
9,168,3
9,168,4
9,168,7
9,169,4
9,169,5
9,169,7
9,170,4
9,170,7
9,171,4
9,171,7
9,172,3
9,172,4
9,172,7
9,173,1
9,173,4
9,173,7
9,175,1
9,175,3
9,175,4
9,175,7
9,177,1
9,177,4
9,177,7
9,178,4
9,178,5
9,178,7
9,179,1
9,179,3
9,179,4
9,179,7
9,180,4
9,180,7
9,181,4
9,181,7
9,183,1
9,183,3
9,183,4
9,183,7
9,184,4
9,184,5
9,184,7
9,185,1
9,185,4
9,185,7
9,186,4
9,186,5
9,186,7
9,187,6
9,188,4
9,188,7
9,189,4
9,189,7
9,190,4
9,190,7
9,192,4
9,192,7
9,193,4
9,193,7
9,196,4
9,196,7
9,198,1
9,198,4
9,198,7
9,199,4
9,199,7
9,200,1
9,200,3
9,200,4
9,200,7
9,202,4
9,202,7
9,204,4
9,204,5
9,204,7
9,205,1
9,205,3
9,205,4
9,205,7
9,206,1
9,206,3
9,206,4
9,206,7
9,207,4
9,207,5
9,207,7
9,208,4
9,208,6
9,209,3
9,209,4
9,209,7
9,210,1
9,210,3
9,210,4
9,210,7
9,211,1
9,211,3
9,211,4
9,211,7
9,212,4
9,212,5
9,212,7
9,213,4
9,213,5
9,213,7
9,215,6
9,216,1
9,216,3
9,216,4
9,216,7
9,217,4
9,217,7
9,218,1
9,218,3
9,218,4
9,218,7
9,219,6
9,220,4
9,220,7
9,221,4
9,221,7
9,222,1
9,222,4
9,222,7
9,223,3
9,223,4
9,223,7
9,224,1
9,224,3
9,224,4
9,224,7
9,225,1
9,225,4
9,225,7
9,227,4
9,227,7
9,228,3
9,228,4
9,228,7
9,229,1
9,229,3
9,229,4
9,229,7
9,230,4
9,230,5
9,230,7
9,231,3
9,231,4
9,231,7
9,232,3
9,232,4
9,232,7
9,233,1
9,233,3
9,233,4
9,233,7
9,234,6
9,235,6
9,236,6
9,237,1
9,237,4
9,237,7
9,238,1
9,238,3
9,238,4
9,238,7
9,239,1
9,239,4
9,239,7
9,242,3
9,242,4
9,242,7
9,243,7
9,244,6
9,245,1
9,245,3
9,245,4
9,245,7
9,246,3
9,246,4
9,246,7
9,247,4
9,247,7
9,249,3
9,249,4
9,249,7
9,250,1
9,250,4
9,250,7
9,251,1
9,251,4
9,251,7
9,252,4
9,252,7
9,253,1
9,253,4
9,253,7
9,254,6
9,255,1
9,255,4
9,256,6
9,257,4
9,257,7
9,258,4
9,259,4
9,259,7
9,260,4
9,260,5
9,260,7
9,261,4
9,261,5
9,261,7
9,262,4
9,262,7
9,263,3
9,263,4
9,263,7
9,264,3
9,264,4
9,265,3
9,265,4
9,265,7
9,268,6
9,269,4
9,271,4
9,271,7
9,273,4
9,275,6
9,276,3
9,276,4
9,276,7
9,279,1
9,279,3
9,279,4
9,279,7
9,280,1
9,280,3
9,280,4
9,280,7
9,281,4
9,281,5
9,281,7
9,282,3
9,282,4
9,282,7
9,283,1
9,283,3
9,283,4
9,283,7
9,284,1
9,284,4
9,284,7
9,285,4
9,285,7
9,286,4
9,287,6
9,288,4
9,288,7
9,289,7
9,290,4
9,290,7
9,291,1
9,291,3
9,291,4
9,291,7
9,292,1
9,292,3
9,292,4
9,292,7
9,293,6
9,294,6
9,295,4
9,295,7
9,296,4
9,296,7
9,297,4
9,297,5
9,297,7
9,298,4
9,299,3
9,299,4
9,299,7
9,301,1
9,301,3
9,301,4
9,301,7
9,302,3
9,302,4
9,302,7
9,303,6
9,304,4
9,304,7
9,305,3
9,305,4
9,305,7
9,306,3
9,306,4
9,306,7
9,307,1
9,307,4
9,307,7
9,308,1
9,308,4
9,308,7
9,309,1
9,309,3
9,309,4
9,309,7
9,310,3
9,310,4
9,310,7
9,311,1
9,311,4
9,311,7
9,312,6
9,313,4
9,313,5
9,313,7
9,314,1
9,314,4
9,314,7
9,315,1
9,315,3
9,315,4
9,315,7
9,316,4
9,316,7
9,317,4
9,317,7
9,318,1
9,318,4
9,318,7
9,319,4
9,319,5
9,319,7
9,320,4
9,320,5
9,320,7
9,321,1
9,321,4
9,321,5
9,321,7
9,322,6
9,323,4
9,323,7
9,324,1
9,324,4
9,324,7
9,325,1
9,325,3
9,325,4
9,325,7
9,326,4
9,326,7
9,327,1
9,327,3
9,327,4
9,327,7
9,328,1
9,328,4
9,328,7
9,329,4
9,329,7
9,330,1
9,330,4
9,330,7
9,331,1
9,331,4
9,331,7
9,332,1
9,332,3
9,332,4
9,332,7
9,333,1
9,333,4
9,333,7
9,334,6
9,335,4
9,335,5
9,335,7
9,336,6
9,337,1
9,337,3
9,337,4
9,337,7
9,338,1
9,338,4
9,338,7
9,339,6
9,340,1
9,340,3
9,340,4
9,340,7
9,341,1
9,341,4
9,341,7
9,342,1
9,342,3
9,342,4
9,342,7
9,343,4
9,343,7
9,344,1
9,344,3
9,344,4
9,344,7
9,345,1
9,345,4
9,345,7
9,347,6
9,348,1
9,348,3
9,348,4
9,348,7
9,349,6
9,350,1
9,350,4
9,350,7
9,351,1
9,351,4
9,351,7
9,352,1
9,352,4
9,352,7
9,354,1
9,354,4
9,354,7
9,10001,1
9,10001,4
9,10001,7
9,10002,1
9,10002,4
9,10002,7
9,10003,1
9,10003,4
9,10003,7
9,10004,1
9,10004,4
9,10004,7
9,10005,1
9,10005,4
9,10005,7
9,10006,1
9,10006,4
9,10006,7
9,10007,1
9,10007,4
9,10007,7
9,10008,1
9,10008,4
9,10008,7
9,10009,1
9,10009,4
9,10009,7
9,10010,1
9,10010,4
9,10010,7
9,10011,1
9,10011,4
9,10011,7
9,10012,1
9,10012,4
9,10012,7
9,10013,1
9,10013,4
9,10013,7
9,10014,1
9,10014,4
9,10014,7
9,10015,1
9,10015,4
9,10015,7
9,10016,1
9,10016,4
9,10016,7
10,1,1
10,1,3
10,1,4
10,1,7
10,2,1
10,2,3
10,2,4
10,2,7
10,3,1
10,3,3
10,3,4
10,3,7
10,4,1
10,4,3
10,4,4
10,4,7
10,5,1
10,5,3
10,5,4
10,5,7
10,6,1
10,6,4
10,6,7
10,7,3
10,7,4
10,7,7
10,8,3
10,8,4
10,8,7
10,9,3
10,9,4
10,9,7
10,10,1
10,10,3
10,10,4
10,10,7
10,11,1
10,11,3
10,11,4
10,11,7
10,12,3
10,12,4
10,12,7
10,13,1
10,13,4
10,13,7
10,14,6
10,15,1
10,15,3
10,15,4
10,15,7
10,16,1
10,16,4
10,16,7
10,17,1
10,17,3
10,17,4
10,17,7
10,18,4
10,18,7
10,19,1
10,19,3
10,19,4
10,19,7
10,20,1
10,20,3
10,20,4
10,20,7
10,21,1
10,21,3
10,21,4
10,21,7
10,22,1
10,22,3
10,22,4
10,22,7
10,23,3
10,23,4
10,23,7
10,24,1
10,24,3
10,24,4
10,24,7
10,25,1
10,25,3
10,25,4
10,25,7
10,26,1
10,26,3
10,26,4
10,26,7
10,27,1
10,27,3
10,27,4
10,27,7
10,28,4
10,28,5
10,28,7
10,29,3
10,29,4
10,29,7
10,30,1
10,30,3
10,30,4
10,30,7
10,31,1
10,31,3
10,31,4
10,31,7
10,32,3
10,32,4
10,32,7
10,33,1
10,33,3
10,33,4
10,33,7
10,34,3
10,34,4
10,34,7
10,35,1
10,35,3
10,35,4
10,35,7
10,36,1
10,36,3
10,36,4
10,36,7
10,37,1
10,37,3
10,37,4
10,37,7
10,38,1
10,38,3
10,38,4
10,38,7
10,39,4
10,39,5
10,39,7
10,40,4
10,40,7
10,41,4
10,41,7
10,42,1
10,42,4
10,42,7
10,43,4
10,43,5
10,43,7
10,44,3
10,44,4
10,44,7
10,45,4
10,45,5
10,45,7
10,46,4
10,46,7
10,47,4
10,47,5
10,47,7
10,48,4
10,48,5
10,48,7
10,49,1
10,49,4
10,49,7
10,50,4
10,50,7
10,51,4
10,51,7
10,52,4
10,52,7
10,53,4
10,53,7
10,54,6
10,55,1
10,55,4
10,55,7
10,56,1
10,56,4
10,56,7
10,57,1
10,57,4
10,57,7
10,58,4
10,58,7
10,59,4
10,59,7
10,60,4
10,60,7
10,61,4
10,61,7
10,62,4
10,62,7
10,63,1
10,63,4
10,63,7
10,64,1
10,64,3
10,64,4
10,64,7
10,65,1
10,65,3
10,65,4
10,65,7
10,66,1
10,66,3
10,66,4
10,66,7
10,67,1
10,67,3
10,67,4
10,67,7
10,68,3
10,68,7
10,69,1
10,69,3
10,69,4
10,69,7
10,70,1
10,70,3
10,70,4
10,70,7
10,71,4
10,71,7
10,72,4
10,72,7
10,73,4
10,73,5
10,73,7
10,74,6
10,75,1
10,75,4
10,75,7
10,76,1
10,76,4
10,76,7
10,77,4
10,77,5
10,77,7
10,78,4
10,78,5
10,78,7
10,79,4
10,79,5
10,79,7
10,80,1
10,80,3
10,80,4
10,80,7
10,81,4
10,81,5
10,81,7
10,82,1
10,82,4
10,82,7
10,83,1
10,83,4
10,83,7
10,84,4
10,84,7
10,85,4
10,85,7
10,86,4
10,86,5
10,86,7
10,87,4
10,87,7
10,88,1
10,88,4
10,88,7
10,89,1
10,89,4
10,89,7
10,90,4
10,90,7
10,91,1
10,91,3
10,91,4
10,91,7
10,92,4
10,92,5
10,92,7
10,93,4
10,93,7
10,94,4
10,94,7
10,95,4
10,95,5
10,95,7
10,96,6
10,97,6
10,98,1
10,98,3
10,98,4
10,98,7
10,99,1
10,99,3
10,99,4
10,99,7
10,101,1
10,101,4
10,101,7
10,102,4
10,103,4
10,103,5
10,103,7
10,104,6
10,105,6
10,106,6
10,107,6
10,108,4
10,108,5
10,108,7
10,109,4
10,109,5
10,109,7
10,110,6
10,111,6
10,112,6
10,113,6
10,114,4
10,115,6
10,116,6
10,117,1
10,117,3
10,117,4
10,120,1
10,120,4
10,120,7
10,121,1
10,121,4
10,121,7
10,122,3
10,122,4
10,122,7
10,123,4
10,123,7
10,124,4
10,124,7
10,125,4
10,125,7
10,126,4
10,126,7
10,127,1
10,127,3
10,127,4
10,127,7
10,128,1
10,128,3
10,128,4
10,128,7
10,129,1
10,129,4
10,129,7
10,130,1
10,130,3
10,130,4
10,130,7
10,131,1
10,131,4
10,131,7
10,132,3
10,132,4
10,132,7
10,133,6
10,134,4
10,134,7
10,135,6
10,135,7
10,136,1
10,136,3
10,136,4
10,136,7
10,137,4
10,137,5
10,137,7
10,138,4
10,138,7
10,139,4
10,139,5
10,139,7
10,140,1
10,140,4
10,140,7
10,141,3
10,141,4
10,141,7
10,142,4
10,142,5
10,142,7
10,143,1
10,143,4
10,143,7
10,145,4
10,145,7
10,146,3
10,146,4
10,146,7
10,147,4
10,147,5
10,147,7
10,148,4
10,148,5
10,148,7
10,149,1
10,149,4
10,149,7
10,151,6
10,152,1
10,152,3
10,152,4
10,152,7
10,153,1
10,153,4
10,153,7
10,154,1
10,154,3
10,154,4
10,154,7
10,155,1
10,155,4
10,155,7
10,156,6
10,157,4
10,157,7
10,158,3
10,158,4
10,158,7
10,159,6
10,161,4
10,161,7
10,162,3
10,162,4
10,162,7
10,163,1
10,163,3
10,163,4
10,163,7
10,164,6
10,165,1
10,165,3
10,165,4
10,165,7
10,167,1
10,167,3
10,167,4
10,167,7
10,168,3
10,168,4
10,168,7
10,169,4
10,169,5
10,169,7
10,170,4
10,170,7
10,171,4
10,171,7
10,172,3
10,172,4
10,172,7
10,173,1
10,173,4
10,173,7
10,175,1
10,175,3
10,175,4
10,175,7
10,177,1
10,177,4
10,177,7
10,178,4
10,178,5
10,178,7
10,179,1
10,179,3
10,179,4
10,179,7
10,180,4
10,180,7
10,181,4
10,181,7
10,183,1
10,183,3
10,183,4
10,183,7
10,184,4
10,184,5
10,184,7
10,185,1
10,185,4
10,185,7
10,186,4
10,186,5
10,186,7
10,187,6
10,188,4
10,188,7
10,189,4
10,189,7
10,190,4
10,190,7
10,192,4
10,192,7
10,193,4
10,193,7
10,196,4
10,196,7
10,198,1
10,198,4
10,198,7
10,199,4
10,199,7
10,200,1
10,200,3
10,200,4
10,200,7
10,202,4
10,202,7
10,204,4
10,204,5
10,204,7
10,205,1
10,205,3
10,205,4
10,205,7
10,206,1
10,206,3
10,206,4
10,206,7
10,207,4
10,207,5
10,207,7
10,208,4
10,208,6
10,209,3
10,209,4
10,209,7
10,210,1
10,210,3
10,210,4
10,210,7
10,211,1
10,211,3
10,211,4
10,211,7
10,212,4
10,212,5
10,212,7
10,213,4
10,213,5
10,213,7
10,215,6
10,216,1
10,216,3
10,216,4
10,216,7
10,217,4
10,217,7
10,218,1
10,218,3
10,218,4
10,218,7
10,219,6
10,220,4
10,220,7
10,221,4
10,221,7
10,222,1
10,222,4
10,222,7
10,223,3
10,223,4
10,223,7
10,224,1
10,224,3
10,224,4
10,224,7
10,225,1
10,225,4
10,225,7
10,227,4
10,227,7
10,228,3
10,228,4
10,228,7
10,229,1
10,229,3
10,229,4
10,229,7
10,230,4
10,230,5
10,230,7
10,231,3
10,231,4
10,231,7
10,232,3
10,232,4
10,232,7
10,233,1
10,233,3
10,233,4
10,233,7
10,234,6
10,235,6
10,236,6
10,237,1
10,237,4
10,237,7
10,238,1
10,238,3
10,238,4
10,238,7
10,239,1
10,239,4
10,239,7
10,242,3
10,242,4
10,242,7
10,243,7
10,244,6
10,245,1
10,245,3
10,245,4
10,245,7
10,246,3
10,246,4
10,246,7
10,247,4
10,247,7
10,249,3
10,249,4
10,249,7
10,250,1
10,250,4
10,250,7
10,251,1
10,251,4
10,251,7
10,252,4
10,252,7
10,253,1
10,253,4
10,253,7
10,254,6
10,255,1
10,255,4
10,256,6
10,257,4
10,257,7
10,258,4
10,259,4
10,259,7
10,260,4
10,260,5
10,260,7
10,261,4
10,261,5
10,261,7
10,262,4
10,262,7
10,263,3
10,263,4
10,263,7
10,264,3
10,264,4
10,265,3
10,265,4
10,265,7
10,268,6
10,269,4
10,271,4
10,271,7
10,273,4
10,275,6
10,276,3
10,276,4
10,276,7
10,279,1
10,279,3
10,279,4
10,279,7
10,280,1
10,280,3
10,280,4
10,280,7
10,281,4
10,281,5
10,281,7
10,282,3
10,282,4
10,282,7
10,283,1
10,283,3
10,283,4
10,283,7
10,284,1
10,284,4
10,284,7
10,285,4
10,285,7
10,286,4
10,287,6
10,288,4
10,288,7
10,289,7
10,290,4
10,290,7
10,291,1
10,291,3
10,291,4
10,291,7
10,292,1
10,292,3
10,292,4
10,292,7
10,293,6
10,294,6
10,295,4
10,295,7
10,296,4
10,296,7
10,297,4
10,297,5
10,297,7
10,298,4
10,299,3
10,299,4
10,299,7
10,301,1
10,301,3
10,301,4
10,301,7
10,302,3
10,302,4
10,302,7
10,303,6
10,304,4
10,304,7
10,305,3
10,305,4
10,305,7
10,306,3
10,306,4
10,306,7
10,307,1
10,307,4
10,307,7
10,308,1
10,308,4
10,308,7
10,309,1
10,309,3
10,309,4
10,309,7
10,310,3
10,310,4
10,310,7
10,311,1
10,311,4
10,311,7
10,312,6
10,313,4
10,313,5
10,313,7
10,314,1
10,314,4
10,314,7
10,315,1
10,315,3
10,315,4
10,315,7
10,316,4
10,316,7
10,317,4
10,317,7
10,318,1
10,318,4
10,318,7
10,319,4
10,319,5
10,319,7
10,320,4
10,320,5
10,320,7
10,321,1
10,321,4
10,321,5
10,321,7
10,322,6
10,323,4
10,323,7
10,324,1
10,324,4
10,324,7
10,325,1
10,325,3
10,325,4
10,325,7
10,326,4
10,326,7
10,327,1
10,327,3
10,327,4
10,327,7
10,328,1
10,328,4
10,328,7
10,329,4
10,329,7
10,330,1
10,330,4
10,330,7
10,331,1
10,331,4
10,331,7
10,332,1
10,332,3
10,332,4
10,332,7
10,333,1
10,333,4
10,333,7
10,334,6
10,335,4
10,335,5
10,335,7
10,336,6
10,337,1
10,337,3
10,337,4
10,337,7
10,338,1
10,338,4
10,338,7
10,339,6
10,340,1
10,340,3
10,340,4
10,340,7
10,341,1
10,341,4
10,341,7
10,342,1
10,342,3
10,342,4
10,342,7
10,343,4
10,343,7
10,344,1
10,344,3
10,344,4
10,344,7
10,345,1
10,345,4
10,345,7
10,347,6
10,348,1
10,348,3
10,348,4
10,348,7
10,349,6
10,350,1
10,350,4
10,350,7
10,351,1
10,351,4
10,351,7
10,352,1
10,352,4
10,352,7
10,354,1
10,354,4
10,354,7
10,10001,1
10,10001,4
10,10001,7
10,10002,1
10,10002,4
10,10002,7
10,10003,1
10,10003,4
10,10003,7
10,10004,1
10,10004,4
10,10004,7
10,10005,1
10,10005,4
10,10005,7
10,10006,1
10,10006,4
10,10006,7
10,10007,1
10,10007,4
10,10007,7
10,10008,1
10,10008,4
10,10008,7
10,10009,1
10,10009,4
10,10009,7
10,10010,1
10,10010,4
10,10010,7
10,10011,1
10,10011,4
10,10011,7
10,10012,1
10,10012,4
10,10012,7
10,10013,1
10,10013,4
10,10013,7
10,10014,1
10,10014,4
10,10014,7
10,10015,1
10,10015,4
10,10015,7
10,10016,1
10,10016,4
10,10016,7
11,1,1
11,1,3
11,1,4
11,1,7
11,2,1
11,2,3
11,2,4
11,2,7
11,3,1
11,3,3
11,3,4
11,3,7
11,4,1
11,4,3
11,4,4
11,4,7
11,5,1
11,5,3
11,5,4
11,5,7
11,6,1
11,6,4
11,6,7
11,7,3
11,7,4
11,7,7
11,8,3
11,8,4
11,8,7
11,9,3
11,9,4
11,9,7
11,10,1
11,10,3
11,10,4
11,10,7
11,11,1
11,11,3
11,11,4
11,11,7
11,12,3
11,12,4
11,12,7
11,13,1
11,13,4
11,13,7
11,14,6
11,15,1
11,15,3
11,15,4
11,15,7
11,16,1
11,16,4
11,16,7
11,17,1
11,17,3
11,17,4
11,17,7
11,18,4
11,18,7
11,19,1
11,19,3
11,19,4
11,19,7
11,20,1
11,20,3
11,20,4
11,20,7
11,21,1
11,21,3
11,21,4
11,21,7
11,22,1
11,22,3
11,22,4
11,22,7
11,23,3
11,23,4
11,23,7
11,24,1
11,24,3
11,24,4
11,24,7
11,25,1
11,25,3
11,25,4
11,25,7
11,26,1
11,26,3
11,26,4
11,26,7
11,27,1
11,27,3
11,27,4
11,27,7
11,28,4
11,28,5
11,28,7
11,29,3
11,29,4
11,29,7
11,30,1
11,30,3
11,30,4
11,30,7
11,31,1
11,31,3
11,31,4
11,31,7
11,32,3
11,32,4
11,32,7
11,33,1
11,33,3
11,33,4
11,33,7
11,34,3
11,34,4
11,34,7
11,35,1
11,35,3
11,35,4
11,35,7
11,36,1
11,36,3
11,36,4
11,36,7
11,37,1
11,37,3
11,37,4
11,37,7
11,38,1
11,38,3
11,38,4
11,38,7
11,39,4
11,39,5
11,39,7
11,40,4
11,40,7
11,41,4
11,41,7
11,42,1
11,42,4
11,42,7
11,43,4
11,43,5
11,43,7
11,44,3
11,44,4
11,44,7
11,45,4
11,45,5
11,45,7
11,46,4
11,46,7
11,47,4
11,47,5
11,47,7
11,48,4
11,48,5
11,48,7
11,49,1
11,49,4
11,49,7
11,50,4
11,50,7
11,51,4
11,51,7
11,52,4
11,52,7
11,53,4
11,53,7
11,54,6
11,55,1
11,55,4
11,55,7
11,56,1
11,56,4
11,56,7
11,57,1
11,57,4
11,57,7
11,58,4
11,58,7
11,59,4
11,59,7
11,60,4
11,60,7
11,61,4
11,61,7
11,62,4
11,62,7
11,63,1
11,63,4
11,63,7
11,64,1
11,64,3
11,64,4
11,64,7
11,65,1
11,65,3
11,65,4
11,65,7
11,66,1
11,66,3
11,66,4
11,66,7
11,67,1
11,67,3
11,67,4
11,67,7
11,68,3
11,68,7
11,69,1
11,69,3
11,69,4
11,69,7
11,70,1
11,70,3
11,70,4
11,70,7
11,71,4
11,71,7
11,72,4
11,72,7
11,73,4
11,73,5
11,73,7
11,74,6
11,75,1
11,75,4
11,75,7
11,76,1
11,76,4
11,76,7
11,77,4
11,77,5
11,77,7
11,78,4
11,78,5
11,78,7
11,79,4
11,79,5
11,79,7
11,80,1
11,80,3
11,80,4
11,80,7
11,81,4
11,81,5
11,81,7
11,82,1
11,82,4
11,82,7
11,83,1
11,83,4
11,83,7
11,84,4
11,84,7
11,85,4
11,85,7
11,86,4
11,86,5
11,86,7
11,87,4
11,87,7
11,88,1
11,88,4
11,88,7
11,89,1
11,89,4
11,89,7
11,90,4
11,90,7
11,91,1
11,91,3
11,91,4
11,91,7
11,92,4
11,92,5
11,92,7
11,93,4
11,93,7
11,94,4
11,94,7
11,95,4
11,95,5
11,95,7
11,96,6
11,97,6
11,98,1
11,98,3
11,98,4
11,98,7
11,99,1
11,99,3
11,99,4
11,99,7
11,101,1
11,101,4
11,101,7
11,102,4
11,103,4
11,103,5
11,103,7
11,104,6
11,105,6
11,106,6
11,107,6
11,108,4
11,108,5
11,108,7
11,109,4
11,109,5
11,109,7
11,110,6
11,111,6
11,112,6
11,113,6
11,114,4
11,115,6
11,116,6
11,117,1
11,117,3
11,117,4
11,120,1
11,120,4
11,120,7
11,121,1
11,121,4
11,121,7
11,122,3
11,122,4
11,122,7
11,123,4
11,123,7
11,124,4
11,124,7
11,125,4
11,125,7
11,126,4
11,126,7
11,127,1
11,127,3
11,127,4
11,127,7
11,128,1
11,128,3
11,128,4
11,128,7
11,129,1
11,129,4
11,129,7
11,130,1
11,130,3
11,130,4
11,130,7
11,131,1
11,131,4
11,131,7
11,132,3
11,132,4
11,132,7
11,133,6
11,134,4
11,134,7
11,135,6
11,135,7
11,136,1
11,136,3
11,136,4
11,136,7
11,137,4
11,137,5
11,137,7
11,138,4
11,138,7
11,139,4
11,139,5
11,139,7
11,140,1
11,140,4
11,140,7
11,141,3
11,141,4
11,141,7
11,142,4
11,142,5
11,142,7
11,143,1
11,143,4
11,143,7
11,145,4
11,145,7
11,146,3
11,146,4
11,146,7
11,147,4
11,147,5
11,147,7
11,148,4
11,148,5
11,148,7
11,149,1
11,149,4
11,149,7
11,151,6
11,152,1
11,152,3
11,152,4
11,152,7
11,153,1
11,153,4
11,153,7
11,154,1
11,154,3
11,154,4
11,154,7
11,155,1
11,155,4
11,155,7
11,156,6
11,157,4
11,157,7
11,158,3
11,158,4
11,158,7
11,159,6
11,161,4
11,161,7
11,162,3
11,162,4
11,162,7
11,163,1
11,163,3
11,163,4
11,163,7
11,164,6
11,165,1
11,165,3
11,165,4
11,165,7
11,167,1
11,167,3
11,167,4
11,167,7
11,168,3
11,168,4
11,168,7
11,169,4
11,169,5
11,169,7
11,170,4
11,170,7
11,171,4
11,171,7
11,172,3
11,172,4
11,172,7
11,173,1
11,173,4
11,173,7
11,175,1
11,175,3
11,175,4
11,175,7
11,177,1
11,177,4
11,177,7
11,178,4
11,178,5
11,178,7
11,179,1
11,179,3
11,179,4
11,179,7
11,180,4
11,180,7
11,181,4
11,181,7
11,183,1
11,183,3
11,183,4
11,183,7
11,184,4
11,184,5
11,184,7
11,185,1
11,185,4
11,185,7
11,186,4
11,186,5
11,186,7
11,187,6
11,188,4
11,188,7
11,189,4
11,189,7
11,190,4
11,190,7
11,192,4
11,192,7
11,193,4
11,193,7
11,196,4
11,196,7
11,198,1
11,198,4
11,198,7
11,199,4
11,199,7
11,200,1
11,200,3
11,200,4
11,200,7
11,202,4
11,202,7
11,204,4
11,204,5
11,204,7
11,205,1
11,205,3
11,205,4
11,205,7
11,206,1
11,206,3
11,206,4
11,206,7
11,207,4
11,207,5
11,207,7
11,208,4
11,208,6
11,209,3
11,209,4
11,209,7
11,210,1
11,210,3
11,210,4
11,210,7
11,211,1
11,211,3
11,211,4
11,211,7
11,212,4
11,212,5
11,212,7
11,213,4
11,213,5
11,213,7
11,215,6
11,216,1
11,216,3
11,216,4
11,216,7
11,217,4
11,217,7
11,218,1
11,218,3
11,218,4
11,218,7
11,219,6
11,220,4
11,220,7
11,221,4
11,221,7
11,222,1
11,222,4
11,222,7
11,223,3
11,223,4
11,223,7
11,224,1
11,224,3
11,224,4
11,224,7
11,225,1
11,225,4
11,225,7
11,227,4
11,227,7
11,228,3
11,228,4
11,228,7
11,229,1
11,229,3
11,229,4
11,229,7
11,230,4
11,230,5
11,230,7
11,231,3
11,231,4
11,231,7
11,232,3
11,232,4
11,232,7
11,233,1
11,233,3
11,233,4
11,233,7
11,234,6
11,235,6
11,236,6
11,237,1
11,237,4
11,237,7
11,238,1
11,238,3
11,238,4
11,238,7
11,239,1
11,239,4
11,239,7
11,242,3
11,242,4
11,242,7
11,243,7
11,244,6
11,245,1
11,245,3
11,245,4
11,245,7
11,246,3
11,246,4
11,246,7
11,247,4
11,247,7
11,249,3
11,249,4
11,249,7
11,250,1
11,250,4
11,250,7
11,251,1
11,251,4
11,251,7
11,252,4
11,252,7
11,253,1
11,253,4
11,253,7
11,254,6
11,255,1
11,255,4
11,256,6
11,257,4
11,257,7
11,258,4
11,259,4
11,259,7
11,260,4
11,260,5
11,260,7
11,261,4
11,261,5
11,261,7
11,262,4
11,262,7
11,263,3
11,263,4
11,263,7
11,264,3
11,264,4
11,265,3
11,265,4
11,265,7
11,268,6
11,269,4
11,271,4
11,271,7
11,273,4
11,275,6
11,276,3
11,276,4
11,276,7
11,279,1
11,279,3
11,279,4
11,279,7
11,280,1
11,280,3
11,280,4
11,280,7
11,281,4
11,281,5
11,281,7
11,282,3
11,282,4
11,282,7
11,283,1
11,283,3
11,283,4
11,283,7
11,284,1
11,284,4
11,284,7
11,285,4
11,285,7
11,286,4
11,287,6
11,288,4
11,288,7
11,289,7
11,290,4
11,290,7
11,291,1
11,291,3
11,291,4
11,291,7
11,292,1
11,292,3
11,292,4
11,292,7
11,293,6
11,294,6
11,295,4
11,295,7
11,296,4
11,296,7
11,297,4
11,297,5
11,297,7
11,298,4
11,299,3
11,299,4
11,299,7
11,301,1
11,301,3
11,301,4
11,301,7
11,302,3
11,302,4
11,302,7
11,303,6
11,304,4
11,304,7
11,305,3
11,305,4
11,305,7
11,306,3
11,306,4
11,306,7
11,307,1
11,307,4
11,307,7
11,308,1
11,308,4
11,308,7
11,309,1
11,309,3
11,309,4
11,309,7
11,310,3
11,310,4
11,310,7
11,311,1
11,311,4
11,311,7
11,312,6
11,313,4
11,313,5
11,313,7
11,314,1
11,314,4
11,314,7
11,315,1
11,315,3
11,315,4
11,315,7
11,316,4
11,316,7
11,317,4
11,317,7
11,318,1
11,318,4
11,318,7
11,319,4
11,319,5
11,319,7
11,320,4
11,320,5
11,320,7
11,321,1
11,321,4
11,321,5
11,321,7
11,322,6
11,323,4
11,323,7
11,324,1
11,324,4
11,324,7
11,325,1
11,325,3
11,325,4
11,325,7
11,326,4
11,326,7
11,327,1
11,327,3
11,327,4
11,327,7
11,328,1
11,328,4
11,328,7
11,329,4
11,329,7
11,330,1
11,330,4
11,330,7
11,331,1
11,331,4
11,331,7
11,332,1
11,332,3
11,332,4
11,332,7
11,333,1
11,333,4
11,333,7
11,334,6
11,335,4
11,335,5
11,335,7
11,336,6
11,337,1
11,337,3
11,337,4
11,337,7
11,338,1
11,338,4
11,338,7
11,339,6
11,340,1
11,340,3
11,340,4
11,340,7
11,341,1
11,341,4
11,341,7
11,342,1
11,342,3
11,342,4
11,342,7
11,343,4
11,343,7
11,344,1
11,344,3
11,344,4
11,344,7
11,345,1
11,345,4
11,345,7
11,347,6
11,348,1
11,348,3
11,348,4
11,348,7
11,349,6
11,350,1
11,350,4
11,350,7
11,351,1
11,351,4
11,351,7
11,352,1
11,352,4
11,352,7
11,354,1
11,354,4
11,354,7
11,10001,1
11,10001,4
11,10001,7
11,10002,1
11,10002,4
11,10002,7
11,10003,1
11,10003,4
11,10003,7
11,10004,1
11,10004,4
11,10004,7
11,10005,1
11,10005,4
11,10005,7
11,10006,1
11,10006,4
11,10006,7
11,10007,1
11,10007,4
11,10007,7
11,10008,1
11,10008,4
11,10008,7
11,10009,1
11,10009,4
11,10009,7
11,10010,1
11,10010,4
11,10010,7
11,10011,1
11,10011,4
11,10011,7
11,10012,1
11,10012,4
11,10012,7
11,10013,1
11,10013,4
11,10013,7
11,10014,1
11,10014,4
11,10014,7
11,10015,1
11,10015,4
11,10015,7
11,10016,1
11,10016,4
11,10016,7
11,10017,1
11,10017,3
11,10017,4
11,10017,7
11,10018,1
11,10018,3
11,10018,4
11,10018,7
11,10019,1
11,10019,3
11,10019,4
11,10019,7
11,10020,1
11,10020,3
11,10020,4
11,10020,7
11,10021,4
11,10022,4
11,10022,7
11,10023,4
11,10024,1
11,10024,4
11,10024,7
11,10025,1
11,10025,4
11,10025,7
11,10026,1
11,10026,4
11,10026,7
11,10027,1
11,10027,4
11,10027,7
11,10029,4
11,10029,7
11,10030,4
11,10030,7
11,10031,4
11,10031,7
11,10032,4
11,10032,7
