version_group_id,move_id,can_use_move,type_id,quality_id,category_id,power,accuracy,pp,priority,min_hits,max_hits,infliction_id,infliction_percent,duration_id,min_turns,max_turns,crit_stage,flinch_percent,effect,recoil_percent,heal_percent,target_id,affinity_id,max_move_id,max_power,z_move_id,z_base_power,z_power_effect,effect_percent
17,1,1,0,0,1,40,100,35,0,0,0,0,0,0,0,0,0,0,0,0,0,0,\N,\N,\N,\N,\N,\N,\N
17,2,1,1,0,1,50,100,25,0,0,0,0,0,0,0,0,1,0,43,0,0,0,\N,\N,\N,\N,\N,\N,\N
17,3,1,0,0,1,15,85,10,0,2,5,0,0,0,0,0,0,0,29,0,0,0,\N,\N,\N,\N,\N,\N,\N
17,4,1,0,0,1,18,85,15,0,2,5,0,0,0,0,0,0,0,29,0,0,0,\N,\N,\N,\N,\N,\N,\N
17,5,1,0,0,1,80,85,20,0,0,0,0,0,0,0,0,0,0,0,0,0,0,\N,\N,\N,\N,\N,\N,\N
17,6,1,0,0,1,40,100,20,0,0,0,0,0,0,0,0,0,0,34,0,0,0,\N,\N,\N,\N,\N,\N,\N
17,7,1,9,4,1,75,100,15,0,0,0,4,10,1,0,0,0,0,4,0,0,0,\N,\N,\N,\N,\N,\N,\N
17,8,1,14,4,1,75,100,15,0,0,0,3,10,1,0,0,0,0,5,0,0,0,\N,\N,\N,\N,\N,\N,\N
17,9,1,12,4,1,75,100,15,0,0,0,1,10,1,0,0,0,0,6,0,0,0,\N,\N,\N,\N,\N,\N,\N
17,10,1,0,0,1,40,100,35,0,0,0,0,0,0,0,0,0,0,0,0,0,0,\N,\N,\N,\N,\N,\N,\N
17,11,1,0,0,1,55,100,30,0,0,0,0,0,0,0,0,0,0,0,0,0,0,\N,\N,\N,\N,\N,\N,\N
17,12,1,0,9,1,1,30,5,0,0,0,0,0,0,0,0,0,0,38,0,0,0,\N,\N,\N,\N,\N,\N,\N
17,13,1,0,0,2,80,100,10,0,0,0,0,0,0,0,0,1,0,39,0,0,5,\N,\N,\N,\N,\N,\N,\N
17,14,1,0,2,0,0,101,20,0,0,0,0,0,0,0,0,0,0,50,0,0,7,\N,\N,\N,\N,\N,\N,\N
17,15,1,0,0,1,50,95,30,0,0,0,0,0,0,0,0,0,0,0,0,0,0,\N,\N,\N,\N,\N,\N,\N
17,16,1,2,0,2,40,100,35,0,0,0,0,0,0,0,0,0,0,149,0,0,0,\N,\N,\N,\N,\N,\N,\N
17,17,1,2,0,1,60,100,35,0,0,0,0,0,0,0,0,0,0,0,0,0,0,\N,\N,\N,\N,\N,\N,\N
17,18,1,0,12,0,0,101,20,-6,0,0,0,0,0,0,0,0,0,28,0,0,0,\N,\N,\N,\N,\N,\N,\N
17,19,1,2,0,1,90,95,15,0,0,0,0,0,0,0,0,0,0,155,0,0,0,\N,\N,\N,\N,\N,\N,\N
17,20,1,0,4,1,15,85,20,0,0,0,8,100,4,5,6,0,0,42,0,0,0,\N,\N,\N,\N,\N,\N,\N
17,21,1,0,0,1,80,75,20,0,0,0,0,0,0,0,0,0,0,0,0,0,0,\N,\N,\N,\N,\N,\N,\N
17,22,1,11,0,1,45,100,25,0,0,0,0,0,0,0,0,0,0,0,0,0,0,\N,\N,\N,\N,\N,\N,\N
17,23,1,0,0,1,65,100,20,0,0,0,0,0,0,0,0,0,30,150,0,0,0,\N,\N,\N,\N,\N,\N,\N
17,24,1,1,0,1,30,100,30,0,2,2,0,0,0,0,0,0,0,44,0,0,0,\N,\N,\N,\N,\N,\N,\N
17,25,1,0,0,1,120,75,5,0,0,0,0,0,0,0,0,0,0,0,0,0,0,\N,\N,\N,\N,\N,\N,\N
17,26,1,1,0,1,100,95,10,0,0,0,0,0,0,0,0,0,0,45,0,0,0,\N,\N,\N,\N,\N,\N,\N
17,27,1,1,0,1,60,85,15,0,0,0,0,0,0,0,0,0,30,31,0,0,0,\N,\N,\N,\N,\N,\N,\N
17,28,1,4,2,0,0,100,15,0,0,0,0,0,0,0,0,0,0,23,0,0,0,\N,\N,\N,\N,\N,\N,\N
17,29,1,0,0,1,70,100,15,0,0,0,0,0,0,0,0,0,30,31,0,0,0,\N,\N,\N,\N,\N,\N,\N
17,30,1,0,0,1,65,100,25,0,0,0,0,0,0,0,0,0,0,0,0,0,0,\N,\N,\N,\N,\N,\N,\N
17,31,1,0,0,1,15,85,20,0,2,5,0,0,0,0,0,0,0,29,0,0,0,\N,\N,\N,\N,\N,\N,\N
17,32,1,0,9,1,1,30,5,0,0,0,0,0,0,0,0,0,0,38,0,0,0,\N,\N,\N,\N,\N,\N,\N
17,33,1,0,0,1,50,100,35,0,0,0,0,0,0,0,0,0,0,0,0,0,0,\N,\N,\N,\N,\N,\N,\N
17,34,1,0,4,1,85,100,15,0,0,0,1,30,1,0,0,0,0,6,0,0,0,\N,\N,\N,\N,\N,\N,\N
17,35,1,0,4,1,15,90,20,0,0,0,8,100,4,5,6,0,0,42,0,0,0,\N,\N,\N,\N,\N,\N,\N
17,36,1,0,0,1,90,85,20,0,0,0,0,0,0,0,0,0,0,48,-25,0,0,\N,\N,\N,\N,\N,\N,\N
17,37,1,0,0,1,120,100,10,0,0,0,0,0,0,0,0,0,0,27,0,0,9,\N,\N,\N,\N,\N,\N,\N
17,38,1,0,0,1,120,100,15,0,0,0,0,0,0,0,0,0,0,198,-33,0,0,\N,\N,\N,\N,\N,\N,\N
17,39,1,0,2,0,0,100,30,0,0,0,0,0,0,0,0,0,0,19,0,0,5,\N,\N,\N,\N,\N,\N,\N
17,40,1,3,4,1,15,100,35,0,0,0,5,30,1,0,0,0,0,2,0,0,0,\N,\N,\N,\N,\N,\N,\N
17,41,1,6,4,1,25,100,20,0,2,2,5,20,1,0,0,0,0,77,0,0,0,\N,\N,\N,\N,\N,\N,\N
17,42,1,6,0,1,25,95,20,0,2,5,0,0,0,0,0,0,0,29,0,0,0,\N,\N,\N,\N,\N,\N,\N
17,43,1,0,2,0,0,100,30,0,0,0,0,0,0,0,0,0,0,19,0,0,5,\N,\N,\N,\N,\N,\N,\N
17,44,1,16,0,1,60,100,25,0,0,0,0,0,0,0,0,0,30,31,0,0,0,\N,\N,\N,\N,\N,\N,\N
17,45,1,0,2,0,0,100,40,0,0,0,0,0,0,0,0,0,0,18,0,0,5,\N,\N,\N,\N,\N,\N,\N
17,46,1,0,12,0,0,101,20,-6,0,0,0,0,0,0,0,0,0,28,0,0,0,\N,\N,\N,\N,\N,\N,\N
17,47,1,0,1,0,0,55,15,0,0,0,2,0,2,2,4,0,0,1,0,0,0,\N,\N,\N,\N,\N,\N,\N
17,48,1,0,1,0,0,55,20,0,0,0,6,0,2,2,5,0,0,49,0,0,0,\N,\N,\N,\N,\N,\N,\N
17,49,1,0,0,2,1,90,20,0,0,0,0,0,0,0,0,0,0,130,0,0,0,\N,\N,\N,\N,\N,\N,\N
17,50,1,0,13,0,0,100,20,0,0,0,13,0,2,4,4,0,0,86,0,0,0,\N,\N,\N,\N,\N,\N,\N
17,51,1,3,6,2,40,100,30,0,0,0,0,0,0,0,0,0,0,72,0,0,5,\N,\N,\N,\N,\N,\N,\N
17,52,1,9,4,2,40,100,25,0,0,0,4,10,1,0,0,0,0,4,0,0,0,\N,\N,\N,\N,\N,\N,\N
17,53,1,9,4,2,90,100,15,0,0,0,4,10,1,0,0,0,0,4,0,0,0,\N,\N,\N,\N,\N,\N,\N
17,54,1,14,11,0,0,101,30,0,0,0,0,0,0,0,0,0,0,46,0,0,12,\N,\N,\N,\N,\N,\N,\N
17,55,1,10,0,2,40,100,25,0,0,0,0,0,0,0,0,0,0,0,0,0,0,\N,\N,\N,\N,\N,\N,\N
17,56,1,10,0,2,110,80,5,0,0,0,0,0,0,0,0,0,0,0,0,0,0,\N,\N,\N,\N,\N,\N,\N
17,57,1,10,0,2,90,100,15,0,0,0,0,0,0,0,0,0,0,257,0,0,4,\N,\N,\N,\N,\N,\N,\N
17,58,1,14,4,2,90,100,10,0,0,0,3,10,1,0,0,0,0,5,0,0,0,\N,\N,\N,\N,\N,\N,\N
17,59,1,14,4,2,110,70,5,0,0,0,3,10,1,0,0,0,0,260,0,0,5,\N,\N,\N,\N,\N,\N,\N
17,60,1,13,4,2,65,100,20,0,0,0,6,10,2,2,5,0,0,76,0,0,0,\N,\N,\N,\N,\N,\N,\N
17,61,1,10,6,2,65,100,20,0,0,0,0,0,0,0,0,0,0,70,0,0,0,\N,\N,\N,\N,\N,\N,\N
17,62,1,14,6,2,65,100,20,0,0,0,0,0,0,0,0,0,0,68,0,0,0,\N,\N,\N,\N,\N,\N,\N
17,63,1,0,0,2,150,90,5,0,0,0,0,0,0,0,0,0,0,80,0,0,0,\N,\N,\N,\N,\N,\N,\N
17,64,1,2,0,1,35,100,35,0,0,0,0,0,0,0,0,0,0,0,0,0,0,\N,\N,\N,\N,\N,\N,\N
17,65,1,2,0,1,80,100,20,0,0,0,0,0,0,0,0,0,0,0,0,0,0,\N,\N,\N,\N,\N,\N,\N
17,66,1,1,0,1,80,80,20,0,0,0,0,0,0,0,0,0,0,48,-25,0,0,\N,\N,\N,\N,\N,\N,\N
17,67,1,1,0,1,1,100,20,0,0,0,0,0,0,0,0,0,0,196,0,0,0,\N,\N,\N,\N,\N,\N,\N
17,68,1,1,0,1,1,100,20,-5,0,0,0,0,0,0,0,0,0,89,0,0,13,\N,\N,\N,\N,\N,\N,\N
17,69,1,1,0,1,1,100,20,0,0,0,0,0,0,0,0,0,0,87,0,0,0,\N,\N,\N,\N,\N,\N,\N
17,70,1,0,0,1,80,100,15,0,0,0,0,0,0,0,0,0,0,0,0,0,0,\N,\N,\N,\N,\N,\N,\N
17,71,1,11,8,2,20,100,25,0,0,0,0,0,0,0,0,0,0,3,50,0,0,\N,\N,\N,\N,\N,\N,\N
17,72,1,11,8,2,40,100,15,0,0,0,0,0,0,0,0,0,0,3,50,0,0,\N,\N,\N,\N,\N,\N,\N
17,73,1,11,1,0,0,90,10,0,0,0,18,0,1,0,0,0,0,84,0,0,0,\N,\N,\N,\N,\N,\N,\N
17,74,1,0,2,0,0,101,20,0,0,0,0,0,0,0,0,0,0,316,0,0,7,\N,\N,\N,\N,\N,\N,\N
17,75,1,11,0,1,55,95,25,0,0,0,0,0,0,0,0,1,0,43,0,0,5,\N,\N,\N,\N,\N,\N,\N
17,76,1,11,0,2,120,100,10,0,0,0,0,0,0,0,0,0,0,151,0,0,0,\N,\N,\N,\N,\N,\N,\N
17,77,1,3,1,0,0,75,35,0,0,0,5,0,1,0,0,0,0,66,0,0,0,\N,\N,\N,\N,\N,\N,\N
17,78,1,11,1,0,0,75,30,0,0,0,1,0,1,0,0,0,0,67,0,0,0,\N,\N,\N,\N,\N,\N,\N
17,79,1,11,1,0,0,75,15,0,0,0,2,0,2,2,4,0,0,1,0,0,0,\N,\N,\N,\N,\N,\N,\N
17,80,1,11,0,2,120,100,10,0,0,0,0,0,0,0,0,0,0,27,0,0,9,\N,\N,\N,\N,\N,\N,\N
17,81,1,6,2,0,0,95,40,0,0,0,0,0,0,0,0,0,0,60,0,0,5,\N,\N,\N,\N,\N,\N,\N
17,82,1,15,0,2,1,100,10,0,0,0,0,0,0,0,0,0,0,41,0,0,0,\N,\N,\N,\N,\N,\N,\N
17,83,1,9,4,2,35,85,15,0,0,0,8,100,4,5,6,0,0,42,0,0,0,\N,\N,\N,\N,\N,\N,\N
17,84,1,12,4,2,40,100,30,0,0,0,1,10,1,0,0,0,0,6,0,0,0,\N,\N,\N,\N,\N,\N,\N
17,85,1,12,4,2,90,100,15,0,0,0,1,10,1,0,0,0,0,6,0,0,0,\N,\N,\N,\N,\N,\N,\N
17,86,1,12,1,0,0,100,20,0,0,0,1,0,1,0,0,0,0,67,0,0,0,\N,\N,\N,\N,\N,\N,\N
17,87,1,12,4,2,110,70,10,0,0,0,1,30,1,0,0,0,0,152,0,0,0,\N,\N,\N,\N,\N,\N,\N
17,88,1,5,0,1,50,90,15,0,0,0,0,0,0,0,0,0,0,0,0,0,0,\N,\N,\N,\N,\N,\N,\N
17,89,1,4,0,1,100,100,10,0,0,0,0,0,0,0,0,0,0,147,0,0,4,\N,\N,\N,\N,\N,\N,\N
17,90,1,4,9,1,1,30,5,0,0,0,0,0,0,0,0,0,0,38,0,0,0,\N,\N,\N,\N,\N,\N,\N
17,91,1,4,0,1,80,100,10,0,0,0,0,0,0,0,0,0,0,256,0,0,0,\N,\N,\N,\N,\N,\N,\N
17,92,1,3,1,0,0,90,10,0,0,0,5,0,1,15,15,0,0,33,0,0,0,\N,\N,\N,\N,\N,\N,\N
17,93,1,13,4,2,50,100,25,0,0,0,6,10,2,2,5,0,0,76,0,0,0,\N,\N,\N,\N,\N,\N,\N
17,94,1,13,6,2,90,100,10,0,0,0,0,0,0,0,0,0,0,72,0,0,0,\N,\N,\N,\N,\N,\N,\N
17,95,1,13,1,0,0,60,20,0,0,0,2,0,2,2,4,0,0,1,0,0,0,\N,\N,\N,\N,\N,\N,\N
17,96,1,13,2,0,0,101,40,0,0,0,0,0,0,0,0,0,0,10,0,0,7,\N,\N,\N,\N,\N,\N,\N
17,97,1,13,2,0,0,101,30,0,0,0,0,0,0,0,0,0,0,52,0,0,7,\N,\N,\N,\N,\N,\N,\N
17,98,1,0,0,1,40,100,30,1,0,0,0,0,0,0,0,0,0,103,0,0,0,\N,\N,\N,\N,\N,\N,\N
17,99,1,0,0,1,20,100,20,0,0,0,0,0,0,0,0,0,0,81,0,0,0,\N,\N,\N,\N,\N,\N,\N
17,100,1,13,13,0,0,101,20,0,0,0,0,0,0,0,0,0,0,153,0,0,7,\N,\N,\N,\N,\N,\N,\N
17,101,1,7,0,2,1,100,15,0,0,0,0,0,0,0,0,0,0,87,0,0,0,\N,\N,\N,\N,\N,\N,\N
17,102,1,0,13,0,0,101,10,0,0,0,0,0,0,0,0,0,0,82,0,0,0,\N,\N,\N,\N,\N,\N,\N
17,103,1,0,2,0,0,85,40,0,0,0,0,0,0,0,0,0,0,59,0,0,0,\N,\N,\N,\N,\N,\N,\N
17,104,1,0,2,0,0,101,15,0,0,0,0,0,0,0,0,0,0,16,0,0,7,\N,\N,\N,\N,\N,\N,\N
17,105,1,0,3,0,0,101,10,0,0,0,0,0,0,0,0,0,0,32,0,50,7,\N,\N,\N,\N,\N,\N,\N
17,106,1,0,2,0,0,101,30,0,0,0,0,0,0,0,0,0,0,11,0,0,7,\N,\N,\N,\N,\N,\N,\N
17,107,1,0,2,0,0,101,10,0,0,0,0,0,0,0,0,0,0,108,0,0,7,\N,\N,\N,\N,\N,\N,\N
17,108,1,0,2,0,0,100,20,0,0,0,0,0,0,0,0,0,0,23,0,0,0,\N,\N,\N,\N,\N,\N,\N
17,109,1,7,1,0,0,100,10,0,0,0,6,0,2,2,5,0,0,49,0,0,0,\N,\N,\N,\N,\N,\N,\N
17,110,1,10,2,0,0,101,40,0,0,0,0,0,0,0,0,0,0,11,0,0,7,\N,\N,\N,\N,\N,\N,\N
17,111,1,0,2,0,0,101,40,0,0,0,0,0,0,0,0,0,0,156,0,0,7,\N,\N,\N,\N,\N,\N,\N
17,112,1,13,2,0,0,101,20,0,0,0,0,0,0,0,0,0,0,51,0,0,7,\N,\N,\N,\N,\N,\N,\N
17,113,1,13,11,0,0,101,30,0,0,0,0,0,0,0,0,0,0,35,0,0,12,\N,\N,\N,\N,\N,\N,\N
17,114,1,14,10,0,0,101,30,0,0,0,0,0,0,0,0,0,0,25,0,0,10,\N,\N,\N,\N,\N,\N,\N
17,115,1,13,11,0,0,101,20,0,0,0,0,0,0,0,0,0,0,65,0,0,12,\N,\N,\N,\N,\N,\N,\N
17,116,1,0,13,0,0,101,30,0,0,0,0,0,0,0,0,0,0,47,0,0,7,\N,\N,\N,\N,\N,\N,\N
17,117,1,0,0,1,1,101,10,1,0,0,0,0,0,0,0,0,0,26,0,0,7,\N,\N,\N,\N,\N,\N,\N
17,118,1,0,13,0,0,101,10,0,0,0,0,0,0,0,0,0,0,83,0,0,7,\N,\N,\N,\N,\N,\N,\N
17,119,1,2,13,0,0,101,20,0,0,0,0,0,0,0,0,0,0,9,0,0,0,\N,\N,\N,\N,\N,\N,\N
17,120,1,0,0,1,200,100,5,0,0,0,0,0,0,0,0,0,0,7,0,0,4,\N,\N,\N,\N,\N,\N,\N
17,121,1,0,0,1,100,75,10,0,0,0,0,0,0,0,0,0,0,0,0,0,0,\N,\N,\N,\N,\N,\N,\N
17,122,1,7,4,1,30,100,30,0,0,0,1,30,1,0,0,0,0,6,0,0,0,\N,\N,\N,\N,\N,\N,\N
17,123,1,3,4,2,30,70,20,0,0,0,5,40,1,0,0,0,0,2,0,0,0,\N,\N,\N,\N,\N,\N,\N
17,124,1,3,4,2,65,100,20,0,0,0,5,30,1,0,0,0,0,2,0,0,0,\N,\N,\N,\N,\N,\N,\N
17,125,1,4,0,1,65,85,20,0,0,0,0,0,0,0,0,0,10,31,0,0,0,\N,\N,\N,\N,\N,\N,\N
17,126,1,9,4,2,110,85,5,0,0,0,4,10,1,0,0,0,0,4,0,0,0,\N,\N,\N,\N,\N,\N,\N
17,127,1,10,0,1,80,100,15,0,0,0,0,0,0,0,0,0,20,31,0,0,0,\N,\N,\N,\N,\N,\N,\N
17,128,1,10,4,1,35,85,15,0,0,0,8,100,4,5,6,0,0,42,0,0,0,\N,\N,\N,\N,\N,\N,\N
17,129,1,0,0,2,60,101,20,0,0,0,0,0,0,0,0,0,0,17,0,0,5,\N,\N,\N,\N,\N,\N,\N
17,130,1,0,0,1,130,100,10,0,0,0,0,100,0,0,0,0,0,145,0,0,0,\N,\N,\N,\N,\N,\N,\N
17,131,1,0,0,1,20,100,15,0,2,5,0,0,0,0,0,0,0,29,0,0,0,\N,\N,\N,\N,\N,\N,\N
17,132,1,0,6,1,10,100,35,0,0,0,0,0,0,0,0,0,0,70,0,0,0,\N,\N,\N,\N,\N,\N,\N
17,133,1,13,2,0,0,101,20,0,0,0,0,0,0,0,0,0,0,54,0,0,7,\N,\N,\N,\N,\N,\N,\N
17,134,1,13,2,0,0,80,15,0,0,0,0,0,0,0,0,0,0,23,0,0,0,\N,\N,\N,\N,\N,\N,\N
17,135,1,0,3,0,0,101,10,0,0,0,0,0,0,0,0,0,0,32,0,50,7,\N,\N,\N,\N,\N,\N,\N
17,136,1,1,0,1,130,90,10,0,0,0,0,0,0,0,0,0,0,45,0,0,0,\N,\N,\N,\N,\N,\N,\N
17,137,1,0,1,0,0,100,30,0,0,0,1,0,1,0,0,0,0,67,0,0,0,\N,\N,\N,\N,\N,\N,\N
17,138,1,13,8,2,100,100,15,0,0,0,0,0,0,0,0,0,0,8,50,0,0,\N,\N,\N,\N,\N,\N,\N
17,139,1,3,1,0,0,90,40,0,0,0,5,0,1,0,0,0,0,66,0,0,5,\N,\N,\N,\N,\N,\N,\N
17,140,1,0,0,1,15,85,20,0,2,5,0,0,0,0,0,0,0,29,0,0,0,\N,\N,\N,\N,\N,\N,\N
17,141,1,6,8,1,20,100,15,0,0,0,0,0,0,0,0,0,0,3,50,0,0,\N,\N,\N,\N,\N,\N,\N
17,142,1,0,1,0,0,75,10,0,0,0,2,0,2,2,4,0,0,1,0,0,0,\N,\N,\N,\N,\N,\N,\N
17,143,1,2,0,1,140,90,5,0,0,0,0,0,0,0,0,1,30,75,0,0,0,\N,\N,\N,\N,\N,\N,\N
17,144,1,0,13,0,0,101,10,0,0,0,0,0,0,0,0,0,0,57,0,0,0,\N,\N,\N,\N,\N,\N,\N
17,145,1,10,6,2,40,100,30,0,0,0,0,0,0,0,0,0,0,70,0,0,5,\N,\N,\N,\N,\N,\N,\N
17,146,1,0,4,1,70,100,10,0,0,0,6,20,2,2,5,0,0,76,0,0,0,\N,\N,\N,\N,\N,\N,\N
17,147,1,11,1,0,0,100,15,0,0,0,2,0,2,2,4,0,0,1,0,0,0,\N,\N,\N,\N,\N,\N,\N
17,148,1,0,2,0,0,100,20,0,0,0,0,0,0,0,0,0,0,23,0,0,0,\N,\N,\N,\N,\N,\N,\N
17,149,1,13,0,2,1,100,15,0,0,0,0,0,0,0,0,0,0,88,0,0,0,\N,\N,\N,\N,\N,\N,\N
17,150,1,0,13,0,0,101,40,0,0,0,0,0,0,0,0,0,0,85,0,0,7,\N,\N,\N,\N,\N,\N,\N
17,151,1,3,2,0,0,101,20,0,0,0,0,0,0,0,0,0,0,51,0,0,7,\N,\N,\N,\N,\N,\N,\N
17,152,1,10,0,1,100,90,10,0,0,0,0,0,0,0,0,1,0,43,0,0,0,\N,\N,\N,\N,\N,\N,\N
17,153,1,0,0,1,250,100,5,0,0,0,0,0,0,0,0,0,0,7,0,0,4,\N,\N,\N,\N,\N,\N,\N
17,154,1,0,0,1,18,80,15,0,2,5,0,0,0,0,0,0,0,29,0,0,0,\N,\N,\N,\N,\N,\N,\N
17,155,1,4,0,1,50,90,10,0,2,2,0,0,0,0,0,0,0,44,0,0,0,\N,\N,\N,\N,\N,\N,\N
17,156,1,13,13,0,0,101,10,0,0,0,0,0,0,0,0,0,0,37,0,0,7,\N,\N,\N,\N,\N,\N,\N
17,157,1,5,0,1,75,90,10,0,0,0,0,0,0,0,0,0,30,31,0,0,5,\N,\N,\N,\N,\N,\N,\N
17,158,1,0,0,1,80,90,15,0,0,0,0,0,0,0,0,0,10,31,0,0,0,\N,\N,\N,\N,\N,\N,\N
17,159,1,0,2,0,0,101,30,0,0,0,0,0,0,0,0,0,0,10,0,0,7,\N,\N,\N,\N,\N,\N,\N
17,160,1,0,13,0,0,101,30,0,0,0,0,0,0,0,0,0,0,30,0,0,7,\N,\N,\N,\N,\N,\N,\N
17,161,1,0,4,2,80,100,10,0,0,0,101,20,1,0,0,0,0,36,0,0,0,\N,\N,\N,\N,\N,\N,\N
17,162,1,0,0,1,1,90,10,0,0,0,0,0,0,0,0,0,0,40,0,0,0,\N,\N,\N,\N,\N,\N,\N
17,163,1,0,0,1,70,100,20,0,0,0,0,0,0,0,0,1,0,43,0,0,0,\N,\N,\N,\N,\N,\N,\N
17,164,1,0,13,0,0,101,10,0,0,0,0,0,0,0,0,0,0,79,0,0,7,\N,\N,\N,\N,\N,\N,\N
17,165,1,0,0,1,50,101,1,0,0,0,0,0,0,0,0,0,0,254,0,-25,9,\N,\N,\N,\N,\N,\N,\N
17,166,1,0,13,0,0,101,1,0,0,0,0,0,0,0,0,0,0,95,0,0,0,\N,\N,\N,\N,\N,\N,\N
17,167,1,1,0,1,10,90,10,0,3,3,0,0,0,0,0,0,0,104,0,0,0,\N,\N,\N,\N,\N,\N,\N
17,168,1,16,0,1,60,100,25,0,0,0,0,0,0,0,0,0,0,105,0,0,0,\N,\N,\N,\N,\N,\N,\N
17,169,1,6,13,0,0,101,10,0,0,0,0,0,0,0,0,0,0,106,0,0,0,\N,\N,\N,\N,\N,\N,\N
17,170,1,0,13,0,0,101,5,0,0,0,0,0,0,0,0,0,0,94,0,0,0,\N,\N,\N,\N,\N,\N,\N
17,171,1,7,1,0,0,100,15,0,0,0,9,0,1,0,0,0,0,107,0,0,0,\N,\N,\N,\N,\N,\N,\N
17,172,1,9,4,1,60,100,25,0,0,0,4,10,1,0,0,0,0,125,0,0,0,\N,\N,\N,\N,\N,\N,\N
17,173,1,0,0,2,50,100,15,0,0,0,0,0,0,0,0,0,30,92,0,0,0,\N,\N,\N,\N,\N,\N,\N
17,174,1,7,13,0,0,101,10,0,0,0,0,0,0,0,0,0,0,109,0,0,13,\N,\N,\N,\N,\N,\N,\N
17,175,1,0,0,1,1,100,15,0,0,0,0,0,0,0,0,0,0,99,0,0,0,\N,\N,\N,\N,\N,\N,\N
17,176,1,0,13,0,0,101,30,0,0,0,0,0,0,0,0,0,0,93,0,0,0,\N,\N,\N,\N,\N,\N,\N
17,177,1,2,0,2,100,95,5,0,0,0,0,0,0,0,0,1,0,43,0,0,0,\N,\N,\N,\N,\N,\N,\N
17,178,1,11,2,0,0,100,40,0,0,0,0,0,0,0,0,0,0,60,0,0,5,\N,\N,\N,\N,\N,\N,\N
17,179,1,1,0,1,1,100,15,0,0,0,0,0,0,0,0,0,0,99,0,0,0,\N,\N,\N,\N,\N,\N,\N
17,180,1,7,13,0,0,100,10,0,0,0,0,0,0,0,0,0,0,100,0,0,0,\N,\N,\N,\N,\N,\N,\N
17,181,1,14,4,2,40,100,25,0,0,0,3,10,1,0,0,0,0,5,0,0,5,\N,\N,\N,\N,\N,\N,\N
17,182,1,0,13,0,0,101,10,4,0,0,0,0,0,0,0,0,0,111,0,0,7,\N,\N,\N,\N,\N,\N,\N
17,183,1,1,0,1,40,100,30,1,0,0,0,0,0,0,0,0,0,103,0,0,0,\N,\N,\N,\N,\N,\N,\N
17,184,1,0,2,0,0,100,10,0,0,0,0,0,0,0,0,0,0,60,0,0,0,\N,\N,\N,\N,\N,\N,\N
17,185,1,16,0,1,60,101,20,0,0,0,0,0,0,0,0,0,0,17,0,0,0,\N,\N,\N,\N,\N,\N,\N
17,186,1,17,1,0,0,75,10,0,0,0,6,0,2,2,5,0,0,49,0,0,0,\N,\N,\N,\N,\N,\N,\N
17,187,1,0,13,0,0,101,10,0,0,0,0,0,0,0,0,0,0,142,0,0,7,\N,\N,\N,\N,\N,\N,\N
17,188,1,3,4,2,90,100,10,0,0,0,5,30,1,0,0,0,0,2,0,0,0,\N,\N,\N,\N,\N,\N,\N
17,189,1,4,6,2,20,100,10,0,0,0,0,0,0,0,0,0,0,73,0,0,0,\N,\N,\N,\N,\N,\N,\N
17,190,1,10,6,2,65,85,10,0,0,0,0,0,0,0,0,0,0,73,0,0,0,\N,\N,\N,\N,\N,\N,\N
17,191,1,4,11,0,0,101,20,0,0,0,0,0,0,0,0,0,0,112,0,0,11,\N,\N,\N,\N,\N,\N,\N
17,192,1,12,4,2,120,50,5,0,0,0,1,100,1,0,0,0,0,6,0,0,0,\N,\N,\N,\N,\N,\N,\N
17,193,1,0,1,0,0,101,40,0,0,0,17,0,1,0,0,0,0,113,0,0,0,\N,\N,\N,\N,\N,\N,\N
17,194,1,7,13,0,0,101,5,0,0,0,0,0,0,0,0,0,0,98,0,0,7,\N,\N,\N,\N,\N,\N,\N
17,195,1,0,1,0,0,101,5,0,0,0,20,0,2,4,4,0,0,114,0,0,8,\N,\N,\N,\N,\N,\N,\N
17,196,1,14,6,2,55,95,15,0,0,0,0,0,0,0,0,0,0,70,0,0,5,\N,\N,\N,\N,\N,\N,\N
17,197,1,1,13,0,0,101,5,4,0,0,0,0,0,0,0,0,0,111,0,0,7,\N,\N,\N,\N,\N,\N,\N
17,198,1,4,0,1,25,90,10,0,2,5,0,0,0,0,0,0,0,29,0,0,0,\N,\N,\N,\N,\N,\N,\N
17,199,1,0,13,0,0,101,5,0,0,0,0,0,0,0,0,0,0,94,0,0,0,\N,\N,\N,\N,\N,\N,\N
17,200,1,15,0,1,120,100,10,0,0,0,0,0,0,0,0,0,0,27,0,0,9,\N,\N,\N,\N,\N,\N,\N
17,201,1,5,10,0,0,101,10,0,0,0,0,0,0,0,0,0,0,115,0,0,10,\N,\N,\N,\N,\N,\N,\N
17,202,1,11,8,2,75,100,10,0,0,0,0,0,0,0,0,0,0,3,50,0,0,\N,\N,\N,\N,\N,\N,\N
17,203,1,0,13,0,0,101,10,4,0,0,0,0,0,0,0,0,0,116,0,0,7,\N,\N,\N,\N,\N,\N,\N
17,204,1,17,2,0,0,100,20,0,0,0,0,0,0,0,0,0,0,58,0,0,0,\N,\N,\N,\N,\N,\N,\N
17,205,1,5,0,1,30,90,20,0,0,0,0,0,0,0,0,0,0,117,0,0,0,\N,\N,\N,\N,\N,\N,\N
17,206,1,0,0,1,40,100,40,0,0,0,0,0,0,0,0,0,0,101,0,0,0,\N,\N,\N,\N,\N,\N,\N
17,207,1,0,5,0,0,90,15,0,0,0,6,0,2,2,5,0,0,118,0,0,0,\N,\N,\N,\N,\N,\N,\N
17,208,1,0,3,0,0,101,10,0,0,0,0,0,0,0,0,0,0,32,0,50,7,\N,\N,\N,\N,\N,\N,\N
17,209,1,12,4,1,65,100,20,0,0,0,1,30,1,0,0,0,0,6,0,0,0,\N,\N,\N,\N,\N,\N,\N
17,210,1,6,0,1,40,95,20,0,0,0,0,0,0,0,0,0,0,119,0,0,0,\N,\N,\N,\N,\N,\N,\N
17,211,1,8,7,1,70,90,25,0,0,0,0,0,0,0,0,0,0,138,0,0,0,\N,\N,\N,\N,\N,\N,\N
17,212,1,0,13,0,0,101,5,0,0,0,0,0,0,0,0,0,0,106,0,0,0,\N,\N,\N,\N,\N,\N,\N
17,213,1,0,1,0,0,100,15,0,0,0,7,0,3,0,0,0,0,120,0,0,0,\N,\N,\N,\N,\N,\N,\N
17,214,1,0,13,0,0,101,10,0,0,0,0,0,0,0,0,0,0,97,0,0,7,\N,\N,\N,\N,\N,\N,\N
17,215,1,0,13,0,0,101,5,0,0,0,0,0,0,0,0,0,0,102,0,0,6,\N,\N,\N,\N,\N,\N,\N
17,216,1,0,0,1,1,100,20,0,0,0,0,0,0,0,0,0,0,121,0,0,0,\N,\N,\N,\N,\N,\N,\N
17,217,1,0,0,1,1,90,15,0,0,0,0,0,0,0,0,0,0,122,0,0,0,\N,\N,\N,\N,\N,\N,\N
17,218,1,0,0,1,1,100,20,0,0,0,0,0,0,0,0,0,0,123,0,0,0,\N,\N,\N,\N,\N,\N,\N
17,219,1,0,11,0,0,101,25,0,0,0,0,0,0,0,0,0,0,124,0,0,12,\N,\N,\N,\N,\N,\N,\N
17,220,1,0,13,0,0,101,20,0,0,0,0,0,0,0,0,0,0,91,0,0,0,\N,\N,\N,\N,\N,\N,\N
17,221,1,9,4,1,100,95,5,0,0,0,4,50,1,0,0,0,0,125,0,0,0,\N,\N,\N,\N,\N,\N,\N
17,222,1,4,0,1,1,100,30,0,0,0,0,0,0,0,0,0,0,126,0,0,4,\N,\N,\N,\N,\N,\N,\N
17,223,1,1,4,1,100,50,5,0,0,0,6,100,2,2,5,0,0,76,0,0,0,\N,\N,\N,\N,\N,\N,\N
17,224,1,6,0,1,120,85,10,0,0,0,0,0,0,0,0,0,0,0,0,0,0,\N,\N,\N,\N,\N,\N,\N
17,225,1,15,4,2,60,100,20,0,0,0,1,30,1,0,0,0,0,6,0,0,0,\N,\N,\N,\N,\N,\N,\N
17,226,1,0,13,0,0,101,40,0,0,0,0,0,0,0,0,0,0,127,0,0,7,\N,\N,\N,\N,\N,\N,\N
17,227,1,0,13,0,0,100,5,0,0,0,0,0,0,0,0,0,0,90,0,0,0,\N,\N,\N,\N,\N,\N,\N
17,228,1,16,0,1,40,100,20,0,0,0,0,0,0,0,0,0,0,128,0,0,0,\N,\N,\N,\N,\N,\N,\N
17,229,1,0,0,1,20,100,40,0,0,0,0,0,0,0,0,0,0,129,0,0,0,\N,\N,\N,\N,\N,\N,\N
17,230,1,0,2,0,0,100,20,0,0,0,0,0,0,0,0,0,0,24,0,0,5,\N,\N,\N,\N,\N,\N,\N
17,231,1,8,6,1,100,75,15,0,0,0,0,0,0,0,0,0,0,69,0,0,0,\N,\N,\N,\N,\N,\N,\N
17,232,1,8,7,1,50,95,35,0,0,0,0,0,0,0,0,0,0,139,0,0,0,\N,\N,\N,\N,\N,\N,\N
17,233,1,1,0,1,70,101,10,-1,0,0,0,0,0,0,0,0,0,78,0,0,0,\N,\N,\N,\N,\N,\N,\N
17,234,1,0,3,0,0,101,5,0,0,0,0,0,0,0,0,0,0,132,0,50,7,\N,\N,\N,\N,\N,\N,\N
17,235,1,11,3,0,0,101,5,0,0,0,0,0,0,0,0,0,0,132,0,50,7,\N,\N,\N,\N,\N,\N,\N
17,236,1,17,3,0,0,101,5,0,0,0,0,0,0,0,0,0,0,132,0,50,7,\N,\N,\N,\N,\N,\N,\N
17,237,1,0,0,2,60,100,15,0,0,0,0,0,0,0,0,0,0,135,0,0,0,\N,\N,\N,\N,\N,\N,\N
17,238,1,1,0,1,100,80,5,0,0,0,0,0,0,0,0,1,0,43,0,0,0,\N,\N,\N,\N,\N,\N,\N
17,239,1,15,0,2,40,100,20,0,0,0,0,0,0,0,0,0,20,146,0,0,5,\N,\N,\N,\N,\N,\N,\N
17,240,1,10,10,0,0,101,5,0,0,0,0,0,0,0,0,0,0,136,0,0,10,\N,\N,\N,\N,\N,\N,\N
17,241,1,9,10,0,0,101,5,0,0,0,0,0,0,0,0,0,0,137,0,0,10,\N,\N,\N,\N,\N,\N,\N
17,242,1,16,6,1,80,100,15,0,0,0,0,0,0,0,0,0,0,69,0,0,0,\N,\N,\N,\N,\N,\N,\N
17,243,1,13,0,2,1,100,20,-5,0,0,0,0,0,0,0,0,0,144,0,0,13,\N,\N,\N,\N,\N,\N,\N
17,244,1,0,13,0,0,101,10,0,0,0,0,0,0,0,0,0,0,143,0,0,0,\N,\N,\N,\N,\N,\N,\N
17,245,1,0,0,1,80,100,5,2,0,0,0,0,0,0,0,0,0,103,0,0,0,\N,\N,\N,\N,\N,\N,\N
17,246,1,5,7,2,60,100,5,0,0,0,0,0,0,0,0,0,0,140,0,0,0,\N,\N,\N,\N,\N,\N,\N
17,247,1,7,6,2,80,100,15,0,0,0,0,0,0,0,0,0,0,72,0,0,0,\N,\N,\N,\N,\N,\N,\N
17,248,1,13,13,2,120,100,10,0,0,0,0,0,0,0,0,0,0,148,0,0,0,\N,\N,\N,\N,\N,\N,\N
17,249,1,1,6,1,40,100,15,0,0,0,0,0,0,0,0,0,0,69,0,0,0,\N,\N,\N,\N,\N,\N,\N
17,250,1,10,4,2,35,85,15,0,0,0,8,100,4,5,6,0,0,261,0,0,0,\N,\N,\N,\N,\N,\N,\N
17,251,1,16,0,1,1,100,10,0,6,6,0,0,0,0,0,0,0,154,0,0,0,\N,\N,\N,\N,\N,\N,\N
17,252,1,0,0,1,40,100,10,3,0,0,0,0,0,0,0,0,100,158,0,0,0,\N,\N,\N,\N,\N,\N,\N
17,253,1,0,0,2,90,100,10,0,0,0,0,0,0,0,0,0,0,159,0,0,9,\N,\N,\N,\N,\N,\N,\N
17,254,1,0,13,0,0,101,20,0,0,0,0,0,0,0,0,0,0,160,0,0,7,\N,\N,\N,\N,\N,\N,\N
17,255,1,0,0,2,1,100,10,0,0,0,0,0,0,0,0,0,0,161,0,0,0,\N,\N,\N,\N,\N,\N,\N
17,256,1,0,3,0,0,101,10,0,0,0,0,0,0,0,0,0,0,162,0,25,7,\N,\N,\N,\N,\N,\N,\N
17,257,1,9,4,2,95,90,10,0,0,0,4,10,1,0,0,0,0,4,0,0,5,\N,\N,\N,\N,\N,\N,\N
17,258,1,14,10,0,0,101,10,0,0,0,0,0,0,0,0,0,0,164,0,0,10,\N,\N,\N,\N,\N,\N,\N
17,259,1,16,1,0,0,100,15,0,0,0,12,0,1,0,0,0,0,165,0,0,0,\N,\N,\N,\N,\N,\N,\N
17,260,1,16,5,0,0,100,15,0,0,0,6,0,2,2,5,0,0,166,0,0,0,\N,\N,\N,\N,\N,\N,\N
17,261,1,9,1,0,0,85,15,0,0,0,4,0,1,0,0,0,0,167,0,0,0,\N,\N,\N,\N,\N,\N,\N
17,262,1,16,13,0,0,100,10,0,0,0,0,0,0,0,0,0,0,168,0,0,0,\N,\N,\N,\N,\N,\N,\N
17,263,1,0,0,1,70,100,20,0,0,0,0,0,0,0,0,0,0,169,0,0,0,\N,\N,\N,\N,\N,\N,\N
17,264,1,1,0,1,150,100,20,-3,0,0,0,0,0,0,0,0,0,170,0,0,0,\N,\N,\N,\N,\N,\N,\N
17,265,1,0,0,1,70,100,10,0,0,0,0,0,0,0,0,0,0,171,0,0,0,\N,\N,\N,\N,\N,\N,\N
17,266,1,0,13,0,0,101,20,2,0,0,0,0,0,0,0,0,0,172,0,0,7,\N,\N,\N,\N,\N,\N,\N
17,267,1,0,13,0,0,101,20,0,0,0,0,0,0,0,0,0,0,173,0,0,0,\N,\N,\N,\N,\N,\N,\N
17,268,1,12,2,0,0,101,20,0,0,0,0,0,0,0,0,0,0,174,0,0,7,\N,\N,\N,\N,\N,\N,\N
17,269,1,16,13,0,0,100,20,0,0,0,0,0,0,0,0,0,0,175,0,0,0,\N,\N,\N,\N,\N,\N,\N
17,270,1,0,13,0,0,101,20,5,0,0,0,0,0,0,0,0,0,176,0,0,2,\N,\N,\N,\N,\N,\N,\N
17,271,1,13,13,0,0,100,10,0,0,0,0,0,0,0,0,0,0,177,0,0,0,\N,\N,\N,\N,\N,\N,\N
17,272,1,13,13,0,0,101,10,0,0,0,0,0,0,0,0,0,0,178,0,0,0,\N,\N,\N,\N,\N,\N,\N
17,273,1,0,13,0,0,101,10,0,0,0,0,0,0,0,0,0,0,179,0,0,7,\N,\N,\N,\N,\N,\N,\N
17,274,1,0,13,0,0,101,20,0,0,0,0,0,0,0,0,0,0,180,0,0,7,\N,\N,\N,\N,\N,\N,\N
17,275,1,11,1,0,0,101,20,0,0,0,21,0,1,0,0,0,0,181,0,0,7,\N,\N,\N,\N,\N,\N,\N
17,276,1,1,7,1,120,100,5,0,0,0,0,0,0,0,0,0,0,182,0,0,0,\N,\N,\N,\N,\N,\N,\N
17,277,1,13,13,0,0,101,15,4,0,0,0,0,0,0,0,0,0,183,0,0,7,\N,\N,\N,\N,\N,\N,\N
17,278,1,0,13,0,0,101,10,0,0,0,0,0,0,0,0,0,0,184,0,0,7,\N,\N,\N,\N,\N,\N,\N
17,279,1,1,0,1,60,100,10,-4,0,0,0,0,0,0,0,0,0,185,0,0,0,\N,\N,\N,\N,\N,\N,\N
17,280,1,1,0,1,75,100,15,0,0,0,0,0,0,0,0,0,0,186,0,0,0,\N,\N,\N,\N,\N,\N,\N
17,281,1,0,1,0,0,101,10,0,0,0,14,0,2,2,2,0,0,187,0,0,0,\N,\N,\N,\N,\N,\N,\N
17,282,1,16,0,1,65,100,20,0,0,0,0,0,0,0,0,0,0,188,0,0,0,\N,\N,\N,\N,\N,\N,\N
17,283,1,0,0,1,1,100,5,0,0,0,0,0,0,0,0,0,0,189,0,0,0,\N,\N,\N,\N,\N,\N,\N
17,284,1,9,0,2,150,100,5,0,0,0,0,0,0,0,0,0,0,190,0,0,5,\N,\N,\N,\N,\N,\N,\N
17,285,1,13,13,0,0,101,10,0,0,0,0,0,0,0,0,0,0,191,0,0,0,\N,\N,\N,\N,\N,\N,\N
17,286,1,13,13,0,0,101,10,0,0,0,0,0,0,0,0,0,0,192,0,0,7,\N,\N,\N,\N,\N,\N,\N
17,287,1,0,13,0,0,101,20,0,0,0,0,0,0,0,0,0,0,193,0,0,7,\N,\N,\N,\N,\N,\N,\N
17,288,1,7,13,0,0,101,5,0,0,0,0,0,0,0,0,0,0,194,0,0,7,\N,\N,\N,\N,\N,\N,\N
17,289,1,16,13,0,0,101,10,4,0,0,0,0,0,0,0,0,0,195,0,0,7,\N,\N,\N,\N,\N,\N,\N
17,290,1,0,0,1,70,100,20,0,0,0,0,30,0,0,0,0,0,197,0,0,0,\N,\N,\N,\N,\N,\N,\N
17,291,1,10,0,1,80,100,10,0,0,0,0,0,0,0,0,0,0,255,0,0,0,\N,\N,\N,\N,\N,\N,\N
17,292,1,1,0,1,15,100,20,0,2,5,0,0,0,0,0,0,0,29,0,0,0,\N,\N,\N,\N,\N,\N,\N
17,293,1,0,13,0,0,101,20,0,0,0,0,0,0,0,0,0,0,213,0,0,7,\N,\N,\N,\N,\N,\N,\N
17,294,1,6,2,0,0,101,20,0,0,0,0,0,0,0,0,0,0,321,0,0,7,\N,\N,\N,\N,\N,\N,\N
17,295,1,13,6,2,70,100,5,0,0,0,0,0,0,0,0,0,0,72,0,0,0,\N,\N,\N,\N,\N,\N,\N
17,296,1,13,6,2,70,100,5,0,0,0,0,0,0,0,0,0,0,71,0,0,0,\N,\N,\N,\N,\N,\N,\N
17,297,1,2,2,0,0,100,15,0,0,0,0,0,0,0,0,0,0,58,0,0,0,\N,\N,\N,\N,\N,\N,\N
17,298,1,0,1,0,0,100,20,0,0,0,6,0,2,2,5,0,0,199,0,0,4,\N,\N,\N,\N,\N,\N,\N
17,299,1,9,4,1,85,90,10,0,0,0,4,10,1,0,0,1,0,200,0,0,0,\N,\N,\N,\N,\N,\N,\N
17,300,1,4,10,0,0,101,15,0,0,0,0,0,0,0,0,0,0,201,0,0,10,\N,\N,\N,\N,\N,\N,\N
17,301,1,14,0,1,30,90,20,0,0,0,0,0,0,0,0,0,0,117,0,0,0,\N,\N,\N,\N,\N,\N,\N
17,302,1,11,0,1,60,100,15,0,0,0,0,0,0,0,0,0,30,31,0,0,0,\N,\N,\N,\N,\N,\N,\N
17,303,1,0,3,0,0,101,10,0,0,0,0,0,0,0,0,0,0,32,0,50,7,\N,\N,\N,\N,\N,\N,\N
17,304,1,0,0,2,90,100,10,0,0,0,0,0,0,0,0,0,0,0,0,0,5,\N,\N,\N,\N,\N,\N,\N
17,305,1,3,4,1,50,100,15,0,0,0,5,50,1,15,15,0,0,202,0,0,0,\N,\N,\N,\N,\N,\N,\N
17,306,1,0,6,1,75,95,10,0,0,0,0,0,0,0,0,0,0,69,0,0,0,\N,\N,\N,\N,\N,\N,\N
17,307,1,9,0,2,150,90,5,0,0,0,0,0,0,0,0,0,0,80,0,0,0,\N,\N,\N,\N,\N,\N,\N
17,308,1,10,0,2,150,90,5,0,0,0,0,0,0,0,0,0,0,80,0,0,0,\N,\N,\N,\N,\N,\N,\N
17,309,1,8,7,1,90,90,10,0,0,0,0,0,0,0,0,0,0,139,0,0,0,\N,\N,\N,\N,\N,\N,\N
17,310,1,7,0,1,30,100,15,0,0,0,0,0,0,0,0,0,30,31,0,0,0,\N,\N,\N,\N,\N,\N,\N
17,311,1,0,0,2,50,100,10,0,0,0,0,0,0,0,0,0,0,203,0,0,0,\N,\N,\N,\N,\N,\N,\N
17,312,1,11,13,0,0,101,5,0,0,0,0,0,0,0,0,0,0,102,0,0,6,\N,\N,\N,\N,\N,\N,\N
17,313,1,16,2,0,0,100,20,0,0,0,0,0,0,0,0,0,0,62,0,0,0,\N,\N,\N,\N,\N,\N,\N
17,314,1,2,0,2,60,95,25,0,0,0,0,0,0,0,0,1,0,43,0,0,5,\N,\N,\N,\N,\N,\N,\N
17,315,1,9,7,2,130,90,5,0,0,0,0,0,0,0,0,0,0,204,0,0,0,\N,\N,\N,\N,\N,\N,\N
17,316,1,0,1,0,0,101,40,0,0,0,17,0,1,0,0,0,0,113,0,0,0,\N,\N,\N,\N,\N,\N,\N
17,317,1,5,6,1,60,95,15,0,0,0,0,0,0,0,0,0,0,70,0,0,0,\N,\N,\N,\N,\N,\N,\N
17,318,1,6,7,2,60,100,5,0,0,0,0,0,0,0,0,0,0,140,0,0,0,\N,\N,\N,\N,\N,\N,\N
17,319,1,8,2,0,0,85,40,0,0,0,0,0,0,0,0,0,0,62,0,0,0,\N,\N,\N,\N,\N,\N,\N
17,320,1,11,1,0,0,55,15,0,0,0,2,0,2,2,4,0,0,1,0,0,0,\N,\N,\N,\N,\N,\N,\N
17,321,1,0,2,0,0,100,20,0,0,0,0,0,0,0,0,0,0,205,0,0,0,\N,\N,\N,\N,\N,\N,\N
17,322,1,13,2,0,0,101,20,0,0,0,0,0,0,0,0,0,0,206,0,0,7,\N,\N,\N,\N,\N,\N,\N
17,323,1,10,0,2,150,100,5,0,0,0,0,0,0,0,0,0,0,190,0,0,5,\N,\N,\N,\N,\N,\N,\N
17,324,1,6,4,2,75,100,15,0,0,0,6,10,2,2,5,0,0,76,0,0,0,\N,\N,\N,\N,\N,\N,\N
17,325,1,7,0,1,60,101,20,0,0,0,0,0,0,0,0,0,0,17,0,0,0,\N,\N,\N,\N,\N,\N,\N
17,326,1,13,0,2,80,100,20,0,0,0,0,0,0,0,0,0,10,31,0,0,0,\N,\N,\N,\N,\N,\N,\N
17,327,1,1,0,1,85,90,15,0,0,0,0,0,0,0,0,0,0,207,0,0,0,\N,\N,\N,\N,\N,\N,\N
17,328,1,4,4,1,35,85,15,0,0,0,8,100,4,5,6,0,0,42,0,0,0,\N,\N,\N,\N,\N,\N,\N
17,329,1,14,9,2,1,30,5,0,0,0,0,0,0,0,0,0,0,38,0,0,0,\N,\N,\N,\N,\N,\N,\N
17,330,1,10,6,2,90,85,10,0,0,0,0,0,0,0,0,0,0,73,0,0,5,\N,\N,\N,\N,\N,\N,\N
17,331,1,11,0,1,25,100,30,0,2,5,0,0,0,0,0,0,0,29,0,0,0,\N,\N,\N,\N,\N,\N,\N
17,332,1,2,0,1,60,101,20,0,0,0,0,0,0,0,0,0,0,17,0,0,0,\N,\N,\N,\N,\N,\N,\N
17,333,1,14,0,1,25,100,30,0,2,5,0,0,0,0,0,0,0,29,0,0,0,\N,\N,\N,\N,\N,\N,\N
17,334,1,8,2,0,0,101,15,0,0,0,0,0,0,0,0,0,0,51,0,0,7,\N,\N,\N,\N,\N,\N,\N
17,335,1,0,13,0,0,101,5,0,0,0,0,0,0,0,0,0,0,106,0,0,0,\N,\N,\N,\N,\N,\N,\N
17,336,1,0,2,0,0,101,40,0,0,0,0,0,0,0,0,0,0,10,0,0,7,\N,\N,\N,\N,\N,\N,\N
17,337,1,15,0,1,80,100,15,0,0,0,0,0,0,0,0,0,0,0,0,0,0,\N,\N,\N,\N,\N,\N,\N
17,338,1,11,0,2,150,90,5,0,0,0,0,0,0,0,0,0,0,80,0,0,0,\N,\N,\N,\N,\N,\N,\N
17,339,1,1,2,0,0,101,20,0,0,0,0,0,0,0,0,0,0,208,0,0,7,\N,\N,\N,\N,\N,\N,\N
17,340,1,2,4,1,85,85,5,0,0,0,1,30,1,0,0,0,0,263,0,0,0,\N,\N,\N,\N,\N,\N,\N
17,341,1,4,6,2,55,95,15,0,0,0,0,0,0,0,0,0,0,70,0,0,0,\N,\N,\N,\N,\N,\N,\N
17,342,1,3,4,1,50,100,25,0,0,0,5,10,1,0,0,1,0,209,0,0,0,\N,\N,\N,\N,\N,\N,\N
17,343,1,0,0,1,60,100,25,0,0,0,0,0,0,0,0,0,0,105,0,0,0,\N,\N,\N,\N,\N,\N,\N
17,344,1,12,4,1,120,100,15,0,0,0,1,10,1,0,0,0,0,262,-33,0,0,\N,\N,\N,\N,\N,\N,\N
17,345,1,11,0,2,60,101,20,0,0,0,0,0,0,0,0,0,0,17,0,0,0,\N,\N,\N,\N,\N,\N,\N
17,346,1,10,10,0,0,101,15,0,0,0,0,0,0,0,0,0,0,210,0,0,10,\N,\N,\N,\N,\N,\N,\N
17,347,1,13,2,0,0,101,20,0,0,0,0,0,0,0,0,0,0,211,0,0,7,\N,\N,\N,\N,\N,\N,\N
17,348,1,11,0,1,90,100,15,0,0,0,0,0,0,0,0,1,0,43,0,0,0,\N,\N,\N,\N,\N,\N,\N
17,349,1,15,2,0,0,101,20,0,0,0,0,0,0,0,0,0,0,212,0,0,7,\N,\N,\N,\N,\N,\N,\N
17,350,1,5,0,1,25,90,10,0,2,5,0,0,0,0,0,0,0,29,0,0,0,\N,\N,\N,\N,\N,\N,\N
17,351,1,12,0,2,60,101,20,0,0,0,0,0,0,0,0,0,0,17,0,0,0,\N,\N,\N,\N,\N,\N,\N
17,352,1,10,4,2,60,100,20,0,0,0,6,20,2,2,5,0,0,76,0,0,0,\N,\N,\N,\N,\N,\N,\N
17,353,1,8,13,2,140,100,5,0,0,0,0,0,0,0,0,0,0,148,0,0,0,\N,\N,\N,\N,\N,\N,\N
17,354,1,13,7,2,140,90,5,0,0,0,0,0,0,0,0,0,0,204,0,0,0,\N,\N,\N,\N,\N,\N,\N
17,355,1,2,3,0,0,101,10,0,0,0,0,0,0,0,0,0,0,214,0,50,7,\N,\N,\N,\N,\N,\N,\N
17,356,1,13,10,0,0,101,5,0,0,0,0,0,0,0,0,0,0,215,0,0,10,\N,\N,\N,\N,\N,\N,\N
17,357,1,13,1,0,0,101,40,0,0,0,17,0,1,0,0,0,0,216,0,0,0,\N,\N,\N,\N,\N,\N,\N
17,358,1,1,0,1,70,100,10,0,0,0,0,0,0,0,0,0,0,217,0,0,0,\N,\N,\N,\N,\N,\N,\N
17,359,1,1,7,1,100,90,10,0,0,0,0,0,0,0,0,0,0,218,0,0,0,\N,\N,\N,\N,\N,\N,\N
17,360,1,8,0,1,1,100,5,0,0,0,0,0,0,0,0,0,0,219,0,0,0,\N,\N,\N,\N,\N,\N,\N
17,361,1,13,13,0,0,101,10,0,0,0,0,0,0,0,0,0,0,220,0,0,7,\N,\N,\N,\N,\N,\N,\N
17,362,1,10,0,2,65,100,10,0,0,0,0,0,0,0,0,0,0,221,0,0,0,\N,\N,\N,\N,\N,\N,\N
17,363,1,0,0,1,1,100,15,0,0,0,0,0,0,0,0,0,0,222,0,0,0,\N,\N,\N,\N,\N,\N,\N
17,364,1,0,0,1,30,100,10,2,0,0,0,0,0,0,0,0,0,223,0,0,0,\N,\N,\N,\N,\N,\N,\N
17,365,1,2,0,1,60,100,20,0,0,0,0,0,0,0,0,0,0,224,0,0,0,\N,\N,\N,\N,\N,\N,\N
17,366,1,2,11,0,0,101,15,0,0,0,0,0,0,0,0,0,0,225,0,0,12,\N,\N,\N,\N,\N,\N,\N
17,367,1,0,13,0,0,101,30,0,0,0,0,0,0,0,0,0,0,226,0,0,1,\N,\N,\N,\N,\N,\N,\N
17,368,1,8,0,1,1,100,10,0,0,0,0,0,0,0,0,0,0,227,0,0,13,\N,\N,\N,\N,\N,\N,\N
17,369,1,6,0,1,70,100,20,0,0,0,0,0,0,0,0,0,0,228,0,0,0,\N,\N,\N,\N,\N,\N,\N
17,370,1,1,7,1,120,100,5,0,0,0,0,0,0,0,0,0,0,229,0,0,0,\N,\N,\N,\N,\N,\N,\N
17,371,1,16,0,1,50,100,10,0,0,0,0,0,0,0,0,0,0,230,0,0,0,\N,\N,\N,\N,\N,\N,\N
17,372,1,16,0,1,60,100,10,0,0,0,0,0,0,0,0,0,0,231,0,0,0,\N,\N,\N,\N,\N,\N,\N
17,373,1,16,1,0,0,100,15,0,0,0,19,0,2,5,5,0,0,232,0,0,0,\N,\N,\N,\N,\N,\N,\N
17,374,1,16,0,1,1,100,10,0,0,0,0,0,0,0,0,0,0,233,0,0,0,\N,\N,\N,\N,\N,\N,\N
17,375,1,13,13,0,0,100,10,0,0,0,0,0,0,0,0,0,0,234,0,0,0,\N,\N,\N,\N,\N,\N,\N
17,376,1,0,0,2,1,101,5,0,0,0,0,0,0,0,0,0,0,235,0,0,0,\N,\N,\N,\N,\N,\N,\N
17,377,1,13,1,0,0,100,15,0,0,0,15,0,2,5,5,0,0,236,0,0,5,\N,\N,\N,\N,\N,\N,\N
17,378,1,0,0,2,1,100,5,0,0,0,0,0,0,0,0,0,0,237,0,0,0,\N,\N,\N,\N,\N,\N,\N
17,379,1,13,13,0,0,101,10,0,0,0,0,0,0,0,0,0,0,238,0,0,7,\N,\N,\N,\N,\N,\N,\N
17,380,1,3,13,0,0,100,10,0,0,0,0,0,0,0,0,0,0,239,0,0,0,\N,\N,\N,\N,\N,\N,\N
17,381,1,0,11,0,0,101,30,0,0,0,0,0,0,0,0,0,0,240,0,0,12,\N,\N,\N,\N,\N,\N,\N
17,382,1,0,0,0,1,101,20,0,0,0,0,0,0,0,0,0,0,241,0,0,3,\N,\N,\N,\N,\N,\N,\N
17,383,1,0,13,0,0,101,20,0,0,0,0,0,0,0,0,0,0,242,0,0,7,\N,\N,\N,\N,\N,\N,\N
17,384,1,13,13,0,0,101,10,0,0,0,0,0,0,0,0,0,0,243,0,0,0,\N,\N,\N,\N,\N,\N,\N
17,385,1,13,13,0,0,101,10,0,0,0,0,0,0,0,0,0,0,244,0,0,0,\N,\N,\N,\N,\N,\N,\N
17,386,1,16,0,1,1,100,5,0,0,0,0,0,0,0,0,0,0,245,0,0,0,\N,\N,\N,\N,\N,\N,\N
17,387,1,0,0,1,140,100,5,0,0,0,0,0,0,0,0,0,0,246,0,0,0,\N,\N,\N,\N,\N,\N,\N
17,388,1,11,13,0,0,100,10,0,0,0,0,0,0,0,0,0,0,247,0,0,0,\N,\N,\N,\N,\N,\N,\N
17,389,1,16,0,1,80,100,5,1,0,0,0,0,0,0,0,0,0,248,0,0,0,\N,\N,\N,\N,\N,\N,\N
17,390,1,3,11,0,0,101,20,0,0,0,0,0,0,0,0,0,0,249,0,0,11,\N,\N,\N,\N,\N,\N,\N
17,391,1,13,13,0,0,101,10,0,0,0,0,0,0,0,0,0,0,250,0,0,0,\N,\N,\N,\N,\N,\N,\N
17,392,1,10,13,0,0,101,20,0,0,0,0,0,0,0,0,0,0,251,0,0,7,\N,\N,\N,\N,\N,\N,\N
17,393,1,12,13,0,0,101,10,0,0,0,0,0,0,5,5,0,0,252,0,0,7,\N,\N,\N,\N,\N,\N,\N
17,394,1,9,4,1,120,100,15,0,0,0,4,10,1,0,0,0,0,253,-33,0,0,\N,\N,\N,\N,\N,\N,\N
17,395,1,1,4,1,60,100,10,0,0,0,1,30,1,0,0,0,0,6,0,0,0,\N,\N,\N,\N,\N,\N,\N
17,396,1,1,0,2,80,101,20,0,0,0,0,0,0,0,0,0,0,17,0,0,0,\N,\N,\N,\N,\N,\N,\N
17,397,1,5,2,0,0,101,20,0,0,0,0,0,0,0,0,0,0,52,0,0,7,\N,\N,\N,\N,\N,\N,\N
17,398,1,3,4,1,80,100,20,0,0,0,5,30,1,0,0,0,0,2,0,0,0,\N,\N,\N,\N,\N,\N,\N
17,399,1,16,0,2,80,100,15,0,0,0,0,0,0,0,0,0,20,31,0,0,0,\N,\N,\N,\N,\N,\N,\N
17,400,1,16,0,1,70,100,15,0,0,0,0,0,0,0,0,1,0,43,0,0,0,\N,\N,\N,\N,\N,\N,\N
17,401,1,10,0,1,90,90,10,0,0,0,0,0,0,0,0,0,0,0,0,0,0,\N,\N,\N,\N,\N,\N,\N
17,402,1,11,0,1,80,100,15,0,0,0,0,0,0,0,0,0,0,0,0,0,0,\N,\N,\N,\N,\N,\N,\N
17,403,1,2,0,2,75,95,15,0,0,0,0,0,0,0,0,0,30,31,0,0,0,\N,\N,\N,\N,\N,\N,\N
17,404,1,6,0,1,80,100,15,0,0,0,0,0,0,0,0,0,0,0,0,0,0,\N,\N,\N,\N,\N,\N,\N
17,405,1,6,6,2,90,100,10,0,0,0,0,0,0,0,0,0,0,72,0,0,0,\N,\N,\N,\N,\N,\N,\N
17,406,1,15,0,2,85,100,10,0,0,0,0,0,0,0,0,0,0,0,0,0,0,\N,\N,\N,\N,\N,\N,\N
17,407,1,15,0,1,100,75,10,0,0,0,0,0,0,0,0,0,20,31,0,0,0,\N,\N,\N,\N,\N,\N,\N
17,408,1,5,0,2,80,100,20,0,0,0,0,0,0,0,0,0,0,0,0,0,0,\N,\N,\N,\N,\N,\N,\N
17,409,1,1,8,1,75,100,10,0,0,0,0,0,0,0,0,0,0,3,50,0,0,\N,\N,\N,\N,\N,\N,\N
17,410,1,1,0,2,40,100,30,1,0,0,0,0,0,0,0,0,0,103,0,0,0,\N,\N,\N,\N,\N,\N,\N
17,411,1,1,6,2,120,70,5,0,0,0,0,0,0,0,0,0,0,72,0,0,0,\N,\N,\N,\N,\N,\N,\N
17,412,1,11,6,2,90,100,10,0,0,0,0,0,0,0,0,0,0,72,0,0,0,\N,\N,\N,\N,\N,\N,\N
17,413,1,2,0,1,120,100,15,0,0,0,0,0,0,0,0,0,0,198,-33,0,0,\N,\N,\N,\N,\N,\N,\N
17,414,1,4,6,2,90,100,10,0,0,0,0,0,0,0,0,0,0,72,0,0,0,\N,\N,\N,\N,\N,\N,\N
17,415,1,16,13,0,0,100,10,0,0,0,0,0,0,0,0,0,0,177,0,0,0,\N,\N,\N,\N,\N,\N,\N
17,416,1,0,0,1,150,90,5,0,0,0,0,0,0,0,0,0,0,80,0,0,0,\N,\N,\N,\N,\N,\N,\N
17,417,1,16,2,0,0,101,20,0,0,0,0,0,0,0,0,0,0,53,0,0,7,\N,\N,\N,\N,\N,\N,\N
17,418,1,8,0,1,40,100,30,1,0,0,0,0,0,0,0,0,0,103,0,0,0,\N,\N,\N,\N,\N,\N,\N
17,419,1,14,0,1,60,100,10,-4,0,0,0,0,0,0,0,0,0,185,0,0,0,\N,\N,\N,\N,\N,\N,\N
17,420,1,14,0,1,40,100,30,1,0,0,0,0,0,0,0,0,0,103,0,0,0,\N,\N,\N,\N,\N,\N,\N
17,421,1,7,0,1,70,100,15,0,0,0,0,0,0,0,0,1,0,43,0,0,0,\N,\N,\N,\N,\N,\N,\N
17,422,1,12,4,1,65,95,15,0,0,0,1,10,1,0,0,0,10,275,0,0,0,\N,\N,\N,\N,\N,\N,\N
17,423,1,14,4,1,65,95,15,0,0,0,3,10,1,0,0,0,10,274,0,0,0,\N,\N,\N,\N,\N,\N,\N
17,424,1,9,4,1,65,95,15,0,0,0,4,10,1,0,0,0,10,273,0,0,0,\N,\N,\N,\N,\N,\N,\N
17,425,1,7,0,1,40,100,30,1,0,0,0,0,0,0,0,0,0,103,0,0,0,\N,\N,\N,\N,\N,\N,\N
17,426,1,4,6,2,65,85,10,0,0,0,0,0,0,0,0,0,0,73,0,0,0,\N,\N,\N,\N,\N,\N,\N
17,427,1,13,0,1,70,100,20,0,0,0,0,0,0,0,0,1,0,43,0,0,0,\N,\N,\N,\N,\N,\N,\N
17,428,1,13,0,1,80,90,15,0,0,0,0,0,0,0,0,0,20,31,0,0,0,\N,\N,\N,\N,\N,\N,\N
17,429,1,8,6,2,65,85,10,0,0,0,0,0,0,0,0,0,0,73,0,0,0,\N,\N,\N,\N,\N,\N,\N
17,430,1,8,6,2,80,100,10,0,0,0,0,0,0,0,0,0,0,72,0,0,0,\N,\N,\N,\N,\N,\N,\N
17,431,1,0,4,1,90,85,20,0,0,0,6,20,2,2,5,0,0,76,0,0,0,\N,\N,\N,\N,\N,\N,\N
17,432,1,2,13,0,0,101,15,0,0,0,0,0,0,0,0,0,0,258,0,0,0,\N,\N,\N,\N,\N,\N,\N
17,433,1,13,10,0,0,101,5,-7,0,0,0,0,0,0,0,0,0,259,0,0,10,\N,\N,\N,\N,\N,\N,\N
17,434,1,15,7,2,130,90,5,0,0,0,0,0,0,0,0,0,0,204,0,0,0,\N,\N,\N,\N,\N,\N,\N
17,435,1,12,4,2,80,100,15,0,0,0,1,30,1,0,0,0,0,6,0,0,4,\N,\N,\N,\N,\N,\N,\N
17,436,1,9,4,2,80,100,15,0,0,0,4,30,1,0,0,0,0,4,0,0,4,\N,\N,\N,\N,\N,\N,\N
17,437,1,11,7,2,130,90,5,0,0,0,0,0,0,0,0,0,0,204,0,0,0,\N,\N,\N,\N,\N,\N,\N
17,438,1,11,0,1,120,85,10,0,0,0,0,0,0,0,0,0,0,0,0,0,0,\N,\N,\N,\N,\N,\N,\N
17,439,1,5,0,1,150,90,5,0,0,0,0,0,0,0,0,0,0,80,0,0,0,\N,\N,\N,\N,\N,\N,\N
17,440,1,3,4,1,70,100,20,0,0,0,5,10,1,0,0,1,0,209,0,0,0,\N,\N,\N,\N,\N,\N,\N
17,441,1,3,4,1,120,80,5,0,0,0,5,30,1,0,0,0,0,2,0,0,0,\N,\N,\N,\N,\N,\N,\N
17,442,1,8,0,1,80,100,15,0,0,0,0,0,0,0,0,0,30,31,0,0,0,\N,\N,\N,\N,\N,\N,\N
17,443,1,8,0,1,60,101,20,0,0,0,0,0,0,0,0,0,0,17,0,0,0,\N,\N,\N,\N,\N,\N,\N
17,444,1,5,0,1,100,80,5,0,0,0,0,0,0,0,0,1,0,43,0,0,0,\N,\N,\N,\N,\N,\N,\N
17,445,1,0,2,0,0,100,20,0,0,0,0,0,0,0,0,0,0,265,0,0,5,\N,\N,\N,\N,\N,\N,\N
17,446,1,5,11,0,0,101,20,0,0,0,0,0,0,0,0,0,0,266,0,0,11,\N,\N,\N,\N,\N,\N,\N
17,447,1,11,0,2,1,100,20,0,0,0,0,0,0,0,0,0,0,196,0,0,0,\N,\N,\N,\N,\N,\N,\N
17,448,1,2,4,2,65,100,20,0,0,0,6,100,2,2,5,0,0,267,0,0,0,\N,\N,\N,\N,\N,\N,\N
17,449,1,0,0,2,100,100,10,0,0,0,0,0,0,0,0,0,0,268,0,0,0,\N,\N,\N,\N,\N,\N,\N
17,450,1,6,0,1,60,100,20,0,0,0,0,0,0,0,0,0,0,224,0,0,0,\N,\N,\N,\N,\N,\N,\N
17,451,1,12,7,2,50,90,10,0,0,0,0,0,0,0,0,0,0,276,0,0,0,\N,\N,\N,\N,\N,\N,\N
17,452,1,11,0,1,120,100,15,0,0,0,0,0,0,0,0,0,0,198,-33,0,0,\N,\N,\N,\N,\N,\N,\N
17,453,1,10,0,1,40,100,20,1,0,0,0,0,0,0,0,0,0,103,0,0,0,\N,\N,\N,\N,\N,\N,\N
17,454,1,6,0,1,90,100,15,0,0,0,0,0,0,0,0,1,0,43,0,0,0,\N,\N,\N,\N,\N,\N,\N
17,455,1,6,2,0,0,101,10,0,0,0,0,0,0,0,0,0,0,206,0,0,7,\N,\N,\N,\N,\N,\N,\N
17,456,1,6,3,0,0,101,10,0,0,0,0,0,0,0,0,0,0,32,0,50,7,\N,\N,\N,\N,\N,\N,\N
17,457,1,5,0,1,150,80,5,0,0,0,0,0,0,0,0,0,0,269,-50,0,0,\N,\N,\N,\N,\N,\N,\N
17,458,1,0,0,1,35,90,10,0,2,2,0,0,0,0,0,0,0,44,0,0,0,\N,\N,\N,\N,\N,\N,\N
17,459,1,15,0,2,150,90,5,0,0,0,0,0,0,0,0,0,0,80,0,0,0,\N,\N,\N,\N,\N,\N,\N
17,460,1,15,0,2,100,95,5,0,0,0,0,0,0,0,0,1,0,43,0,0,0,\N,\N,\N,\N,\N,\N,\N
17,461,1,13,13,0,0,101,10,0,0,0,0,0,0,0,0,0,0,270,0,0,7,\N,\N,\N,\N,\N,\N,\N
17,462,1,0,0,1,1,100,5,0,0,0,0,0,0,0,0,0,0,237,0,0,0,\N,\N,\N,\N,\N,\N,\N
17,463,1,9,4,2,100,75,5,0,0,0,8,100,4,5,6,0,0,42,0,0,0,\N,\N,\N,\N,\N,\N,\N
17,464,1,16,1,0,0,80,10,0,0,0,2,0,2,2,4,0,0,1,0,0,5,\N,\N,\N,\N,\N,\N,\N
17,465,1,11,6,2,120,85,5,0,0,0,0,0,0,0,0,0,0,271,0,0,0,\N,\N,\N,\N,\N,\N,\N
17,466,1,7,7,2,60,100,5,0,0,0,0,10,0,0,0,0,0,140,0,0,0,\N,\N,\N,\N,\N,\N,\N
17,467,1,7,0,1,120,100,5,0,0,0,0,0,0,0,0,0,0,272,0,0,0,\N,\N,\N,\N,\N,\N,\N
17,468,1,16,2,0,0,101,15,0,0,0,0,0,0,0,0,0,0,277,0,0,7,\N,\N,\N,\N,\N,\N,\N
17,469,1,5,11,0,0,101,10,3,0,0,0,0,0,0,0,0,0,278,0,0,12,\N,\N,\N,\N,\N,\N,\N
17,470,1,13,13,0,0,101,10,0,0,0,0,0,0,0,0,0,0,279,0,0,0,\N,\N,\N,\N,\N,\N,\N
17,471,1,13,13,0,0,101,10,0,0,0,0,0,0,0,0,0,0,280,0,0,0,\N,\N,\N,\N,\N,\N,\N
17,472,1,13,10,0,0,101,10,0,0,0,0,0,0,0,0,0,0,281,0,0,10,\N,\N,\N,\N,\N,\N,\N
17,473,1,13,0,2,80,100,10,0,0,0,0,0,0,0,0,0,0,282,0,0,0,\N,\N,\N,\N,\N,\N,\N
17,474,1,3,0,2,65,100,10,0,0,0,0,0,0,0,0,0,0,283,0,0,0,\N,\N,\N,\N,\N,\N,\N
17,475,1,8,2,0,0,101,15,0,0,0,0,0,0,0,0,0,0,284,0,0,7,\N,\N,\N,\N,\N,\N,\N
17,476,1,6,13,0,0,101,20,2,0,0,0,0,0,0,0,0,0,172,0,0,7,\N,\N,\N,\N,\N,\N,\N
17,477,1,13,1,0,0,101,15,0,0,0,101,0,2,3,3,0,0,285,0,0,0,\N,\N,\N,\N,\N,\N,\N
17,478,1,13,10,0,0,101,10,0,0,0,0,0,0,0,0,0,0,286,0,0,10,\N,\N,\N,\N,\N,\N,\N
17,479,1,5,0,1,50,100,15,0,0,0,101,100,1,0,0,0,0,287,0,0,0,\N,\N,\N,\N,\N,\N,\N
17,480,1,1,0,1,60,100,10,0,0,0,0,0,0,0,0,6,0,288,0,0,0,\N,\N,\N,\N,\N,\N,\N
17,481,1,9,0,2,70,100,15,0,0,0,0,0,0,0,0,0,0,289,0,0,0,\N,\N,\N,\N,\N,\N,\N
17,482,1,3,4,2,95,100,10,0,0,0,5,10,1,0,0,0,0,2,0,0,4,\N,\N,\N,\N,\N,\N,\N
17,483,1,6,2,0,0,101,20,0,0,0,0,0,0,0,0,0,0,290,0,0,7,\N,\N,\N,\N,\N,\N,\N
17,484,1,8,0,1,1,100,10,0,0,0,0,0,0,0,0,0,0,291,0,0,0,\N,\N,\N,\N,\N,\N,\N
17,485,1,13,0,2,120,100,10,0,0,0,0,0,0,0,0,0,0,292,0,0,4,\N,\N,\N,\N,\N,\N,\N
17,486,1,12,0,2,1,100,10,0,0,0,0,0,0,0,0,0,0,293,0,0,0,\N,\N,\N,\N,\N,\N,\N
17,487,1,10,13,0,0,100,20,0,0,0,0,0,0,0,0,0,0,294,0,0,0,\N,\N,\N,\N,\N,\N,\N
17,488,1,9,7,1,50,100,20,0,0,0,0,0,0,0,0,0,0,295,0,0,0,\N,\N,\N,\N,\N,\N,\N
17,489,1,3,2,0,0,101,20,0,0,0,0,0,0,0,0,0,0,322,0,0,7,\N,\N,\N,\N,\N,\N,\N
17,490,1,1,6,1,65,100,20,0,0,0,0,0,0,0,0,0,0,20,0,0,0,\N,\N,\N,\N,\N,\N,\N
17,491,1,3,6,2,40,100,20,0,0,0,0,0,0,0,0,0,0,296,0,0,0,\N,\N,\N,\N,\N,\N,\N
17,492,1,16,0,1,95,100,15,0,0,0,0,0,0,0,0,0,0,297,0,0,0,\N,\N,\N,\N,\N,\N,\N
17,493,1,0,13,0,0,100,15,0,0,0,0,0,0,0,0,0,0,298,0,0,0,\N,\N,\N,\N,\N,\N,\N
17,494,1,0,13,0,0,100,15,0,0,0,0,0,0,0,0,0,0,299,0,0,0,\N,\N,\N,\N,\N,\N,\N
17,495,1,0,13,0,0,101,15,0,0,0,0,0,0,0,0,0,0,300,0,0,0,\N,\N,\N,\N,\N,\N,\N
17,496,1,0,0,2,60,100,15,0,0,0,0,0,0,0,0,0,0,301,0,0,0,\N,\N,\N,\N,\N,\N,\N
17,497,1,0,0,2,40,100,15,0,0,0,0,0,0,0,0,0,0,302,0,0,0,\N,\N,\N,\N,\N,\N,\N
17,498,1,0,0,1,70,100,20,0,0,0,0,0,0,0,0,0,0,303,0,0,0,\N,\N,\N,\N,\N,\N,\N
17,499,1,3,0,2,50,101,15,0,0,0,0,0,0,0,0,0,0,304,0,0,0,\N,\N,\N,\N,\N,\N,\N
17,500,1,13,0,2,20,100,10,0,0,0,0,0,0,0,0,0,0,305,0,0,0,\N,\N,\N,\N,\N,\N,\N
17,501,1,1,11,0,0,101,15,3,0,0,0,0,0,0,0,0,0,306,0,0,12,\N,\N,\N,\N,\N,\N,\N
17,502,1,13,13,0,0,101,15,1,0,0,0,0,0,0,0,0,0,307,0,0,7,\N,\N,\N,\N,\N,\N,\N
17,503,1,10,4,2,80,100,15,0,0,0,4,30,1,0,0,0,0,4,0,0,0,\N,\N,\N,\N,\N,\N,\N
17,504,1,0,13,0,0,101,15,0,0,0,0,0,0,0,0,0,0,308,0,0,7,\N,\N,\N,\N,\N,\N,\N
17,505,1,13,3,0,0,101,10,0,0,0,0,0,0,0,0,0,0,309,0,50,0,\N,\N,\N,\N,\N,\N,\N
17,506,1,7,0,2,65,100,10,0,0,0,0,0,0,0,0,0,0,310,0,0,0,\N,\N,\N,\N,\N,\N,\N
17,507,1,2,0,1,60,100,10,0,0,0,0,0,0,0,0,0,0,311,0,0,0,\N,\N,\N,\N,\N,\N,\N
17,508,1,8,2,0,0,101,10,0,0,0,0,0,0,0,0,0,0,312,0,0,7,\N,\N,\N,\N,\N,\N,\N
17,509,1,1,0,1,60,90,10,-6,0,0,0,0,0,0,0,0,0,313,0,0,0,\N,\N,\N,\N,\N,\N,\N
17,510,1,9,0,2,60,100,15,0,0,0,0,0,0,0,0,0,0,314,0,0,5,\N,\N,\N,\N,\N,\N,\N
17,511,1,16,13,0,0,100,15,0,0,0,0,0,0,0,0,0,0,315,0,0,0,\N,\N,\N,\N,\N,\N,\N
17,512,1,2,0,1,55,100,15,0,0,0,0,0,0,0,0,0,0,317,0,0,0,\N,\N,\N,\N,\N,\N,\N
17,513,1,0,13,0,0,101,15,0,0,0,0,0,0,0,0,0,0,318,0,0,0,\N,\N,\N,\N,\N,\N,\N
17,514,1,0,0,1,70,100,5,0,0,0,0,0,0,0,0,0,0,319,0,0,0,\N,\N,\N,\N,\N,\N,\N
17,515,1,1,0,2,1,100,5,0,0,0,0,0,0,0,0,0,0,320,0,0,0,\N,\N,\N,\N,\N,\N,\N
17,516,1,0,13,0,0,101,15,0,0,0,0,0,0,0,0,0,0,323,0,0,0,\N,\N,\N,\N,\N,\N,\N
17,517,1,9,4,2,100,50,5,0,0,0,4,100,1,0,0,0,0,4,0,0,0,\N,\N,\N,\N,\N,\N,\N
17,518,1,10,0,2,80,100,10,0,0,0,0,0,0,0,0,0,0,324,0,0,0,\N,\N,\N,\N,\N,\N,\N
17,519,1,9,0,2,80,100,10,0,0,0,0,0,0,0,0,0,0,325,0,0,0,\N,\N,\N,\N,\N,\N,\N
17,520,1,11,0,2,80,100,10,0,0,0,0,0,0,0,0,0,0,326,0,0,0,\N,\N,\N,\N,\N,\N,\N
17,521,1,12,0,2,70,100,20,0,0,0,0,0,0,0,0,0,0,228,0,0,0,\N,\N,\N,\N,\N,\N,\N
17,522,1,6,6,2,50,100,20,0,0,0,0,0,0,0,0,0,0,71,0,0,5,\N,\N,\N,\N,\N,\N,\N
17,523,1,4,6,1,60,100,20,0,0,0,0,0,0,0,0,0,0,70,0,0,4,\N,\N,\N,\N,\N,\N,\N
17,524,1,14,0,2,60,90,10,0,0,0,0,100,0,0,0,6,0,288,0,0,0,\N,\N,\N,\N,\N,\N,\N
17,525,1,15,0,1,60,90,10,-6,0,0,0,0,0,0,0,0,0,313,0,0,0,\N,\N,\N,\N,\N,\N,\N
17,526,1,0,2,0,0,101,30,0,0,0,0,0,0,0,0,0,0,327,0,0,7,\N,\N,\N,\N,\N,\N,\N
17,527,1,12,6,2,55,95,15,0,0,0,0,0,0,0,0,0,0,20,0,0,5,\N,\N,\N,\N,\N,\N,\N
17,528,1,12,0,1,90,100,15,0,0,0,0,0,0,0,0,0,0,48,-25,0,0,\N,\N,\N,\N,\N,\N,\N
17,529,1,4,0,1,80,95,10,0,0,0,0,0,0,0,0,1,0,43,0,0,0,\N,\N,\N,\N,\N,\N,\N
17,530,1,15,0,1,40,90,15,0,2,2,0,0,0,0,0,0,0,44,0,0,0,\N,\N,\N,\N,\N,\N,\N
17,531,1,13,0,1,60,100,25,0,0,0,0,0,0,0,0,0,30,31,0,0,0,\N,\N,\N,\N,\N,\N,\N
17,532,1,11,8,1,75,100,10,0,0,0,0,0,0,0,0,0,0,3,50,0,0,\N,\N,\N,\N,\N,\N,\N
17,533,1,1,0,1,90,100,15,0,0,0,0,0,0,0,0,0,0,303,0,0,0,\N,\N,\N,\N,\N,\N,\N
17,534,1,10,6,1,75,95,10,0,0,0,0,0,0,0,0,0,0,69,0,0,0,\N,\N,\N,\N,\N,\N,\N
17,535,1,9,0,1,1,100,10,0,0,0,0,0,0,0,0,0,0,291,0,0,0,\N,\N,\N,\N,\N,\N,\N
17,536,1,11,6,2,65,90,10,0,0,0,0,0,0,0,0,0,0,73,0,0,0,\N,\N,\N,\N,\N,\N,\N
17,537,1,6,0,1,65,100,20,0,0,0,0,0,0,0,0,0,30,150,0,0,0,\N,\N,\N,\N,\N,\N,\N
17,538,1,11,2,0,0,101,10,0,0,0,0,0,0,0,0,0,0,328,0,0,7,\N,\N,\N,\N,\N,\N,\N
17,539,1,16,6,2,85,95,10,0,0,0,0,0,0,0,0,0,0,73,0,0,0,\N,\N,\N,\N,\N,\N,\N
17,540,1,13,0,2,100,100,10,0,0,0,0,0,0,0,0,0,0,282,0,0,0,\N,\N,\N,\N,\N,\N,\N
17,541,1,0,0,1,25,85,10,0,2,5,0,0,0,0,0,0,0,29,0,0,0,\N,\N,\N,\N,\N,\N,\N
17,542,1,2,4,2,110,70,10,0,0,0,6,30,2,2,5,0,0,333,0,0,0,\N,\N,\N,\N,\N,\N,\N
17,543,1,0,0,1,120,100,15,0,0,0,0,0,0,0,0,0,0,48,-25,0,0,\N,\N,\N,\N,\N,\N,\N
17,544,1,8,0,1,50,85,15,0,2,2,0,0,0,0,0,0,0,44,0,0,0,\N,\N,\N,\N,\N,\N,\N
17,545,1,9,4,2,100,100,5,0,0,0,4,30,1,0,0,0,0,4,0,0,4,\N,\N,\N,\N,\N,\N,\N
17,546,1,0,0,2,120,100,5,0,0,0,0,0,0,0,0,0,0,268,0,0,0,\N,\N,\N,\N,\N,\N,\N
17,547,1,0,4,2,75,100,10,0,0,0,2,10,2,2,4,0,0,329,0,0,5,\N,\N,\N,\N,\N,\N,\N
17,548,1,1,0,2,85,100,10,0,0,0,0,0,0,0,0,0,0,282,0,0,0,\N,\N,\N,\N,\N,\N,\N
17,549,1,14,6,2,65,95,10,0,0,0,0,0,0,0,0,0,0,330,0,0,5,\N,\N,\N,\N,\N,\N,\N
17,550,1,12,4,1,130,85,5,0,0,0,1,20,1,0,0,0,0,6,0,0,0,\N,\N,\N,\N,\N,\N,\N
17,551,1,9,4,2,130,85,5,0,0,0,4,20,1,0,0,0,0,4,0,0,0,\N,\N,\N,\N,\N,\N,\N
17,552,1,9,7,2,80,100,10,0,0,0,0,0,0,0,0,0,0,276,0,0,0,\N,\N,\N,\N,\N,\N,\N
17,553,1,14,4,1,140,90,5,0,0,0,1,30,1,0,0,0,0,331,0,0,0,\N,\N,\N,\N,\N,\N,\N
17,554,1,14,4,2,140,90,5,0,0,0,4,30,1,0,0,0,0,332,0,0,0,\N,\N,\N,\N,\N,\N,\N
17,555,1,16,6,2,55,95,15,0,0,0,0,0,0,0,0,0,0,71,0,0,5,\N,\N,\N,\N,\N,\N,\N
17,556,1,14,0,1,85,90,10,0,0,0,0,0,0,0,0,0,30,31,0,0,0,\N,\N,\N,\N,\N,\N,\N
17,557,1,9,7,1,180,95,5,0,0,0,0,0,0,0,0,0,0,334,0,0,0,\N,\N,\N,\N,\N,\N,\N
17,558,1,9,0,2,100,100,5,0,0,0,0,0,0,0,0,0,0,335,0,0,0,\N,\N,\N,\N,\N,\N,\N
17,559,1,12,0,1,100,100,5,0,0,0,0,0,0,0,0,0,0,336,0,0,0,\N,\N,\N,\N,\N,\N,\N
17,560,1,1,0,1,80,95,10,0,0,0,0,0,0,0,0,0,0,337,0,0,0,\N,\N,\N,\N,\N,\N,\N
17,561,1,1,11,0,0,101,10,0,0,0,0,0,0,0,0,0,0,376,0,0,12,\N,\N,\N,\N,\N,\N,\N
17,562,1,3,0,2,120,90,10,0,0,0,0,0,0,0,0,0,0,338,0,0,0,\N,\N,\N,\N,\N,\N,\N
17,563,1,4,2,0,0,101,10,0,0,0,0,0,0,0,0,0,0,339,0,0,8,\N,\N,\N,\N,\N,\N,\N
17,564,1,6,11,0,0,101,20,0,0,0,0,0,0,0,0,0,0,340,0,0,11,\N,\N,\N,\N,\N,\N,\N
17,565,1,6,0,1,30,100,25,0,0,0,0,0,0,0,0,0,0,341,0,0,0,\N,\N,\N,\N,\N,\N,\N
17,566,1,7,0,1,90,100,10,0,0,0,0,0,0,0,0,0,0,272,0,0,0,\N,\N,\N,\N,\N,\N,\N
17,567,1,7,13,0,0,100,20,0,0,0,0,0,0,0,0,0,0,342,0,0,0,\N,\N,\N,\N,\N,\N,\N
17,568,1,0,2,0,0,100,30,0,0,0,0,0,0,0,0,0,0,343,0,0,0,\N,\N,\N,\N,\N,\N,\N
17,569,1,12,10,0,0,101,25,1,0,0,0,0,0,0,0,0,0,344,0,0,10,\N,\N,\N,\N,\N,\N,\N
17,570,1,12,8,2,50,100,20,0,0,0,0,0,0,0,0,0,0,345,50,0,4,\N,\N,\N,\N,\N,\N,\N
17,571,1,11,13,0,0,100,20,0,0,0,0,0,0,0,0,0,0,375,0,0,0,\N,\N,\N,\N,\N,\N,\N
17,572,1,11,0,1,90,100,15,0,0,0,0,0,0,0,0,0,0,378,0,0,4,\N,\N,\N,\N,\N,\N,\N
17,573,1,14,4,2,70,100,20,0,0,0,3,10,1,0,0,0,0,379,0,0,0,\N,\N,\N,\N,\N,\N,\N
17,574,1,17,0,2,40,101,15,0,0,0,0,0,0,0,0,0,0,380,0,0,5,\N,\N,\N,\N,\N,\N,\N
17,575,1,16,2,0,0,100,20,0,0,0,0,0,0,0,0,0,0,346,0,0,0,\N,\N,\N,\N,\N,\N,\N
17,576,1,16,13,0,0,101,20,0,0,0,0,0,0,0,0,0,0,347,0,0,0,\N,\N,\N,\N,\N,\N,\N
17,577,1,17,8,2,50,100,10,0,0,0,0,0,0,0,0,0,0,348,75,0,0,\N,\N,\N,\N,\N,\N,\N
17,578,1,17,11,0,0,101,10,3,0,0,0,0,0,0,0,0,0,349,0,0,12,\N,\N,\N,\N,\N,\N,\N
17,579,1,17,13,0,0,101,10,0,0,0,0,0,0,0,0,0,0,350,0,0,8,\N,\N,\N,\N,\N,\N,\N
17,580,1,11,10,0,0,101,10,0,0,0,0,0,0,0,0,0,0,351,0,0,10,\N,\N,\N,\N,\N,\N,\N
17,581,1,17,10,0,0,101,10,0,0,0,0,0,0,0,0,0,0,352,0,0,10,\N,\N,\N,\N,\N,\N,\N
17,582,1,12,13,0,0,101,20,0,0,0,0,0,0,0,0,0,0,353,0,0,0,\N,\N,\N,\N,\N,\N,\N
17,583,1,17,6,1,90,90,10,0,0,0,0,0,0,0,0,0,0,68,0,0,0,\N,\N,\N,\N,\N,\N,\N
17,584,1,17,0,2,40,100,30,0,0,0,0,0,0,0,0,0,0,0,0,0,0,\N,\N,\N,\N,\N,\N,\N
17,585,1,17,6,2,95,100,15,0,0,0,0,0,0,0,0,0,0,71,0,0,0,\N,\N,\N,\N,\N,\N,\N
17,586,1,0,0,2,140,100,10,0,0,0,0,0,0,0,0,0,0,378,0,0,4,\N,\N,\N,\N,\N,\N,\N
17,587,1,17,10,0,0,101,10,0,0,0,0,0,0,0,0,0,0,354,0,0,10,\N,\N,\N,\N,\N,\N,\N
17,588,1,8,13,0,0,101,10,4,0,0,0,0,0,0,0,0,0,355,0,0,7,\N,\N,\N,\N,\N,\N,\N
17,589,1,0,2,0,0,101,20,0,0,0,0,0,0,0,0,0,0,356,0,0,0,\N,\N,\N,\N,\N,\N,\N
17,590,1,0,2,0,0,101,20,0,0,0,0,0,0,0,0,0,0,357,0,0,0,\N,\N,\N,\N,\N,\N,\N
17,591,1,5,7,1,100,95,5,0,0,0,0,0,0,0,0,0,0,358,0,0,5,\N,\N,\N,\N,\N,\N,\N
17,592,1,10,4,2,110,95,5,0,0,0,4,30,1,0,0,0,0,4,0,0,0,\N,\N,\N,\N,\N,\N,\N
17,593,1,13,0,2,80,101,5,0,0,0,0,0,0,0,0,0,0,359,0,0,0,\N,\N,\N,\N,\N,\N,\N
17,594,1,10,0,1,15,100,20,1,2,5,0,0,0,0,0,0,0,360,0,0,0,\N,\N,\N,\N,\N,\N,\N
17,595,1,9,6,2,65,100,10,0,0,0,0,0,0,0,0,0,0,71,0,0,0,\N,\N,\N,\N,\N,\N,\N
17,596,1,11,13,0,0,101,10,4,0,0,0,0,0,0,0,0,0,361,0,0,7,\N,\N,\N,\N,\N,\N,\N
17,597,1,17,2,0,0,101,20,0,0,0,0,0,0,0,0,0,0,362,0,0,2,\N,\N,\N,\N,\N,\N,\N
17,598,1,12,2,0,0,100,15,0,0,0,0,0,0,0,0,0,0,61,0,0,0,\N,\N,\N,\N,\N,\N,\N
17,599,1,3,2,0,0,100,20,0,0,0,0,0,0,0,0,0,0,363,0,0,5,\N,\N,\N,\N,\N,\N,\N
17,600,1,6,13,0,0,100,20,1,0,0,0,0,0,0,0,0,0,377,0,0,0,\N,\N,\N,\N,\N,\N,\N
17,601,1,17,2,0,0,101,10,0,0,0,0,0,0,0,0,0,0,365,0,0,7,\N,\N,\N,\N,\N,\N,\N
17,602,1,12,2,0,0,101,20,0,0,0,0,0,0,0,0,0,0,366,0,0,6,\N,\N,\N,\N,\N,\N,\N
17,603,1,0,13,0,0,101,30,0,0,0,0,0,0,0,0,0,0,367,0,0,12,\N,\N,\N,\N,\N,\N,\N
17,604,1,12,10,0,0,101,10,0,0,0,0,0,0,0,0,0,0,368,0,0,10,\N,\N,\N,\N,\N,\N,\N
17,605,1,17,0,2,80,100,10,0,0,0,0,0,0,0,0,0,0,0,0,0,5,\N,\N,\N,\N,\N,\N,\N
17,606,1,0,13,0,0,101,40,0,0,0,0,0,0,0,0,0,0,369,0,0,7,\N,\N,\N,\N,\N,\N,\N
17,607,1,0,13,0,0,101,40,0,0,0,0,0,0,0,0,0,0,370,0,0,2,\N,\N,\N,\N,\N,\N,\N
17,608,1,17,2,0,0,100,30,1,0,0,0,0,0,0,0,0,0,364,0,0,0,\N,\N,\N,\N,\N,\N,\N
17,609,1,12,4,1,20,100,20,0,0,0,1,100,1,0,0,0,0,371,0,0,0,\N,\N,\N,\N,\N,\N,\N
17,610,1,0,0,1,40,100,40,0,0,0,0,0,0,0,0,0,0,101,0,0,0,\N,\N,\N,\N,\N,\N,\N
17,611,1,6,4,2,20,100,20,0,0,0,8,100,4,5,6,0,0,42,0,0,0,\N,\N,\N,\N,\N,\N,\N
17,612,1,1,7,1,40,100,20,0,0,0,0,0,0,0,0,0,0,374,0,0,0,\N,\N,\N,\N,\N,\N,\N
17,613,1,2,8,2,80,100,10,0,0,0,0,0,0,0,0,0,0,348,75,0,0,\N,\N,\N,\N,\N,\N,\N
17,614,1,4,0,1,90,100,10,0,0,0,101,100,1,0,0,0,0,372,0,0,5,\N,\N,\N,\N,\N,\N,\N
17,615,1,4,0,1,90,100,10,0,0,0,0,0,0,0,0,0,0,373,0,0,5,\N,\N,\N,\N,\N,\N,\N
17,616,1,4,0,1,90,100,10,0,0,0,0,0,0,0,0,0,0,0,0,0,5,\N,\N,\N,\N,\N,\N,\N
17,617,1,17,0,2,140,90,5,0,0,0,0,0,0,0,0,0,0,269,-50,0,0,\N,\N,\N,\N,\N,\N,\N
17,10001,1,1,0,2,60,100,15,0,0,0,0,0,0,0,0,0,0,135,0,0,0,\N,\N,\N,\N,\N,\N,\N
17,10002,1,2,0,2,60,100,15,0,0,0,0,0,0,0,0,0,0,135,0,0,0,\N,\N,\N,\N,\N,\N,\N
17,10003,1,3,0,2,60,100,15,0,0,0,0,0,0,0,0,0,0,135,0,0,0,\N,\N,\N,\N,\N,\N,\N
17,10004,1,4,0,2,60,100,15,0,0,0,0,0,0,0,0,0,0,135,0,0,0,\N,\N,\N,\N,\N,\N,\N
17,10005,1,5,0,2,60,100,15,0,0,0,0,0,0,0,0,0,0,135,0,0,0,\N,\N,\N,\N,\N,\N,\N
17,10006,1,6,0,2,60,100,15,0,0,0,0,0,0,0,0,0,0,135,0,0,0,\N,\N,\N,\N,\N,\N,\N
17,10007,1,7,0,2,60,100,15,0,0,0,0,0,0,0,0,0,0,135,0,0,0,\N,\N,\N,\N,\N,\N,\N
17,10008,1,8,0,2,60,100,15,0,0,0,0,0,0,0,0,0,0,135,0,0,0,\N,\N,\N,\N,\N,\N,\N
17,10009,1,9,0,2,60,100,15,0,0,0,0,0,0,0,0,0,0,135,0,0,0,\N,\N,\N,\N,\N,\N,\N
17,10010,1,10,0,2,60,100,15,0,0,0,0,0,0,0,0,0,0,135,0,0,0,\N,\N,\N,\N,\N,\N,\N
17,10011,1,11,0,2,60,100,15,0,0,0,0,0,0,0,0,0,0,135,0,0,0,\N,\N,\N,\N,\N,\N,\N
17,10012,1,12,0,2,60,100,15,0,0,0,0,0,0,0,0,0,0,135,0,0,0,\N,\N,\N,\N,\N,\N,\N
17,10013,1,13,0,2,60,100,15,0,0,0,0,0,0,0,0,0,0,135,0,0,0,\N,\N,\N,\N,\N,\N,\N
17,10014,1,14,0,2,60,100,15,0,0,0,0,0,0,0,0,0,0,135,0,0,0,\N,\N,\N,\N,\N,\N,\N
17,10015,1,15,0,2,60,100,15,0,0,0,0,0,0,0,0,0,0,135,0,0,0,\N,\N,\N,\N,\N,\N,\N
17,10016,1,16,0,2,60,100,15,0,0,0,0,0,0,0,0,0,0,135,0,0,0,\N,\N,\N,\N,\N,\N,\N
18,1,1,0,0,1,40,100,35,0,0,0,0,0,0,0,0,0,0,0,0,0,0,\N,\N,\N,\N,\N,\N,\N
18,2,1,1,0,1,50,100,25,0,0,0,0,0,0,0,0,1,0,43,0,0,0,\N,\N,\N,\N,\N,\N,\N
18,3,1,0,0,1,15,85,10,0,2,5,0,0,0,0,0,0,0,29,0,0,0,\N,\N,\N,\N,\N,\N,\N
18,4,1,0,0,1,18,85,15,0,2,5,0,0,0,0,0,0,0,29,0,0,0,\N,\N,\N,\N,\N,\N,\N
18,5,1,0,0,1,80,85,20,0,0,0,0,0,0,0,0,0,0,0,0,0,0,\N,\N,\N,\N,\N,\N,\N
18,6,1,0,0,1,40,100,20,0,0,0,0,0,0,0,0,0,0,34,0,0,0,\N,\N,\N,\N,\N,\N,\N
18,7,1,9,4,1,75,100,15,0,0,0,4,10,1,0,0,0,0,4,0,0,0,\N,\N,\N,\N,\N,\N,\N
18,8,1,14,4,1,75,100,15,0,0,0,3,10,1,0,0,0,0,5,0,0,0,\N,\N,\N,\N,\N,\N,\N
18,9,1,12,4,1,75,100,15,0,0,0,1,10,1,0,0,0,0,6,0,0,0,\N,\N,\N,\N,\N,\N,\N
18,10,1,0,0,1,40,100,35,0,0,0,0,0,0,0,0,0,0,0,0,0,0,\N,\N,\N,\N,\N,\N,\N
18,11,1,0,0,1,55,100,30,0,0,0,0,0,0,0,0,0,0,0,0,0,0,\N,\N,\N,\N,\N,\N,\N
18,12,1,0,9,1,1,30,5,0,0,0,0,0,0,0,0,0,0,38,0,0,0,\N,\N,\N,\N,\N,\N,\N
18,13,1,0,0,2,80,100,10,0,0,0,0,0,0,0,0,1,0,39,0,0,5,\N,\N,\N,\N,\N,\N,\N
18,14,1,0,2,0,0,101,20,0,0,0,0,0,0,0,0,0,0,50,0,0,7,\N,\N,\N,\N,\N,\N,\N
18,15,1,0,0,1,50,95,30,0,0,0,0,0,0,0,0,0,0,0,0,0,0,\N,\N,\N,\N,\N,\N,\N
18,16,1,2,0,2,40,100,35,0,0,0,0,0,0,0,0,0,0,149,0,0,0,\N,\N,\N,\N,\N,\N,\N
18,17,1,2,0,1,60,100,35,0,0,0,0,0,0,0,0,0,0,0,0,0,0,\N,\N,\N,\N,\N,\N,\N
18,18,1,0,12,0,0,101,20,-6,0,0,0,0,0,0,0,0,0,28,0,0,0,\N,\N,\N,\N,\N,\N,\N
18,19,1,2,0,1,90,95,15,0,0,0,0,0,0,0,0,0,0,155,0,0,0,\N,\N,\N,\N,\N,\N,\N
18,20,1,0,4,1,15,85,20,0,0,0,8,100,4,5,6,0,0,42,0,0,0,\N,\N,\N,\N,\N,\N,\N
18,21,1,0,0,1,80,75,20,0,0,0,0,0,0,0,0,0,0,0,0,0,0,\N,\N,\N,\N,\N,\N,\N
18,22,1,11,0,1,45,100,25,0,0,0,0,0,0,0,0,0,0,0,0,0,0,\N,\N,\N,\N,\N,\N,\N
18,23,1,0,0,1,65,100,20,0,0,0,0,0,0,0,0,0,30,150,0,0,0,\N,\N,\N,\N,\N,\N,\N
18,24,1,1,0,1,30,100,30,0,2,2,0,0,0,0,0,0,0,44,0,0,0,\N,\N,\N,\N,\N,\N,\N
18,25,1,0,0,1,120,75,5,0,0,0,0,0,0,0,0,0,0,0,0,0,0,\N,\N,\N,\N,\N,\N,\N
18,26,1,1,0,1,100,95,10,0,0,0,0,0,0,0,0,0,0,45,0,0,0,\N,\N,\N,\N,\N,\N,\N
18,27,1,1,0,1,60,85,15,0,0,0,0,0,0,0,0,0,30,31,0,0,0,\N,\N,\N,\N,\N,\N,\N
18,28,1,4,2,0,0,100,15,0,0,0,0,0,0,0,0,0,0,23,0,0,0,\N,\N,\N,\N,\N,\N,\N
18,29,1,0,0,1,70,100,15,0,0,0,0,0,0,0,0,0,30,31,0,0,0,\N,\N,\N,\N,\N,\N,\N
18,30,1,0,0,1,65,100,25,0,0,0,0,0,0,0,0,0,0,0,0,0,0,\N,\N,\N,\N,\N,\N,\N
18,31,1,0,0,1,15,85,20,0,2,5,0,0,0,0,0,0,0,29,0,0,0,\N,\N,\N,\N,\N,\N,\N
18,32,1,0,9,1,1,30,5,0,0,0,0,0,0,0,0,0,0,38,0,0,0,\N,\N,\N,\N,\N,\N,\N
18,33,1,0,0,1,50,100,35,0,0,0,0,0,0,0,0,0,0,0,0,0,0,\N,\N,\N,\N,\N,\N,\N
18,34,1,0,4,1,85,100,15,0,0,0,1,30,1,0,0,0,0,6,0,0,0,\N,\N,\N,\N,\N,\N,\N
18,35,1,0,4,1,15,90,20,0,0,0,8,100,4,5,6,0,0,42,0,0,0,\N,\N,\N,\N,\N,\N,\N
18,36,1,0,0,1,90,85,20,0,0,0,0,0,0,0,0,0,0,48,-25,0,0,\N,\N,\N,\N,\N,\N,\N
18,37,1,0,0,1,120,100,10,0,0,0,0,0,0,0,0,0,0,27,0,0,9,\N,\N,\N,\N,\N,\N,\N
18,38,1,0,0,1,120,100,15,0,0,0,0,0,0,0,0,0,0,198,-33,0,0,\N,\N,\N,\N,\N,\N,\N
18,39,1,0,2,0,0,100,30,0,0,0,0,0,0,0,0,0,0,19,0,0,5,\N,\N,\N,\N,\N,\N,\N
18,40,1,3,4,1,15,100,35,0,0,0,5,30,1,0,0,0,0,2,0,0,0,\N,\N,\N,\N,\N,\N,\N
18,41,1,6,4,1,25,100,20,0,2,2,5,20,1,0,0,0,0,77,0,0,0,\N,\N,\N,\N,\N,\N,\N
18,42,1,6,0,1,25,95,20,0,2,5,0,0,0,0,0,0,0,29,0,0,0,\N,\N,\N,\N,\N,\N,\N
18,43,1,0,2,0,0,100,30,0,0,0,0,0,0,0,0,0,0,19,0,0,5,\N,\N,\N,\N,\N,\N,\N
18,44,1,16,0,1,60,100,25,0,0,0,0,0,0,0,0,0,30,31,0,0,0,\N,\N,\N,\N,\N,\N,\N
18,45,1,0,2,0,0,100,40,0,0,0,0,0,0,0,0,0,0,18,0,0,5,\N,\N,\N,\N,\N,\N,\N
18,46,1,0,12,0,0,101,20,-6,0,0,0,0,0,0,0,0,0,28,0,0,0,\N,\N,\N,\N,\N,\N,\N
18,47,1,0,1,0,0,55,15,0,0,0,2,0,2,2,4,0,0,1,0,0,0,\N,\N,\N,\N,\N,\N,\N
18,48,1,0,1,0,0,55,20,0,0,0,6,0,2,2,5,0,0,49,0,0,0,\N,\N,\N,\N,\N,\N,\N
18,49,1,0,0,2,1,90,20,0,0,0,0,0,0,0,0,0,0,130,0,0,0,\N,\N,\N,\N,\N,\N,\N
18,50,1,0,13,0,0,100,20,0,0,0,13,0,2,4,4,0,0,86,0,0,0,\N,\N,\N,\N,\N,\N,\N
18,51,1,3,6,2,40,100,30,0,0,0,0,0,0,0,0,0,0,72,0,0,5,\N,\N,\N,\N,\N,\N,\N
18,52,1,9,4,2,40,100,25,0,0,0,4,10,1,0,0,0,0,4,0,0,0,\N,\N,\N,\N,\N,\N,\N
18,53,1,9,4,2,90,100,15,0,0,0,4,10,1,0,0,0,0,4,0,0,0,\N,\N,\N,\N,\N,\N,\N
18,54,1,14,11,0,0,101,30,0,0,0,0,0,0,0,0,0,0,46,0,0,12,\N,\N,\N,\N,\N,\N,\N
18,55,1,10,0,2,40,100,25,0,0,0,0,0,0,0,0,0,0,0,0,0,0,\N,\N,\N,\N,\N,\N,\N
18,56,1,10,0,2,110,80,5,0,0,0,0,0,0,0,0,0,0,0,0,0,0,\N,\N,\N,\N,\N,\N,\N
18,57,1,10,0,2,90,100,15,0,0,0,0,0,0,0,0,0,0,257,0,0,4,\N,\N,\N,\N,\N,\N,\N
18,58,1,14,4,2,90,100,10,0,0,0,3,10,1,0,0,0,0,5,0,0,0,\N,\N,\N,\N,\N,\N,\N
18,59,1,14,4,2,110,70,5,0,0,0,3,10,1,0,0,0,0,260,0,0,5,\N,\N,\N,\N,\N,\N,\N
18,60,1,13,4,2,65,100,20,0,0,0,6,10,2,2,5,0,0,76,0,0,0,\N,\N,\N,\N,\N,\N,\N
18,61,1,10,6,2,65,100,20,0,0,0,0,0,0,0,0,0,0,70,0,0,0,\N,\N,\N,\N,\N,\N,\N
18,62,1,14,6,2,65,100,20,0,0,0,0,0,0,0,0,0,0,68,0,0,0,\N,\N,\N,\N,\N,\N,\N
18,63,1,0,0,2,150,90,5,0,0,0,0,0,0,0,0,0,0,80,0,0,0,\N,\N,\N,\N,\N,\N,\N
18,64,1,2,0,1,35,100,35,0,0,0,0,0,0,0,0,0,0,0,0,0,0,\N,\N,\N,\N,\N,\N,\N
18,65,1,2,0,1,80,100,20,0,0,0,0,0,0,0,0,0,0,0,0,0,0,\N,\N,\N,\N,\N,\N,\N
18,66,1,1,0,1,80,80,20,0,0,0,0,0,0,0,0,0,0,48,-25,0,0,\N,\N,\N,\N,\N,\N,\N
18,67,1,1,0,1,1,100,20,0,0,0,0,0,0,0,0,0,0,196,0,0,0,\N,\N,\N,\N,\N,\N,\N
18,68,1,1,0,1,1,100,20,-5,0,0,0,0,0,0,0,0,0,89,0,0,13,\N,\N,\N,\N,\N,\N,\N
18,69,1,1,0,1,1,100,20,0,0,0,0,0,0,0,0,0,0,87,0,0,0,\N,\N,\N,\N,\N,\N,\N
18,70,1,0,0,1,80,100,15,0,0,0,0,0,0,0,0,0,0,0,0,0,0,\N,\N,\N,\N,\N,\N,\N
18,71,1,11,8,2,20,100,25,0,0,0,0,0,0,0,0,0,0,3,50,0,0,\N,\N,\N,\N,\N,\N,\N
18,72,1,11,8,2,40,100,15,0,0,0,0,0,0,0,0,0,0,3,50,0,0,\N,\N,\N,\N,\N,\N,\N
18,73,1,11,1,0,0,90,10,0,0,0,18,0,1,0,0,0,0,84,0,0,0,\N,\N,\N,\N,\N,\N,\N
18,74,1,0,2,0,0,101,20,0,0,0,0,0,0,0,0,0,0,316,0,0,7,\N,\N,\N,\N,\N,\N,\N
18,75,1,11,0,1,55,95,25,0,0,0,0,0,0,0,0,1,0,43,0,0,5,\N,\N,\N,\N,\N,\N,\N
18,76,1,11,0,2,120,100,10,0,0,0,0,0,0,0,0,0,0,151,0,0,0,\N,\N,\N,\N,\N,\N,\N
18,77,1,3,1,0,0,75,35,0,0,0,5,0,1,0,0,0,0,66,0,0,0,\N,\N,\N,\N,\N,\N,\N
18,78,1,11,1,0,0,75,30,0,0,0,1,0,1,0,0,0,0,67,0,0,0,\N,\N,\N,\N,\N,\N,\N
18,79,1,11,1,0,0,75,15,0,0,0,2,0,2,2,4,0,0,1,0,0,0,\N,\N,\N,\N,\N,\N,\N
18,80,1,11,0,2,120,100,10,0,0,0,0,0,0,0,0,0,0,27,0,0,9,\N,\N,\N,\N,\N,\N,\N
18,81,1,6,2,0,0,95,40,0,0,0,0,0,0,0,0,0,0,60,0,0,5,\N,\N,\N,\N,\N,\N,\N
18,82,1,15,0,2,1,100,10,0,0,0,0,0,0,0,0,0,0,41,0,0,0,\N,\N,\N,\N,\N,\N,\N
18,83,1,9,4,2,35,85,15,0,0,0,8,100,4,5,6,0,0,42,0,0,0,\N,\N,\N,\N,\N,\N,\N
18,84,1,12,4,2,40,100,30,0,0,0,1,10,1,0,0,0,0,6,0,0,0,\N,\N,\N,\N,\N,\N,\N
18,85,1,12,4,2,90,100,15,0,0,0,1,10,1,0,0,0,0,6,0,0,0,\N,\N,\N,\N,\N,\N,\N
18,86,1,12,1,0,0,100,20,0,0,0,1,0,1,0,0,0,0,67,0,0,0,\N,\N,\N,\N,\N,\N,\N
18,87,1,12,4,2,110,70,10,0,0,0,1,30,1,0,0,0,0,152,0,0,0,\N,\N,\N,\N,\N,\N,\N
18,88,1,5,0,1,50,90,15,0,0,0,0,0,0,0,0,0,0,0,0,0,0,\N,\N,\N,\N,\N,\N,\N
18,89,1,4,0,1,100,100,10,0,0,0,0,0,0,0,0,0,0,147,0,0,4,\N,\N,\N,\N,\N,\N,\N
18,90,1,4,9,1,1,30,5,0,0,0,0,0,0,0,0,0,0,38,0,0,0,\N,\N,\N,\N,\N,\N,\N
18,91,1,4,0,1,80,100,10,0,0,0,0,0,0,0,0,0,0,256,0,0,0,\N,\N,\N,\N,\N,\N,\N
18,92,1,3,1,0,0,90,10,0,0,0,5,0,1,15,15,0,0,33,0,0,0,\N,\N,\N,\N,\N,\N,\N
18,93,1,13,4,2,50,100,25,0,0,0,6,10,2,2,5,0,0,76,0,0,0,\N,\N,\N,\N,\N,\N,\N
18,94,1,13,6,2,90,100,10,0,0,0,0,0,0,0,0,0,0,72,0,0,0,\N,\N,\N,\N,\N,\N,\N
18,95,1,13,1,0,0,60,20,0,0,0,2,0,2,2,4,0,0,1,0,0,0,\N,\N,\N,\N,\N,\N,\N
18,96,1,13,2,0,0,101,40,0,0,0,0,0,0,0,0,0,0,10,0,0,7,\N,\N,\N,\N,\N,\N,\N
18,97,1,13,2,0,0,101,30,0,0,0,0,0,0,0,0,0,0,52,0,0,7,\N,\N,\N,\N,\N,\N,\N
18,98,1,0,0,1,40,100,30,1,0,0,0,0,0,0,0,0,0,103,0,0,0,\N,\N,\N,\N,\N,\N,\N
18,99,1,0,0,1,20,100,20,0,0,0,0,0,0,0,0,0,0,81,0,0,0,\N,\N,\N,\N,\N,\N,\N
18,100,1,13,13,0,0,101,20,0,0,0,0,0,0,0,0,0,0,153,0,0,7,\N,\N,\N,\N,\N,\N,\N
18,101,1,7,0,2,1,100,15,0,0,0,0,0,0,0,0,0,0,87,0,0,0,\N,\N,\N,\N,\N,\N,\N
18,102,1,0,13,0,0,101,10,0,0,0,0,0,0,0,0,0,0,82,0,0,0,\N,\N,\N,\N,\N,\N,\N
18,103,1,0,2,0,0,85,40,0,0,0,0,0,0,0,0,0,0,59,0,0,0,\N,\N,\N,\N,\N,\N,\N
18,104,1,0,2,0,0,101,15,0,0,0,0,0,0,0,0,0,0,16,0,0,7,\N,\N,\N,\N,\N,\N,\N
18,105,1,0,3,0,0,101,10,0,0,0,0,0,0,0,0,0,0,32,0,50,7,\N,\N,\N,\N,\N,\N,\N
18,106,1,0,2,0,0,101,30,0,0,0,0,0,0,0,0,0,0,11,0,0,7,\N,\N,\N,\N,\N,\N,\N
18,107,1,0,2,0,0,101,10,0,0,0,0,0,0,0,0,0,0,108,0,0,7,\N,\N,\N,\N,\N,\N,\N
18,108,1,0,2,0,0,100,20,0,0,0,0,0,0,0,0,0,0,23,0,0,0,\N,\N,\N,\N,\N,\N,\N
18,109,1,7,1,0,0,100,10,0,0,0,6,0,2,2,5,0,0,49,0,0,0,\N,\N,\N,\N,\N,\N,\N
18,110,1,10,2,0,0,101,40,0,0,0,0,0,0,0,0,0,0,11,0,0,7,\N,\N,\N,\N,\N,\N,\N
18,111,1,0,2,0,0,101,40,0,0,0,0,0,0,0,0,0,0,156,0,0,7,\N,\N,\N,\N,\N,\N,\N
18,112,1,13,2,0,0,101,20,0,0,0,0,0,0,0,0,0,0,51,0,0,7,\N,\N,\N,\N,\N,\N,\N
18,113,1,13,11,0,0,101,30,0,0,0,0,0,0,0,0,0,0,35,0,0,12,\N,\N,\N,\N,\N,\N,\N
18,114,1,14,10,0,0,101,30,0,0,0,0,0,0,0,0,0,0,25,0,0,10,\N,\N,\N,\N,\N,\N,\N
18,115,1,13,11,0,0,101,20,0,0,0,0,0,0,0,0,0,0,65,0,0,12,\N,\N,\N,\N,\N,\N,\N
18,116,1,0,13,0,0,101,30,0,0,0,0,0,0,0,0,0,0,47,0,0,7,\N,\N,\N,\N,\N,\N,\N
18,117,1,0,0,1,1,101,10,1,0,0,0,0,0,0,0,0,0,26,0,0,7,\N,\N,\N,\N,\N,\N,\N
18,118,1,0,13,0,0,101,10,0,0,0,0,0,0,0,0,0,0,83,0,0,7,\N,\N,\N,\N,\N,\N,\N
18,119,1,2,13,0,0,101,20,0,0,0,0,0,0,0,0,0,0,9,0,0,0,\N,\N,\N,\N,\N,\N,\N
18,120,1,0,0,1,200,100,5,0,0,0,0,0,0,0,0,0,0,7,0,0,4,\N,\N,\N,\N,\N,\N,\N
18,121,1,0,0,1,100,75,10,0,0,0,0,0,0,0,0,0,0,0,0,0,0,\N,\N,\N,\N,\N,\N,\N
18,122,1,7,4,1,30,100,30,0,0,0,1,30,1,0,0,0,0,6,0,0,0,\N,\N,\N,\N,\N,\N,\N
18,123,1,3,4,2,30,70,20,0,0,0,5,40,1,0,0,0,0,2,0,0,0,\N,\N,\N,\N,\N,\N,\N
18,124,1,3,4,2,65,100,20,0,0,0,5,30,1,0,0,0,0,2,0,0,0,\N,\N,\N,\N,\N,\N,\N
18,125,1,4,0,1,65,85,20,0,0,0,0,0,0,0,0,0,10,31,0,0,0,\N,\N,\N,\N,\N,\N,\N
18,126,1,9,4,2,110,85,5,0,0,0,4,10,1,0,0,0,0,4,0,0,0,\N,\N,\N,\N,\N,\N,\N
18,127,1,10,0,1,80,100,15,0,0,0,0,0,0,0,0,0,20,31,0,0,0,\N,\N,\N,\N,\N,\N,\N
18,128,1,10,4,1,35,85,15,0,0,0,8,100,4,5,6,0,0,42,0,0,0,\N,\N,\N,\N,\N,\N,\N
18,129,1,0,0,2,60,101,20,0,0,0,0,0,0,0,0,0,0,17,0,0,5,\N,\N,\N,\N,\N,\N,\N
18,130,1,0,0,1,130,100,10,0,0,0,0,100,0,0,0,0,0,145,0,0,0,\N,\N,\N,\N,\N,\N,\N
18,131,1,0,0,1,20,100,15,0,2,5,0,0,0,0,0,0,0,29,0,0,0,\N,\N,\N,\N,\N,\N,\N
18,132,1,0,6,1,10,100,35,0,0,0,0,0,0,0,0,0,0,70,0,0,0,\N,\N,\N,\N,\N,\N,\N
18,133,1,13,2,0,0,101,20,0,0,0,0,0,0,0,0,0,0,54,0,0,7,\N,\N,\N,\N,\N,\N,\N
18,134,1,13,2,0,0,80,15,0,0,0,0,0,0,0,0,0,0,23,0,0,0,\N,\N,\N,\N,\N,\N,\N
18,135,1,0,3,0,0,101,10,0,0,0,0,0,0,0,0,0,0,32,0,50,7,\N,\N,\N,\N,\N,\N,\N
18,136,1,1,0,1,130,90,10,0,0,0,0,0,0,0,0,0,0,45,0,0,0,\N,\N,\N,\N,\N,\N,\N
18,137,1,0,1,0,0,100,30,0,0,0,1,0,1,0,0,0,0,67,0,0,0,\N,\N,\N,\N,\N,\N,\N
18,138,1,13,8,2,100,100,15,0,0,0,0,0,0,0,0,0,0,8,50,0,0,\N,\N,\N,\N,\N,\N,\N
18,139,1,3,1,0,0,90,40,0,0,0,5,0,1,0,0,0,0,66,0,0,5,\N,\N,\N,\N,\N,\N,\N
18,140,1,0,0,1,15,85,20,0,2,5,0,0,0,0,0,0,0,29,0,0,0,\N,\N,\N,\N,\N,\N,\N
18,141,1,6,8,1,20,100,15,0,0,0,0,0,0,0,0,0,0,3,50,0,0,\N,\N,\N,\N,\N,\N,\N
18,142,1,0,1,0,0,75,10,0,0,0,2,0,2,2,4,0,0,1,0,0,0,\N,\N,\N,\N,\N,\N,\N
18,143,1,2,0,1,140,90,5,0,0,0,0,0,0,0,0,1,30,75,0,0,0,\N,\N,\N,\N,\N,\N,\N
18,144,1,0,13,0,0,101,10,0,0,0,0,0,0,0,0,0,0,57,0,0,0,\N,\N,\N,\N,\N,\N,\N
18,145,1,10,6,2,40,100,30,0,0,0,0,0,0,0,0,0,0,70,0,0,5,\N,\N,\N,\N,\N,\N,\N
18,146,1,0,4,1,70,100,10,0,0,0,6,20,2,2,5,0,0,76,0,0,0,\N,\N,\N,\N,\N,\N,\N
18,147,1,11,1,0,0,100,15,0,0,0,2,0,2,2,4,0,0,1,0,0,0,\N,\N,\N,\N,\N,\N,\N
18,148,1,0,2,0,0,100,20,0,0,0,0,0,0,0,0,0,0,23,0,0,0,\N,\N,\N,\N,\N,\N,\N
18,149,1,13,0,2,1,100,15,0,0,0,0,0,0,0,0,0,0,88,0,0,0,\N,\N,\N,\N,\N,\N,\N
18,150,1,0,13,0,0,101,40,0,0,0,0,0,0,0,0,0,0,85,0,0,7,\N,\N,\N,\N,\N,\N,\N
18,151,1,3,2,0,0,101,20,0,0,0,0,0,0,0,0,0,0,51,0,0,7,\N,\N,\N,\N,\N,\N,\N
18,152,1,10,0,1,100,90,10,0,0,0,0,0,0,0,0,1,0,43,0,0,0,\N,\N,\N,\N,\N,\N,\N
18,153,1,0,0,1,250,100,5,0,0,0,0,0,0,0,0,0,0,7,0,0,4,\N,\N,\N,\N,\N,\N,\N
18,154,1,0,0,1,18,80,15,0,2,5,0,0,0,0,0,0,0,29,0,0,0,\N,\N,\N,\N,\N,\N,\N
18,155,1,4,0,1,50,90,10,0,2,2,0,0,0,0,0,0,0,44,0,0,0,\N,\N,\N,\N,\N,\N,\N
18,156,1,13,13,0,0,101,10,0,0,0,0,0,0,0,0,0,0,37,0,0,7,\N,\N,\N,\N,\N,\N,\N
18,157,1,5,0,1,75,90,10,0,0,0,0,0,0,0,0,0,30,31,0,0,5,\N,\N,\N,\N,\N,\N,\N
18,158,1,0,0,1,80,90,15,0,0,0,0,0,0,0,0,0,10,31,0,0,0,\N,\N,\N,\N,\N,\N,\N
18,159,1,0,2,0,0,101,30,0,0,0,0,0,0,0,0,0,0,10,0,0,7,\N,\N,\N,\N,\N,\N,\N
18,160,1,0,13,0,0,101,30,0,0,0,0,0,0,0,0,0,0,30,0,0,7,\N,\N,\N,\N,\N,\N,\N
18,161,1,0,4,2,80,100,10,0,0,0,101,20,1,0,0,0,0,36,0,0,0,\N,\N,\N,\N,\N,\N,\N
18,162,1,0,0,1,1,90,10,0,0,0,0,0,0,0,0,0,0,40,0,0,0,\N,\N,\N,\N,\N,\N,\N
18,163,1,0,0,1,70,100,20,0,0,0,0,0,0,0,0,1,0,43,0,0,0,\N,\N,\N,\N,\N,\N,\N
18,164,1,0,13,0,0,101,10,0,0,0,0,0,0,0,0,0,0,79,0,0,7,\N,\N,\N,\N,\N,\N,\N
18,165,1,0,0,1,50,101,1,0,0,0,0,0,0,0,0,0,0,254,0,-25,9,\N,\N,\N,\N,\N,\N,\N
18,166,1,0,13,0,0,101,1,0,0,0,0,0,0,0,0,0,0,95,0,0,0,\N,\N,\N,\N,\N,\N,\N
18,167,1,1,0,1,10,90,10,0,3,3,0,0,0,0,0,0,0,104,0,0,0,\N,\N,\N,\N,\N,\N,\N
18,168,1,16,0,1,60,100,25,0,0,0,0,0,0,0,0,0,0,105,0,0,0,\N,\N,\N,\N,\N,\N,\N
18,169,1,6,13,0,0,101,10,0,0,0,0,0,0,0,0,0,0,106,0,0,0,\N,\N,\N,\N,\N,\N,\N
18,170,1,0,13,0,0,101,5,0,0,0,0,0,0,0,0,0,0,94,0,0,0,\N,\N,\N,\N,\N,\N,\N
18,171,1,7,1,0,0,100,15,0,0,0,9,0,1,0,0,0,0,107,0,0,0,\N,\N,\N,\N,\N,\N,\N
18,172,1,9,4,1,60,100,25,0,0,0,4,10,1,0,0,0,0,125,0,0,0,\N,\N,\N,\N,\N,\N,\N
18,173,1,0,0,2,50,100,15,0,0,0,0,0,0,0,0,0,30,92,0,0,0,\N,\N,\N,\N,\N,\N,\N
18,174,1,7,13,0,0,101,10,0,0,0,0,0,0,0,0,0,0,109,0,0,13,\N,\N,\N,\N,\N,\N,\N
18,175,1,0,0,1,1,100,15,0,0,0,0,0,0,0,0,0,0,99,0,0,0,\N,\N,\N,\N,\N,\N,\N
18,176,1,0,13,0,0,101,30,0,0,0,0,0,0,0,0,0,0,93,0,0,0,\N,\N,\N,\N,\N,\N,\N
18,177,1,2,0,2,100,95,5,0,0,0,0,0,0,0,0,1,0,43,0,0,0,\N,\N,\N,\N,\N,\N,\N
18,178,1,11,2,0,0,100,40,0,0,0,0,0,0,0,0,0,0,60,0,0,5,\N,\N,\N,\N,\N,\N,\N
18,179,1,1,0,1,1,100,15,0,0,0,0,0,0,0,0,0,0,99,0,0,0,\N,\N,\N,\N,\N,\N,\N
18,180,1,7,13,0,0,100,10,0,0,0,0,0,0,0,0,0,0,100,0,0,0,\N,\N,\N,\N,\N,\N,\N
18,181,1,14,4,2,40,100,25,0,0,0,3,10,1,0,0,0,0,5,0,0,5,\N,\N,\N,\N,\N,\N,\N
18,182,1,0,13,0,0,101,10,4,0,0,0,0,0,0,0,0,0,111,0,0,7,\N,\N,\N,\N,\N,\N,\N
18,183,1,1,0,1,40,100,30,1,0,0,0,0,0,0,0,0,0,103,0,0,0,\N,\N,\N,\N,\N,\N,\N
18,184,1,0,2,0,0,100,10,0,0,0,0,0,0,0,0,0,0,60,0,0,0,\N,\N,\N,\N,\N,\N,\N
18,185,1,16,0,1,60,101,20,0,0,0,0,0,0,0,0,0,0,17,0,0,0,\N,\N,\N,\N,\N,\N,\N
18,186,1,17,1,0,0,75,10,0,0,0,6,0,2,2,5,0,0,49,0,0,0,\N,\N,\N,\N,\N,\N,\N
18,187,1,0,13,0,0,101,10,0,0,0,0,0,0,0,0,0,0,142,0,0,7,\N,\N,\N,\N,\N,\N,\N
18,188,1,3,4,2,90,100,10,0,0,0,5,30,1,0,0,0,0,2,0,0,0,\N,\N,\N,\N,\N,\N,\N
18,189,1,4,6,2,20,100,10,0,0,0,0,0,0,0,0,0,0,73,0,0,0,\N,\N,\N,\N,\N,\N,\N
18,190,1,10,6,2,65,85,10,0,0,0,0,0,0,0,0,0,0,73,0,0,0,\N,\N,\N,\N,\N,\N,\N
18,191,1,4,11,0,0,101,20,0,0,0,0,0,0,0,0,0,0,112,0,0,11,\N,\N,\N,\N,\N,\N,\N
18,192,1,12,4,2,120,50,5,0,0,0,1,100,1,0,0,0,0,6,0,0,0,\N,\N,\N,\N,\N,\N,\N
18,193,1,0,1,0,0,101,40,0,0,0,17,0,1,0,0,0,0,113,0,0,0,\N,\N,\N,\N,\N,\N,\N
18,194,1,7,13,0,0,101,5,0,0,0,0,0,0,0,0,0,0,98,0,0,7,\N,\N,\N,\N,\N,\N,\N
18,195,1,0,1,0,0,101,5,0,0,0,20,0,2,4,4,0,0,114,0,0,8,\N,\N,\N,\N,\N,\N,\N
18,196,1,14,6,2,55,95,15,0,0,0,0,0,0,0,0,0,0,70,0,0,5,\N,\N,\N,\N,\N,\N,\N
18,197,1,1,13,0,0,101,5,4,0,0,0,0,0,0,0,0,0,111,0,0,7,\N,\N,\N,\N,\N,\N,\N
18,198,1,4,0,1,25,90,10,0,2,5,0,0,0,0,0,0,0,29,0,0,0,\N,\N,\N,\N,\N,\N,\N
18,199,1,0,13,0,0,101,5,0,0,0,0,0,0,0,0,0,0,94,0,0,0,\N,\N,\N,\N,\N,\N,\N
18,200,1,15,0,1,120,100,10,0,0,0,0,0,0,0,0,0,0,27,0,0,9,\N,\N,\N,\N,\N,\N,\N
18,201,1,5,10,0,0,101,10,0,0,0,0,0,0,0,0,0,0,115,0,0,10,\N,\N,\N,\N,\N,\N,\N
18,202,1,11,8,2,75,100,10,0,0,0,0,0,0,0,0,0,0,3,50,0,0,\N,\N,\N,\N,\N,\N,\N
18,203,1,0,13,0,0,101,10,4,0,0,0,0,0,0,0,0,0,116,0,0,7,\N,\N,\N,\N,\N,\N,\N
18,204,1,17,2,0,0,100,20,0,0,0,0,0,0,0,0,0,0,58,0,0,0,\N,\N,\N,\N,\N,\N,\N
18,205,1,5,0,1,30,90,20,0,0,0,0,0,0,0,0,0,0,117,0,0,0,\N,\N,\N,\N,\N,\N,\N
18,206,1,0,0,1,40,100,40,0,0,0,0,0,0,0,0,0,0,101,0,0,0,\N,\N,\N,\N,\N,\N,\N
18,207,1,0,5,0,0,90,15,0,0,0,6,0,2,2,5,0,0,118,0,0,0,\N,\N,\N,\N,\N,\N,\N
18,208,1,0,3,0,0,101,10,0,0,0,0,0,0,0,0,0,0,32,0,50,7,\N,\N,\N,\N,\N,\N,\N
18,209,1,12,4,1,65,100,20,0,0,0,1,30,1,0,0,0,0,6,0,0,0,\N,\N,\N,\N,\N,\N,\N
18,210,1,6,0,1,40,95,20,0,0,0,0,0,0,0,0,0,0,119,0,0,0,\N,\N,\N,\N,\N,\N,\N
18,211,1,8,7,1,70,90,25,0,0,0,0,0,0,0,0,0,0,138,0,0,0,\N,\N,\N,\N,\N,\N,\N
18,212,1,0,13,0,0,101,5,0,0,0,0,0,0,0,0,0,0,106,0,0,0,\N,\N,\N,\N,\N,\N,\N
18,213,1,0,1,0,0,100,15,0,0,0,7,0,3,0,0,0,0,120,0,0,0,\N,\N,\N,\N,\N,\N,\N
18,214,1,0,13,0,0,101,10,0,0,0,0,0,0,0,0,0,0,97,0,0,7,\N,\N,\N,\N,\N,\N,\N
18,215,1,0,13,0,0,101,5,0,0,0,0,0,0,0,0,0,0,102,0,0,6,\N,\N,\N,\N,\N,\N,\N
18,216,1,0,0,1,1,100,20,0,0,0,0,0,0,0,0,0,0,121,0,0,0,\N,\N,\N,\N,\N,\N,\N
18,217,1,0,0,1,1,90,15,0,0,0,0,0,0,0,0,0,0,122,0,0,0,\N,\N,\N,\N,\N,\N,\N
18,218,1,0,0,1,1,100,20,0,0,0,0,0,0,0,0,0,0,123,0,0,0,\N,\N,\N,\N,\N,\N,\N
18,219,1,0,11,0,0,101,25,0,0,0,0,0,0,0,0,0,0,124,0,0,12,\N,\N,\N,\N,\N,\N,\N
18,220,1,0,13,0,0,101,20,0,0,0,0,0,0,0,0,0,0,91,0,0,0,\N,\N,\N,\N,\N,\N,\N
18,221,1,9,4,1,100,95,5,0,0,0,4,50,1,0,0,0,0,125,0,0,0,\N,\N,\N,\N,\N,\N,\N
18,222,1,4,0,1,1,100,30,0,0,0,0,0,0,0,0,0,0,126,0,0,4,\N,\N,\N,\N,\N,\N,\N
18,223,1,1,4,1,100,50,5,0,0,0,6,100,2,2,5,0,0,76,0,0,0,\N,\N,\N,\N,\N,\N,\N
18,224,1,6,0,1,120,85,10,0,0,0,0,0,0,0,0,0,0,0,0,0,0,\N,\N,\N,\N,\N,\N,\N
18,225,1,15,4,2,60,100,20,0,0,0,1,30,1,0,0,0,0,6,0,0,0,\N,\N,\N,\N,\N,\N,\N
18,226,1,0,13,0,0,101,40,0,0,0,0,0,0,0,0,0,0,127,0,0,7,\N,\N,\N,\N,\N,\N,\N
18,227,1,0,13,0,0,100,5,0,0,0,0,0,0,0,0,0,0,90,0,0,0,\N,\N,\N,\N,\N,\N,\N
18,228,1,16,0,1,40,100,20,0,0,0,0,0,0,0,0,0,0,128,0,0,0,\N,\N,\N,\N,\N,\N,\N
18,229,1,0,0,1,20,100,40,0,0,0,0,0,0,0,0,0,0,129,0,0,0,\N,\N,\N,\N,\N,\N,\N
18,230,1,0,2,0,0,100,20,0,0,0,0,0,0,0,0,0,0,24,0,0,5,\N,\N,\N,\N,\N,\N,\N
18,231,1,8,6,1,100,75,15,0,0,0,0,0,0,0,0,0,0,69,0,0,0,\N,\N,\N,\N,\N,\N,\N
18,232,1,8,7,1,50,95,35,0,0,0,0,0,0,0,0,0,0,139,0,0,0,\N,\N,\N,\N,\N,\N,\N
18,233,1,1,0,1,70,101,10,-1,0,0,0,0,0,0,0,0,0,78,0,0,0,\N,\N,\N,\N,\N,\N,\N
18,234,1,0,3,0,0,101,5,0,0,0,0,0,0,0,0,0,0,132,0,50,7,\N,\N,\N,\N,\N,\N,\N
18,235,1,11,3,0,0,101,5,0,0,0,0,0,0,0,0,0,0,132,0,50,7,\N,\N,\N,\N,\N,\N,\N
18,236,1,17,3,0,0,101,5,0,0,0,0,0,0,0,0,0,0,132,0,50,7,\N,\N,\N,\N,\N,\N,\N
18,237,1,0,0,2,60,100,15,0,0,0,0,0,0,0,0,0,0,135,0,0,0,\N,\N,\N,\N,\N,\N,\N
18,238,1,1,0,1,100,80,5,0,0,0,0,0,0,0,0,1,0,43,0,0,0,\N,\N,\N,\N,\N,\N,\N
18,239,1,15,0,2,40,100,20,0,0,0,0,0,0,0,0,0,20,146,0,0,5,\N,\N,\N,\N,\N,\N,\N
18,240,1,10,10,0,0,101,5,0,0,0,0,0,0,0,0,0,0,136,0,0,10,\N,\N,\N,\N,\N,\N,\N
18,241,1,9,10,0,0,101,5,0,0,0,0,0,0,0,0,0,0,137,0,0,10,\N,\N,\N,\N,\N,\N,\N
18,242,1,16,6,1,80,100,15,0,0,0,0,0,0,0,0,0,0,69,0,0,0,\N,\N,\N,\N,\N,\N,\N
18,243,1,13,0,2,1,100,20,-5,0,0,0,0,0,0,0,0,0,144,0,0,13,\N,\N,\N,\N,\N,\N,\N
18,244,1,0,13,0,0,101,10,0,0,0,0,0,0,0,0,0,0,143,0,0,0,\N,\N,\N,\N,\N,\N,\N
18,245,1,0,0,1,80,100,5,2,0,0,0,0,0,0,0,0,0,103,0,0,0,\N,\N,\N,\N,\N,\N,\N
18,246,1,5,7,2,60,100,5,0,0,0,0,0,0,0,0,0,0,140,0,0,0,\N,\N,\N,\N,\N,\N,\N
18,247,1,7,6,2,80,100,15,0,0,0,0,0,0,0,0,0,0,72,0,0,0,\N,\N,\N,\N,\N,\N,\N
18,248,1,13,13,2,120,100,10,0,0,0,0,0,0,0,0,0,0,148,0,0,0,\N,\N,\N,\N,\N,\N,\N
18,249,1,1,6,1,40,100,15,0,0,0,0,0,0,0,0,0,0,69,0,0,0,\N,\N,\N,\N,\N,\N,\N
18,250,1,10,4,2,35,85,15,0,0,0,8,100,4,5,6,0,0,261,0,0,0,\N,\N,\N,\N,\N,\N,\N
18,251,1,16,0,1,1,100,10,0,6,6,0,0,0,0,0,0,0,154,0,0,0,\N,\N,\N,\N,\N,\N,\N
18,252,1,0,0,1,40,100,10,3,0,0,0,0,0,0,0,0,100,158,0,0,0,\N,\N,\N,\N,\N,\N,\N
18,253,1,0,0,2,90,100,10,0,0,0,0,0,0,0,0,0,0,159,0,0,9,\N,\N,\N,\N,\N,\N,\N
18,254,1,0,13,0,0,101,20,0,0,0,0,0,0,0,0,0,0,160,0,0,7,\N,\N,\N,\N,\N,\N,\N
18,255,1,0,0,2,1,100,10,0,0,0,0,0,0,0,0,0,0,161,0,0,0,\N,\N,\N,\N,\N,\N,\N
18,256,1,0,3,0,0,101,10,0,0,0,0,0,0,0,0,0,0,162,0,25,7,\N,\N,\N,\N,\N,\N,\N
18,257,1,9,4,2,95,90,10,0,0,0,4,10,1,0,0,0,0,4,0,0,5,\N,\N,\N,\N,\N,\N,\N
18,258,1,14,10,0,0,101,10,0,0,0,0,0,0,0,0,0,0,164,0,0,10,\N,\N,\N,\N,\N,\N,\N
18,259,1,16,1,0,0,100,15,0,0,0,12,0,1,0,0,0,0,165,0,0,0,\N,\N,\N,\N,\N,\N,\N
18,260,1,16,5,0,0,100,15,0,0,0,6,0,2,2,5,0,0,166,0,0,0,\N,\N,\N,\N,\N,\N,\N
18,261,1,9,1,0,0,85,15,0,0,0,4,0,1,0,0,0,0,167,0,0,0,\N,\N,\N,\N,\N,\N,\N
18,262,1,16,13,0,0,100,10,0,0,0,0,0,0,0,0,0,0,168,0,0,0,\N,\N,\N,\N,\N,\N,\N
18,263,1,0,0,1,70,100,20,0,0,0,0,0,0,0,0,0,0,169,0,0,0,\N,\N,\N,\N,\N,\N,\N
18,264,1,1,0,1,150,100,20,-3,0,0,0,0,0,0,0,0,0,170,0,0,0,\N,\N,\N,\N,\N,\N,\N
18,265,1,0,0,1,70,100,10,0,0,0,0,0,0,0,0,0,0,171,0,0,0,\N,\N,\N,\N,\N,\N,\N
18,266,1,0,13,0,0,101,20,2,0,0,0,0,0,0,0,0,0,172,0,0,7,\N,\N,\N,\N,\N,\N,\N
18,267,1,0,13,0,0,101,20,0,0,0,0,0,0,0,0,0,0,173,0,0,0,\N,\N,\N,\N,\N,\N,\N
18,268,1,12,2,0,0,101,20,0,0,0,0,0,0,0,0,0,0,174,0,0,7,\N,\N,\N,\N,\N,\N,\N
18,269,1,16,13,0,0,100,20,0,0,0,0,0,0,0,0,0,0,175,0,0,0,\N,\N,\N,\N,\N,\N,\N
18,270,1,0,13,0,0,101,20,5,0,0,0,0,0,0,0,0,0,176,0,0,2,\N,\N,\N,\N,\N,\N,\N
18,271,1,13,13,0,0,100,10,0,0,0,0,0,0,0,0,0,0,177,0,0,0,\N,\N,\N,\N,\N,\N,\N
18,272,1,13,13,0,0,101,10,0,0,0,0,0,0,0,0,0,0,178,0,0,0,\N,\N,\N,\N,\N,\N,\N
18,273,1,0,13,0,0,101,10,0,0,0,0,0,0,0,0,0,0,179,0,0,7,\N,\N,\N,\N,\N,\N,\N
18,274,1,0,13,0,0,101,20,0,0,0,0,0,0,0,0,0,0,180,0,0,7,\N,\N,\N,\N,\N,\N,\N
18,275,1,11,1,0,0,101,20,0,0,0,21,0,1,0,0,0,0,181,0,0,7,\N,\N,\N,\N,\N,\N,\N
18,276,1,1,7,1,120,100,5,0,0,0,0,0,0,0,0,0,0,182,0,0,0,\N,\N,\N,\N,\N,\N,\N
18,277,1,13,13,0,0,101,15,4,0,0,0,0,0,0,0,0,0,183,0,0,7,\N,\N,\N,\N,\N,\N,\N
18,278,1,0,13,0,0,101,10,0,0,0,0,0,0,0,0,0,0,184,0,0,7,\N,\N,\N,\N,\N,\N,\N
18,279,1,1,0,1,60,100,10,-4,0,0,0,0,0,0,0,0,0,185,0,0,0,\N,\N,\N,\N,\N,\N,\N
18,280,1,1,0,1,75,100,15,0,0,0,0,0,0,0,0,0,0,186,0,0,0,\N,\N,\N,\N,\N,\N,\N
18,281,1,0,1,0,0,101,10,0,0,0,14,0,2,2,2,0,0,187,0,0,0,\N,\N,\N,\N,\N,\N,\N
18,282,1,16,0,1,65,100,20,0,0,0,0,0,0,0,0,0,0,188,0,0,0,\N,\N,\N,\N,\N,\N,\N
18,283,1,0,0,1,1,100,5,0,0,0,0,0,0,0,0,0,0,189,0,0,0,\N,\N,\N,\N,\N,\N,\N
18,284,1,9,0,2,150,100,5,0,0,0,0,0,0,0,0,0,0,190,0,0,5,\N,\N,\N,\N,\N,\N,\N
18,285,1,13,13,0,0,101,10,0,0,0,0,0,0,0,0,0,0,191,0,0,0,\N,\N,\N,\N,\N,\N,\N
18,286,1,13,13,0,0,101,10,0,0,0,0,0,0,0,0,0,0,192,0,0,7,\N,\N,\N,\N,\N,\N,\N
18,287,1,0,13,0,0,101,20,0,0,0,0,0,0,0,0,0,0,193,0,0,7,\N,\N,\N,\N,\N,\N,\N
18,288,1,7,13,0,0,101,5,0,0,0,0,0,0,0,0,0,0,194,0,0,7,\N,\N,\N,\N,\N,\N,\N
18,289,1,16,13,0,0,101,10,4,0,0,0,0,0,0,0,0,0,195,0,0,7,\N,\N,\N,\N,\N,\N,\N
18,290,1,0,0,1,70,100,20,0,0,0,0,30,0,0,0,0,0,197,0,0,0,\N,\N,\N,\N,\N,\N,\N
18,291,1,10,0,1,80,100,10,0,0,0,0,0,0,0,0,0,0,255,0,0,0,\N,\N,\N,\N,\N,\N,\N
18,292,1,1,0,1,15,100,20,0,2,5,0,0,0,0,0,0,0,29,0,0,0,\N,\N,\N,\N,\N,\N,\N
18,293,1,0,13,0,0,101,20,0,0,0,0,0,0,0,0,0,0,213,0,0,7,\N,\N,\N,\N,\N,\N,\N
18,294,1,6,2,0,0,101,20,0,0,0,0,0,0,0,0,0,0,321,0,0,7,\N,\N,\N,\N,\N,\N,\N
18,295,1,13,6,2,70,100,5,0,0,0,0,0,0,0,0,0,0,72,0,0,0,\N,\N,\N,\N,\N,\N,\N
18,296,1,13,6,2,70,100,5,0,0,0,0,0,0,0,0,0,0,71,0,0,0,\N,\N,\N,\N,\N,\N,\N
18,297,1,2,2,0,0,100,15,0,0,0,0,0,0,0,0,0,0,58,0,0,0,\N,\N,\N,\N,\N,\N,\N
18,298,1,0,1,0,0,100,20,0,0,0,6,0,2,2,5,0,0,199,0,0,4,\N,\N,\N,\N,\N,\N,\N
18,299,1,9,4,1,85,90,10,0,0,0,4,10,1,0,0,1,0,200,0,0,0,\N,\N,\N,\N,\N,\N,\N
18,300,1,4,10,0,0,101,15,0,0,0,0,0,0,0,0,0,0,201,0,0,10,\N,\N,\N,\N,\N,\N,\N
18,301,1,14,0,1,30,90,20,0,0,0,0,0,0,0,0,0,0,117,0,0,0,\N,\N,\N,\N,\N,\N,\N
18,302,1,11,0,1,60,100,15,0,0,0,0,0,0,0,0,0,30,31,0,0,0,\N,\N,\N,\N,\N,\N,\N
18,303,1,0,3,0,0,101,10,0,0,0,0,0,0,0,0,0,0,32,0,50,7,\N,\N,\N,\N,\N,\N,\N
18,304,1,0,0,2,90,100,10,0,0,0,0,0,0,0,0,0,0,0,0,0,5,\N,\N,\N,\N,\N,\N,\N
18,305,1,3,4,1,50,100,15,0,0,0,5,50,1,15,15,0,0,202,0,0,0,\N,\N,\N,\N,\N,\N,\N
18,306,1,0,6,1,75,95,10,0,0,0,0,0,0,0,0,0,0,69,0,0,0,\N,\N,\N,\N,\N,\N,\N
18,307,1,9,0,2,150,90,5,0,0,0,0,0,0,0,0,0,0,80,0,0,0,\N,\N,\N,\N,\N,\N,\N
18,308,1,10,0,2,150,90,5,0,0,0,0,0,0,0,0,0,0,80,0,0,0,\N,\N,\N,\N,\N,\N,\N
18,309,1,8,7,1,90,90,10,0,0,0,0,0,0,0,0,0,0,139,0,0,0,\N,\N,\N,\N,\N,\N,\N
18,310,1,7,0,1,30,100,15,0,0,0,0,0,0,0,0,0,30,31,0,0,0,\N,\N,\N,\N,\N,\N,\N
18,311,1,0,0,2,50,100,10,0,0,0,0,0,0,0,0,0,0,203,0,0,0,\N,\N,\N,\N,\N,\N,\N
18,312,1,11,13,0,0,101,5,0,0,0,0,0,0,0,0,0,0,102,0,0,6,\N,\N,\N,\N,\N,\N,\N
18,313,1,16,2,0,0,100,20,0,0,0,0,0,0,0,0,0,0,62,0,0,0,\N,\N,\N,\N,\N,\N,\N
18,314,1,2,0,2,60,95,25,0,0,0,0,0,0,0,0,1,0,43,0,0,5,\N,\N,\N,\N,\N,\N,\N
18,315,1,9,7,2,130,90,5,0,0,0,0,0,0,0,0,0,0,204,0,0,0,\N,\N,\N,\N,\N,\N,\N
18,316,1,0,1,0,0,101,40,0,0,0,17,0,1,0,0,0,0,113,0,0,0,\N,\N,\N,\N,\N,\N,\N
18,317,1,5,6,1,60,95,15,0,0,0,0,0,0,0,0,0,0,70,0,0,0,\N,\N,\N,\N,\N,\N,\N
18,318,1,6,7,2,60,100,5,0,0,0,0,0,0,0,0,0,0,140,0,0,0,\N,\N,\N,\N,\N,\N,\N
18,319,1,8,2,0,0,85,40,0,0,0,0,0,0,0,0,0,0,62,0,0,0,\N,\N,\N,\N,\N,\N,\N
18,320,1,11,1,0,0,55,15,0,0,0,2,0,2,2,4,0,0,1,0,0,0,\N,\N,\N,\N,\N,\N,\N
18,321,1,0,2,0,0,100,20,0,0,0,0,0,0,0,0,0,0,205,0,0,0,\N,\N,\N,\N,\N,\N,\N
18,322,1,13,2,0,0,101,20,0,0,0,0,0,0,0,0,0,0,206,0,0,7,\N,\N,\N,\N,\N,\N,\N
18,323,1,10,0,2,150,100,5,0,0,0,0,0,0,0,0,0,0,190,0,0,5,\N,\N,\N,\N,\N,\N,\N
18,324,1,6,4,2,75,100,15,0,0,0,6,10,2,2,5,0,0,76,0,0,0,\N,\N,\N,\N,\N,\N,\N
18,325,1,7,0,1,60,101,20,0,0,0,0,0,0,0,0,0,0,17,0,0,0,\N,\N,\N,\N,\N,\N,\N
18,326,1,13,0,2,80,100,20,0,0,0,0,0,0,0,0,0,10,31,0,0,0,\N,\N,\N,\N,\N,\N,\N
18,327,1,1,0,1,85,90,15,0,0,0,0,0,0,0,0,0,0,207,0,0,0,\N,\N,\N,\N,\N,\N,\N
18,328,1,4,4,1,35,85,15,0,0,0,8,100,4,5,6,0,0,42,0,0,0,\N,\N,\N,\N,\N,\N,\N
18,329,1,14,9,2,1,30,5,0,0,0,0,0,0,0,0,0,0,38,0,0,0,\N,\N,\N,\N,\N,\N,\N
18,330,1,10,6,2,90,85,10,0,0,0,0,0,0,0,0,0,0,73,0,0,5,\N,\N,\N,\N,\N,\N,\N
18,331,1,11,0,1,25,100,30,0,2,5,0,0,0,0,0,0,0,29,0,0,0,\N,\N,\N,\N,\N,\N,\N
18,332,1,2,0,1,60,101,20,0,0,0,0,0,0,0,0,0,0,17,0,0,0,\N,\N,\N,\N,\N,\N,\N
18,333,1,14,0,1,25,100,30,0,2,5,0,0,0,0,0,0,0,29,0,0,0,\N,\N,\N,\N,\N,\N,\N
18,334,1,8,2,0,0,101,15,0,0,0,0,0,0,0,0,0,0,51,0,0,7,\N,\N,\N,\N,\N,\N,\N
18,335,1,0,13,0,0,101,5,0,0,0,0,0,0,0,0,0,0,106,0,0,0,\N,\N,\N,\N,\N,\N,\N
18,336,1,0,2,0,0,101,40,0,0,0,0,0,0,0,0,0,0,10,0,0,7,\N,\N,\N,\N,\N,\N,\N
18,337,1,15,0,1,80,100,15,0,0,0,0,0,0,0,0,0,0,0,0,0,0,\N,\N,\N,\N,\N,\N,\N
18,338,1,11,0,2,150,90,5,0,0,0,0,0,0,0,0,0,0,80,0,0,0,\N,\N,\N,\N,\N,\N,\N
18,339,1,1,2,0,0,101,20,0,0,0,0,0,0,0,0,0,0,208,0,0,7,\N,\N,\N,\N,\N,\N,\N
18,340,1,2,4,1,85,85,5,0,0,0,1,30,1,0,0,0,0,263,0,0,0,\N,\N,\N,\N,\N,\N,\N
18,341,1,4,6,2,55,95,15,0,0,0,0,0,0,0,0,0,0,70,0,0,0,\N,\N,\N,\N,\N,\N,\N
18,342,1,3,4,1,50,100,25,0,0,0,5,10,1,0,0,1,0,209,0,0,0,\N,\N,\N,\N,\N,\N,\N
18,343,1,0,0,1,60,100,25,0,0,0,0,0,0,0,0,0,0,105,0,0,0,\N,\N,\N,\N,\N,\N,\N
18,344,1,12,4,1,120,100,15,0,0,0,1,10,1,0,0,0,0,262,-33,0,0,\N,\N,\N,\N,\N,\N,\N
18,345,1,11,0,2,60,101,20,0,0,0,0,0,0,0,0,0,0,17,0,0,0,\N,\N,\N,\N,\N,\N,\N
18,346,1,10,10,0,0,101,15,0,0,0,0,0,0,0,0,0,0,210,0,0,10,\N,\N,\N,\N,\N,\N,\N
18,347,1,13,2,0,0,101,20,0,0,0,0,0,0,0,0,0,0,211,0,0,7,\N,\N,\N,\N,\N,\N,\N
18,348,1,11,0,1,90,100,15,0,0,0,0,0,0,0,0,1,0,43,0,0,0,\N,\N,\N,\N,\N,\N,\N
18,349,1,15,2,0,0,101,20,0,0,0,0,0,0,0,0,0,0,212,0,0,7,\N,\N,\N,\N,\N,\N,\N
18,350,1,5,0,1,25,90,10,0,2,5,0,0,0,0,0,0,0,29,0,0,0,\N,\N,\N,\N,\N,\N,\N
18,351,1,12,0,2,60,101,20,0,0,0,0,0,0,0,0,0,0,17,0,0,0,\N,\N,\N,\N,\N,\N,\N
18,352,1,10,4,2,60,100,20,0,0,0,6,20,2,2,5,0,0,76,0,0,0,\N,\N,\N,\N,\N,\N,\N
18,353,1,8,13,2,140,100,5,0,0,0,0,0,0,0,0,0,0,148,0,0,0,\N,\N,\N,\N,\N,\N,\N
18,354,1,13,7,2,140,90,5,0,0,0,0,0,0,0,0,0,0,204,0,0,0,\N,\N,\N,\N,\N,\N,\N
18,355,1,2,3,0,0,101,10,0,0,0,0,0,0,0,0,0,0,214,0,50,7,\N,\N,\N,\N,\N,\N,\N
18,356,1,13,10,0,0,101,5,0,0,0,0,0,0,0,0,0,0,215,0,0,10,\N,\N,\N,\N,\N,\N,\N
18,357,1,13,1,0,0,101,40,0,0,0,17,0,1,0,0,0,0,216,0,0,0,\N,\N,\N,\N,\N,\N,\N
18,358,1,1,0,1,70,100,10,0,0,0,0,0,0,0,0,0,0,217,0,0,0,\N,\N,\N,\N,\N,\N,\N
18,359,1,1,7,1,100,90,10,0,0,0,0,0,0,0,0,0,0,218,0,0,0,\N,\N,\N,\N,\N,\N,\N
18,360,1,8,0,1,1,100,5,0,0,0,0,0,0,0,0,0,0,219,0,0,0,\N,\N,\N,\N,\N,\N,\N
18,361,1,13,13,0,0,101,10,0,0,0,0,0,0,0,0,0,0,220,0,0,7,\N,\N,\N,\N,\N,\N,\N
18,362,1,10,0,2,65,100,10,0,0,0,0,0,0,0,0,0,0,221,0,0,0,\N,\N,\N,\N,\N,\N,\N
18,363,1,0,0,1,1,100,15,0,0,0,0,0,0,0,0,0,0,222,0,0,0,\N,\N,\N,\N,\N,\N,\N
18,364,1,0,0,1,30,100,10,2,0,0,0,0,0,0,0,0,0,223,0,0,0,\N,\N,\N,\N,\N,\N,\N
18,365,1,2,0,1,60,100,20,0,0,0,0,0,0,0,0,0,0,224,0,0,0,\N,\N,\N,\N,\N,\N,\N
18,366,1,2,11,0,0,101,15,0,0,0,0,0,0,0,0,0,0,225,0,0,12,\N,\N,\N,\N,\N,\N,\N
18,367,1,0,13,0,0,101,30,0,0,0,0,0,0,0,0,0,0,226,0,0,1,\N,\N,\N,\N,\N,\N,\N
18,368,1,8,0,1,1,100,10,0,0,0,0,0,0,0,0,0,0,227,0,0,13,\N,\N,\N,\N,\N,\N,\N
18,369,1,6,0,1,70,100,20,0,0,0,0,0,0,0,0,0,0,228,0,0,0,\N,\N,\N,\N,\N,\N,\N
18,370,1,1,7,1,120,100,5,0,0,0,0,0,0,0,0,0,0,229,0,0,0,\N,\N,\N,\N,\N,\N,\N
18,371,1,16,0,1,50,100,10,0,0,0,0,0,0,0,0,0,0,230,0,0,0,\N,\N,\N,\N,\N,\N,\N
18,372,1,16,0,1,60,100,10,0,0,0,0,0,0,0,0,0,0,231,0,0,0,\N,\N,\N,\N,\N,\N,\N
18,373,1,16,1,0,0,100,15,0,0,0,19,0,2,5,5,0,0,232,0,0,0,\N,\N,\N,\N,\N,\N,\N
18,374,1,16,0,1,1,100,10,0,0,0,0,0,0,0,0,0,0,233,0,0,0,\N,\N,\N,\N,\N,\N,\N
18,375,1,13,13,0,0,100,10,0,0,0,0,0,0,0,0,0,0,234,0,0,0,\N,\N,\N,\N,\N,\N,\N
18,376,1,0,0,2,1,101,5,0,0,0,0,0,0,0,0,0,0,235,0,0,0,\N,\N,\N,\N,\N,\N,\N
18,377,1,13,1,0,0,100,15,0,0,0,15,0,2,5,5,0,0,236,0,0,5,\N,\N,\N,\N,\N,\N,\N
18,378,1,0,0,2,1,100,5,0,0,0,0,0,0,0,0,0,0,237,0,0,0,\N,\N,\N,\N,\N,\N,\N
18,379,1,13,13,0,0,101,10,0,0,0,0,0,0,0,0,0,0,238,0,0,7,\N,\N,\N,\N,\N,\N,\N
18,380,1,3,13,0,0,100,10,0,0,0,0,0,0,0,0,0,0,239,0,0,0,\N,\N,\N,\N,\N,\N,\N
18,381,1,0,11,0,0,101,30,0,0,0,0,0,0,0,0,0,0,240,0,0,12,\N,\N,\N,\N,\N,\N,\N
18,382,1,0,0,0,1,101,20,0,0,0,0,0,0,0,0,0,0,241,0,0,3,\N,\N,\N,\N,\N,\N,\N
18,383,1,0,13,0,0,101,20,0,0,0,0,0,0,0,0,0,0,242,0,0,7,\N,\N,\N,\N,\N,\N,\N
18,384,1,13,13,0,0,101,10,0,0,0,0,0,0,0,0,0,0,243,0,0,0,\N,\N,\N,\N,\N,\N,\N
18,385,1,13,13,0,0,101,10,0,0,0,0,0,0,0,0,0,0,244,0,0,0,\N,\N,\N,\N,\N,\N,\N
18,386,1,16,0,1,1,100,5,0,0,0,0,0,0,0,0,0,0,245,0,0,0,\N,\N,\N,\N,\N,\N,\N
18,387,1,0,0,1,140,100,5,0,0,0,0,0,0,0,0,0,0,246,0,0,0,\N,\N,\N,\N,\N,\N,\N
18,388,1,11,13,0,0,100,10,0,0,0,0,0,0,0,0,0,0,247,0,0,0,\N,\N,\N,\N,\N,\N,\N
18,389,1,16,0,1,80,100,5,1,0,0,0,0,0,0,0,0,0,248,0,0,0,\N,\N,\N,\N,\N,\N,\N
18,390,1,3,11,0,0,101,20,0,0,0,0,0,0,0,0,0,0,249,0,0,11,\N,\N,\N,\N,\N,\N,\N
18,391,1,13,13,0,0,101,10,0,0,0,0,0,0,0,0,0,0,250,0,0,0,\N,\N,\N,\N,\N,\N,\N
18,392,1,10,13,0,0,101,20,0,0,0,0,0,0,0,0,0,0,251,0,0,7,\N,\N,\N,\N,\N,\N,\N
18,393,1,12,13,0,0,101,10,0,0,0,0,0,0,5,5,0,0,252,0,0,7,\N,\N,\N,\N,\N,\N,\N
18,394,1,9,4,1,120,100,15,0,0,0,4,10,1,0,0,0,0,253,-33,0,0,\N,\N,\N,\N,\N,\N,\N
18,395,1,1,4,1,60,100,10,0,0,0,1,30,1,0,0,0,0,6,0,0,0,\N,\N,\N,\N,\N,\N,\N
18,396,1,1,0,2,80,101,20,0,0,0,0,0,0,0,0,0,0,17,0,0,0,\N,\N,\N,\N,\N,\N,\N
18,397,1,5,2,0,0,101,20,0,0,0,0,0,0,0,0,0,0,52,0,0,7,\N,\N,\N,\N,\N,\N,\N
18,398,1,3,4,1,80,100,20,0,0,0,5,30,1,0,0,0,0,2,0,0,0,\N,\N,\N,\N,\N,\N,\N
18,399,1,16,0,2,80,100,15,0,0,0,0,0,0,0,0,0,20,31,0,0,0,\N,\N,\N,\N,\N,\N,\N
18,400,1,16,0,1,70,100,15,0,0,0,0,0,0,0,0,1,0,43,0,0,0,\N,\N,\N,\N,\N,\N,\N
18,401,1,10,0,1,90,90,10,0,0,0,0,0,0,0,0,0,0,0,0,0,0,\N,\N,\N,\N,\N,\N,\N
18,402,1,11,0,1,80,100,15,0,0,0,0,0,0,0,0,0,0,0,0,0,0,\N,\N,\N,\N,\N,\N,\N
18,403,1,2,0,2,75,95,15,0,0,0,0,0,0,0,0,0,30,31,0,0,0,\N,\N,\N,\N,\N,\N,\N
18,404,1,6,0,1,80,100,15,0,0,0,0,0,0,0,0,0,0,0,0,0,0,\N,\N,\N,\N,\N,\N,\N
18,405,1,6,6,2,90,100,10,0,0,0,0,0,0,0,0,0,0,72,0,0,0,\N,\N,\N,\N,\N,\N,\N
18,406,1,15,0,2,85,100,10,0,0,0,0,0,0,0,0,0,0,0,0,0,0,\N,\N,\N,\N,\N,\N,\N
18,407,1,15,0,1,100,75,10,0,0,0,0,0,0,0,0,0,20,31,0,0,0,\N,\N,\N,\N,\N,\N,\N
18,408,1,5,0,2,80,100,20,0,0,0,0,0,0,0,0,0,0,0,0,0,0,\N,\N,\N,\N,\N,\N,\N
18,409,1,1,8,1,75,100,10,0,0,0,0,0,0,0,0,0,0,3,50,0,0,\N,\N,\N,\N,\N,\N,\N
18,410,1,1,0,2,40,100,30,1,0,0,0,0,0,0,0,0,0,103,0,0,0,\N,\N,\N,\N,\N,\N,\N
18,411,1,1,6,2,120,70,5,0,0,0,0,0,0,0,0,0,0,72,0,0,0,\N,\N,\N,\N,\N,\N,\N
18,412,1,11,6,2,90,100,10,0,0,0,0,0,0,0,0,0,0,72,0,0,0,\N,\N,\N,\N,\N,\N,\N
18,413,1,2,0,1,120,100,15,0,0,0,0,0,0,0,0,0,0,198,-33,0,0,\N,\N,\N,\N,\N,\N,\N
18,414,1,4,6,2,90,100,10,0,0,0,0,0,0,0,0,0,0,72,0,0,0,\N,\N,\N,\N,\N,\N,\N
18,415,1,16,13,0,0,100,10,0,0,0,0,0,0,0,0,0,0,177,0,0,0,\N,\N,\N,\N,\N,\N,\N
18,416,1,0,0,1,150,90,5,0,0,0,0,0,0,0,0,0,0,80,0,0,0,\N,\N,\N,\N,\N,\N,\N
18,417,1,16,2,0,0,101,20,0,0,0,0,0,0,0,0,0,0,53,0,0,7,\N,\N,\N,\N,\N,\N,\N
18,418,1,8,0,1,40,100,30,1,0,0,0,0,0,0,0,0,0,103,0,0,0,\N,\N,\N,\N,\N,\N,\N
18,419,1,14,0,1,60,100,10,-4,0,0,0,0,0,0,0,0,0,185,0,0,0,\N,\N,\N,\N,\N,\N,\N
18,420,1,14,0,1,40,100,30,1,0,0,0,0,0,0,0,0,0,103,0,0,0,\N,\N,\N,\N,\N,\N,\N
18,421,1,7,0,1,70,100,15,0,0,0,0,0,0,0,0,1,0,43,0,0,0,\N,\N,\N,\N,\N,\N,\N
18,422,1,12,4,1,65,95,15,0,0,0,1,10,1,0,0,0,10,275,0,0,0,\N,\N,\N,\N,\N,\N,\N
18,423,1,14,4,1,65,95,15,0,0,0,3,10,1,0,0,0,10,274,0,0,0,\N,\N,\N,\N,\N,\N,\N
18,424,1,9,4,1,65,95,15,0,0,0,4,10,1,0,0,0,10,273,0,0,0,\N,\N,\N,\N,\N,\N,\N
18,425,1,7,0,1,40,100,30,1,0,0,0,0,0,0,0,0,0,103,0,0,0,\N,\N,\N,\N,\N,\N,\N
18,426,1,4,6,2,65,85,10,0,0,0,0,0,0,0,0,0,0,73,0,0,0,\N,\N,\N,\N,\N,\N,\N
18,427,1,13,0,1,70,100,20,0,0,0,0,0,0,0,0,1,0,43,0,0,0,\N,\N,\N,\N,\N,\N,\N
18,428,1,13,0,1,80,90,15,0,0,0,0,0,0,0,0,0,20,31,0,0,0,\N,\N,\N,\N,\N,\N,\N
18,429,1,8,6,2,65,85,10,0,0,0,0,0,0,0,0,0,0,73,0,0,0,\N,\N,\N,\N,\N,\N,\N
18,430,1,8,6,2,80,100,10,0,0,0,0,0,0,0,0,0,0,72,0,0,0,\N,\N,\N,\N,\N,\N,\N
18,431,1,0,4,1,90,85,20,0,0,0,6,20,2,2,5,0,0,76,0,0,0,\N,\N,\N,\N,\N,\N,\N
18,432,1,2,13,0,0,101,15,0,0,0,0,0,0,0,0,0,0,258,0,0,0,\N,\N,\N,\N,\N,\N,\N
18,433,1,13,10,0,0,101,5,-7,0,0,0,0,0,0,0,0,0,259,0,0,10,\N,\N,\N,\N,\N,\N,\N
18,434,1,15,7,2,130,90,5,0,0,0,0,0,0,0,0,0,0,204,0,0,0,\N,\N,\N,\N,\N,\N,\N
18,435,1,12,4,2,80,100,15,0,0,0,1,30,1,0,0,0,0,6,0,0,4,\N,\N,\N,\N,\N,\N,\N
18,436,1,9,4,2,80,100,15,0,0,0,4,30,1,0,0,0,0,4,0,0,4,\N,\N,\N,\N,\N,\N,\N
18,437,1,11,7,2,130,90,5,0,0,0,0,0,0,0,0,0,0,204,0,0,0,\N,\N,\N,\N,\N,\N,\N
18,438,1,11,0,1,120,85,10,0,0,0,0,0,0,0,0,0,0,0,0,0,0,\N,\N,\N,\N,\N,\N,\N
18,439,1,5,0,1,150,90,5,0,0,0,0,0,0,0,0,0,0,80,0,0,0,\N,\N,\N,\N,\N,\N,\N
18,440,1,3,4,1,70,100,20,0,0,0,5,10,1,0,0,1,0,209,0,0,0,\N,\N,\N,\N,\N,\N,\N
18,441,1,3,4,1,120,80,5,0,0,0,5,30,1,0,0,0,0,2,0,0,0,\N,\N,\N,\N,\N,\N,\N
18,442,1,8,0,1,80,100,15,0,0,0,0,0,0,0,0,0,30,31,0,0,0,\N,\N,\N,\N,\N,\N,\N
18,443,1,8,0,1,60,101,20,0,0,0,0,0,0,0,0,0,0,17,0,0,0,\N,\N,\N,\N,\N,\N,\N
18,444,1,5,0,1,100,80,5,0,0,0,0,0,0,0,0,1,0,43,0,0,0,\N,\N,\N,\N,\N,\N,\N
18,445,1,0,2,0,0,100,20,0,0,0,0,0,0,0,0,0,0,265,0,0,5,\N,\N,\N,\N,\N,\N,\N
18,446,1,5,11,0,0,101,20,0,0,0,0,0,0,0,0,0,0,266,0,0,11,\N,\N,\N,\N,\N,\N,\N
18,447,1,11,0,2,1,100,20,0,0,0,0,0,0,0,0,0,0,196,0,0,0,\N,\N,\N,\N,\N,\N,\N
18,448,1,2,4,2,65,100,20,0,0,0,6,100,2,2,5,0,0,267,0,0,0,\N,\N,\N,\N,\N,\N,\N
18,449,1,0,0,2,100,100,10,0,0,0,0,0,0,0,0,0,0,268,0,0,0,\N,\N,\N,\N,\N,\N,\N
18,450,1,6,0,1,60,100,20,0,0,0,0,0,0,0,0,0,0,224,0,0,0,\N,\N,\N,\N,\N,\N,\N
18,451,1,12,7,2,50,90,10,0,0,0,0,0,0,0,0,0,0,276,0,0,0,\N,\N,\N,\N,\N,\N,\N
18,452,1,11,0,1,120,100,15,0,0,0,0,0,0,0,0,0,0,198,-33,0,0,\N,\N,\N,\N,\N,\N,\N
18,453,1,10,0,1,40,100,20,1,0,0,0,0,0,0,0,0,0,103,0,0,0,\N,\N,\N,\N,\N,\N,\N
18,454,1,6,0,1,90,100,15,0,0,0,0,0,0,0,0,1,0,43,0,0,0,\N,\N,\N,\N,\N,\N,\N
18,455,1,6,2,0,0,101,10,0,0,0,0,0,0,0,0,0,0,206,0,0,7,\N,\N,\N,\N,\N,\N,\N
18,456,1,6,3,0,0,101,10,0,0,0,0,0,0,0,0,0,0,32,0,50,7,\N,\N,\N,\N,\N,\N,\N
18,457,1,5,0,1,150,80,5,0,0,0,0,0,0,0,0,0,0,269,-50,0,0,\N,\N,\N,\N,\N,\N,\N
18,458,1,0,0,1,35,90,10,0,2,2,0,0,0,0,0,0,0,44,0,0,0,\N,\N,\N,\N,\N,\N,\N
18,459,1,15,0,2,150,90,5,0,0,0,0,0,0,0,0,0,0,80,0,0,0,\N,\N,\N,\N,\N,\N,\N
18,460,1,15,0,2,100,95,5,0,0,0,0,0,0,0,0,1,0,43,0,0,0,\N,\N,\N,\N,\N,\N,\N
18,461,1,13,13,0,0,101,10,0,0,0,0,0,0,0,0,0,0,270,0,0,7,\N,\N,\N,\N,\N,\N,\N
18,462,1,0,0,1,1,100,5,0,0,0,0,0,0,0,0,0,0,237,0,0,0,\N,\N,\N,\N,\N,\N,\N
18,463,1,9,4,2,100,75,5,0,0,0,8,100,4,5,6,0,0,42,0,0,0,\N,\N,\N,\N,\N,\N,\N
18,464,1,16,1,0,0,80,10,0,0,0,2,0,2,2,4,0,0,1,0,0,5,\N,\N,\N,\N,\N,\N,\N
18,465,1,11,6,2,120,85,5,0,0,0,0,0,0,0,0,0,0,271,0,0,0,\N,\N,\N,\N,\N,\N,\N
18,466,1,7,7,2,60,100,5,0,0,0,0,10,0,0,0,0,0,140,0,0,0,\N,\N,\N,\N,\N,\N,\N
18,467,1,7,0,1,120,100,5,0,0,0,0,0,0,0,0,0,0,272,0,0,0,\N,\N,\N,\N,\N,\N,\N
18,468,1,16,2,0,0,101,15,0,0,0,0,0,0,0,0,0,0,277,0,0,7,\N,\N,\N,\N,\N,\N,\N
18,469,1,5,11,0,0,101,10,3,0,0,0,0,0,0,0,0,0,278,0,0,12,\N,\N,\N,\N,\N,\N,\N
18,470,1,13,13,0,0,101,10,0,0,0,0,0,0,0,0,0,0,279,0,0,0,\N,\N,\N,\N,\N,\N,\N
18,471,1,13,13,0,0,101,10,0,0,0,0,0,0,0,0,0,0,280,0,0,0,\N,\N,\N,\N,\N,\N,\N
18,472,1,13,10,0,0,101,10,0,0,0,0,0,0,0,0,0,0,281,0,0,10,\N,\N,\N,\N,\N,\N,\N
18,473,1,13,0,2,80,100,10,0,0,0,0,0,0,0,0,0,0,282,0,0,0,\N,\N,\N,\N,\N,\N,\N
18,474,1,3,0,2,65,100,10,0,0,0,0,0,0,0,0,0,0,283,0,0,0,\N,\N,\N,\N,\N,\N,\N
18,475,1,8,2,0,0,101,15,0,0,0,0,0,0,0,0,0,0,284,0,0,7,\N,\N,\N,\N,\N,\N,\N
18,476,1,6,13,0,0,101,20,2,0,0,0,0,0,0,0,0,0,172,0,0,7,\N,\N,\N,\N,\N,\N,\N
18,477,1,13,1,0,0,101,15,0,0,0,101,0,2,3,3,0,0,285,0,0,0,\N,\N,\N,\N,\N,\N,\N
18,478,1,13,10,0,0,101,10,0,0,0,0,0,0,0,0,0,0,286,0,0,10,\N,\N,\N,\N,\N,\N,\N
18,479,1,5,0,1,50,100,15,0,0,0,101,100,1,0,0,0,0,287,0,0,0,\N,\N,\N,\N,\N,\N,\N
18,480,1,1,0,1,60,100,10,0,0,0,0,0,0,0,0,6,0,288,0,0,0,\N,\N,\N,\N,\N,\N,\N
18,481,1,9,0,2,70,100,15,0,0,0,0,0,0,0,0,0,0,289,0,0,0,\N,\N,\N,\N,\N,\N,\N
18,482,1,3,4,2,95,100,10,0,0,0,5,10,1,0,0,0,0,2,0,0,4,\N,\N,\N,\N,\N,\N,\N
18,483,1,6,2,0,0,101,20,0,0,0,0,0,0,0,0,0,0,290,0,0,7,\N,\N,\N,\N,\N,\N,\N
18,484,1,8,0,1,1,100,10,0,0,0,0,0,0,0,0,0,0,291,0,0,0,\N,\N,\N,\N,\N,\N,\N
18,485,1,13,0,2,120,100,10,0,0,0,0,0,0,0,0,0,0,292,0,0,4,\N,\N,\N,\N,\N,\N,\N
18,486,1,12,0,2,1,100,10,0,0,0,0,0,0,0,0,0,0,293,0,0,0,\N,\N,\N,\N,\N,\N,\N
18,487,1,10,13,0,0,100,20,0,0,0,0,0,0,0,0,0,0,294,0,0,0,\N,\N,\N,\N,\N,\N,\N
18,488,1,9,7,1,50,100,20,0,0,0,0,0,0,0,0,0,0,295,0,0,0,\N,\N,\N,\N,\N,\N,\N
18,489,1,3,2,0,0,101,20,0,0,0,0,0,0,0,0,0,0,322,0,0,7,\N,\N,\N,\N,\N,\N,\N
18,490,1,1,6,1,65,100,20,0,0,0,0,0,0,0,0,0,0,20,0,0,0,\N,\N,\N,\N,\N,\N,\N
18,491,1,3,6,2,40,100,20,0,0,0,0,0,0,0,0,0,0,296,0,0,0,\N,\N,\N,\N,\N,\N,\N
18,492,1,16,0,1,95,100,15,0,0,0,0,0,0,0,0,0,0,297,0,0,0,\N,\N,\N,\N,\N,\N,\N
18,493,1,0,13,0,0,100,15,0,0,0,0,0,0,0,0,0,0,298,0,0,0,\N,\N,\N,\N,\N,\N,\N
18,494,1,0,13,0,0,100,15,0,0,0,0,0,0,0,0,0,0,299,0,0,0,\N,\N,\N,\N,\N,\N,\N
18,495,1,0,13,0,0,101,15,0,0,0,0,0,0,0,0,0,0,300,0,0,0,\N,\N,\N,\N,\N,\N,\N
18,496,1,0,0,2,60,100,15,0,0,0,0,0,0,0,0,0,0,301,0,0,0,\N,\N,\N,\N,\N,\N,\N
18,497,1,0,0,2,40,100,15,0,0,0,0,0,0,0,0,0,0,302,0,0,0,\N,\N,\N,\N,\N,\N,\N
18,498,1,0,0,1,70,100,20,0,0,0,0,0,0,0,0,0,0,303,0,0,0,\N,\N,\N,\N,\N,\N,\N
18,499,1,3,0,2,50,101,15,0,0,0,0,0,0,0,0,0,0,304,0,0,0,\N,\N,\N,\N,\N,\N,\N
18,500,1,13,0,2,20,100,10,0,0,0,0,0,0,0,0,0,0,305,0,0,0,\N,\N,\N,\N,\N,\N,\N
18,501,1,1,11,0,0,101,15,3,0,0,0,0,0,0,0,0,0,306,0,0,12,\N,\N,\N,\N,\N,\N,\N
18,502,1,13,13,0,0,101,15,1,0,0,0,0,0,0,0,0,0,307,0,0,7,\N,\N,\N,\N,\N,\N,\N
18,503,1,10,4,2,80,100,15,0,0,0,4,30,1,0,0,0,0,4,0,0,0,\N,\N,\N,\N,\N,\N,\N
18,504,1,0,13,0,0,101,15,0,0,0,0,0,0,0,0,0,0,308,0,0,7,\N,\N,\N,\N,\N,\N,\N
18,505,1,13,3,0,0,101,10,0,0,0,0,0,0,0,0,0,0,309,0,50,0,\N,\N,\N,\N,\N,\N,\N
18,506,1,7,0,2,65,100,10,0,0,0,0,0,0,0,0,0,0,310,0,0,0,\N,\N,\N,\N,\N,\N,\N
18,507,1,2,0,1,60,100,10,0,0,0,0,0,0,0,0,0,0,311,0,0,0,\N,\N,\N,\N,\N,\N,\N
18,508,1,8,2,0,0,101,10,0,0,0,0,0,0,0,0,0,0,312,0,0,7,\N,\N,\N,\N,\N,\N,\N
18,509,1,1,0,1,60,90,10,-6,0,0,0,0,0,0,0,0,0,313,0,0,0,\N,\N,\N,\N,\N,\N,\N
18,510,1,9,0,2,60,100,15,0,0,0,0,0,0,0,0,0,0,314,0,0,5,\N,\N,\N,\N,\N,\N,\N
18,511,1,16,13,0,0,100,15,0,0,0,0,0,0,0,0,0,0,315,0,0,0,\N,\N,\N,\N,\N,\N,\N
18,512,1,2,0,1,55,100,15,0,0,0,0,0,0,0,0,0,0,317,0,0,0,\N,\N,\N,\N,\N,\N,\N
18,513,1,0,13,0,0,101,15,0,0,0,0,0,0,0,0,0,0,318,0,0,0,\N,\N,\N,\N,\N,\N,\N
18,514,1,0,0,1,70,100,5,0,0,0,0,0,0,0,0,0,0,319,0,0,0,\N,\N,\N,\N,\N,\N,\N
18,515,1,1,0,2,1,100,5,0,0,0,0,0,0,0,0,0,0,320,0,0,0,\N,\N,\N,\N,\N,\N,\N
18,516,1,0,13,0,0,101,15,0,0,0,0,0,0,0,0,0,0,323,0,0,0,\N,\N,\N,\N,\N,\N,\N
18,517,1,9,4,2,100,50,5,0,0,0,4,100,1,0,0,0,0,4,0,0,0,\N,\N,\N,\N,\N,\N,\N
18,518,1,10,0,2,80,100,10,0,0,0,0,0,0,0,0,0,0,324,0,0,0,\N,\N,\N,\N,\N,\N,\N
18,519,1,9,0,2,80,100,10,0,0,0,0,0,0,0,0,0,0,325,0,0,0,\N,\N,\N,\N,\N,\N,\N
18,520,1,11,0,2,80,100,10,0,0,0,0,0,0,0,0,0,0,326,0,0,0,\N,\N,\N,\N,\N,\N,\N
18,521,1,12,0,2,70,100,20,0,0,0,0,0,0,0,0,0,0,228,0,0,0,\N,\N,\N,\N,\N,\N,\N
18,522,1,6,6,2,50,100,20,0,0,0,0,0,0,0,0,0,0,71,0,0,5,\N,\N,\N,\N,\N,\N,\N
18,523,1,4,6,1,60,100,20,0,0,0,0,0,0,0,0,0,0,70,0,0,4,\N,\N,\N,\N,\N,\N,\N
18,524,1,14,0,2,60,90,10,0,0,0,0,100,0,0,0,6,0,288,0,0,0,\N,\N,\N,\N,\N,\N,\N
18,525,1,15,0,1,60,90,10,-6,0,0,0,0,0,0,0,0,0,313,0,0,0,\N,\N,\N,\N,\N,\N,\N
18,526,1,0,2,0,0,101,30,0,0,0,0,0,0,0,0,0,0,327,0,0,7,\N,\N,\N,\N,\N,\N,\N
18,527,1,12,6,2,55,95,15,0,0,0,0,0,0,0,0,0,0,20,0,0,5,\N,\N,\N,\N,\N,\N,\N
18,528,1,12,0,1,90,100,15,0,0,0,0,0,0,0,0,0,0,48,-25,0,0,\N,\N,\N,\N,\N,\N,\N
18,529,1,4,0,1,80,95,10,0,0,0,0,0,0,0,0,1,0,43,0,0,0,\N,\N,\N,\N,\N,\N,\N
18,530,1,15,0,1,40,90,15,0,2,2,0,0,0,0,0,0,0,44,0,0,0,\N,\N,\N,\N,\N,\N,\N
18,531,1,13,0,1,60,100,25,0,0,0,0,0,0,0,0,0,30,31,0,0,0,\N,\N,\N,\N,\N,\N,\N
18,532,1,11,8,1,75,100,10,0,0,0,0,0,0,0,0,0,0,3,50,0,0,\N,\N,\N,\N,\N,\N,\N
18,533,1,1,0,1,90,100,15,0,0,0,0,0,0,0,0,0,0,303,0,0,0,\N,\N,\N,\N,\N,\N,\N
18,534,1,10,6,1,75,95,10,0,0,0,0,0,0,0,0,0,0,69,0,0,0,\N,\N,\N,\N,\N,\N,\N
18,535,1,9,0,1,1,100,10,0,0,0,0,0,0,0,0,0,0,291,0,0,0,\N,\N,\N,\N,\N,\N,\N
18,536,1,11,6,2,65,90,10,0,0,0,0,0,0,0,0,0,0,73,0,0,0,\N,\N,\N,\N,\N,\N,\N
18,537,1,6,0,1,65,100,20,0,0,0,0,0,0,0,0,0,30,150,0,0,0,\N,\N,\N,\N,\N,\N,\N
18,538,1,11,2,0,0,101,10,0,0,0,0,0,0,0,0,0,0,328,0,0,7,\N,\N,\N,\N,\N,\N,\N
18,539,1,16,6,2,85,95,10,0,0,0,0,0,0,0,0,0,0,73,0,0,0,\N,\N,\N,\N,\N,\N,\N
18,540,1,13,0,2,100,100,10,0,0,0,0,0,0,0,0,0,0,282,0,0,0,\N,\N,\N,\N,\N,\N,\N
18,541,1,0,0,1,25,85,10,0,2,5,0,0,0,0,0,0,0,29,0,0,0,\N,\N,\N,\N,\N,\N,\N
18,542,1,2,4,2,110,70,10,0,0,0,6,30,2,2,5,0,0,333,0,0,0,\N,\N,\N,\N,\N,\N,\N
18,543,1,0,0,1,120,100,15,0,0,0,0,0,0,0,0,0,0,48,-25,0,0,\N,\N,\N,\N,\N,\N,\N
18,544,1,8,0,1,50,85,15,0,2,2,0,0,0,0,0,0,0,44,0,0,0,\N,\N,\N,\N,\N,\N,\N
18,545,1,9,4,2,100,100,5,0,0,0,4,30,1,0,0,0,0,4,0,0,4,\N,\N,\N,\N,\N,\N,\N
18,546,1,0,0,2,120,100,5,0,0,0,0,0,0,0,0,0,0,268,0,0,0,\N,\N,\N,\N,\N,\N,\N
18,547,1,0,4,2,75,100,10,0,0,0,2,10,2,2,4,0,0,329,0,0,5,\N,\N,\N,\N,\N,\N,\N
18,548,1,1,0,2,85,100,10,0,0,0,0,0,0,0,0,0,0,282,0,0,0,\N,\N,\N,\N,\N,\N,\N
18,549,1,14,6,2,65,95,10,0,0,0,0,0,0,0,0,0,0,330,0,0,5,\N,\N,\N,\N,\N,\N,\N
18,550,1,12,4,1,130,85,5,0,0,0,1,20,1,0,0,0,0,6,0,0,0,\N,\N,\N,\N,\N,\N,\N
18,551,1,9,4,2,130,85,5,0,0,0,4,20,1,0,0,0,0,4,0,0,0,\N,\N,\N,\N,\N,\N,\N
18,552,1,9,7,2,80,100,10,0,0,0,0,0,0,0,0,0,0,276,0,0,0,\N,\N,\N,\N,\N,\N,\N
18,553,1,14,4,1,140,90,5,0,0,0,1,30,1,0,0,0,0,331,0,0,0,\N,\N,\N,\N,\N,\N,\N
18,554,1,14,4,2,140,90,5,0,0,0,4,30,1,0,0,0,0,332,0,0,0,\N,\N,\N,\N,\N,\N,\N
18,555,1,16,6,2,55,95,15,0,0,0,0,0,0,0,0,0,0,71,0,0,5,\N,\N,\N,\N,\N,\N,\N
18,556,1,14,0,1,85,90,10,0,0,0,0,0,0,0,0,0,30,31,0,0,0,\N,\N,\N,\N,\N,\N,\N
18,557,1,9,7,1,180,95,5,0,0,0,0,0,0,0,0,0,0,334,0,0,0,\N,\N,\N,\N,\N,\N,\N
18,558,1,9,0,2,100,100,5,0,0,0,0,0,0,0,0,0,0,335,0,0,0,\N,\N,\N,\N,\N,\N,\N
18,559,1,12,0,1,100,100,5,0,0,0,0,0,0,0,0,0,0,336,0,0,0,\N,\N,\N,\N,\N,\N,\N
18,560,1,1,0,1,80,95,10,0,0,0,0,0,0,0,0,0,0,337,0,0,0,\N,\N,\N,\N,\N,\N,\N
18,561,1,1,11,0,0,101,10,0,0,0,0,0,0,0,0,0,0,376,0,0,12,\N,\N,\N,\N,\N,\N,\N
18,562,1,3,0,2,120,90,10,0,0,0,0,0,0,0,0,0,0,338,0,0,0,\N,\N,\N,\N,\N,\N,\N
18,563,1,4,2,0,0,101,10,0,0,0,0,0,0,0,0,0,0,339,0,0,8,\N,\N,\N,\N,\N,\N,\N
18,564,1,6,11,0,0,101,20,0,0,0,0,0,0,0,0,0,0,340,0,0,11,\N,\N,\N,\N,\N,\N,\N
18,565,1,6,0,1,30,100,25,0,0,0,0,0,0,0,0,0,0,341,0,0,0,\N,\N,\N,\N,\N,\N,\N
18,566,1,7,0,1,90,100,10,0,0,0,0,0,0,0,0,0,0,272,0,0,0,\N,\N,\N,\N,\N,\N,\N
18,567,1,7,13,0,0,100,20,0,0,0,0,0,0,0,0,0,0,342,0,0,0,\N,\N,\N,\N,\N,\N,\N
18,568,1,0,2,0,0,100,30,0,0,0,0,0,0,0,0,0,0,343,0,0,0,\N,\N,\N,\N,\N,\N,\N
18,569,1,12,10,0,0,101,25,1,0,0,0,0,0,0,0,0,0,344,0,0,10,\N,\N,\N,\N,\N,\N,\N
18,570,1,12,8,2,50,100,20,0,0,0,0,0,0,0,0,0,0,345,50,0,4,\N,\N,\N,\N,\N,\N,\N
18,571,1,11,13,0,0,100,20,0,0,0,0,0,0,0,0,0,0,375,0,0,0,\N,\N,\N,\N,\N,\N,\N
18,572,1,11,0,1,90,100,15,0,0,0,0,0,0,0,0,0,0,378,0,0,4,\N,\N,\N,\N,\N,\N,\N
18,573,1,14,4,2,70,100,20,0,0,0,3,10,1,0,0,0,0,379,0,0,0,\N,\N,\N,\N,\N,\N,\N
18,574,1,17,0,2,40,101,15,0,0,0,0,0,0,0,0,0,0,380,0,0,5,\N,\N,\N,\N,\N,\N,\N
18,575,1,16,2,0,0,100,20,0,0,0,0,0,0,0,0,0,0,346,0,0,0,\N,\N,\N,\N,\N,\N,\N
18,576,1,16,13,0,0,101,20,0,0,0,0,0,0,0,0,0,0,347,0,0,0,\N,\N,\N,\N,\N,\N,\N
18,577,1,17,8,2,50,100,10,0,0,0,0,0,0,0,0,0,0,348,75,0,0,\N,\N,\N,\N,\N,\N,\N
18,578,1,17,11,0,0,101,10,3,0,0,0,0,0,0,0,0,0,349,0,0,12,\N,\N,\N,\N,\N,\N,\N
18,579,1,17,13,0,0,101,10,0,0,0,0,0,0,0,0,0,0,350,0,0,8,\N,\N,\N,\N,\N,\N,\N
18,580,1,11,10,0,0,101,10,0,0,0,0,0,0,0,0,0,0,351,0,0,10,\N,\N,\N,\N,\N,\N,\N
18,581,1,17,10,0,0,101,10,0,0,0,0,0,0,0,0,0,0,352,0,0,10,\N,\N,\N,\N,\N,\N,\N
18,582,1,12,13,0,0,101,20,0,0,0,0,0,0,0,0,0,0,353,0,0,0,\N,\N,\N,\N,\N,\N,\N
18,583,1,17,6,1,90,90,10,0,0,0,0,0,0,0,0,0,0,68,0,0,0,\N,\N,\N,\N,\N,\N,\N
18,584,1,17,0,2,40,100,30,0,0,0,0,0,0,0,0,0,0,0,0,0,0,\N,\N,\N,\N,\N,\N,\N
18,585,1,17,6,2,95,100,15,0,0,0,0,0,0,0,0,0,0,71,0,0,0,\N,\N,\N,\N,\N,\N,\N
18,586,1,0,0,2,140,100,10,0,0,0,0,0,0,0,0,0,0,378,0,0,4,\N,\N,\N,\N,\N,\N,\N
18,587,1,17,10,0,0,101,10,0,0,0,0,0,0,0,0,0,0,354,0,0,10,\N,\N,\N,\N,\N,\N,\N
18,588,1,8,13,0,0,101,10,4,0,0,0,0,0,0,0,0,0,355,0,0,7,\N,\N,\N,\N,\N,\N,\N
18,589,1,0,2,0,0,101,20,0,0,0,0,0,0,0,0,0,0,356,0,0,0,\N,\N,\N,\N,\N,\N,\N
18,590,1,0,2,0,0,101,20,0,0,0,0,0,0,0,0,0,0,357,0,0,0,\N,\N,\N,\N,\N,\N,\N
18,591,1,5,7,1,100,95,5,0,0,0,0,0,0,0,0,0,0,358,0,0,5,\N,\N,\N,\N,\N,\N,\N
18,592,1,10,4,2,110,95,5,0,0,0,4,30,1,0,0,0,0,4,0,0,0,\N,\N,\N,\N,\N,\N,\N
18,593,1,13,0,2,80,101,5,0,0,0,0,0,0,0,0,0,0,359,0,0,0,\N,\N,\N,\N,\N,\N,\N
18,594,1,10,0,1,15,100,20,1,2,5,0,0,0,0,0,0,0,360,0,0,0,\N,\N,\N,\N,\N,\N,\N
18,595,1,9,6,2,65,100,10,0,0,0,0,0,0,0,0,0,0,71,0,0,0,\N,\N,\N,\N,\N,\N,\N
18,596,1,11,13,0,0,101,10,4,0,0,0,0,0,0,0,0,0,361,0,0,7,\N,\N,\N,\N,\N,\N,\N
18,597,1,17,2,0,0,101,20,0,0,0,0,0,0,0,0,0,0,362,0,0,2,\N,\N,\N,\N,\N,\N,\N
18,598,1,12,2,0,0,100,15,0,0,0,0,0,0,0,0,0,0,61,0,0,0,\N,\N,\N,\N,\N,\N,\N
18,599,1,3,2,0,0,100,20,0,0,0,0,0,0,0,0,0,0,363,0,0,5,\N,\N,\N,\N,\N,\N,\N
18,600,1,6,13,0,0,100,20,1,0,0,0,0,0,0,0,0,0,377,0,0,0,\N,\N,\N,\N,\N,\N,\N
18,601,1,17,2,0,0,101,10,0,0,0,0,0,0,0,0,0,0,365,0,0,7,\N,\N,\N,\N,\N,\N,\N
18,602,1,12,2,0,0,101,20,0,0,0,0,0,0,0,0,0,0,366,0,0,6,\N,\N,\N,\N,\N,\N,\N
18,603,1,0,13,0,0,101,30,0,0,0,0,0,0,0,0,0,0,367,0,0,12,\N,\N,\N,\N,\N,\N,\N
18,604,1,12,10,0,0,101,10,0,0,0,0,0,0,0,0,0,0,368,0,0,10,\N,\N,\N,\N,\N,\N,\N
18,605,1,17,0,2,80,100,10,0,0,0,0,0,0,0,0,0,0,0,0,0,5,\N,\N,\N,\N,\N,\N,\N
18,606,1,0,13,0,0,101,40,0,0,0,0,0,0,0,0,0,0,369,0,0,7,\N,\N,\N,\N,\N,\N,\N
18,607,1,0,13,0,0,101,40,0,0,0,0,0,0,0,0,0,0,370,0,0,2,\N,\N,\N,\N,\N,\N,\N
18,608,1,17,2,0,0,100,30,1,0,0,0,0,0,0,0,0,0,364,0,0,0,\N,\N,\N,\N,\N,\N,\N
18,609,1,12,4,1,20,100,20,0,0,0,1,100,1,0,0,0,0,371,0,0,0,\N,\N,\N,\N,\N,\N,\N
18,610,1,0,0,1,40,100,40,0,0,0,0,0,0,0,0,0,0,101,0,0,0,\N,\N,\N,\N,\N,\N,\N
18,611,1,6,4,2,20,100,20,0,0,0,8,100,4,5,6,0,0,42,0,0,0,\N,\N,\N,\N,\N,\N,\N
18,612,1,1,7,1,40,100,20,0,0,0,0,0,0,0,0,0,0,374,0,0,0,\N,\N,\N,\N,\N,\N,\N
18,613,1,2,8,2,80,100,10,0,0,0,0,0,0,0,0,0,0,348,75,0,0,\N,\N,\N,\N,\N,\N,\N
18,614,1,4,0,1,90,100,10,0,0,0,101,100,1,0,0,0,0,372,0,0,5,\N,\N,\N,\N,\N,\N,\N
18,615,1,4,0,1,90,100,10,0,0,0,0,0,0,0,0,0,0,373,0,0,5,\N,\N,\N,\N,\N,\N,\N
18,616,1,4,0,1,90,100,10,0,0,0,0,0,0,0,0,0,0,0,0,0,5,\N,\N,\N,\N,\N,\N,\N
18,617,1,17,0,2,140,90,5,0,0,0,0,0,0,0,0,0,0,269,-50,0,0,\N,\N,\N,\N,\N,\N,\N
18,618,1,10,0,2,110,85,10,0,0,0,0,0,0,0,0,0,0,0,0,0,5,\N,\N,\N,\N,\N,\N,\N
18,619,1,4,0,1,120,85,10,0,0,0,0,0,0,0,0,0,0,0,0,0,5,\N,\N,\N,\N,\N,\N,\N
18,620,1,2,7,1,120,100,5,0,0,0,0,0,0,0,0,0,0,229,0,0,0,\N,\N,\N,\N,\N,\N,\N
18,621,1,16,7,1,100,101,5,0,0,0,0,0,0,0,0,0,0,359,0,0,0,\N,\N,\N,\N,\N,\N,\N
18,10001,1,1,0,2,60,100,15,0,0,0,0,0,0,0,0,0,0,135,0,0,0,\N,\N,\N,\N,\N,\N,\N
18,10002,1,2,0,2,60,100,15,0,0,0,0,0,0,0,0,0,0,135,0,0,0,\N,\N,\N,\N,\N,\N,\N
18,10003,1,3,0,2,60,100,15,0,0,0,0,0,0,0,0,0,0,135,0,0,0,\N,\N,\N,\N,\N,\N,\N
18,10004,1,4,0,2,60,100,15,0,0,0,0,0,0,0,0,0,0,135,0,0,0,\N,\N,\N,\N,\N,\N,\N
18,10005,1,5,0,2,60,100,15,0,0,0,0,0,0,0,0,0,0,135,0,0,0,\N,\N,\N,\N,\N,\N,\N
18,10006,1,6,0,2,60,100,15,0,0,0,0,0,0,0,0,0,0,135,0,0,0,\N,\N,\N,\N,\N,\N,\N
18,10007,1,7,0,2,60,100,15,0,0,0,0,0,0,0,0,0,0,135,0,0,0,\N,\N,\N,\N,\N,\N,\N
18,10008,1,8,0,2,60,100,15,0,0,0,0,0,0,0,0,0,0,135,0,0,0,\N,\N,\N,\N,\N,\N,\N
18,10009,1,9,0,2,60,100,15,0,0,0,0,0,0,0,0,0,0,135,0,0,0,\N,\N,\N,\N,\N,\N,\N
18,10010,1,10,0,2,60,100,15,0,0,0,0,0,0,0,0,0,0,135,0,0,0,\N,\N,\N,\N,\N,\N,\N
18,10011,1,11,0,2,60,100,15,0,0,0,0,0,0,0,0,0,0,135,0,0,0,\N,\N,\N,\N,\N,\N,\N
18,10012,1,12,0,2,60,100,15,0,0,0,0,0,0,0,0,0,0,135,0,0,0,\N,\N,\N,\N,\N,\N,\N
18,10013,1,13,0,2,60,100,15,0,0,0,0,0,0,0,0,0,0,135,0,0,0,\N,\N,\N,\N,\N,\N,\N
18,10014,1,14,0,2,60,100,15,0,0,0,0,0,0,0,0,0,0,135,0,0,0,\N,\N,\N,\N,\N,\N,\N
18,10015,1,15,0,2,60,100,15,0,0,0,0,0,0,0,0,0,0,135,0,0,0,\N,\N,\N,\N,\N,\N,\N
18,10016,1,16,0,2,60,100,15,0,0,0,0,0,0,0,0,0,0,135,0,0,0,\N,\N,\N,\N,\N,\N,\N
