version_group_id,move_id,flag_id
20,1,3
20,1,4
20,1,7
20,1,20
20,2,3
20,2,4
20,2,7
20,2,20
20,3,3
20,3,4
20,3,7
20,3,20
20,4,3
20,4,4
20,4,7
20,4,10
20,4,20
20,5,3
20,5,4
20,5,7
20,5,10
20,5,20
20,6,4
20,6,7
20,6,20
20,7,3
20,7,4
20,7,7
20,7,10
20,7,20
20,8,3
20,8,4
20,8,7
20,8,10
20,8,20
20,9,3
20,9,4
20,9,7
20,9,10
20,9,20
20,10,3
20,10,4
20,10,7
20,10,20
20,11,3
20,11,4
20,11,7
20,11,20
20,12,3
20,12,4
20,12,7
20,12,20
20,13,4
20,13,7
20,13,8
20,13,20
20,14,6
20,14,19
20,14,20
20,15,3
20,15,4
20,15,7
20,15,20
20,16,4
20,16,7
20,16,14
20,16,20
20,17,3
20,17,4
20,17,7
20,17,14
20,17,20
20,18,5
20,18,7
20,18,16
20,18,18
20,18,20
20,19,3
20,19,4
20,19,7
20,19,8
20,19,12
20,19,14
20,19,20
20,20,3
20,20,4
20,20,7
20,20,20
20,21,3
20,21,4
20,21,7
20,21,17
20,21,20
20,22,3
20,22,4
20,22,7
20,22,20
20,23,3
20,23,4
20,23,7
20,23,17
20,23,20
20,24,3
20,24,4
20,24,7
20,24,20
20,25,3
20,25,4
20,25,7
20,25,20
20,26,3
20,26,4
20,26,7
20,26,12
20,26,20
20,27,3
20,27,4
20,27,7
20,27,20
20,28,4
20,28,5
20,28,7
20,28,20
20,29,3
20,29,4
20,29,7
20,29,20
20,30,3
20,30,4
20,30,7
20,30,20
20,31,3
20,31,4
20,31,7
20,31,20
20,32,3
20,32,4
20,32,7
20,32,20
20,33,3
20,33,4
20,33,7
20,33,20
20,34,3
20,34,4
20,34,7
20,34,17
20,34,20
20,35,3
20,35,4
20,35,7
20,35,20
20,36,3
20,36,4
20,36,7
20,36,20
20,37,3
20,37,4
20,37,7
20,37,20
20,38,3
20,38,4
20,38,7
20,38,20
20,39,4
20,39,5
20,39,7
20,39,20
20,40,4
20,40,7
20,40,20
20,41,4
20,41,7
20,41,20
20,42,4
20,42,7
20,42,20
20,43,4
20,43,5
20,43,7
20,43,20
20,44,3
20,44,4
20,44,7
20,44,20
20,45,4
20,45,5
20,45,7
20,45,11
20,45,16
20,45,20
20,46,5
20,46,7
20,46,11
20,46,16
20,46,18
20,46,20
20,47,4
20,47,5
20,47,7
20,47,11
20,47,16
20,47,20
20,48,4
20,48,5
20,48,7
20,48,11
20,48,16
20,48,20
20,49,4
20,49,7
20,49,20
20,50,4
20,50,5
20,50,7
20,50,16
20,50,20
20,51,4
20,51,7
20,51,20
20,52,4
20,52,7
20,52,20
20,53,4
20,53,7
20,53,20
20,54,6
20,54,20
20,55,4
20,55,7
20,55,20
20,56,4
20,56,7
20,56,20
20,57,4
20,57,7
20,57,17
20,57,20
20,58,4
20,58,7
20,58,20
20,59,4
20,59,7
20,59,20
20,60,4
20,60,7
20,60,20
20,61,4
20,61,7
20,61,20
20,62,4
20,62,7
20,62,20
20,63,4
20,63,7
20,63,9
20,63,20
20,64,3
20,64,4
20,64,7
20,64,14
20,64,20
20,65,3
20,65,4
20,65,7
20,65,14
20,65,20
20,66,3
20,66,4
20,66,7
20,66,20
20,67,3
20,67,4
20,67,7
20,67,20
20,68,3
20,68,4
20,69,3
20,69,4
20,69,7
20,69,17
20,69,20
20,70,3
20,70,4
20,70,7
20,70,20
20,71,4
20,71,7
20,71,15
20,71,20
20,72,4
20,72,7
20,72,15
20,72,20
20,73,4
20,73,5
20,73,7
20,73,20
20,74,6
20,74,20
20,75,4
20,75,7
20,75,20
20,76,4
20,76,7
20,76,8
20,76,20
20,77,4
20,77,5
20,77,7
20,77,20
20,78,4
20,78,5
20,78,7
20,78,20
20,79,4
20,79,5
20,79,7
20,79,20
20,80,3
20,80,4
20,80,7
20,80,19
20,80,20
20,81,4
20,81,5
20,81,7
20,81,20
20,82,4
20,82,7
20,82,20
20,83,4
20,83,7
20,83,20
20,84,4
20,84,7
20,84,20
20,85,4
20,85,7
20,85,20
20,86,4
20,86,5
20,86,7
20,86,20
20,87,4
20,87,7
20,87,20
20,88,4
20,88,7
20,88,20
20,89,4
20,89,7
20,89,17
20,89,20
20,90,4
20,90,7
20,90,17
20,90,20
20,91,3
20,91,4
20,91,7
20,91,8
20,91,17
20,91,20
20,92,4
20,92,5
20,92,7
20,92,20
20,93,4
20,93,7
20,93,20
20,94,4
20,94,7
20,94,20
20,95,4
20,95,5
20,95,7
20,95,20
20,96,6
20,96,20
20,97,6
20,97,20
20,98,3
20,98,4
20,98,7
20,98,20
20,99,3
20,99,4
20,99,7
20,99,20
20,100,20
20,101,4
20,101,7
20,101,20
20,102,4
20,102,16
20,102,18
20,103,4
20,103,5
20,103,7
20,103,11
20,103,16
20,103,18
20,103,20
20,104,6
20,104,20
20,105,6
20,105,15
20,105,20
20,106,6
20,106,20
20,107,6
20,107,20
20,108,4
20,108,5
20,108,7
20,108,20
20,109,4
20,109,5
20,109,7
20,109,20
20,110,6
20,110,20
20,111,6
20,111,20
20,112,6
20,112,20
20,113,6
20,113,20
20,114,16
20,114,20
20,115,6
20,115,20
20,116,6
20,116,20
20,117,3
20,117,4
20,117,20
20,120,4
20,120,7
20,120,20
20,121,4
20,121,7
20,121,20
20,122,3
20,122,4
20,122,7
20,122,20
20,123,4
20,123,7
20,123,20
20,124,4
20,124,7
20,124,20
20,125,4
20,125,7
20,125,20
20,126,4
20,126,7
20,126,20
20,127,3
20,127,4
20,127,7
20,127,20
20,128,3
20,128,4
20,128,7
20,128,20
20,129,4
20,129,7
20,129,20
20,130,3
20,130,4
20,130,7
20,130,8
20,130,20
20,131,4
20,131,7
20,131,20
20,132,3
20,132,4
20,132,7
20,132,20
20,133,6
20,133,20
20,134,4
20,134,5
20,134,7
20,134,20
20,135,6
20,135,15
20,135,20
20,136,3
20,136,4
20,136,7
20,136,12
20,136,20
20,137,4
20,137,5
20,137,7
20,137,20
20,138,4
20,138,7
20,138,15
20,138,20
20,139,4
20,139,5
20,139,7
20,139,20
20,140,4
20,140,7
20,140,20
20,141,3
20,141,4
20,141,7
20,141,15
20,141,20
20,142,4
20,142,5
20,142,7
20,142,20
20,143,4
20,143,7
20,143,8
20,143,14
20,143,20
20,144,18
20,145,4
20,145,7
20,145,20
20,146,3
20,146,4
20,146,7
20,146,10
20,146,20
20,147,4
20,147,5
20,147,7
20,147,20
20,148,4
20,148,5
20,148,7
20,148,20
20,149,4
20,149,7
20,149,20
20,150,12
20,150,20
20,151,6
20,151,20
20,152,3
20,152,4
20,152,7
20,152,20
20,153,4
20,153,7
20,153,20
20,154,3
20,154,4
20,154,7
20,154,20
20,155,4
20,155,7
20,155,20
20,156,6
20,156,15
20,156,20
20,157,4
20,157,7
20,157,20
20,158,3
20,158,4
20,158,7
20,158,20
20,159,6
20,159,20
20,160,6
20,160,20
20,161,4
20,161,7
20,161,20
20,162,3
20,162,4
20,162,7
20,162,20
20,163,3
20,163,4
20,163,7
20,163,20
20,164,6
20,164,17
20,164,20
20,165,3
20,165,4
20,166,16
20,166,18
20,167,3
20,167,4
20,167,7
20,167,20
20,168,3
20,168,4
20,168,7
20,169,4
20,169,5
20,169,7
20,169,20
20,170,4
20,170,7
20,170,20
20,171,4
20,171,7
20,171,20
20,172,3
20,172,4
20,172,7
20,172,13
20,172,20
20,173,4
20,173,7
20,173,11
20,173,16
20,174,16
20,174,20
20,175,3
20,175,4
20,175,7
20,175,20
20,176,16
20,176,20
20,177,4
20,177,7
20,177,14
20,177,20
20,178,4
20,178,5
20,178,7
20,178,20
20,179,3
20,179,4
20,179,7
20,179,20
20,180,4
20,180,5
20,180,7
20,180,16
20,180,20
20,181,4
20,181,7
20,181,20
20,183,3
20,183,4
20,183,7
20,183,10
20,183,20
20,184,4
20,184,5
20,184,7
20,184,18
20,184,20
20,185,3
20,185,4
20,185,7
20,185,20
20,186,4
20,186,5
20,186,7
20,186,20
20,187,6
20,187,20
20,188,4
20,188,7
20,188,20
20,189,4
20,189,7
20,189,20
20,190,4
20,190,7
20,190,20
20,191,5
20,191,17
20,191,20
20,192,4
20,192,7
20,192,20
20,193,4
20,193,5
20,193,7
20,193,16
20,193,20
20,194,16
20,195,11
20,195,14
20,195,16
20,195,20
20,196,4
20,196,7
20,196,20
20,198,4
20,198,7
20,198,20
20,199,4
20,199,7
20,199,20
20,200,3
20,200,4
20,200,7
20,200,20
20,201,20
20,202,4
20,202,7
20,202,15
20,202,20
20,204,4
20,204,5
20,204,7
20,204,18
20,204,20
20,205,3
20,205,4
20,205,7
20,205,20
20,206,3
20,206,4
20,206,7
20,206,20
20,207,4
20,207,5
20,207,7
20,207,18
20,207,20
20,208,6
20,208,15
20,208,20
20,209,3
20,209,4
20,209,7
20,209,20
20,210,3
20,210,4
20,210,7
20,210,20
20,211,3
20,211,4
20,211,7
20,211,20
20,212,5
20,212,7
20,212,20
20,213,4
20,213,5
20,213,7
20,213,16
20,213,20
20,215,6
20,215,11
20,215,14
20,215,16
20,215,20
20,216,3
20,216,4
20,216,7
20,216,20
20,217,4
20,217,7
20,217,20
20,218,3
20,218,4
20,218,7
20,218,20
20,219,6
20,219,20
20,220,4
20,220,7
20,220,18
20,220,20
20,221,4
20,221,7
20,221,13
20,221,20
20,222,4
20,222,7
20,222,17
20,222,20
20,223,3
20,223,4
20,223,7
20,223,10
20,223,20
20,224,3
20,224,4
20,224,7
20,224,20
20,225,4
20,225,7
20,225,20
20,226,20
20,227,4
20,227,5
20,227,7
20,227,16
20,227,20
20,228,3
20,228,4
20,228,7
20,228,20
20,229,3
20,229,4
20,229,7
20,229,20
20,230,4
20,230,5
20,230,7
20,230,20
20,231,3
20,231,4
20,231,7
20,231,20
20,232,3
20,232,4
20,232,7
20,232,20
20,233,3
20,233,4
20,233,7
20,233,20
20,234,6
20,234,15
20,234,20
20,235,6
20,235,15
20,235,20
20,236,6
20,236,15
20,236,20
20,237,4
20,237,7
20,237,20
20,238,3
20,238,4
20,238,7
20,238,20
20,239,4
20,239,7
20,239,20
20,240,20
20,241,20
20,242,3
20,242,4
20,242,7
20,242,20
20,243,4
20,244,16
20,244,18
20,244,20
20,245,3
20,245,4
20,245,7
20,245,20
20,246,4
20,246,7
20,246,20
20,247,4
20,247,7
20,247,20
20,248,20
20,249,3
20,249,4
20,249,7
20,249,20
20,250,4
20,250,7
20,250,20
20,251,4
20,251,7
20,251,18
20,251,20
20,252,3
20,252,4
20,252,7
20,252,20
20,253,4
20,253,7
20,253,11
20,253,16
20,253,20
20,254,6
20,254,20
20,255,4
20,255,20
20,256,6
20,256,15
20,256,20
20,257,4
20,257,7
20,257,20
20,258,20
20,259,4
20,259,5
20,259,7
20,259,16
20,259,20
20,260,4
20,260,5
20,260,7
20,260,18
20,260,20
20,261,4
20,261,5
20,261,7
20,261,20
20,262,4
20,262,7
20,262,20
20,263,3
20,263,4
20,263,7
20,263,20
20,264,3
20,264,4
20,264,10
20,265,3
20,265,4
20,265,7
20,265,20
20,268,6
20,268,20
20,269,4
20,269,5
20,269,7
20,269,16
20,269,20
20,270,16
20,271,4
20,271,7
20,271,18
20,272,16
20,272,18
20,272,20
20,273,6
20,273,15
20,273,20
20,275,6
20,275,17
20,275,20
20,276,3
20,276,4
20,276,7
20,276,20
20,277,20
20,278,6
20,278,20
20,279,3
20,279,4
20,279,7
20,279,20
20,280,3
20,280,4
20,280,7
20,280,20
20,281,4
20,281,5
20,281,7
20,281,20
20,282,3
20,282,4
20,282,7
20,282,20
20,283,3
20,283,4
20,283,7
20,283,20
20,284,4
20,284,7
20,284,20
20,285,4
20,285,7
20,285,16
20,285,18
20,285,20
20,286,6
20,286,16
20,286,20
20,287,6
20,287,20
20,288,16
20,288,20
20,289,16
20,290,4
20,290,7
20,290,20
20,291,3
20,291,4
20,291,7
20,291,8
20,291,17
20,291,18
20,291,20
20,292,3
20,292,4
20,292,7
20,292,20
20,293,6
20,293,20
20,294,6
20,294,20
20,295,4
20,295,7
20,295,20
20,296,4
20,296,7
20,296,20
20,297,4
20,297,5
20,297,7
20,297,18
20,297,19
20,297,20
20,298,4
20,298,7
20,298,19
20,298,20
20,299,3
20,299,4
20,299,7
20,299,20
20,300,17
20,300,20
20,301,3
20,301,4
20,301,7
20,301,20
20,302,3
20,302,4
20,302,7
20,302,20
20,303,6
20,303,15
20,303,20
20,304,4
20,304,7
20,304,11
20,304,16
20,304,20
20,305,3
20,305,4
20,305,7
20,305,20
20,306,3
20,306,4
20,306,7
20,306,20
20,307,4
20,307,7
20,307,9
20,307,20
20,308,4
20,308,7
20,308,9
20,308,20
20,309,3
20,309,4
20,309,7
20,309,10
20,309,20
20,310,3
20,310,4
20,310,7
20,310,20
20,311,4
20,311,7
20,311,20
20,312,6
20,312,14
20,312,20
20,313,4
20,313,5
20,313,7
20,313,18
20,313,20
20,314,4
20,314,7
20,314,20
20,315,4
20,315,7
20,315,20
20,316,4
20,316,5
20,316,7
20,316,16
20,316,18
20,316,20
20,317,4
20,317,7
20,317,20
20,318,4
20,318,7
20,318,20
20,319,4
20,319,5
20,319,7
20,319,11
20,319,16
20,319,18
20,319,20
20,320,4
20,320,5
20,320,7
20,320,11
20,320,16
20,320,20
20,321,4
20,321,5
20,321,7
20,321,18
20,321,20
20,322,6
20,322,20
20,323,4
20,323,7
20,323,20
20,324,4
20,324,7
20,324,20
20,325,3
20,325,4
20,325,7
20,325,10
20,325,20
20,326,4
20,326,7
20,326,20
20,327,3
20,327,4
20,327,7
20,327,10
20,327,20
20,328,4
20,328,7
20,328,20
20,329,4
20,329,7
20,329,20
20,330,4
20,330,7
20,330,17
20,330,20
20,331,4
20,331,7
20,331,20
20,332,3
20,332,4
20,332,7
20,332,14
20,332,20
20,333,4
20,333,7
20,333,20
20,334,6
20,334,20
20,335,5
20,335,7
20,335,20
20,336,6
20,336,11
20,336,20
20,337,3
20,337,4
20,337,7
20,337,20
20,338,4
20,338,7
20,338,9
20,338,17
20,338,20
20,339,6
20,339,20
20,340,3
20,340,4
20,340,7
20,340,8
20,340,12
20,340,14
20,340,20
20,341,4
20,341,7
20,341,20
20,342,3
20,342,4
20,342,7
20,342,20
20,343,3
20,343,4
20,343,7
20,344,3
20,344,4
20,344,7
20,344,20
20,345,4
20,345,7
20,345,20
20,346,17
20,346,20
20,347,6
20,347,20
20,348,3
20,348,4
20,348,7
20,348,20
20,349,6
20,349,19
20,349,20
20,350,4
20,350,7
20,350,20
20,351,4
20,351,7
20,351,20
20,352,4
20,352,7
20,352,14
20,352,20
20,353,20
20,354,4
20,354,7
20,354,20
20,355,6
20,355,15
20,355,20
20,356,17
20,356,20
20,357,4
20,357,5
20,357,7
20,357,16
20,357,20
20,358,3
20,358,4
20,358,7
20,358,20
20,359,3
20,359,4
20,359,7
20,359,10
20,359,20
20,360,3
20,360,4
20,360,7
20,360,20
20,361,6
20,361,15
20,361,20
20,362,4
20,362,7
20,362,20
20,363,4
20,363,7
20,363,20
20,364,7
20,365,3
20,365,4
20,365,7
20,365,14
20,365,20
20,366,6
20,366,20
20,367,20
20,368,4
20,368,7
20,368,20
20,369,3
20,369,4
20,369,7
20,369,20
20,370,3
20,370,4
20,370,7
20,370,20
20,371,3
20,371,4
20,371,7
20,371,20
20,372,3
20,372,4
20,372,7
20,372,20
20,373,4
20,373,5
20,373,7
20,373,20
20,374,4
20,374,7
20,374,18
20,374,20
20,375,4
20,375,7
20,375,20
20,376,3
20,376,4
20,376,7
20,376,20
20,377,4
20,377,5
20,377,7
20,377,20
20,378,3
20,378,4
20,378,7
20,378,20
20,379,6
20,379,20
20,380,4
20,380,5
20,380,7
20,380,18
20,380,20
20,381,6
20,381,20
20,382,4
20,382,16
20,384,4
20,384,7
20,384,16
20,384,18
20,384,20
20,385,4
20,385,7
20,385,16
20,385,18
20,385,20
20,386,3
20,386,4
20,386,7
20,386,20
20,387,3
20,387,4
20,387,7
20,387,20
20,388,4
20,388,5
20,388,7
20,388,18
20,388,20
20,389,3
20,389,4
20,389,7
20,389,20
20,390,5
20,390,17
20,390,20
20,391,4
20,391,7
20,391,16
20,391,18
20,391,20
20,392,6
20,392,20
20,393,6
20,393,12
20,393,20
20,394,3
20,394,4
20,394,7
20,394,13
20,394,20
20,395,3
20,395,4
20,395,7
20,395,20
20,396,4
20,396,7
20,396,14
20,396,20
20,397,6
20,397,20
20,398,3
20,398,4
20,398,7
20,398,20
20,399,4
20,399,7
20,399,14
20,399,20
20,400,3
20,400,4
20,400,7
20,400,20
20,401,3
20,401,4
20,401,7
20,401,20
20,402,4
20,402,7
20,402,20
20,403,4
20,403,7
20,403,14
20,403,20
20,404,3
20,404,4
20,404,7
20,404,20
20,405,4
20,405,7
20,405,11
20,405,16
20,405,20
20,406,4
20,406,7
20,406,14
20,406,20
20,407,3
20,407,4
20,407,7
20,407,20
20,408,4
20,408,7
20,408,20
20,409,3
20,409,4
20,409,7
20,409,10
20,409,15
20,409,20
20,410,4
20,410,7
20,410,20
20,411,4
20,411,7
20,411,20
20,412,4
20,412,7
20,412,20
20,413,3
20,413,4
20,413,7
20,413,14
20,413,20
20,414,4
20,414,7
20,414,17
20,414,20
20,415,4
20,415,7
20,415,18
20,416,3
20,416,4
20,416,7
20,416,9
20,416,20
20,417,6
20,417,20
20,418,3
20,418,4
20,418,7
20,418,10
20,418,20
20,419,3
20,419,4
20,419,7
20,419,20
20,420,4
20,420,7
20,420,20
20,421,3
20,421,4
20,421,7
20,421,20
20,422,3
20,422,4
20,422,7
20,422,20
20,423,3
20,423,4
20,423,7
20,423,20
20,424,3
20,424,4
20,424,7
20,424,20
20,425,3
20,425,4
20,425,7
20,425,20
20,426,4
20,426,7
20,426,20
20,427,4
20,427,7
20,427,20
20,428,3
20,428,4
20,428,7
20,428,20
20,429,4
20,429,7
20,429,20
20,430,4
20,430,7
20,430,20
20,431,3
20,431,4
20,431,7
20,431,20
20,432,4
20,432,5
20,432,7
20,432,16
20,432,20
20,433,7
20,433,20
20,434,4
20,434,7
20,434,20
20,435,4
20,435,7
20,435,20
20,436,4
20,436,7
20,436,20
20,437,4
20,437,7
20,437,20
20,438,3
20,438,4
20,438,7
20,438,20
20,439,4
20,439,7
20,439,9
20,439,20
20,440,3
20,440,4
20,440,7
20,440,20
20,441,4
20,441,7
20,441,20
20,442,3
20,442,4
20,442,7
20,442,20
20,443,4
20,443,7
20,443,20
20,444,4
20,444,7
20,444,20
20,445,4
20,445,5
20,445,7
20,445,20
20,446,5
20,446,20
20,447,3
20,447,4
20,447,7
20,447,17
20,447,20
20,448,4
20,448,7
20,448,11
20,448,14
20,448,16
20,449,4
20,449,7
20,449,20
20,450,3
20,450,4
20,450,7
20,450,20
20,451,4
20,451,7
20,451,20
20,452,3
20,452,4
20,452,7
20,452,20
20,453,3
20,453,4
20,453,7
20,453,20
20,454,4
20,454,7
20,454,20
20,455,6
20,455,20
20,456,6
20,456,15
20,456,20
20,457,3
20,457,4
20,457,7
20,457,20
20,458,3
20,458,4
20,458,7
20,458,20
20,459,4
20,459,7
20,459,9
20,459,20
20,460,4
20,460,7
20,460,20
20,461,6
20,461,15
20,461,19
20,461,20
20,462,3
20,462,4
20,462,7
20,462,20
20,463,4
20,463,7
20,463,20
20,464,4
20,464,5
20,464,7
20,464,20
20,465,4
20,465,7
20,465,20
20,466,4
20,466,7
20,466,20
20,467,3
20,467,7
20,467,8
20,467,20
20,468,6
20,468,20
20,469,6
20,470,4
20,470,18
20,470,20
20,471,4
20,471,18
20,471,20
20,472,7
20,472,20
20,473,4
20,473,7
20,473,20
20,474,4
20,474,7
20,474,20
20,475,6
20,475,20
20,477,4
20,477,5
20,477,7
20,477,12
20,477,18
20,477,20
20,478,7
20,478,20
20,479,4
20,479,7
20,479,17
20,479,20
20,480,3
20,480,4
20,480,7
20,480,20
20,481,4
20,481,7
20,481,20
20,482,4
20,482,7
20,482,20
20,483,6
20,483,19
20,483,20
20,484,3
20,484,4
20,484,7
20,484,17
20,484,20
20,485,4
20,485,7
20,485,20
20,486,4
20,486,7
20,486,20
20,487,4
20,487,5
20,487,7
20,487,18
20,487,20
20,488,3
20,488,4
20,488,7
20,488,20
20,489,6
20,489,20
20,490,3
20,490,4
20,490,7
20,490,20
20,491,4
20,491,7
20,491,20
20,492,3
20,492,4
20,492,7
20,492,20
20,493,4
20,493,5
20,493,7
20,493,18
20,493,20
20,494,4
20,494,5
20,494,7
20,494,18
20,494,20
20,495,16
20,495,18
20,496,4
20,496,7
20,496,11
20,496,16
20,496,20
20,497,4
20,497,7
20,497,11
20,497,16
20,497,20
20,498,3
20,498,4
20,498,7
20,498,20
20,499,4
20,499,7
20,499,20
20,500,4
20,500,7
20,500,20
20,501,6
20,502,20
20,503,4
20,503,7
20,503,13
20,503,20
20,504,6
20,504,20
20,505,4
20,505,5
20,505,14
20,505,15
20,505,18
20,505,20
20,506,4
20,506,7
20,506,20
20,507,3
20,507,4
20,507,7
20,507,8
20,507,12
20,507,14
20,507,20
20,508,6
20,508,20
20,509,3
20,509,4
20,509,7
20,509,20
20,510,4
20,510,7
20,510,20
20,511,4
20,511,7
20,512,3
20,512,4
20,512,7
20,512,14
20,512,20
20,513,4
20,513,16
20,513,18
20,513,20
20,514,3
20,514,4
20,514,7
20,514,20
20,515,4
20,515,20
20,516,7
20,516,16
20,516,18
20,517,4
20,517,7
20,517,20
20,518,4
20,518,7
20,518,17
20,518,20
20,519,4
20,519,7
20,519,17
20,519,20
20,520,4
20,520,7
20,520,17
20,520,20
20,521,4
20,521,7
20,521,20
20,522,4
20,522,7
20,522,20
20,523,4
20,523,7
20,523,17
20,523,20
20,524,4
20,524,7
20,524,20
20,525,3
20,525,4
20,525,7
20,525,20
20,526,6
20,526,20
20,527,4
20,527,7
20,527,20
20,528,3
20,528,4
20,528,7
20,528,20
20,529,3
20,529,4
20,529,7
20,529,20
20,530,3
20,530,4
20,530,7
20,530,20
20,531,3
20,531,4
20,531,7
20,531,20
20,532,3
20,532,4
20,532,7
20,532,15
20,532,20
20,533,3
20,533,4
20,533,7
20,533,20
20,534,3
20,534,4
20,534,7
20,534,20
20,535,3
20,535,4
20,535,7
20,535,17
20,535,20
20,536,4
20,536,7
20,536,20
20,537,3
20,537,4
20,537,7
20,537,20
20,538,6
20,538,20
20,539,4
20,539,7
20,539,20
20,540,4
20,540,7
20,540,20
20,541,3
20,541,4
20,541,7
20,541,20
20,542,4
20,542,7
20,542,14
20,542,20
20,543,3
20,543,4
20,543,7
20,543,20
20,544,3
20,544,4
20,544,7
20,544,20
20,545,4
20,545,7
20,545,20
20,546,4
20,546,7
20,547,4
20,547,7
20,547,11
20,547,16
20,548,4
20,548,7
20,549,4
20,549,7
20,549,20
20,550,3
20,550,4
20,550,7
20,550,20
20,551,4
20,551,7
20,551,20
20,552,4
20,552,7
20,552,19
20,552,20
20,553,4
20,553,7
20,553,8
20,554,4
20,554,7
20,554,8
20,555,4
20,555,7
20,555,11
20,555,16
20,556,4
20,556,7
20,556,20
20,557,3
20,557,4
20,557,7
20,558,4
20,558,7
20,558,13
20,558,20
20,559,4
20,559,7
20,559,20
20,560,3
20,560,4
20,560,7
20,560,12
20,560,14
20,560,17
20,560,20
20,561,6
20,561,17
20,562,4
20,563,14
20,563,17
20,563,20
20,564,5
20,564,20
20,565,3
20,565,4
20,565,7
20,565,20
20,566,3
20,566,7
20,566,8
20,566,20
20,567,4
20,567,5
20,567,7
20,567,18
20,567,20
20,568,4
20,568,5
20,568,7
20,568,11
20,568,16
20,568,20
20,569,20
20,570,4
20,570,7
20,570,15
20,570,20
20,571,4
20,571,5
20,571,7
20,571,18
20,571,20
20,572,4
20,572,7
20,572,20
20,573,4
20,573,7
20,573,20
20,574,4
20,574,7
20,574,11
20,574,16
20,574,20
20,575,4
20,575,5
20,575,7
20,575,11
20,575,16
20,575,20
20,576,4
20,576,5
20,576,7
20,576,18
20,576,20
20,577,3
20,577,4
20,577,7
20,577,15
20,577,20
20,579,14
20,579,20
20,580,17
20,580,20
20,581,17
20,581,20
20,582,4
20,582,7
20,582,18
20,582,20
20,583,3
20,583,4
20,583,7
20,583,20
20,584,4
20,584,7
20,584,20
20,585,4
20,585,7
20,585,20
20,586,4
20,586,7
20,586,11
20,586,16
20,586,20
20,587,7
20,587,16
20,587,20
20,589,5
20,589,7
20,589,16
20,589,20
20,590,5
20,590,7
20,590,11
20,590,16
20,590,20
20,591,4
20,591,7
20,592,4
20,592,7
20,592,13
20,593,7
20,593,16
20,594,4
20,594,7
20,594,20
20,595,4
20,595,7
20,595,20
20,597,16
20,597,20
20,598,4
20,598,5
20,598,7
20,598,20
20,599,4
20,599,5
20,599,7
20,599,20
20,600,4
20,600,5
20,600,7
20,600,16
20,600,20
20,601,8
20,601,17
20,601,20
20,602,6
20,602,14
20,602,16
20,602,20
20,603,20
20,604,17
20,604,20
20,605,4
20,605,7
20,605,20
20,607,16
20,608,4
20,608,5
20,608,7
20,608,18
20,608,20
20,609,3
20,609,4
20,609,7
20,609,20
20,610,3
20,610,4
20,610,7
20,610,20
20,611,3
20,611,4
20,611,7
20,611,20
20,612,3
20,612,4
20,612,7
20,612,10
20,612,20
20,613,4
20,613,7
20,613,14
20,613,15
20,613,20
20,614,4
20,614,7
20,614,17
20,615,4
20,615,7
20,615,17
20,616,4
20,616,7
20,616,17
20,616,20
20,617,4
20,617,7
20,618,4
20,618,7
20,619,4
20,619,7
20,619,17
20,620,3
20,620,4
20,620,7
20,620,14
20,621,7
20,621,16
20,658,3
20,659,6
20,659,15
20,659,20
20,660,3
20,660,4
20,660,7
20,660,20
20,662,4
20,662,7
20,662,20
20,663,3
20,663,4
20,663,7
20,663,20
20,664,4
20,664,7
20,664,11
20,664,16
20,664,20
20,665,3
20,665,4
20,665,7
20,665,10
20,665,20
20,666,4
20,666,5
20,666,15
20,666,18
20,666,20
20,667,3
20,667,4
20,667,7
20,667,20
20,668,4
20,668,5
20,668,7
20,668,15
20,668,20
20,669,3
20,669,4
20,669,7
20,669,8
20,669,20
20,670,4
20,670,7
20,670,20
20,671,4
20,671,5
20,671,18
20,672,4
20,672,5
20,672,7
20,672,20
20,673,6
20,673,20
20,674,6
20,674,16
20,674,20
20,675,3
20,675,4
20,675,7
20,675,20
20,676,4
20,676,7
20,676,18
20,676,20
20,677,3
20,677,4
20,677,7
20,677,20
20,678,17
20,678,20
20,679,3
20,679,4
20,679,7
20,679,20
20,680,3
20,680,4
20,680,7
20,680,20
20,681,3
20,681,4
20,681,7
20,681,20
20,682,4
20,682,7
20,682,13
20,682,20
20,683,4
20,683,7
20,683,16
20,683,18
20,683,20
20,684,3
20,684,4
20,684,7
20,684,20
20,685,4
20,685,5
20,685,15
20,685,20
20,686,4
20,686,7
20,686,19
20,686,20
20,687,4
20,687,7
20,687,20
20,688,3
20,688,4
20,688,7
20,688,20
20,689,4
20,689,16
20,689,18
20,690,4
20,691,4
20,691,7
20,691,11
20,691,16
20,691,20
20,692,3
20,692,4
20,692,7
20,692,20
20,693,3
20,693,4
20,693,7
20,693,20
20,694,6
20,694,20
20,696,3
20,699,3
20,701,3
20,704,4
20,705,4
20,705,7
20,706,3
20,706,4
20,706,7
20,706,20
20,707,3
20,707,4
20,707,7
20,707,20
20,708,4
20,708,7
20,708,20
20,709,3
20,709,4
20,709,7
20,709,20
20,710,3
20,710,4
20,710,7
20,710,20
20,711,4
20,711,7
20,711,9
20,711,20
20,712,3
20,712,4
20,712,7
20,712,16
20,713,3
20,713,4
20,713,7
20,714,4
20,714,7
20,715,5
20,715,7
20,715,20
20,716,3
20,716,4
20,716,7
20,716,20
20,717,4
20,717,7
20,718,3
20,718,4
20,718,7
20,718,20
20,720,4
20,720,7
20,721,3
20,721,4
20,721,7
20,721,10
20,722,4
20,722,7
20,724,3
20,726,3
20,728,11
20,728,16
20,729,3
20,729,4
20,729,7
20,730,4
20,730,7
20,731,3
20,731,4
20,731,7
20,731,12
20,732,4
20,732,7
20,733,4
20,733,7
20,733,15
20,734,4
20,734,7
20,735,3
20,735,4
20,735,7
20,735,13
20,736,4
20,736,7
20,737,4
20,737,7
20,738,4
20,738,5
20,738,7
20,739,4
20,739,7
20,740,4
20,740,7
20,741,3
20,741,4
20,741,7
20,742,3
20,742,4
20,742,7
20,742,10
20,744,4
20,745,4
20,745,7
20,745,20
20,746,3
20,746,4
20,746,7
20,746,20
20,747,6
20,747,20
20,748,6
20,748,20
20,749,4
20,749,5
20,749,7
20,749,20
20,750,4
20,750,5
20,750,7
20,750,18
20,750,20
20,751,4
20,751,7
20,751,20
20,752,16
20,752,20
20,753,4
20,753,7
20,753,20
20,754,3
20,754,4
20,754,7
20,754,20
20,755,3
20,755,4
20,755,7
20,755,20
20,756,7
20,756,20
20,775,6
20,775,11
20,775,19
20,776,3
20,776,4
20,776,7
20,777,18
20,778,4
20,778,7
20,779,3
20,779,4
20,779,7
20,780,4
20,780,7
20,780,13
20,781,3
20,781,4
20,781,7
20,782,3
20,782,4
20,782,7
20,783,4
20,783,7
20,784,3
20,784,4
20,784,7
20,785,3
20,785,4
20,785,7
20,786,4
20,786,7
20,786,11
20,786,16
20,787,4
20,787,7
20,788,4
20,788,7
20,789,3
20,789,4
20,789,7
20,790,4
20,790,7
20,791,6
20,791,15
20,791,16
20,793,3
20,793,4
20,793,7
20,794,4
20,794,7
20,794,9
20,795,4
20,795,7
20,795,9
20,796,4
20,796,7
20,797,4
20,797,7
20,797,20
20,798,3
20,798,4
20,798,7
20,798,20
20,799,4
20,799,7
20,799,20
20,800,4
20,800,7
20,800,8
20,800,20
20,801,4
20,801,7
20,801,20
20,802,4
20,802,7
20,802,20
20,803,3
20,803,4
20,803,7
20,803,20
20,804,4
20,804,7
20,804,20
20,805,4
20,805,7
20,805,20
20,806,3
20,806,4
20,806,7
20,806,20
20,807,4
20,807,7
20,807,20
20,808,3
20,808,4
20,808,7
20,808,20
20,809,4
20,809,7
20,809,20
20,810,4
20,810,5
20,810,7
20,810,18
20,810,20
20,811,16
20,811,18
20,811,20
20,812,3
20,812,4
20,812,7
20,812,20
20,813,3
20,813,4
20,813,7
20,813,20
20,814,3
20,814,4
20,814,7
20,814,20
20,815,4
20,815,7
20,815,13
20,815,20
20,816,15
20,816,16
20,816,18
20,817,3
20,817,4
20,817,7
20,817,10
20,818,3
20,818,4
20,818,7
20,818,10
20,819,4
20,819,7
20,820,4
20,820,7
20,821,4
20,821,7
20,822,4
20,822,7
20,823,3
20,823,4
20,823,7
20,824,4
20,824,7
20,825,4
20,825,7
20,826,4
20,826,7
20,826,11
20,826,16
20,826,20
20,10001,4
20,10001,7
20,10001,20
20,10002,4
20,10002,7
20,10002,20
20,10003,4
20,10003,7
20,10003,20
20,10004,4
20,10004,7
20,10004,20
20,10005,4
20,10005,7
20,10005,20
20,10006,4
20,10006,7
20,10006,20
20,10007,4
20,10007,7
20,10007,20
20,10008,4
20,10008,7
20,10008,20
20,10009,4
20,10009,7
20,10009,20
20,10010,4
20,10010,7
20,10010,20
20,10011,4
20,10011,7
20,10011,20
20,10012,4
20,10012,7
20,10012,20
20,10013,4
20,10013,7
20,10013,20
20,10014,4
20,10014,7
20,10014,20
20,10015,4
20,10015,7
20,10015,20
20,10016,4
20,10016,7
20,10016,20
21,1,3
21,1,4
21,1,7
21,1,20
21,2,3
21,2,4
21,2,7
21,2,20
21,3,3
21,3,4
21,3,7
21,3,20
21,4,3
21,4,4
21,4,7
21,4,10
21,4,20
21,5,3
21,5,4
21,5,7
21,5,10
21,5,20
21,6,4
21,6,7
21,6,20
21,7,3
21,7,4
21,7,7
21,7,10
21,7,20
21,8,3
21,8,4
21,8,7
21,8,10
21,8,20
21,9,3
21,9,4
21,9,7
21,9,10
21,9,20
21,10,3
21,10,4
21,10,7
21,10,20
21,11,3
21,11,4
21,11,7
21,11,20
21,12,3
21,12,4
21,12,7
21,12,20
21,13,4
21,13,7
21,13,8
21,13,20
21,14,6
21,14,19
21,14,20
21,15,3
21,15,4
21,15,7
21,15,20
21,16,4
21,16,7
21,16,14
21,16,20
21,17,3
21,17,4
21,17,7
21,17,14
21,17,20
21,18,5
21,18,7
21,18,16
21,18,18
21,18,20
21,19,3
21,19,4
21,19,7
21,19,8
21,19,12
21,19,14
21,19,20
21,20,3
21,20,4
21,20,7
21,20,20
21,21,3
21,21,4
21,21,7
21,21,17
21,21,20
21,22,3
21,22,4
21,22,7
21,22,20
21,23,3
21,23,4
21,23,7
21,23,17
21,23,20
21,24,3
21,24,4
21,24,7
21,24,20
21,25,3
21,25,4
21,25,7
21,25,20
21,26,3
21,26,4
21,26,7
21,26,12
21,26,20
21,27,3
21,27,4
21,27,7
21,27,20
21,28,4
21,28,5
21,28,7
21,28,20
21,29,3
21,29,4
21,29,7
21,29,20
21,30,3
21,30,4
21,30,7
21,30,20
21,31,3
21,31,4
21,31,7
21,31,20
21,32,3
21,32,4
21,32,7
21,32,20
21,33,3
21,33,4
21,33,7
21,33,20
21,34,3
21,34,4
21,34,7
21,34,17
21,34,20
21,35,3
21,35,4
21,35,7
21,35,20
21,36,3
21,36,4
21,36,7
21,36,20
21,37,3
21,37,4
21,37,7
21,37,20
21,38,3
21,38,4
21,38,7
21,38,20
21,39,4
21,39,5
21,39,7
21,39,20
21,40,4
21,40,7
21,40,20
21,41,4
21,41,7
21,41,20
21,42,4
21,42,7
21,42,20
21,43,4
21,43,5
21,43,7
21,43,20
21,44,3
21,44,4
21,44,7
21,44,20
21,45,4
21,45,5
21,45,7
21,45,11
21,45,16
21,45,20
21,46,5
21,46,7
21,46,11
21,46,16
21,46,18
21,46,20
21,47,4
21,47,5
21,47,7
21,47,11
21,47,16
21,47,20
21,48,4
21,48,5
21,48,7
21,48,11
21,48,16
21,48,20
21,49,4
21,49,7
21,49,20
21,50,4
21,50,5
21,50,7
21,50,16
21,50,20
21,51,4
21,51,7
21,51,20
21,52,4
21,52,7
21,52,20
21,53,4
21,53,7
21,53,20
21,54,6
21,54,20
21,55,4
21,55,7
21,55,20
21,56,4
21,56,7
21,56,20
21,57,4
21,57,7
21,57,17
21,57,20
21,58,4
21,58,7
21,58,20
21,59,4
21,59,7
21,59,20
21,60,4
21,60,7
21,60,20
21,61,4
21,61,7
21,61,20
21,62,4
21,62,7
21,62,20
21,63,4
21,63,7
21,63,9
21,63,20
21,64,3
21,64,4
21,64,7
21,64,14
21,64,20
21,65,3
21,65,4
21,65,7
21,65,14
21,65,20
21,66,3
21,66,4
21,66,7
21,66,20
21,67,3
21,67,4
21,67,7
21,67,20
21,68,3
21,68,4
21,69,3
21,69,4
21,69,7
21,69,17
21,69,20
21,70,3
21,70,4
21,70,7
21,70,20
21,71,4
21,71,7
21,71,15
21,71,20
21,72,4
21,72,7
21,72,15
21,72,20
21,73,4
21,73,5
21,73,7
21,73,20
21,74,6
21,74,20
21,75,4
21,75,7
21,75,20
21,76,4
21,76,7
21,76,8
21,76,20
21,77,4
21,77,5
21,77,7
21,77,20
21,78,4
21,78,5
21,78,7
21,78,20
21,79,4
21,79,5
21,79,7
21,79,20
21,80,3
21,80,4
21,80,7
21,80,19
21,80,20
21,81,4
21,81,5
21,81,7
21,81,20
21,82,4
21,82,7
21,82,20
21,83,4
21,83,7
21,83,20
21,84,4
21,84,7
21,84,20
21,85,4
21,85,7
21,85,20
21,86,4
21,86,5
21,86,7
21,86,20
21,87,4
21,87,7
21,87,20
21,88,4
21,88,7
21,88,20
21,89,4
21,89,7
21,89,17
21,89,20
21,90,4
21,90,7
21,90,17
21,90,20
21,91,3
21,91,4
21,91,7
21,91,8
21,91,17
21,91,20
21,92,4
21,92,5
21,92,7
21,92,20
21,93,4
21,93,7
21,93,20
21,94,4
21,94,7
21,94,20
21,95,4
21,95,5
21,95,7
21,95,20
21,96,6
21,96,20
21,97,6
21,97,20
21,98,3
21,98,4
21,98,7
21,98,20
21,99,3
21,99,4
21,99,7
21,99,20
21,100,20
21,101,4
21,101,7
21,101,20
21,102,4
21,102,16
21,102,18
21,103,4
21,103,5
21,103,7
21,103,11
21,103,16
21,103,18
21,103,20
21,104,6
21,104,20
21,105,6
21,105,15
21,105,20
21,106,6
21,106,20
21,107,6
21,107,20
21,108,4
21,108,5
21,108,7
21,108,20
21,109,4
21,109,5
21,109,7
21,109,20
21,110,6
21,110,20
21,111,6
21,111,20
21,112,6
21,112,20
21,113,6
21,113,20
21,114,16
21,114,20
21,115,6
21,115,20
21,116,6
21,116,20
21,117,3
21,117,4
21,117,20
21,120,4
21,120,7
21,120,20
21,121,4
21,121,7
21,121,20
21,122,3
21,122,4
21,122,7
21,122,20
21,123,4
21,123,7
21,123,20
21,124,4
21,124,7
21,124,20
21,125,4
21,125,7
21,125,20
21,126,4
21,126,7
21,126,20
21,127,3
21,127,4
21,127,7
21,127,20
21,128,3
21,128,4
21,128,7
21,128,20
21,129,4
21,129,7
21,129,20
21,130,3
21,130,4
21,130,7
21,130,8
21,130,20
21,131,4
21,131,7
21,131,20
21,132,3
21,132,4
21,132,7
21,132,20
21,133,6
21,133,20
21,134,4
21,134,5
21,134,7
21,134,20
21,135,6
21,135,15
21,135,20
21,136,3
21,136,4
21,136,7
21,136,12
21,136,20
21,137,4
21,137,5
21,137,7
21,137,20
21,138,4
21,138,7
21,138,15
21,138,20
21,139,4
21,139,5
21,139,7
21,139,20
21,140,4
21,140,7
21,140,20
21,141,3
21,141,4
21,141,7
21,141,15
21,141,20
21,142,4
21,142,5
21,142,7
21,142,20
21,143,4
21,143,7
21,143,8
21,143,14
21,143,20
21,144,18
21,145,4
21,145,7
21,145,20
21,146,3
21,146,4
21,146,7
21,146,10
21,146,20
21,147,4
21,147,5
21,147,7
21,147,20
21,148,4
21,148,5
21,148,7
21,148,20
21,149,4
21,149,7
21,149,20
21,150,12
21,150,20
21,151,6
21,151,20
21,152,3
21,152,4
21,152,7
21,152,20
21,153,4
21,153,7
21,153,20
21,154,3
21,154,4
21,154,7
21,154,20
21,155,4
21,155,7
21,155,20
21,156,6
21,156,15
21,156,20
21,157,4
21,157,7
21,157,20
21,158,3
21,158,4
21,158,7
21,158,20
21,159,6
21,159,20
21,160,6
21,160,20
21,161,4
21,161,7
21,161,20
21,162,3
21,162,4
21,162,7
21,162,20
21,163,3
21,163,4
21,163,7
21,163,20
21,164,6
21,164,17
21,164,20
21,165,3
21,165,4
21,166,16
21,166,18
21,167,3
21,167,4
21,167,7
21,167,20
21,168,3
21,168,4
21,168,7
21,169,4
21,169,5
21,169,7
21,169,20
21,170,4
21,170,7
21,170,20
21,171,4
21,171,7
21,171,20
21,172,3
21,172,4
21,172,7
21,172,13
21,172,20
21,173,4
21,173,7
21,173,11
21,173,16
21,174,16
21,174,20
21,175,3
21,175,4
21,175,7
21,175,20
21,176,16
21,176,20
21,177,4
21,177,7
21,177,14
21,177,20
21,178,4
21,178,5
21,178,7
21,178,20
21,179,3
21,179,4
21,179,7
21,179,20
21,180,4
21,180,5
21,180,7
21,180,16
21,180,20
21,181,4
21,181,7
21,181,20
21,183,3
21,183,4
21,183,7
21,183,10
21,183,20
21,184,4
21,184,5
21,184,7
21,184,18
21,184,20
21,185,3
21,185,4
21,185,7
21,185,20
21,186,4
21,186,5
21,186,7
21,186,20
21,187,6
21,187,20
21,188,4
21,188,7
21,188,20
21,189,4
21,189,7
21,189,20
21,190,4
21,190,7
21,190,20
21,191,5
21,191,17
21,191,20
21,192,4
21,192,7
21,192,20
21,193,4
21,193,5
21,193,7
21,193,16
21,193,20
21,194,16
21,195,11
21,195,14
21,195,16
21,195,20
21,196,4
21,196,7
21,196,20
21,198,4
21,198,7
21,198,20
21,199,4
21,199,7
21,199,20
21,200,3
21,200,4
21,200,7
21,200,20
21,201,20
21,202,4
21,202,7
21,202,15
21,202,20
21,204,4
21,204,5
21,204,7
21,204,18
21,204,20
21,205,3
21,205,4
21,205,7
21,205,20
21,206,3
21,206,4
21,206,7
21,206,20
21,207,4
21,207,5
21,207,7
21,207,18
21,207,20
21,208,6
21,208,15
21,208,20
21,209,3
21,209,4
21,209,7
21,209,20
21,210,3
21,210,4
21,210,7
21,210,20
21,211,3
21,211,4
21,211,7
21,211,20
21,212,5
21,212,7
21,212,20
21,213,4
21,213,5
21,213,7
21,213,16
21,213,20
21,215,6
21,215,11
21,215,14
21,215,16
21,215,20
21,216,3
21,216,4
21,216,7
21,216,20
21,217,4
21,217,7
21,217,20
21,218,3
21,218,4
21,218,7
21,218,20
21,219,6
21,219,20
21,220,4
21,220,7
21,220,18
21,220,20
21,221,4
21,221,7
21,221,13
21,221,20
21,222,4
21,222,7
21,222,17
21,222,20
21,223,3
21,223,4
21,223,7
21,223,10
21,223,20
21,224,3
21,224,4
21,224,7
21,224,20
21,225,4
21,225,7
21,225,20
21,226,20
21,227,4
21,227,5
21,227,7
21,227,16
21,227,20
21,228,3
21,228,4
21,228,7
21,228,20
21,229,3
21,229,4
21,229,7
21,229,20
21,230,4
21,230,5
21,230,7
21,230,20
21,231,3
21,231,4
21,231,7
21,231,20
21,232,3
21,232,4
21,232,7
21,232,20
21,233,3
21,233,4
21,233,7
21,233,20
21,234,6
21,234,15
21,234,20
21,235,6
21,235,15
21,235,20
21,236,6
21,236,15
21,236,20
21,237,4
21,237,7
21,237,20
21,238,3
21,238,4
21,238,7
21,238,20
21,239,4
21,239,7
21,239,20
21,240,20
21,241,20
21,242,3
21,242,4
21,242,7
21,242,20
21,243,4
21,244,16
21,244,18
21,244,20
21,245,3
21,245,4
21,245,7
21,245,20
21,246,4
21,246,7
21,246,20
21,247,4
21,247,7
21,247,20
21,248,20
21,249,3
21,249,4
21,249,7
21,249,20
21,250,4
21,250,7
21,250,20
21,251,4
21,251,7
21,251,18
21,251,20
21,252,3
21,252,4
21,252,7
21,252,20
21,253,4
21,253,7
21,253,11
21,253,16
21,253,20
21,254,6
21,254,20
21,255,4
21,255,20
21,256,6
21,256,15
21,256,20
21,257,4
21,257,7
21,257,20
21,258,20
21,259,4
21,259,5
21,259,7
21,259,16
21,259,20
21,260,4
21,260,5
21,260,7
21,260,18
21,260,20
21,261,4
21,261,5
21,261,7
21,261,20
21,262,4
21,262,7
21,262,20
21,263,3
21,263,4
21,263,7
21,263,20
21,264,3
21,264,4
21,264,10
21,265,3
21,265,4
21,265,7
21,265,20
21,268,6
21,268,20
21,269,4
21,269,5
21,269,7
21,269,16
21,269,20
21,270,16
21,271,4
21,271,7
21,271,18
21,272,16
21,272,18
21,272,20
21,273,6
21,273,15
21,273,20
21,275,6
21,275,17
21,275,20
21,276,3
21,276,4
21,276,7
21,276,20
21,277,20
21,278,6
21,278,20
21,279,3
21,279,4
21,279,7
21,279,20
21,280,3
21,280,4
21,280,7
21,280,20
21,281,4
21,281,5
21,281,7
21,281,20
21,282,3
21,282,4
21,282,7
21,282,20
21,283,3
21,283,4
21,283,7
21,283,20
21,284,4
21,284,7
21,284,20
21,285,4
21,285,7
21,285,16
21,285,18
21,285,20
21,286,6
21,286,16
21,286,20
21,287,6
21,287,20
21,288,16
21,288,20
21,289,16
21,290,4
21,290,7
21,290,20
21,291,3
21,291,4
21,291,7
21,291,8
21,291,17
21,291,18
21,291,20
21,292,3
21,292,4
21,292,7
21,292,20
21,293,6
21,293,20
21,294,6
21,294,20
21,295,4
21,295,7
21,295,20
21,296,4
21,296,7
21,296,20
21,297,4
21,297,5
21,297,7
21,297,18
21,297,19
21,297,20
21,298,4
21,298,7
21,298,19
21,298,20
21,299,3
21,299,4
21,299,7
21,299,20
21,300,17
21,300,20
21,301,3
21,301,4
21,301,7
21,301,20
21,302,3
21,302,4
21,302,7
21,302,20
21,303,6
21,303,15
21,303,20
21,304,4
21,304,7
21,304,11
21,304,16
21,304,20
21,305,3
21,305,4
21,305,7
21,305,20
21,306,3
21,306,4
21,306,7
21,306,20
21,307,4
21,307,7
21,307,9
21,307,20
21,308,4
21,308,7
21,308,9
21,308,20
21,309,3
21,309,4
21,309,7
21,309,10
21,309,20
21,310,3
21,310,4
21,310,7
21,310,20
21,311,4
21,311,7
21,311,20
21,312,6
21,312,14
21,312,20
21,313,4
21,313,5
21,313,7
21,313,18
21,313,20
21,314,4
21,314,7
21,314,20
21,315,4
21,315,7
21,315,20
21,316,4
21,316,5
21,316,7
21,316,16
21,316,18
21,316,20
21,317,4
21,317,7
21,317,20
21,318,4
21,318,7
21,318,20
21,319,4
21,319,5
21,319,7
21,319,11
21,319,16
21,319,18
21,319,20
21,320,4
21,320,5
21,320,7
21,320,11
21,320,16
21,320,20
21,321,4
21,321,5
21,321,7
21,321,18
21,321,20
21,322,6
21,322,20
21,323,4
21,323,7
21,323,20
21,324,4
21,324,7
21,324,20
21,325,3
21,325,4
21,325,7
21,325,10
21,325,20
21,326,4
21,326,7
21,326,20
21,327,3
21,327,4
21,327,7
21,327,10
21,327,20
21,328,4
21,328,7
21,328,20
21,329,4
21,329,7
21,329,20
21,330,4
21,330,7
21,330,17
21,330,20
21,331,4
21,331,7
21,331,20
21,332,3
21,332,4
21,332,7
21,332,14
21,332,20
21,333,4
21,333,7
21,333,20
21,334,6
21,334,20
21,335,5
21,335,7
21,335,20
21,336,6
21,336,11
21,336,20
21,337,3
21,337,4
21,337,7
21,337,20
21,338,4
21,338,7
21,338,9
21,338,17
21,338,20
21,339,6
21,339,20
21,340,3
21,340,4
21,340,7
21,340,8
21,340,12
21,340,14
21,340,20
21,341,4
21,341,7
21,341,20
21,342,3
21,342,4
21,342,7
21,342,20
21,343,3
21,343,4
21,343,7
21,344,3
21,344,4
21,344,7
21,344,20
21,345,4
21,345,7
21,345,20
21,346,17
21,346,20
21,347,6
21,347,20
21,348,3
21,348,4
21,348,7
21,348,20
21,349,6
21,349,19
21,349,20
21,350,4
21,350,7
21,350,20
21,351,4
21,351,7
21,351,20
21,352,4
21,352,7
21,352,14
21,352,20
21,353,20
21,354,4
21,354,7
21,354,20
21,355,6
21,355,15
21,355,20
21,356,17
21,356,20
21,357,4
21,357,5
21,357,7
21,357,16
21,357,20
21,358,3
21,358,4
21,358,7
21,358,20
21,359,3
21,359,4
21,359,7
21,359,10
21,359,20
21,360,3
21,360,4
21,360,7
21,360,20
21,361,6
21,361,15
21,361,20
21,362,4
21,362,7
21,362,20
21,363,4
21,363,7
21,363,20
21,364,7
21,365,3
21,365,4
21,365,7
21,365,14
21,365,20
21,366,6
21,366,20
21,367,20
21,368,4
21,368,7
21,368,20
21,369,3
21,369,4
21,369,7
21,369,20
21,370,3
21,370,4
21,370,7
21,370,20
21,371,3
21,371,4
21,371,7
21,371,20
21,372,3
21,372,4
21,372,7
21,372,20
21,373,4
21,373,5
21,373,7
21,373,20
21,374,4
21,374,7
21,374,18
21,374,20
21,375,4
21,375,7
21,375,20
21,376,3
21,376,4
21,376,7
21,376,20
21,377,4
21,377,5
21,377,7
21,377,20
21,378,3
21,378,4
21,378,7
21,378,20
21,379,6
21,379,20
21,380,4
21,380,5
21,380,7
21,380,18
21,380,20
21,381,6
21,381,20
21,382,4
21,382,16
21,384,4
21,384,7
21,384,16
21,384,18
21,384,20
21,385,4
21,385,7
21,385,16
21,385,18
21,385,20
21,386,3
21,386,4
21,386,7
21,386,20
21,387,3
21,387,4
21,387,7
21,387,20
21,388,4
21,388,5
21,388,7
21,388,18
21,388,20
21,389,3
21,389,4
21,389,7
21,389,20
21,390,5
21,390,17
21,390,20
21,391,4
21,391,7
21,391,16
21,391,18
21,391,20
21,392,6
21,392,20
21,393,6
21,393,12
21,393,20
21,394,3
21,394,4
21,394,7
21,394,13
21,394,20
21,395,3
21,395,4
21,395,7
21,395,20
21,396,4
21,396,7
21,396,14
21,396,20
21,397,6
21,397,20
21,398,3
21,398,4
21,398,7
21,398,20
21,399,4
21,399,7
21,399,14
21,399,20
21,400,3
21,400,4
21,400,7
21,400,20
21,401,3
21,401,4
21,401,7
21,401,20
21,402,4
21,402,7
21,402,20
21,403,4
21,403,7
21,403,14
21,403,20
21,404,3
21,404,4
21,404,7
21,404,20
21,405,4
21,405,7
21,405,11
21,405,16
21,405,20
21,406,4
21,406,7
21,406,14
21,406,20
21,407,3
21,407,4
21,407,7
21,407,20
21,408,4
21,408,7
21,408,20
21,409,3
21,409,4
21,409,7
21,409,10
21,409,15
21,409,20
21,410,4
21,410,7
21,410,20
21,411,4
21,411,7
21,411,20
21,412,4
21,412,7
21,412,20
21,413,3
21,413,4
21,413,7
21,413,14
21,413,20
21,414,4
21,414,7
21,414,17
21,414,20
21,415,4
21,415,7
21,415,18
21,416,3
21,416,4
21,416,7
21,416,9
21,416,20
21,417,6
21,417,20
21,418,3
21,418,4
21,418,7
21,418,10
21,418,20
21,419,3
21,419,4
21,419,7
21,419,20
21,420,4
21,420,7
21,420,20
21,421,3
21,421,4
21,421,7
21,421,20
21,422,3
21,422,4
21,422,7
21,422,20
21,423,3
21,423,4
21,423,7
21,423,20
21,424,3
21,424,4
21,424,7
21,424,20
21,425,3
21,425,4
21,425,7
21,425,20
21,426,4
21,426,7
21,426,20
21,427,4
21,427,7
21,427,20
21,428,3
21,428,4
21,428,7
21,428,20
21,429,4
21,429,7
21,429,20
21,430,4
21,430,7
21,430,20
21,431,3
21,431,4
21,431,7
21,431,20
21,432,4
21,432,5
21,432,7
21,432,16
21,432,20
21,433,7
21,433,20
21,434,4
21,434,7
21,434,20
21,435,4
21,435,7
21,435,20
21,436,4
21,436,7
21,436,20
21,437,4
21,437,7
21,437,20
21,438,3
21,438,4
21,438,7
21,438,20
21,439,4
21,439,7
21,439,9
21,439,20
21,440,3
21,440,4
21,440,7
21,440,20
21,441,4
21,441,7
21,441,20
21,442,3
21,442,4
21,442,7
21,442,20
21,443,4
21,443,7
21,443,20
21,444,4
21,444,7
21,444,20
21,445,4
21,445,5
21,445,7
21,445,20
21,446,5
21,446,20
21,447,3
21,447,4
21,447,7
21,447,17
21,447,20
21,448,4
21,448,7
21,448,11
21,448,14
21,448,16
21,449,4
21,449,7
21,449,20
21,450,3
21,450,4
21,450,7
21,450,20
21,451,4
21,451,7
21,451,20
21,452,3
21,452,4
21,452,7
21,452,20
21,453,3
21,453,4
21,453,7
21,453,20
21,454,4
21,454,7
21,454,20
21,455,6
21,455,20
21,456,6
21,456,15
21,456,20
21,457,3
21,457,4
21,457,7
21,457,20
21,458,3
21,458,4
21,458,7
21,458,20
21,459,4
21,459,7
21,459,9
21,459,20
21,460,4
21,460,7
21,460,20
21,461,6
21,461,15
21,461,19
21,461,20
21,462,3
21,462,4
21,462,7
21,462,20
21,463,4
21,463,7
21,463,20
21,464,4
21,464,5
21,464,7
21,464,20
21,465,4
21,465,7
21,465,20
21,466,4
21,466,7
21,466,20
21,467,3
21,467,7
21,467,8
21,467,20
21,468,6
21,468,20
21,469,6
21,470,4
21,470,18
21,470,20
21,471,4
21,471,18
21,471,20
21,472,7
21,472,20
21,473,4
21,473,7
21,473,20
21,474,4
21,474,7
21,474,20
21,475,6
21,475,20
21,477,4
21,477,5
21,477,7
21,477,12
21,477,18
21,477,20
21,478,7
21,478,20
21,479,4
21,479,7
21,479,17
21,479,20
21,480,3
21,480,4
21,480,7
21,480,20
21,481,4
21,481,7
21,481,20
21,482,4
21,482,7
21,482,20
21,483,6
21,483,19
21,483,20
21,484,3
21,484,4
21,484,7
21,484,17
21,484,20
21,485,4
21,485,7
21,485,20
21,486,4
21,486,7
21,486,20
21,487,4
21,487,5
21,487,7
21,487,18
21,487,20
21,488,3
21,488,4
21,488,7
21,488,20
21,489,6
21,489,20
21,490,3
21,490,4
21,490,7
21,490,20
21,491,4
21,491,7
21,491,20
21,492,3
21,492,4
21,492,7
21,492,20
21,493,4
21,493,5
21,493,7
21,493,18
21,493,20
21,494,4
21,494,5
21,494,7
21,494,18
21,494,20
21,495,16
21,495,18
21,496,4
21,496,7
21,496,11
21,496,16
21,496,20
21,497,4
21,497,7
21,497,11
21,497,16
21,497,20
21,498,3
21,498,4
21,498,7
21,498,20
21,499,4
21,499,7
21,499,20
21,500,4
21,500,7
21,500,20
21,501,6
21,502,20
21,503,4
21,503,7
21,503,13
21,503,20
21,504,6
21,504,20
21,505,4
21,505,5
21,505,14
21,505,15
21,505,18
21,505,20
21,506,4
21,506,7
21,506,20
21,507,3
21,507,4
21,507,7
21,507,8
21,507,12
21,507,14
21,507,20
21,508,6
21,508,20
21,509,3
21,509,4
21,509,7
21,509,20
21,510,4
21,510,7
21,510,20
21,511,4
21,511,7
21,512,3
21,512,4
21,512,7
21,512,14
21,512,20
21,513,4
21,513,16
21,513,18
21,513,20
21,514,3
21,514,4
21,514,7
21,514,20
21,515,4
21,515,20
21,516,7
21,516,16
21,516,18
21,517,4
21,517,7
21,517,20
21,518,4
21,518,7
21,518,17
21,518,20
21,519,4
21,519,7
21,519,17
21,519,20
21,520,4
21,520,7
21,520,17
21,520,20
21,521,4
21,521,7
21,521,20
21,522,4
21,522,7
21,522,20
21,523,4
21,523,7
21,523,17
21,523,20
21,524,4
21,524,7
21,524,20
21,525,3
21,525,4
21,525,7
21,525,20
21,526,6
21,526,20
21,527,4
21,527,7
21,527,20
21,528,3
21,528,4
21,528,7
21,528,20
21,529,3
21,529,4
21,529,7
21,529,20
21,530,3
21,530,4
21,530,7
21,530,20
21,531,3
21,531,4
21,531,7
21,531,20
21,532,3
21,532,4
21,532,7
21,532,15
21,532,20
21,533,3
21,533,4
21,533,7
21,533,20
21,534,3
21,534,4
21,534,7
21,534,20
21,535,3
21,535,4
21,535,7
21,535,17
21,535,20
21,536,4
21,536,7
21,536,20
21,537,3
21,537,4
21,537,7
21,537,20
21,538,6
21,538,20
21,539,4
21,539,7
21,539,20
21,540,4
21,540,7
21,540,20
21,541,3
21,541,4
21,541,7
21,541,20
21,542,4
21,542,7
21,542,14
21,542,20
21,543,3
21,543,4
21,543,7
21,543,20
21,544,3
21,544,4
21,544,7
21,544,20
21,545,4
21,545,7
21,545,20
21,546,4
21,546,7
21,547,4
21,547,7
21,547,11
21,547,16
21,548,4
21,548,7
21,549,4
21,549,7
21,549,20
21,550,3
21,550,4
21,550,7
21,550,20
21,551,4
21,551,7
21,551,20
21,552,4
21,552,7
21,552,19
21,552,20
21,553,4
21,553,7
21,553,8
21,554,4
21,554,7
21,554,8
21,555,4
21,555,7
21,555,11
21,555,16
21,556,4
21,556,7
21,556,20
21,557,3
21,557,4
21,557,7
21,558,4
21,558,7
21,558,13
21,558,20
21,559,4
21,559,7
21,559,20
21,560,3
21,560,4
21,560,7
21,560,12
21,560,14
21,560,17
21,560,20
21,561,6
21,561,17
21,562,4
21,563,14
21,563,17
21,563,20
21,564,5
21,564,20
21,565,3
21,565,4
21,565,7
21,565,20
21,566,3
21,566,7
21,566,8
21,566,20
21,567,4
21,567,5
21,567,7
21,567,18
21,567,20
21,568,4
21,568,5
21,568,7
21,568,11
21,568,16
21,568,20
21,569,20
21,570,4
21,570,7
21,570,15
21,570,20
21,571,4
21,571,5
21,571,7
21,571,18
21,571,20
21,572,4
21,572,7
21,572,20
21,573,4
21,573,7
21,573,20
21,574,4
21,574,7
21,574,11
21,574,16
21,574,20
21,575,4
21,575,5
21,575,7
21,575,11
21,575,16
21,575,20
21,576,4
21,576,5
21,576,7
21,576,18
21,576,20
21,577,3
21,577,4
21,577,7
21,577,15
21,577,20
21,579,14
21,579,20
21,580,17
21,580,20
21,581,17
21,581,20
21,582,4
21,582,7
21,582,18
21,582,20
21,583,3
21,583,4
21,583,7
21,583,20
21,584,4
21,584,7
21,584,20
21,585,4
21,585,7
21,585,20
21,586,4
21,586,7
21,586,11
21,586,16
21,586,20
21,587,7
21,587,16
21,587,20
21,589,5
21,589,7
21,589,16
21,589,20
21,590,5
21,590,7
21,590,11
21,590,16
21,590,20
21,591,4
21,591,7
21,592,4
21,592,7
21,592,13
21,593,7
21,593,16
21,594,4
21,594,7
21,594,20
21,595,4
21,595,7
21,595,20
21,597,16
21,597,20
21,598,4
21,598,5
21,598,7
21,598,20
21,599,4
21,599,5
21,599,7
21,599,20
21,600,4
21,600,5
21,600,7
21,600,16
21,600,20
21,601,8
21,601,17
21,601,20
21,602,6
21,602,14
21,602,16
21,602,20
21,603,20
21,604,17
21,604,20
21,605,4
21,605,7
21,605,20
21,607,16
21,608,4
21,608,5
21,608,7
21,608,18
21,608,20
21,609,3
21,609,4
21,609,7
21,609,20
21,610,3
21,610,4
21,610,7
21,610,20
21,611,3
21,611,4
21,611,7
21,611,20
21,612,3
21,612,4
21,612,7
21,612,10
21,612,20
21,613,4
21,613,7
21,613,14
21,613,15
21,613,20
21,614,4
21,614,7
21,614,17
21,615,4
21,615,7
21,615,17
21,616,4
21,616,7
21,616,17
21,616,20
21,617,4
21,617,7
21,618,4
21,618,7
21,619,4
21,619,7
21,619,17
21,620,3
21,620,4
21,620,7
21,620,14
21,621,7
21,621,16
21,658,3
21,659,6
21,659,15
21,659,20
21,660,3
21,660,4
21,660,7
21,660,20
21,662,4
21,662,7
21,662,20
21,663,3
21,663,4
21,663,7
21,663,20
21,664,4
21,664,7
21,664,11
21,664,16
21,664,20
21,665,3
21,665,4
21,665,7
21,665,10
21,665,20
21,666,4
21,666,5
21,666,15
21,666,18
21,666,20
21,667,3
21,667,4
21,667,7
21,667,20
21,668,4
21,668,5
21,668,7
21,668,15
21,668,20
21,669,3
21,669,4
21,669,7
21,669,8
21,669,20
21,670,4
21,670,7
21,670,20
21,671,4
21,671,5
21,671,18
21,672,4
21,672,5
21,672,7
21,672,20
21,673,6
21,673,20
21,674,6
21,674,16
21,674,20
21,675,3
21,675,4
21,675,7
21,675,20
21,676,4
21,676,7
21,676,18
21,676,20
21,677,3
21,677,4
21,677,7
21,677,20
21,678,17
21,678,20
21,679,3
21,679,4
21,679,7
21,679,20
21,680,3
21,680,4
21,680,7
21,680,20
21,681,3
21,681,4
21,681,7
21,681,20
21,682,4
21,682,7
21,682,13
21,682,20
21,683,4
21,683,7
21,683,16
21,683,18
21,683,20
21,684,3
21,684,4
21,684,7
21,684,20
21,685,4
21,685,5
21,685,15
21,685,20
21,686,4
21,686,7
21,686,19
21,686,20
21,687,4
21,687,7
21,687,20
21,688,3
21,688,4
21,688,7
21,688,20
21,689,4
21,689,16
21,689,18
21,690,4
21,691,4
21,691,7
21,691,11
21,691,16
21,691,20
21,692,3
21,692,4
21,692,7
21,692,20
21,693,3
21,693,4
21,693,7
21,693,20
21,694,6
21,694,20
21,696,3
21,699,3
21,701,3
21,704,4
21,705,4
21,705,7
21,706,3
21,706,4
21,706,7
21,706,20
21,707,3
21,707,4
21,707,7
21,707,20
21,708,4
21,708,7
21,708,20
21,709,3
21,709,4
21,709,7
21,709,20
21,710,3
21,710,4
21,710,7
21,710,20
21,711,4
21,711,7
21,711,9
21,711,20
21,712,3
21,712,4
21,712,7
21,712,16
21,713,3
21,713,4
21,713,7
21,714,4
21,714,7
21,715,5
21,715,7
21,715,20
21,716,3
21,716,4
21,716,7
21,716,20
21,717,4
21,717,7
21,718,3
21,718,4
21,718,7
21,718,20
21,720,4
21,720,7
21,721,3
21,721,4
21,721,7
21,721,10
21,722,4
21,722,7
21,724,3
21,726,3
21,728,11
21,728,16
21,729,3
21,729,4
21,729,7
21,730,4
21,730,7
21,731,3
21,731,4
21,731,7
21,731,12
21,732,4
21,732,7
21,733,4
21,733,7
21,733,15
21,734,4
21,734,7
21,735,3
21,735,4
21,735,7
21,735,13
21,736,4
21,736,7
21,737,4
21,737,7
21,738,4
21,738,5
21,738,7
21,739,4
21,739,7
21,740,4
21,740,7
21,741,3
21,741,4
21,741,7
21,742,3
21,742,4
21,742,7
21,742,10
21,744,4
21,745,4
21,745,7
21,745,20
21,746,3
21,746,4
21,746,7
21,746,20
21,747,6
21,747,20
21,748,6
21,748,20
21,749,4
21,749,5
21,749,7
21,749,20
21,750,4
21,750,5
21,750,7
21,750,18
21,750,20
21,751,4
21,751,7
21,751,20
21,752,16
21,752,20
21,753,4
21,753,7
21,753,20
21,754,3
21,754,4
21,754,7
21,754,20
21,755,3
21,755,4
21,755,7
21,755,20
21,756,7
21,756,20
21,775,6
21,775,11
21,775,19
21,776,3
21,776,4
21,776,7
21,777,18
21,778,4
21,778,7
21,779,3
21,779,4
21,779,7
21,780,4
21,780,7
21,780,13
21,781,3
21,781,4
21,781,7
21,782,3
21,782,4
21,782,7
21,783,4
21,783,7
21,784,3
21,784,4
21,784,7
21,785,3
21,785,4
21,785,7
21,786,4
21,786,7
21,786,11
21,786,16
21,787,4
21,787,7
21,788,4
21,788,7
21,789,3
21,789,4
21,789,7
21,790,4
21,790,7
21,791,6
21,791,15
21,791,16
21,793,3
21,793,4
21,793,7
21,794,4
21,794,7
21,794,9
21,795,4
21,795,7
21,795,9
21,796,4
21,796,7
21,797,4
21,797,7
21,797,20
21,798,3
21,798,4
21,798,7
21,798,20
21,799,4
21,799,7
21,799,20
21,800,4
21,800,7
21,800,8
21,800,20
21,801,4
21,801,7
21,801,20
21,802,4
21,802,7
21,802,20
21,803,3
21,803,4
21,803,7
21,803,20
21,804,4
21,804,7
21,804,20
21,805,4
21,805,7
21,805,20
21,806,3
21,806,4
21,806,7
21,806,20
21,807,4
21,807,7
21,807,20
21,808,3
21,808,4
21,808,7
21,808,20
21,809,4
21,809,7
21,809,20
21,810,4
21,810,5
21,810,7
21,810,18
21,810,20
21,811,16
21,811,18
21,811,20
21,812,3
21,812,4
21,812,7
21,812,20
21,813,3
21,813,4
21,813,7
21,813,20
21,814,3
21,814,4
21,814,7
21,814,20
21,815,4
21,815,7
21,815,13
21,815,20
21,816,15
21,816,16
21,816,18
21,817,3
21,817,4
21,817,7
21,817,10
21,818,3
21,818,4
21,818,7
21,818,10
21,819,4
21,819,7
21,820,4
21,820,7
21,821,4
21,821,7
21,822,4
21,822,7
21,823,3
21,823,4
21,823,7
21,824,4
21,824,7
21,825,4
21,825,7
21,826,4
21,826,7
21,826,11
21,826,16
21,826,20
21,10001,4
21,10001,7
21,10001,20
21,10002,4
21,10002,7
21,10002,20
21,10003,4
21,10003,7
21,10003,20
21,10004,4
21,10004,7
21,10004,20
21,10005,4
21,10005,7
21,10005,20
21,10006,4
21,10006,7
21,10006,20
21,10007,4
21,10007,7
21,10007,20
21,10008,4
21,10008,7
21,10008,20
21,10009,4
21,10009,7
21,10009,20
21,10010,4
21,10010,7
21,10010,20
21,10011,4
21,10011,7
21,10011,20
21,10012,4
21,10012,7
21,10012,20
21,10013,4
21,10013,7
21,10013,20
21,10014,4
21,10014,7
21,10014,20
21,10015,4
21,10015,7
21,10015,20
21,10016,4
21,10016,7
21,10016,20
22,1,3
22,1,4
22,1,7
22,1,20
22,2,3
22,2,4
22,2,7
22,2,20
22,3,3
22,3,4
22,3,7
22,3,20
22,4,3
22,4,4
22,4,7
22,4,10
22,4,20
22,5,3
22,5,4
22,5,7
22,5,10
22,5,20
22,6,4
22,6,7
22,6,20
22,7,3
22,7,4
22,7,7
22,7,10
22,7,20
22,8,3
22,8,4
22,8,7
22,8,10
22,8,20
22,9,3
22,9,4
22,9,7
22,9,10
22,9,20
22,10,3
22,10,4
22,10,7
22,10,20
22,11,3
22,11,4
22,11,7
22,11,20
22,12,3
22,12,4
22,12,7
22,12,20
22,13,4
22,13,7
22,13,8
22,13,20
22,14,6
22,14,19
22,14,20
22,15,3
22,15,4
22,15,7
22,15,20
22,16,4
22,16,7
22,16,14
22,16,20
22,17,3
22,17,4
22,17,7
22,17,14
22,17,20
22,18,5
22,18,7
22,18,16
22,18,18
22,18,20
22,19,3
22,19,4
22,19,7
22,19,8
22,19,12
22,19,14
22,19,20
22,20,3
22,20,4
22,20,7
22,20,20
22,21,3
22,21,4
22,21,7
22,21,17
22,21,20
22,22,3
22,22,4
22,22,7
22,22,20
22,23,3
22,23,4
22,23,7
22,23,17
22,23,20
22,24,3
22,24,4
22,24,7
22,24,20
22,25,3
22,25,4
22,25,7
22,25,20
22,26,3
22,26,4
22,26,7
22,26,12
22,26,20
22,27,3
22,27,4
22,27,7
22,27,20
22,28,4
22,28,5
22,28,7
22,28,20
22,29,3
22,29,4
22,29,7
22,29,20
22,30,3
22,30,4
22,30,7
22,30,20
22,31,3
22,31,4
22,31,7
22,31,20
22,32,3
22,32,4
22,32,7
22,32,20
22,33,3
22,33,4
22,33,7
22,33,20
22,34,3
22,34,4
22,34,7
22,34,17
22,34,20
22,35,3
22,35,4
22,35,7
22,35,20
22,36,3
22,36,4
22,36,7
22,36,20
22,37,3
22,37,4
22,37,7
22,37,20
22,38,3
22,38,4
22,38,7
22,38,20
22,39,4
22,39,5
22,39,7
22,39,20
22,40,4
22,40,7
22,40,20
22,41,4
22,41,7
22,41,20
22,42,4
22,42,7
22,42,20
22,43,4
22,43,5
22,43,7
22,43,20
22,44,3
22,44,4
22,44,7
22,44,20
22,45,4
22,45,5
22,45,7
22,45,11
22,45,16
22,45,20
22,46,5
22,46,7
22,46,11
22,46,16
22,46,18
22,46,20
22,47,4
22,47,5
22,47,7
22,47,11
22,47,16
22,47,20
22,48,4
22,48,5
22,48,7
22,48,11
22,48,16
22,48,20
22,49,4
22,49,7
22,49,20
22,50,4
22,50,5
22,50,7
22,50,16
22,50,20
22,51,4
22,51,7
22,51,20
22,52,4
22,52,7
22,52,20
22,53,4
22,53,7
22,53,20
22,54,6
22,54,20
22,55,4
22,55,7
22,55,20
22,56,4
22,56,7
22,56,20
22,57,4
22,57,7
22,57,17
22,57,20
22,58,4
22,58,7
22,58,20
22,59,4
22,59,7
22,59,20
22,60,4
22,60,7
22,60,20
22,61,4
22,61,7
22,61,20
22,62,4
22,62,7
22,62,20
22,63,4
22,63,7
22,63,9
22,63,20
22,64,3
22,64,4
22,64,7
22,64,14
22,64,20
22,65,3
22,65,4
22,65,7
22,65,14
22,65,20
22,66,3
22,66,4
22,66,7
22,66,20
22,67,3
22,67,4
22,67,7
22,67,20
22,68,3
22,68,4
22,69,3
22,69,4
22,69,7
22,69,17
22,69,20
22,70,3
22,70,4
22,70,7
22,70,20
22,71,4
22,71,7
22,71,15
22,71,20
22,72,4
22,72,7
22,72,15
22,72,20
22,73,4
22,73,5
22,73,7
22,73,20
22,74,6
22,74,20
22,75,4
22,75,7
22,75,20
22,76,4
22,76,7
22,76,8
22,76,20
22,77,4
22,77,5
22,77,7
22,77,20
22,78,4
22,78,5
22,78,7
22,78,20
22,79,4
22,79,5
22,79,7
22,79,20
22,80,3
22,80,4
22,80,7
22,80,19
22,80,20
22,81,4
22,81,5
22,81,7
22,81,20
22,82,4
22,82,7
22,82,20
22,83,4
22,83,7
22,83,20
22,84,4
22,84,7
22,84,20
22,85,4
22,85,7
22,85,20
22,86,4
22,86,5
22,86,7
22,86,20
22,87,4
22,87,7
22,87,20
22,88,4
22,88,7
22,88,20
22,89,4
22,89,7
22,89,17
22,89,20
22,90,4
22,90,7
22,90,17
22,90,20
22,91,3
22,91,4
22,91,7
22,91,8
22,91,17
22,91,20
22,92,4
22,92,5
22,92,7
22,92,20
22,93,4
22,93,7
22,93,20
22,94,4
22,94,7
22,94,20
22,95,4
22,95,5
22,95,7
22,95,20
22,96,6
22,96,20
22,97,6
22,97,20
22,98,3
22,98,4
22,98,7
22,98,20
22,99,3
22,99,4
22,99,7
22,99,20
22,100,20
22,101,4
22,101,7
22,101,20
22,102,4
22,102,16
22,102,18
22,103,4
22,103,5
22,103,7
22,103,11
22,103,16
22,103,18
22,103,20
22,104,6
22,104,20
22,105,6
22,105,15
22,105,20
22,106,6
22,106,20
22,107,6
22,107,20
22,108,4
22,108,5
22,108,7
22,108,20
22,109,4
22,109,5
22,109,7
22,109,20
22,110,6
22,110,20
22,111,6
22,111,20
22,112,6
22,112,20
22,113,6
22,113,20
22,114,16
22,114,20
22,115,6
22,115,20
22,116,6
22,116,20
22,117,3
22,117,4
22,117,20
22,120,4
22,120,7
22,120,20
22,121,4
22,121,7
22,121,20
22,122,3
22,122,4
22,122,7
22,122,20
22,123,4
22,123,7
22,123,20
22,124,4
22,124,7
22,124,20
22,125,4
22,125,7
22,125,20
22,126,4
22,126,7
22,126,20
22,127,3
22,127,4
22,127,7
22,127,20
22,128,3
22,128,4
22,128,7
22,128,20
22,129,4
22,129,7
22,129,20
22,130,3
22,130,4
22,130,7
22,130,8
22,130,20
22,131,4
22,131,7
22,131,20
22,132,3
22,132,4
22,132,7
22,132,20
22,133,6
22,133,20
22,134,4
22,134,5
22,134,7
22,134,20
22,135,6
22,135,15
22,135,20
22,136,3
22,136,4
22,136,7
22,136,12
22,136,20
22,137,4
22,137,5
22,137,7
22,137,20
22,138,4
22,138,7
22,138,15
22,138,20
22,139,4
22,139,5
22,139,7
22,139,20
22,140,4
22,140,7
22,140,20
22,141,3
22,141,4
22,141,7
22,141,15
22,141,20
22,142,4
22,142,5
22,142,7
22,142,20
22,143,4
22,143,7
22,143,8
22,143,14
22,143,20
22,144,18
22,145,4
22,145,7
22,145,20
22,146,3
22,146,4
22,146,7
22,146,10
22,146,20
22,147,4
22,147,5
22,147,7
22,147,20
22,148,4
22,148,5
22,148,7
22,148,20
22,149,4
22,149,7
22,149,20
22,150,12
22,150,20
22,151,6
22,151,20
22,152,3
22,152,4
22,152,7
22,152,20
22,153,4
22,153,7
22,153,20
22,154,3
22,154,4
22,154,7
22,154,20
22,155,4
22,155,7
22,155,20
22,156,6
22,156,15
22,156,20
22,157,4
22,157,7
22,157,20
22,158,3
22,158,4
22,158,7
22,158,20
22,159,6
22,159,20
22,160,6
22,160,20
22,161,4
22,161,7
22,161,20
22,162,3
22,162,4
22,162,7
22,162,20
22,163,3
22,163,4
22,163,7
22,163,20
22,164,6
22,164,17
22,164,20
22,165,3
22,165,4
22,166,16
22,166,18
22,167,3
22,167,4
22,167,7
22,167,20
22,168,3
22,168,4
22,168,7
22,169,4
22,169,5
22,169,7
22,169,20
22,170,4
22,170,7
22,170,20
22,171,4
22,171,7
22,171,20
22,172,3
22,172,4
22,172,7
22,172,13
22,172,20
22,172,22
22,173,4
22,173,7
22,173,11
22,173,16
22,174,16
22,174,20
22,175,3
22,175,4
22,175,7
22,175,20
22,176,16
22,176,20
22,177,4
22,177,7
22,177,14
22,177,20
22,178,4
22,178,5
22,178,7
22,178,20
22,179,3
22,179,4
22,179,7
22,179,20
22,180,4
22,180,5
22,180,7
22,180,16
22,180,20
22,181,4
22,181,7
22,181,20
22,183,3
22,183,4
22,183,7
22,183,10
22,183,20
22,184,4
22,184,5
22,184,7
22,184,18
22,184,20
22,185,3
22,185,4
22,185,7
22,185,20
22,186,4
22,186,5
22,186,7
22,186,20
22,187,6
22,187,20
22,188,4
22,188,7
22,188,20
22,189,4
22,189,7
22,189,20
22,190,4
22,190,7
22,190,20
22,191,5
22,191,17
22,191,20
22,192,4
22,192,7
22,192,20
22,193,4
22,193,5
22,193,7
22,193,16
22,193,20
22,194,16
22,195,11
22,195,14
22,195,16
22,195,20
22,196,4
22,196,7
22,196,20
22,198,4
22,198,7
22,198,20
22,199,4
22,199,7
22,199,20
22,200,3
22,200,4
22,200,7
22,200,20
22,201,20
22,202,4
22,202,7
22,202,15
22,202,20
22,204,4
22,204,5
22,204,7
22,204,18
22,204,20
22,205,3
22,205,4
22,205,7
22,205,20
22,206,3
22,206,4
22,206,7
22,206,20
22,207,4
22,207,5
22,207,7
22,207,18
22,207,20
22,208,6
22,208,15
22,208,20
22,209,3
22,209,4
22,209,7
22,209,20
22,209,21
22,210,3
22,210,4
22,210,7
22,210,20
22,211,3
22,211,4
22,211,7
22,211,20
22,212,5
22,212,7
22,212,20
22,213,4
22,213,5
22,213,7
22,213,16
22,213,20
22,215,6
22,215,11
22,215,14
22,215,16
22,215,20
22,216,3
22,216,4
22,216,7
22,216,20
22,217,4
22,217,7
22,217,20
22,218,3
22,218,4
22,218,7
22,218,20
22,219,6
22,219,20
22,220,4
22,220,7
22,220,18
22,220,20
22,221,4
22,221,7
22,221,13
22,221,20
22,222,4
22,222,7
22,222,17
22,222,20
22,223,3
22,223,4
22,223,7
22,223,10
22,223,20
22,224,3
22,224,4
22,224,7
22,224,20
22,225,4
22,225,7
22,225,20
22,226,20
22,227,4
22,227,5
22,227,7
22,227,16
22,227,20
22,228,3
22,228,4
22,228,7
22,228,20
22,229,3
22,229,4
22,229,7
22,229,20
22,230,4
22,230,5
22,230,7
22,230,20
22,231,3
22,231,4
22,231,7
22,231,20
22,232,3
22,232,4
22,232,7
22,232,20
22,233,3
22,233,4
22,233,7
22,233,20
22,234,6
22,234,15
22,234,20
22,235,6
22,235,15
22,235,20
22,236,6
22,236,15
22,236,20
22,237,4
22,237,7
22,237,20
22,238,3
22,238,4
22,238,7
22,238,20
22,239,4
22,239,7
22,239,20
22,240,20
22,241,20
22,242,3
22,242,4
22,242,7
22,242,20
22,243,4
22,244,16
22,244,18
22,244,20
22,245,3
22,245,4
22,245,7
22,245,20
22,246,4
22,246,7
22,246,20
22,247,4
22,247,7
22,247,20
22,248,20
22,249,3
22,249,4
22,249,7
22,249,20
22,250,4
22,250,7
22,250,20
22,251,4
22,251,7
22,251,18
22,251,20
22,252,3
22,252,4
22,252,7
22,252,20
22,253,4
22,253,7
22,253,11
22,253,16
22,253,20
22,254,6
22,254,20
22,255,4
22,255,20
22,256,6
22,256,15
22,256,20
22,257,4
22,257,7
22,257,20
22,258,20
22,259,4
22,259,5
22,259,7
22,259,16
22,259,20
22,260,4
22,260,5
22,260,7
22,260,18
22,260,20
22,261,4
22,261,5
22,261,7
22,261,20
22,262,4
22,262,7
22,262,20
22,263,3
22,263,4
22,263,7
22,263,20
22,264,3
22,264,4
22,264,10
22,265,3
22,265,4
22,265,7
22,265,20
22,268,6
22,268,20
22,269,4
22,269,5
22,269,7
22,269,16
22,269,20
22,270,16
22,271,4
22,271,7
22,271,18
22,272,16
22,272,18
22,272,20
22,273,6
22,273,15
22,273,20
22,275,6
22,275,17
22,275,20
22,276,3
22,276,4
22,276,7
22,276,20
22,277,20
22,278,6
22,278,20
22,279,3
22,279,4
22,279,7
22,279,20
22,280,3
22,280,4
22,280,7
22,280,20
22,281,4
22,281,5
22,281,7
22,281,20
22,282,3
22,282,4
22,282,7
22,282,20
22,283,3
22,283,4
22,283,7
22,283,20
22,284,4
22,284,7
22,284,20
22,285,4
22,285,7
22,285,16
22,285,18
22,285,20
22,286,6
22,286,16
22,286,20
22,287,6
22,287,20
22,288,16
22,288,20
22,289,16
22,290,4
22,290,7
22,290,20
22,291,3
22,291,4
22,291,7
22,291,8
22,291,17
22,291,18
22,291,20
22,292,3
22,292,4
22,292,7
22,292,20
22,293,6
22,293,20
22,294,6
22,294,20
22,295,4
22,295,7
22,295,20
22,296,4
22,296,7
22,296,20
22,297,4
22,297,5
22,297,7
22,297,18
22,297,19
22,297,20
22,298,4
22,298,7
22,298,19
22,298,20
22,299,3
22,299,4
22,299,7
22,299,20
22,300,17
22,300,20
22,301,3
22,301,4
22,301,7
22,301,20
22,302,3
22,302,4
22,302,7
22,302,20
22,303,6
22,303,15
22,303,20
22,304,4
22,304,7
22,304,11
22,304,16
22,304,20
22,305,3
22,305,4
22,305,7
22,305,20
22,306,3
22,306,4
22,306,7
22,306,20
22,307,4
22,307,7
22,307,9
22,307,20
22,308,4
22,308,7
22,308,9
22,308,20
22,309,3
22,309,4
22,309,7
22,309,10
22,309,20
22,310,3
22,310,4
22,310,7
22,310,20
22,311,4
22,311,7
22,311,20
22,312,6
22,312,14
22,312,20
22,313,4
22,313,5
22,313,7
22,313,18
22,313,20
22,314,4
22,314,7
22,314,20
22,315,4
22,315,7
22,315,20
22,316,4
22,316,5
22,316,7
22,316,16
22,316,18
22,316,20
22,317,4
22,317,7
22,317,20
22,318,4
22,318,7
22,318,20
22,319,4
22,319,5
22,319,7
22,319,11
22,319,16
22,319,18
22,319,20
22,320,4
22,320,5
22,320,7
22,320,11
22,320,16
22,320,20
22,321,4
22,321,5
22,321,7
22,321,18
22,321,20
22,322,6
22,322,20
22,323,4
22,323,7
22,323,20
22,324,4
22,324,7
22,324,20
22,325,3
22,325,4
22,325,7
22,325,10
22,325,20
22,326,4
22,326,7
22,326,20
22,327,3
22,327,4
22,327,7
22,327,10
22,327,20
22,328,4
22,328,7
22,328,20
22,329,4
22,329,7
22,329,20
22,330,4
22,330,7
22,330,17
22,330,20
22,331,4
22,331,7
22,331,20
22,332,3
22,332,4
22,332,7
22,332,14
22,332,20
22,333,4
22,333,7
22,333,20
22,334,6
22,334,20
22,335,5
22,335,7
22,335,20
22,336,6
22,336,11
22,336,20
22,337,3
22,337,4
22,337,7
22,337,20
22,338,4
22,338,7
22,338,9
22,338,17
22,338,20
22,339,6
22,339,20
22,340,3
22,340,4
22,340,7
22,340,8
22,340,12
22,340,14
22,340,20
22,341,4
22,341,7
22,341,20
22,342,3
22,342,4
22,342,7
22,342,20
22,343,3
22,343,4
22,343,7
22,344,3
22,344,4
22,344,7
22,344,20
22,344,21
22,345,4
22,345,7
22,345,20
22,346,17
22,346,20
22,347,6
22,347,20
22,348,3
22,348,4
22,348,7
22,348,20
22,349,6
22,349,19
22,349,20
22,350,4
22,350,7
22,350,20
22,351,4
22,351,7
22,351,20
22,352,4
22,352,7
22,352,14
22,352,20
22,353,20
22,354,4
22,354,7
22,354,20
22,355,6
22,355,15
22,355,20
22,356,17
22,356,20
22,357,4
22,357,5
22,357,7
22,357,16
22,357,20
22,358,3
22,358,4
22,358,7
22,358,20
22,359,3
22,359,4
22,359,7
22,359,10
22,359,20
22,360,3
22,360,4
22,360,7
22,360,20
22,361,6
22,361,15
22,361,20
22,362,4
22,362,7
22,362,20
22,363,4
22,363,7
22,363,20
22,364,7
22,365,3
22,365,4
22,365,7
22,365,14
22,365,20
22,366,6
22,366,20
22,367,20
22,368,4
22,368,7
22,368,20
22,369,3
22,369,4
22,369,7
22,369,20
22,370,3
22,370,4
22,370,7
22,370,20
22,371,3
22,371,4
22,371,7
22,371,20
22,372,3
22,372,4
22,372,7
22,372,20
22,373,4
22,373,5
22,373,7
22,373,20
22,374,4
22,374,7
22,374,18
22,374,20
22,375,4
22,375,7
22,375,20
22,376,3
22,376,4
22,376,7
22,376,20
22,377,4
22,377,5
22,377,7
22,377,20
22,378,3
22,378,4
22,378,7
22,378,20
22,379,6
22,379,20
22,380,4
22,380,5
22,380,7
22,380,18
22,380,20
22,381,6
22,381,20
22,382,4
22,382,16
22,384,4
22,384,7
22,384,16
22,384,18
22,384,20
22,385,4
22,385,7
22,385,16
22,385,18
22,385,20
22,386,3
22,386,4
22,386,7
22,386,20
22,387,3
22,387,4
22,387,7
22,387,20
22,388,4
22,388,5
22,388,7
22,388,18
22,388,20
22,389,3
22,389,4
22,389,7
22,389,20
22,390,5
22,390,17
22,390,20
22,391,4
22,391,7
22,391,16
22,391,18
22,391,20
22,392,6
22,392,20
22,393,6
22,393,12
22,393,20
22,394,3
22,394,4
22,394,7
22,394,13
22,394,20
22,394,22
22,395,3
22,395,4
22,395,7
22,395,20
22,396,4
22,396,7
22,396,14
22,396,20
22,397,6
22,397,20
22,398,3
22,398,4
22,398,7
22,398,20
22,399,4
22,399,7
22,399,14
22,399,20
22,400,3
22,400,4
22,400,7
22,400,20
22,401,3
22,401,4
22,401,7
22,401,20
22,402,4
22,402,7
22,402,20
22,403,4
22,403,7
22,403,14
22,403,20
22,404,3
22,404,4
22,404,7
22,404,20
22,405,4
22,405,7
22,405,11
22,405,16
22,405,20
22,406,4
22,406,7
22,406,14
22,406,20
22,407,3
22,407,4
22,407,7
22,407,20
22,408,4
22,408,7
22,408,20
22,409,3
22,409,4
22,409,7
22,409,10
22,409,15
22,409,20
22,410,4
22,410,7
22,410,20
22,411,4
22,411,7
22,411,20
22,412,4
22,412,7
22,412,20
22,413,3
22,413,4
22,413,7
22,413,14
22,413,20
22,414,4
22,414,7
22,414,17
22,414,20
22,415,4
22,415,7
22,415,18
22,416,3
22,416,4
22,416,7
22,416,9
22,416,20
22,417,6
22,417,20
22,418,3
22,418,4
22,418,7
22,418,10
22,418,20
22,419,3
22,419,4
22,419,7
22,419,20
22,420,4
22,420,7
22,420,20
22,421,3
22,421,4
22,421,7
22,421,20
22,422,3
22,422,4
22,422,7
22,422,20
22,423,3
22,423,4
22,423,7
22,423,20
22,424,3
22,424,4
22,424,7
22,424,20
22,425,3
22,425,4
22,425,7
22,425,20
22,426,4
22,426,7
22,426,20
22,427,4
22,427,7
22,427,20
22,428,3
22,428,4
22,428,7
22,428,20
22,429,4
22,429,7
22,429,20
22,430,4
22,430,7
22,430,20
22,431,3
22,431,4
22,431,7
22,431,20
22,432,4
22,432,5
22,432,7
22,432,16
22,432,20
22,433,7
22,433,20
22,434,4
22,434,7
22,434,20
22,435,4
22,435,7
22,435,20
22,436,4
22,436,7
22,436,20
22,437,4
22,437,7
22,437,20
22,438,3
22,438,4
22,438,7
22,438,20
22,439,4
22,439,7
22,439,9
22,439,20
22,440,3
22,440,4
22,440,7
22,440,20
22,441,4
22,441,7
22,441,20
22,442,3
22,442,4
22,442,7
22,442,20
22,443,4
22,443,7
22,443,20
22,444,4
22,444,7
22,444,20
22,445,4
22,445,5
22,445,7
22,445,20
22,446,5
22,446,20
22,447,3
22,447,4
22,447,7
22,447,17
22,447,20
22,448,4
22,448,7
22,448,11
22,448,14
22,448,16
22,449,4
22,449,7
22,449,20
22,450,3
22,450,4
22,450,7
22,450,20
22,451,4
22,451,7
22,451,20
22,452,3
22,452,4
22,452,7
22,452,20
22,453,3
22,453,4
22,453,7
22,453,20
22,454,4
22,454,7
22,454,20
22,455,6
22,455,20
22,456,6
22,456,15
22,456,20
22,457,3
22,457,4
22,457,7
22,457,20
22,458,3
22,458,4
22,458,7
22,458,20
22,459,4
22,459,7
22,459,9
22,459,20
22,460,4
22,460,7
22,460,20
22,461,6
22,461,15
22,461,19
22,461,20
22,462,3
22,462,4
22,462,7
22,462,20
22,463,4
22,463,7
22,463,20
22,464,4
22,464,5
22,464,7
22,464,20
22,465,4
22,465,7
22,465,20
22,466,4
22,466,7
22,466,20
22,467,3
22,467,7
22,467,20
22,468,6
22,468,20
22,469,6
22,470,4
22,470,18
22,470,20
22,471,4
22,471,18
22,471,20
22,472,7
22,472,20
22,473,4
22,473,7
22,473,20
22,474,4
22,474,7
22,474,20
22,475,6
22,475,20
22,477,4
22,477,5
22,477,7
22,477,12
22,477,18
22,477,20
22,478,7
22,478,20
22,479,4
22,479,7
22,479,17
22,479,20
22,480,3
22,480,4
22,480,7
22,480,20
22,481,4
22,481,7
22,481,20
22,482,4
22,482,7
22,482,20
22,483,6
22,483,19
22,483,20
22,484,3
22,484,4
22,484,7
22,484,17
22,484,20
22,485,4
22,485,7
22,485,20
22,486,4
22,486,7
22,486,20
22,487,4
22,487,5
22,487,7
22,487,18
22,487,20
22,488,3
22,488,4
22,488,7
22,488,20
22,489,6
22,489,20
22,490,3
22,490,4
22,490,7
22,490,20
22,491,4
22,491,7
22,491,20
22,492,3
22,492,4
22,492,7
22,492,20
22,493,4
22,493,5
22,493,7
22,493,18
22,493,20
22,494,4
22,494,5
22,494,7
22,494,18
22,494,20
22,495,16
22,495,18
22,496,4
22,496,7
22,496,11
22,496,16
22,496,20
22,497,4
22,497,7
22,497,11
22,497,16
22,497,20
22,498,3
22,498,4
22,498,7
22,498,20
22,499,4
22,499,7
22,499,20
22,500,4
22,500,7
22,500,20
22,501,6
22,502,20
22,503,4
22,503,7
22,503,13
22,503,20
22,504,6
22,504,20
22,505,4
22,505,5
22,505,14
22,505,15
22,505,18
22,505,20
22,506,4
22,506,7
22,506,20
22,507,3
22,507,4
22,507,7
22,507,8
22,507,12
22,507,14
22,507,20
22,508,6
22,508,20
22,509,3
22,509,4
22,509,7
22,509,20
22,510,4
22,510,7
22,510,20
22,511,4
22,511,7
22,512,3
22,512,4
22,512,7
22,512,14
22,512,20
22,513,4
22,513,16
22,513,18
22,513,20
22,514,3
22,514,4
22,514,7
22,514,20
22,515,4
22,515,20
22,516,7
22,516,16
22,516,18
22,517,4
22,517,7
22,517,20
22,518,4
22,518,7
22,518,17
22,518,20
22,519,4
22,519,7
22,519,17
22,519,20
22,520,4
22,520,7
22,520,17
22,520,20
22,521,4
22,521,7
22,521,20
22,522,4
22,522,7
22,522,20
22,523,4
22,523,7
22,523,17
22,523,20
22,524,4
22,524,7
22,524,20
22,525,3
22,525,4
22,525,7
22,525,20
22,526,6
22,526,20
22,527,4
22,527,7
22,527,20
22,528,3
22,528,4
22,528,7
22,528,20
22,528,21
22,529,3
22,529,4
22,529,7
22,529,20
22,530,3
22,530,4
22,530,7
22,530,20
22,531,3
22,531,4
22,531,7
22,531,20
22,532,3
22,532,4
22,532,7
22,532,15
22,532,20
22,533,3
22,533,4
22,533,7
22,533,20
22,534,3
22,534,4
22,534,7
22,534,20
22,535,3
22,535,4
22,535,7
22,535,17
22,535,20
22,536,4
22,536,7
22,536,20
22,537,3
22,537,4
22,537,7
22,537,20
22,538,6
22,538,20
22,539,4
22,539,7
22,539,20
22,540,4
22,540,7
22,540,20
22,541,3
22,541,4
22,541,7
22,541,20
22,542,4
22,542,7
22,542,14
22,542,20
22,543,3
22,543,4
22,543,7
22,543,20
22,544,3
22,544,4
22,544,7
22,544,20
22,545,4
22,545,7
22,545,20
22,546,4
22,546,7
22,547,4
22,547,7
22,547,11
22,547,16
22,548,4
22,548,7
22,549,4
22,549,7
22,549,20
22,550,3
22,550,4
22,550,7
22,550,20
22,551,4
22,551,7
22,551,20
22,552,4
22,552,7
22,552,19
22,552,20
22,553,4
22,553,7
22,553,8
22,554,4
22,554,7
22,554,8
22,555,4
22,555,7
22,555,11
22,555,16
22,556,4
22,556,7
22,556,20
22,557,3
22,557,4
22,557,7
22,558,4
22,558,7
22,558,13
22,558,20
22,559,4
22,559,7
22,559,20
22,560,3
22,560,4
22,560,7
22,560,12
22,560,14
22,560,17
22,560,20
22,561,6
22,561,17
22,562,4
22,563,14
22,563,17
22,563,20
22,564,5
22,564,20
22,565,3
22,565,4
22,565,7
22,565,20
22,566,3
22,566,7
22,566,8
22,566,20
22,567,4
22,567,5
22,567,7
22,567,18
22,567,20
22,568,4
22,568,5
22,568,7
22,568,11
22,568,16
22,568,20
22,569,20
22,570,4
22,570,7
22,570,15
22,570,20
22,571,4
22,571,5
22,571,7
22,571,18
22,571,20
22,572,4
22,572,7
22,572,20
22,573,4
22,573,7
22,573,20
22,574,4
22,574,7
22,574,11
22,574,16
22,574,20
22,575,4
22,575,5
22,575,7
22,575,11
22,575,16
22,575,20
22,576,4
22,576,5
22,576,7
22,576,18
22,576,20
22,577,3
22,577,4
22,577,7
22,577,15
22,577,20
22,579,14
22,579,20
22,580,17
22,580,20
22,581,17
22,581,20
22,582,4
22,582,7
22,582,18
22,582,20
22,583,3
22,583,4
22,583,7
22,583,20
22,584,4
22,584,7
22,584,20
22,585,4
22,585,7
22,585,20
22,586,4
22,586,7
22,586,11
22,586,16
22,586,20
22,587,7
22,587,16
22,587,20
22,589,5
22,589,7
22,589,16
22,589,20
22,590,5
22,590,7
22,590,11
22,590,16
22,590,20
22,591,4
22,591,7
22,592,4
22,592,7
22,592,13
22,593,7
22,593,16
22,594,4
22,594,7
22,594,20
22,595,4
22,595,7
22,595,20
22,597,16
22,597,20
22,598,4
22,598,5
22,598,7
22,598,20
22,599,4
22,599,5
22,599,7
22,599,20
22,600,4
22,600,5
22,600,7
22,600,16
22,600,20
22,601,8
22,601,17
22,601,20
22,602,6
22,602,14
22,602,16
22,602,20
22,603,20
22,604,17
22,604,20
22,605,4
22,605,7
22,605,20
22,607,16
22,608,4
22,608,5
22,608,7
22,608,18
22,608,20
22,609,3
22,609,4
22,609,7
22,609,20
22,610,3
22,610,4
22,610,7
22,610,20
22,611,3
22,611,4
22,611,7
22,611,20
22,612,3
22,612,4
22,612,7
22,612,10
22,612,20
22,613,4
22,613,7
22,613,14
22,613,15
22,613,20
22,614,4
22,614,7
22,614,17
22,615,4
22,615,7
22,615,17
22,616,4
22,616,7
22,616,17
22,616,20
22,617,4
22,617,7
22,618,4
22,618,7
22,619,4
22,619,7
22,619,17
22,620,3
22,620,4
22,620,7
22,620,14
22,621,7
22,621,16
22,658,3
22,659,6
22,659,15
22,659,20
22,660,3
22,660,4
22,660,7
22,660,20
22,662,4
22,662,7
22,662,20
22,663,3
22,663,4
22,663,7
22,663,20
22,664,4
22,664,7
22,664,11
22,664,16
22,664,20
22,665,3
22,665,4
22,665,7
22,665,10
22,665,20
22,666,4
22,666,5
22,666,15
22,666,18
22,666,20
22,667,3
22,667,4
22,667,7
22,667,20
22,668,4
22,668,5
22,668,7
22,668,15
22,668,20
22,669,3
22,669,4
22,669,7
22,669,8
22,669,20
22,670,4
22,670,7
22,670,20
22,671,4
22,671,5
22,671,18
22,672,4
22,672,5
22,672,7
22,672,20
22,673,6
22,673,20
22,674,6
22,674,16
22,674,20
22,675,3
22,675,4
22,675,7
22,675,20
22,676,4
22,676,7
22,676,18
22,676,20
22,677,3
22,677,4
22,677,7
22,677,20
22,678,17
22,678,20
22,679,3
22,679,4
22,679,7
22,679,20
22,680,3
22,680,4
22,680,7
22,680,20
22,681,3
22,681,4
22,681,7
22,681,20
22,682,4
22,682,7
22,682,13
22,682,20
22,683,4
22,683,7
22,683,16
22,683,18
22,683,20
22,684,3
22,684,4
22,684,7
22,684,20
22,685,4
22,685,5
22,685,15
22,685,20
22,686,4
22,686,7
22,686,19
22,686,20
22,687,4
22,687,7
22,687,20
22,688,3
22,688,4
22,688,7
22,688,20
22,689,4
22,689,16
22,689,18
22,690,4
22,691,4
22,691,7
22,691,11
22,691,16
22,691,20
22,692,3
22,692,4
22,692,7
22,692,20
22,693,3
22,693,4
22,693,7
22,693,20
22,694,6
22,694,20
22,696,3
22,699,3
22,701,3
22,704,4
22,705,4
22,705,7
22,706,3
22,706,4
22,706,7
22,706,20
22,707,3
22,707,4
22,707,7
22,707,20
22,708,4
22,708,7
22,708,20
22,709,3
22,709,4
22,709,7
22,709,20
22,710,3
22,710,4
22,710,7
22,710,20
22,711,4
22,711,7
22,711,9
22,711,20
22,712,3
22,712,4
22,712,7
22,712,16
22,713,3
22,713,4
22,713,7
22,714,4
22,714,7
22,715,5
22,715,7
22,715,20
22,716,3
22,716,4
22,716,7
22,716,20
22,717,4
22,717,7
22,718,3
22,718,4
22,718,7
22,718,20
22,720,4
22,720,7
22,721,3
22,721,4
22,721,7
22,721,10
22,722,4
22,722,7
22,724,3
22,726,3
22,728,11
22,728,16
22,729,3
22,729,4
22,729,7
22,730,4
22,730,7
22,731,3
22,731,4
22,731,7
22,731,12
22,732,4
22,732,7
22,733,4
22,733,7
22,733,15
22,734,4
22,734,7
22,735,3
22,735,4
22,735,7
22,735,13
22,736,4
22,736,7
22,737,4
22,737,7
22,738,4
22,738,5
22,738,7
22,739,4
22,739,7
22,740,4
22,740,7
22,741,3
22,741,4
22,741,7
22,742,3
22,742,4
22,742,7
22,742,10
22,744,4
22,745,4
22,745,7
22,745,20
22,746,3
22,746,4
22,746,7
22,746,20
22,747,6
22,747,20
22,748,6
22,748,20
22,749,4
22,749,5
22,749,7
22,749,20
22,750,4
22,750,5
22,750,7
22,750,18
22,750,20
22,751,4
22,751,7
22,751,20
22,752,16
22,752,20
22,753,4
22,753,7
22,753,20
22,754,3
22,754,4
22,754,7
22,754,20
22,755,3
22,755,4
22,755,7
22,755,20
22,756,7
22,756,20
22,775,6
22,775,11
22,775,19
22,776,3
22,776,4
22,776,7
22,777,18
22,778,4
22,778,7
22,779,3
22,779,4
22,779,7
22,780,4
22,780,7
22,780,13
22,781,3
22,781,4
22,781,7
22,782,3
22,782,4
22,782,7
22,783,4
22,783,7
22,784,3
22,784,4
22,784,7
22,785,3
22,785,4
22,785,7
22,786,4
22,786,7
22,786,11
22,786,16
22,787,4
22,787,7
22,788,4
22,788,7
22,789,3
22,789,4
22,789,7
22,790,4
22,790,7
22,791,6
22,791,15
22,791,16
22,793,3
22,793,4
22,793,7
22,794,4
22,794,7
22,794,9
22,795,4
22,795,7
22,795,9
22,796,4
22,796,7
22,797,4
22,797,7
22,797,20
22,798,3
22,798,4
22,798,7
22,798,20
22,799,4
22,799,7
22,799,20
22,800,4
22,800,7
22,800,8
22,800,20
22,801,3
22,801,4
22,801,7
22,801,20
22,802,4
22,802,7
22,802,20
22,803,3
22,803,4
22,803,7
22,803,20
22,804,4
22,804,7
22,804,20
22,805,4
22,805,7
22,805,20
22,806,3
22,806,4
22,806,7
22,806,20
22,807,4
22,807,7
22,807,20
22,808,3
22,808,4
22,808,7
22,808,20
22,809,4
22,809,7
22,809,20
22,810,4
22,810,7
22,810,18
22,810,20
22,811,18
22,811,20
22,812,3
22,812,4
22,812,7
22,812,20
22,813,3
22,813,4
22,813,7
22,813,20
22,814,3
22,814,4
22,814,7
22,814,20
22,815,4
22,815,7
22,815,20
22,816,15
22,816,16
22,816,18
22,817,3
22,817,4
22,817,7
22,817,10
22,818,3
22,818,4
22,818,7
22,818,10
22,819,4
22,819,7
22,820,4
22,820,7
22,821,4
22,821,7
22,822,4
22,822,7
22,823,3
22,823,4
22,823,7
22,824,4
22,824,7
22,825,4
22,825,7
22,826,4
22,826,7
22,826,11
22,826,16
22,826,20
22,827,3
22,827,4
22,827,9
22,828,3
22,828,4
22,828,7
22,828,9
22,828,20
22,830,3
22,830,4
22,830,7
22,830,20
22,833,4
22,833,7
22,833,20
22,834,4
22,834,7
22,834,13
22,834,20
22,835,4
22,835,7
22,836,4
22,836,7
22,836,20
22,837,6
22,837,19
22,837,20
22,838,4
22,838,7
22,838,10
22,838,20
22,839,4
22,839,7
22,839,20
22,840,4
22,840,7
22,840,20
22,841,4
22,841,7
22,841,20
22,842,6
22,842,20
22,843,6
22,843,19
22,843,20
22,844,4
22,844,7
22,844,20
22,845,4
22,845,7
22,845,20
22,846,4
22,846,7
22,846,14
22,846,20
22,847,4
22,847,7
22,847,20
22,848,4
22,848,7
22,848,20
22,849,6
22,849,15
22,849,20
22,850,6
22,850,20
