version_group_id,move_id,can_use_move,type_id,quality_id,category_id,power,accuracy,pp,priority,min_hits,max_hits,infliction_id,infliction_percent,duration_id,min_turns,max_turns,crit_stage,flinch_percent,effect,recoil_percent,heal_percent,target_id,affinity_id,max_move_id,max_power,z_move_id,z_base_power,z_power_effect_id,effect_percent
27,1,1,0,\N,1,40,100,20,0,0,0,\N,0,\N,0,0,0,0,0,0,0,0,\N,\N,\N,\N,\N,\N,\N
27,2,0,1,\N,1,50,100,20,0,0,0,\N,0,\N,0,0,0,0,0,0,0,0,\N,\N,\N,\N,\N,\N,\N
27,3,0,0,\N,1,15,85,12,0,0,0,\N,0,\N,0,0,0,0,0,0,0,0,\N,\N,\N,\N,\N,\N,\N
27,4,0,0,\N,1,18,85,16,0,0,0,\N,0,\N,0,0,0,0,0,0,0,0,\N,\N,\N,\N,\N,\N,\N
27,5,0,0,\N,1,80,85,20,0,0,0,\N,0,\N,0,0,0,0,0,0,0,0,\N,\N,\N,\N,\N,\N,\N
27,6,0,0,\N,1,40,100,20,0,0,0,\N,0,\N,0,0,0,0,0,0,0,0,\N,\N,\N,\N,\N,\N,\N
27,7,1,9,\N,1,75,100,16,0,0,0,\N,0,\N,0,0,0,0,0,0,0,0,\N,\N,\N,\N,\N,\N,\N
27,8,1,14,\N,1,75,100,16,0,0,0,\N,0,\N,0,0,0,0,0,0,0,0,\N,\N,\N,\N,\N,\N,\N
27,9,1,12,\N,1,75,100,16,0,0,0,\N,0,\N,0,0,0,0,0,0,0,0,\N,\N,\N,\N,\N,\N,\N
27,10,0,0,\N,1,40,100,20,0,0,0,\N,0,\N,0,0,0,0,0,0,0,0,\N,\N,\N,\N,\N,\N,\N
27,11,0,0,\N,1,55,100,20,0,0,0,\N,0,\N,0,0,0,0,0,0,0,0,\N,\N,\N,\N,\N,\N,\N
27,12,1,0,\N,1,1,30,8,0,0,0,\N,0,\N,0,0,0,0,0,0,0,0,\N,\N,\N,\N,\N,\N,\N
27,13,0,0,\N,2,80,100,12,0,0,0,\N,0,\N,0,0,0,0,0,0,0,5,\N,\N,\N,\N,\N,\N,\N
27,14,1,0,\N,0,0,101,20,0,0,0,\N,0,\N,0,0,0,0,0,0,0,7,\N,\N,\N,\N,\N,\N,\N
27,15,0,0,\N,1,50,95,20,0,0,0,\N,0,\N,0,0,0,0,0,0,0,0,\N,\N,\N,\N,\N,\N,\N
27,16,0,2,\N,2,40,100,20,0,0,0,\N,0,\N,0,0,0,0,0,0,0,0,\N,\N,\N,\N,\N,\N,\N
27,17,0,2,\N,1,60,100,20,0,0,0,\N,0,\N,0,0,0,0,0,0,0,0,\N,\N,\N,\N,\N,\N,\N
27,18,1,0,\N,0,0,101,20,-6,0,0,\N,0,\N,0,0,0,0,0,0,0,0,\N,\N,\N,\N,\N,\N,\N
27,19,1,2,\N,1,90,95,16,0,0,0,\N,0,\N,0,0,0,0,0,0,0,0,\N,\N,\N,\N,\N,\N,\N
27,20,1,0,\N,1,15,85,20,0,0,0,\N,0,\N,0,0,0,0,0,0,0,0,\N,\N,\N,\N,\N,\N,\N
27,21,0,0,\N,1,80,75,20,0,0,0,\N,0,\N,0,0,0,0,0,0,0,0,\N,\N,\N,\N,\N,\N,\N
27,22,0,11,\N,1,45,100,20,0,0,0,\N,0,\N,0,0,0,0,0,0,0,0,\N,\N,\N,\N,\N,\N,\N
27,23,0,0,\N,1,65,100,20,0,0,0,\N,0,\N,0,0,0,0,0,0,0,0,\N,\N,\N,\N,\N,\N,\N
27,24,0,1,\N,1,30,100,20,0,0,0,\N,0,\N,0,0,0,0,0,0,0,0,\N,\N,\N,\N,\N,\N,\N
27,25,1,0,\N,1,120,75,8,0,0,0,\N,0,\N,0,0,0,0,0,0,0,0,\N,\N,\N,\N,\N,\N,\N
27,26,0,1,\N,1,100,95,12,0,0,0,\N,0,\N,0,0,0,0,0,0,0,0,\N,\N,\N,\N,\N,\N,\N
27,27,0,1,\N,1,60,85,16,0,0,0,\N,0,\N,0,0,0,0,0,0,0,0,\N,\N,\N,\N,\N,\N,\N
27,28,0,4,\N,0,0,100,16,0,0,0,\N,0,\N,0,0,0,0,0,0,0,0,\N,\N,\N,\N,\N,\N,\N
27,29,0,0,\N,1,70,100,16,0,0,0,\N,0,\N,0,0,0,0,0,0,0,0,\N,\N,\N,\N,\N,\N,\N
27,30,0,0,\N,1,65,100,20,0,0,0,\N,0,\N,0,0,0,0,0,0,0,0,\N,\N,\N,\N,\N,\N,\N
27,31,0,0,\N,1,15,85,20,0,0,0,\N,0,\N,0,0,0,0,0,0,0,0,\N,\N,\N,\N,\N,\N,\N
27,32,1,0,\N,1,1,30,8,0,0,0,\N,0,\N,0,0,0,0,0,0,0,0,\N,\N,\N,\N,\N,\N,\N
27,33,0,0,\N,1,40,100,20,0,0,0,\N,0,\N,0,0,0,0,0,0,0,0,\N,\N,\N,\N,\N,\N,\N
27,34,1,0,\N,1,85,100,16,0,0,0,\N,0,\N,0,0,0,0,0,0,0,0,\N,\N,\N,\N,\N,\N,\N
27,35,1,0,\N,1,15,90,20,0,0,0,\N,0,\N,0,0,0,0,0,0,0,0,\N,\N,\N,\N,\N,\N,\N
27,36,0,0,\N,1,90,85,20,0,0,0,\N,0,\N,0,0,0,0,0,0,0,0,\N,\N,\N,\N,\N,\N,\N
27,37,1,0,\N,1,120,100,12,0,0,0,\N,0,\N,0,0,0,0,0,0,0,9,\N,\N,\N,\N,\N,\N,\N
27,38,1,0,\N,1,120,100,16,0,0,0,\N,0,\N,0,0,0,0,0,0,0,0,\N,\N,\N,\N,\N,\N,\N
27,39,0,0,\N,0,0,100,20,0,0,0,\N,0,\N,0,0,0,0,0,0,0,5,\N,\N,\N,\N,\N,\N,\N
27,40,0,3,\N,1,15,100,20,0,0,0,\N,0,\N,0,0,0,0,0,0,0,0,\N,\N,\N,\N,\N,\N,\N
27,41,0,6,\N,1,25,100,20,0,0,0,\N,0,\N,0,0,0,0,0,0,0,0,\N,\N,\N,\N,\N,\N,\N
27,42,1,6,\N,1,25,95,20,0,0,0,\N,0,\N,0,0,0,0,0,0,0,0,\N,\N,\N,\N,\N,\N,\N
27,43,0,0,\N,0,0,100,20,0,0,0,\N,0,\N,0,0,0,0,0,0,0,5,\N,\N,\N,\N,\N,\N,\N
27,44,1,16,\N,1,60,100,20,0,0,0,\N,0,\N,0,0,0,0,0,0,0,0,\N,\N,\N,\N,\N,\N,\N
27,45,0,0,\N,0,0,100,20,0,0,0,\N,0,\N,0,0,0,0,0,0,0,5,\N,\N,\N,\N,\N,\N,\N
27,46,1,0,\N,0,0,101,20,-6,0,0,\N,0,\N,0,0,0,0,0,0,0,0,\N,\N,\N,\N,\N,\N,\N
27,47,1,0,\N,0,0,55,16,0,0,0,\N,0,\N,0,0,0,0,0,0,0,0,\N,\N,\N,\N,\N,\N,\N
27,48,0,0,\N,0,0,55,20,0,0,0,\N,0,\N,0,0,0,0,0,0,0,0,\N,\N,\N,\N,\N,\N,\N
27,49,0,0,\N,2,1,90,20,0,0,0,\N,0,\N,0,0,0,0,0,0,0,0,\N,\N,\N,\N,\N,\N,\N
27,50,1,0,\N,0,0,100,20,0,0,0,\N,0,\N,0,0,0,0,0,0,0,0,\N,\N,\N,\N,\N,\N,\N
27,51,0,3,\N,2,40,100,20,0,0,0,\N,0,\N,0,0,0,0,0,0,0,5,\N,\N,\N,\N,\N,\N,\N
27,52,0,9,\N,2,40,100,20,0,0,0,\N,0,\N,0,0,0,0,0,0,0,0,\N,\N,\N,\N,\N,\N,\N
27,53,1,9,\N,2,90,100,16,0,0,0,\N,0,\N,0,0,0,0,0,0,0,0,\N,\N,\N,\N,\N,\N,\N
27,54,0,14,\N,0,0,101,20,0,0,0,\N,0,\N,0,0,0,0,0,0,0,12,\N,\N,\N,\N,\N,\N,\N
27,55,0,10,\N,2,40,100,20,0,0,0,\N,0,\N,0,0,0,0,0,0,0,0,\N,\N,\N,\N,\N,\N,\N
27,56,1,10,\N,2,110,80,8,0,0,0,\N,0,\N,0,0,0,0,0,0,0,0,\N,\N,\N,\N,\N,\N,\N
27,57,1,10,\N,2,90,100,16,0,0,0,\N,0,\N,0,0,0,0,0,0,0,4,\N,\N,\N,\N,\N,\N,\N
27,58,1,14,\N,2,90,100,12,0,0,0,\N,0,\N,0,0,0,0,0,0,0,0,\N,\N,\N,\N,\N,\N,\N
27,59,1,14,\N,2,110,70,8,0,0,0,\N,0,\N,0,0,0,0,0,0,0,5,\N,\N,\N,\N,\N,\N,\N
27,60,0,13,\N,2,65,100,20,0,0,0,\N,0,\N,0,0,0,0,0,0,0,0,\N,\N,\N,\N,\N,\N,\N
27,61,0,10,\N,2,65,100,20,0,0,0,\N,0,\N,0,0,0,0,0,0,0,0,\N,\N,\N,\N,\N,\N,\N
27,62,0,14,\N,2,65,100,20,0,0,0,\N,0,\N,0,0,0,0,0,0,0,0,\N,\N,\N,\N,\N,\N,\N
27,63,1,0,\N,2,150,90,8,0,0,0,\N,0,\N,0,0,0,0,0,0,0,0,\N,\N,\N,\N,\N,\N,\N
27,64,0,2,\N,1,35,100,20,0,0,0,\N,0,\N,0,0,0,0,0,0,0,0,\N,\N,\N,\N,\N,\N,\N
27,65,1,2,\N,1,80,100,20,0,0,0,\N,0,\N,0,0,0,0,0,0,0,0,\N,\N,\N,\N,\N,\N,\N
27,66,0,1,\N,1,80,80,20,0,0,0,\N,0,\N,0,0,0,0,0,0,0,0,\N,\N,\N,\N,\N,\N,\N
27,67,1,1,\N,1,1,100,20,0,0,0,\N,0,\N,0,0,0,0,0,0,0,0,\N,\N,\N,\N,\N,\N,\N
27,68,1,1,\N,1,1,100,20,-5,0,0,\N,0,\N,0,0,0,0,0,0,0,13,\N,\N,\N,\N,\N,\N,\N
27,69,1,1,\N,1,1,100,20,0,0,0,\N,0,\N,0,0,0,0,0,0,0,0,\N,\N,\N,\N,\N,\N,\N
27,70,0,0,\N,1,80,100,16,0,0,0,\N,0,\N,0,0,0,0,0,0,0,0,\N,\N,\N,\N,\N,\N,\N
27,71,0,11,\N,2,20,100,20,0,0,0,\N,0,\N,0,0,0,0,0,0,0,0,\N,\N,\N,\N,\N,\N,\N
27,72,0,11,\N,2,40,100,16,0,0,0,\N,0,\N,0,0,0,0,0,0,0,0,\N,\N,\N,\N,\N,\N,\N
27,73,1,11,\N,0,0,90,12,0,0,0,\N,0,\N,0,0,0,0,0,0,0,0,\N,\N,\N,\N,\N,\N,\N
27,74,1,11,\N,0,0,101,20,0,0,0,\N,0,\N,0,0,0,0,0,0,0,7,\N,\N,\N,\N,\N,\N,\N
27,75,0,11,\N,1,55,95,20,0,0,0,\N,0,\N,0,0,0,0,0,0,0,5,\N,\N,\N,\N,\N,\N,\N
27,76,1,11,\N,2,120,100,12,0,0,0,\N,0,\N,0,0,0,0,0,0,0,0,\N,\N,\N,\N,\N,\N,\N
27,77,1,3,\N,0,0,75,20,0,0,0,\N,0,\N,0,0,0,0,0,0,0,0,\N,\N,\N,\N,\N,\N,\N
27,78,1,11,\N,0,0,75,20,0,0,0,\N,0,\N,0,0,0,0,0,0,0,0,\N,\N,\N,\N,\N,\N,\N
27,79,1,11,\N,0,0,75,16,0,0,0,\N,0,\N,0,0,0,0,0,0,0,0,\N,\N,\N,\N,\N,\N,\N
27,80,1,11,\N,2,120,100,12,0,0,0,\N,0,\N,0,0,0,0,0,0,0,9,\N,\N,\N,\N,\N,\N,\N
27,81,1,6,\N,0,0,95,20,0,0,0,\N,0,\N,0,0,0,0,0,0,0,5,\N,\N,\N,\N,\N,\N,\N
27,82,0,15,\N,2,1,100,12,0,0,0,\N,0,\N,0,0,0,0,0,0,0,0,\N,\N,\N,\N,\N,\N,\N
27,83,1,9,\N,2,35,85,16,0,0,0,\N,0,\N,0,0,0,0,0,0,0,0,\N,\N,\N,\N,\N,\N,\N
27,84,0,12,\N,2,40,100,20,0,0,0,\N,0,\N,0,0,0,0,0,0,0,0,\N,\N,\N,\N,\N,\N,\N
27,85,1,12,\N,2,90,100,16,0,0,0,\N,0,\N,0,0,0,0,0,0,0,0,\N,\N,\N,\N,\N,\N,\N
27,86,1,12,\N,0,0,90,20,0,0,0,\N,0,\N,0,0,0,0,0,0,0,0,\N,\N,\N,\N,\N,\N,\N
27,87,1,12,\N,2,110,70,12,0,0,0,\N,0,\N,0,0,0,0,0,0,0,0,\N,\N,\N,\N,\N,\N,\N
27,88,0,5,\N,1,50,90,16,0,0,0,\N,0,\N,0,0,0,0,0,0,0,0,\N,\N,\N,\N,\N,\N,\N
27,89,1,4,\N,1,100,100,12,0,0,0,\N,0,\N,0,0,0,0,0,0,0,4,\N,\N,\N,\N,\N,\N,\N
27,90,1,4,\N,1,1,30,8,0,0,0,\N,0,\N,0,0,0,0,0,0,0,0,\N,\N,\N,\N,\N,\N,\N
27,91,1,4,\N,1,80,100,12,0,0,0,\N,0,\N,0,0,0,0,0,0,0,0,\N,\N,\N,\N,\N,\N,\N
27,92,1,3,\N,0,0,90,12,0,0,0,\N,0,\N,0,0,0,0,0,0,0,0,\N,\N,\N,\N,\N,\N,\N
27,93,0,13,\N,2,50,100,20,0,0,0,\N,0,\N,0,0,0,0,0,0,0,0,\N,\N,\N,\N,\N,\N,\N
27,94,1,13,\N,2,90,100,12,0,0,0,\N,0,\N,0,0,0,0,0,0,0,0,\N,\N,\N,\N,\N,\N,\N
27,95,1,13,\N,0,0,60,20,0,0,0,\N,0,\N,0,0,0,0,0,0,0,0,\N,\N,\N,\N,\N,\N,\N
27,96,0,13,\N,0,0,101,20,0,0,0,\N,0,\N,0,0,0,0,0,0,0,7,\N,\N,\N,\N,\N,\N,\N
27,97,1,13,\N,0,0,101,20,0,0,0,\N,0,\N,0,0,0,0,0,0,0,7,\N,\N,\N,\N,\N,\N,\N
27,98,1,0,\N,1,40,100,20,1,0,0,\N,0,\N,0,0,0,0,0,0,0,0,\N,\N,\N,\N,\N,\N,\N
27,99,0,0,\N,1,20,100,20,0,0,0,\N,0,\N,0,0,0,0,0,0,0,0,\N,\N,\N,\N,\N,\N,\N
27,100,0,13,\N,0,0,101,20,-6,0,0,\N,0,\N,0,0,0,0,0,0,0,7,\N,\N,\N,\N,\N,\N,\N
27,101,1,7,\N,2,1,100,16,0,0,0,\N,0,\N,0,0,0,0,0,0,0,0,\N,\N,\N,\N,\N,\N,\N
27,102,0,0,\N,0,0,101,12,0,0,0,\N,0,\N,0,0,0,0,0,0,0,0,\N,\N,\N,\N,\N,\N,\N
27,103,1,0,\N,0,0,85,20,0,0,0,\N,0,\N,0,0,0,0,0,0,0,0,\N,\N,\N,\N,\N,\N,\N
27,104,1,0,\N,0,0,101,16,0,0,0,\N,0,\N,0,0,0,0,0,0,0,7,\N,\N,\N,\N,\N,\N,\N
27,105,1,0,\N,0,0,101,8,0,0,0,\N,0,\N,0,0,0,0,0,0,0,7,\N,\N,\N,\N,\N,\N,\N
27,106,0,0,\N,0,0,101,20,0,0,0,\N,0,\N,0,0,0,0,0,0,0,7,\N,\N,\N,\N,\N,\N,\N
27,107,1,0,\N,0,0,101,12,0,0,0,\N,0,\N,0,0,0,0,0,0,0,7,\N,\N,\N,\N,\N,\N,\N
27,108,0,0,\N,0,0,100,20,0,0,0,\N,0,\N,0,0,0,0,0,0,0,0,\N,\N,\N,\N,\N,\N,\N
27,109,1,7,\N,0,0,100,12,0,0,0,\N,0,\N,0,0,0,0,0,0,0,0,\N,\N,\N,\N,\N,\N,\N
27,110,0,10,\N,0,0,101,20,0,0,0,\N,0,\N,0,0,0,0,0,0,0,7,\N,\N,\N,\N,\N,\N,\N
27,111,0,0,\N,0,0,101,20,0,0,0,\N,0,\N,0,0,0,0,0,0,0,7,\N,\N,\N,\N,\N,\N,\N
27,112,0,13,\N,0,0,101,20,0,0,0,\N,0,\N,0,0,0,0,0,0,0,7,\N,\N,\N,\N,\N,\N,\N
27,113,1,13,\N,0,0,101,20,0,0,0,\N,0,\N,0,0,0,0,0,0,0,12,\N,\N,\N,\N,\N,\N,\N
27,114,1,14,\N,0,0,101,20,0,0,0,\N,0,\N,0,0,0,0,0,0,0,10,\N,\N,\N,\N,\N,\N,\N
27,115,1,13,\N,0,0,101,20,0,0,0,\N,0,\N,0,0,0,0,0,0,0,12,\N,\N,\N,\N,\N,\N,\N
27,116,1,0,\N,0,0,101,20,0,0,0,\N,0,\N,0,0,0,0,0,0,0,7,\N,\N,\N,\N,\N,\N,\N
27,117,0,0,\N,1,1,101,12,1,0,0,\N,0,\N,0,0,0,0,0,0,0,7,\N,\N,\N,\N,\N,\N,\N
27,118,0,0,\N,0,0,101,12,0,0,0,\N,0,\N,0,0,0,0,0,0,0,7,\N,\N,\N,\N,\N,\N,\N
27,119,0,2,\N,0,0,101,20,0,0,0,\N,0,\N,0,0,0,0,0,0,0,0,\N,\N,\N,\N,\N,\N,\N
27,120,1,0,\N,1,200,100,8,0,0,0,\N,0,\N,0,0,0,0,0,0,0,4,\N,\N,\N,\N,\N,\N,\N
27,121,0,0,\N,1,100,75,12,0,0,0,\N,0,\N,0,0,0,0,0,0,0,0,\N,\N,\N,\N,\N,\N,\N
27,122,0,7,\N,1,30,100,20,0,0,0,\N,0,\N,0,0,0,0,0,0,0,0,\N,\N,\N,\N,\N,\N,\N
27,123,0,3,\N,2,30,70,20,0,0,0,\N,0,\N,0,0,0,0,0,0,0,0,\N,\N,\N,\N,\N,\N,\N
27,124,0,3,\N,2,65,100,20,0,0,0,\N,0,\N,0,0,0,0,0,0,0,0,\N,\N,\N,\N,\N,\N,\N
27,125,0,4,\N,1,65,85,20,0,0,0,\N,0,\N,0,0,0,0,0,0,0,0,\N,\N,\N,\N,\N,\N,\N
27,126,1,9,\N,2,110,85,8,0,0,0,\N,0,\N,0,0,0,0,0,0,0,0,\N,\N,\N,\N,\N,\N,\N
27,127,1,10,\N,1,80,100,16,0,0,0,\N,0,\N,0,0,0,0,0,0,0,0,\N,\N,\N,\N,\N,\N,\N
27,128,0,10,\N,1,35,85,16,0,0,0,\N,0,\N,0,0,0,0,0,0,0,0,\N,\N,\N,\N,\N,\N,\N
27,129,0,0,\N,2,60,101,20,0,0,0,\N,0,\N,0,0,0,0,0,0,0,5,\N,\N,\N,\N,\N,\N,\N
27,130,0,0,\N,1,130,100,12,0,0,0,\N,0,\N,0,0,0,0,0,0,0,0,\N,\N,\N,\N,\N,\N,\N
27,131,0,0,\N,1,20,100,16,0,0,0,\N,0,\N,0,0,0,0,0,0,0,0,\N,\N,\N,\N,\N,\N,\N
27,132,0,0,\N,1,10,100,20,0,0,0,\N,0,\N,0,0,0,0,0,0,0,0,\N,\N,\N,\N,\N,\N,\N
27,133,1,13,\N,0,0,101,20,0,0,0,\N,0,\N,0,0,0,0,0,0,0,7,\N,\N,\N,\N,\N,\N,\N
27,134,0,13,\N,0,0,80,16,0,0,0,\N,0,\N,0,0,0,0,0,0,0,0,\N,\N,\N,\N,\N,\N,\N
27,135,0,0,\N,0,0,101,8,0,0,0,\N,0,\N,0,0,0,0,0,0,0,7,\N,\N,\N,\N,\N,\N,\N
27,136,1,1,\N,1,130,90,12,0,0,0,\N,0,\N,0,0,0,0,0,0,0,0,\N,\N,\N,\N,\N,\N,\N
27,137,1,0,\N,0,0,100,20,0,0,0,\N,0,\N,0,0,0,0,0,0,0,0,\N,\N,\N,\N,\N,\N,\N
27,138,0,13,\N,2,100,100,16,0,0,0,\N,0,\N,0,0,0,0,0,0,0,0,\N,\N,\N,\N,\N,\N,\N
27,139,0,3,\N,0,0,90,20,0,0,0,\N,0,\N,0,0,0,0,0,0,0,5,\N,\N,\N,\N,\N,\N,\N
27,140,0,0,\N,1,15,85,20,0,0,0,\N,0,\N,0,0,0,0,0,0,0,0,\N,\N,\N,\N,\N,\N,\N
27,141,1,6,\N,1,80,100,12,0,0,0,\N,0,\N,0,0,0,0,0,0,0,0,\N,\N,\N,\N,\N,\N,\N
27,142,0,0,\N,0,0,75,12,0,0,0,\N,0,\N,0,0,0,0,0,0,0,0,\N,\N,\N,\N,\N,\N,\N
27,143,1,2,\N,1,140,90,8,0,0,0,\N,0,\N,0,0,0,0,0,0,0,0,\N,\N,\N,\N,\N,\N,\N
27,144,1,0,\N,0,0,101,12,0,0,0,\N,0,\N,0,0,0,0,0,0,0,0,\N,\N,\N,\N,\N,\N,\N
27,145,0,10,\N,2,40,100,20,0,0,0,\N,0,\N,0,0,0,0,0,0,0,5,\N,\N,\N,\N,\N,\N,\N
27,146,0,0,\N,1,70,100,12,0,0,0,\N,0,\N,0,0,0,0,0,0,0,0,\N,\N,\N,\N,\N,\N,\N
27,147,0,11,\N,0,0,100,16,0,0,0,\N,0,\N,0,0,0,0,0,0,0,0,\N,\N,\N,\N,\N,\N,\N
27,148,0,0,\N,0,0,100,20,0,0,0,\N,0,\N,0,0,0,0,0,0,0,0,\N,\N,\N,\N,\N,\N,\N
27,149,0,13,\N,2,1,100,16,0,0,0,\N,0,\N,0,0,0,0,0,0,0,0,\N,\N,\N,\N,\N,\N,\N
27,150,0,0,\N,0,0,101,20,0,0,0,\N,0,\N,0,0,0,0,0,0,0,7,\N,\N,\N,\N,\N,\N,\N
27,151,1,3,\N,0,0,101,20,0,0,0,\N,0,\N,0,0,0,0,0,0,0,7,\N,\N,\N,\N,\N,\N,\N
27,152,1,10,\N,1,100,95,12,0,0,0,\N,0,\N,0,0,0,0,0,0,0,0,\N,\N,\N,\N,\N,\N,\N
27,153,1,0,\N,1,250,100,8,0,0,0,\N,0,\N,0,0,0,0,0,0,0,4,\N,\N,\N,\N,\N,\N,\N
27,154,0,0,\N,1,18,80,16,0,0,0,\N,0,\N,0,0,0,0,0,0,0,0,\N,\N,\N,\N,\N,\N,\N
27,155,0,4,\N,1,50,90,12,0,0,0,\N,0,\N,0,0,0,0,0,0,0,0,\N,\N,\N,\N,\N,\N,\N
27,156,1,13,\N,0,0,101,8,0,0,0,\N,0,\N,0,0,0,0,0,0,0,7,\N,\N,\N,\N,\N,\N,\N
27,157,1,5,\N,1,75,90,12,0,0,0,\N,0,\N,0,0,0,0,0,0,0,5,\N,\N,\N,\N,\N,\N,\N
27,158,0,0,\N,1,80,90,16,0,0,0,\N,0,\N,0,0,0,0,0,0,0,0,\N,\N,\N,\N,\N,\N,\N
27,159,0,0,\N,0,0,101,20,0,0,0,\N,0,\N,0,0,0,0,0,0,0,7,\N,\N,\N,\N,\N,\N,\N
27,160,0,0,\N,0,0,101,20,0,0,0,\N,0,\N,0,0,0,0,0,0,0,7,\N,\N,\N,\N,\N,\N,\N
27,161,1,0,\N,2,80,100,12,0,0,0,\N,0,\N,0,0,0,0,0,0,0,0,\N,\N,\N,\N,\N,\N,\N
27,162,1,0,\N,1,1,90,12,0,0,0,\N,0,\N,0,0,0,0,0,0,0,0,\N,\N,\N,\N,\N,\N,\N
27,163,1,0,\N,1,80,100,20,0,0,0,\N,0,\N,0,0,0,0,0,0,0,0,\N,\N,\N,\N,\N,\N,\N
27,164,1,0,\N,0,0,101,12,0,0,0,\N,0,\N,0,0,0,0,0,0,0,7,\N,\N,\N,\N,\N,\N,\N
27,165,1,0,\N,1,50,101,1,0,0,0,\N,0,\N,0,0,0,0,0,0,0,9,\N,\N,\N,\N,\N,\N,\N
27,166,0,0,\N,0,0,101,1,0,0,0,\N,0,\N,0,0,0,0,0,0,0,0,\N,\N,\N,\N,\N,\N,\N
27,167,0,1,\N,1,10,90,12,0,0,0,\N,0,\N,0,0,0,0,0,0,0,0,\N,\N,\N,\N,\N,\N,\N
27,168,1,16,\N,1,60,100,20,0,0,0,\N,0,\N,0,0,0,0,0,0,0,0,\N,\N,\N,\N,\N,\N,\N
27,169,0,6,\N,0,0,101,12,0,0,0,\N,0,\N,0,0,0,0,0,0,0,0,\N,\N,\N,\N,\N,\N,\N
27,170,0,0,\N,0,0,101,8,0,0,0,\N,0,\N,0,0,0,0,0,0,0,0,\N,\N,\N,\N,\N,\N,\N
27,171,0,7,\N,0,0,100,16,0,0,0,\N,0,\N,0,0,0,0,0,0,0,0,\N,\N,\N,\N,\N,\N,\N
27,172,0,9,\N,1,60,100,20,0,0,0,\N,0,\N,0,0,0,0,0,0,0,0,\N,\N,\N,\N,\N,\N,\N
27,173,1,0,\N,2,50,100,16,0,0,0,\N,0,\N,0,0,0,0,0,0,0,0,\N,\N,\N,\N,\N,\N,\N
27,174,1,7,\N,0,0,101,12,0,0,0,\N,0,\N,0,0,0,0,0,0,0,13,\N,\N,\N,\N,\N,\N,\N
27,175,1,0,\N,1,1,100,16,0,0,0,\N,0,\N,0,0,0,0,0,0,0,0,\N,\N,\N,\N,\N,\N,\N
27,176,0,0,\N,0,0,101,20,0,0,0,\N,0,\N,0,0,0,0,0,0,0,0,\N,\N,\N,\N,\N,\N,\N
27,177,0,2,\N,2,100,95,8,0,0,0,\N,0,\N,0,0,0,0,0,0,0,0,\N,\N,\N,\N,\N,\N,\N
27,178,1,11,\N,0,0,100,20,0,0,0,\N,0,\N,0,0,0,0,0,0,0,5,\N,\N,\N,\N,\N,\N,\N
27,179,1,1,\N,1,1,100,16,0,0,0,\N,0,\N,0,0,0,0,0,0,0,0,\N,\N,\N,\N,\N,\N,\N
27,180,1,7,\N,0,0,100,12,0,0,0,\N,0,\N,0,0,0,0,0,0,0,0,\N,\N,\N,\N,\N,\N,\N
27,181,0,14,\N,2,40,100,20,0,0,0,\N,0,\N,0,0,0,0,0,0,0,5,\N,\N,\N,\N,\N,\N,\N
27,182,1,0,\N,0,0,101,8,4,0,0,\N,0,\N,0,0,0,0,0,0,0,7,\N,\N,\N,\N,\N,\N,\N
27,183,1,1,\N,1,40,100,20,1,0,0,\N,0,\N,0,0,0,0,0,0,0,0,\N,\N,\N,\N,\N,\N,\N
27,184,1,0,\N,0,0,100,12,0,0,0,\N,0,\N,0,0,0,0,0,0,0,0,\N,\N,\N,\N,\N,\N,\N
27,185,0,16,\N,1,60,101,20,0,0,0,\N,0,\N,0,0,0,0,0,0,0,0,\N,\N,\N,\N,\N,\N,\N
27,186,1,17,\N,0,0,75,12,0,0,0,\N,0,\N,0,0,0,0,0,0,0,0,\N,\N,\N,\N,\N,\N,\N
27,187,1,0,\N,0,0,101,12,0,0,0,\N,0,\N,0,0,0,0,0,0,0,7,\N,\N,\N,\N,\N,\N,\N
27,188,1,3,\N,2,90,100,12,0,0,0,\N,0,\N,0,0,0,0,0,0,0,0,\N,\N,\N,\N,\N,\N,\N
27,189,1,4,\N,2,20,100,12,0,0,0,\N,0,\N,0,0,0,0,0,0,0,0,\N,\N,\N,\N,\N,\N,\N
27,190,0,10,\N,2,65,85,12,0,0,0,\N,0,\N,0,0,0,0,0,0,0,0,\N,\N,\N,\N,\N,\N,\N
27,191,1,4,\N,0,0,101,20,0,0,0,\N,0,\N,0,0,0,0,0,0,0,11,\N,\N,\N,\N,\N,\N,\N
27,192,1,12,\N,2,120,50,8,0,0,0,\N,0,\N,0,0,0,0,0,0,0,0,\N,\N,\N,\N,\N,\N,\N
27,193,0,0,\N,0,0,101,20,0,0,0,\N,0,\N,0,0,0,0,0,0,0,0,\N,\N,\N,\N,\N,\N,\N
27,194,1,7,\N,0,0,101,8,0,0,0,\N,0,\N,0,0,0,0,0,0,0,7,\N,\N,\N,\N,\N,\N,\N
27,195,1,0,\N,0,0,101,8,0,0,0,\N,0,\N,0,0,0,0,0,0,0,8,\N,\N,\N,\N,\N,\N,\N
27,196,1,14,\N,2,55,95,16,0,0,0,\N,0,\N,0,0,0,0,0,0,0,5,\N,\N,\N,\N,\N,\N,\N
27,197,1,1,\N,0,0,101,8,4,0,0,\N,0,\N,0,0,0,0,0,0,0,7,\N,\N,\N,\N,\N,\N,\N
27,198,1,4,\N,1,30,90,12,0,0,0,\N,0,\N,0,0,0,0,0,0,0,0,\N,\N,\N,\N,\N,\N,\N
27,199,1,0,\N,0,0,101,8,0,0,0,\N,0,\N,0,0,0,0,0,0,0,0,\N,\N,\N,\N,\N,\N,\N
27,200,1,15,\N,1,120,100,12,0,0,0,\N,0,\N,0,0,0,0,0,0,0,9,\N,\N,\N,\N,\N,\N,\N
27,201,1,5,\N,0,0,101,8,0,0,0,\N,0,\N,0,0,0,0,0,0,0,10,\N,\N,\N,\N,\N,\N,\N
27,202,1,11,\N,2,75,100,12,0,0,0,\N,0,\N,0,0,0,0,0,0,0,0,\N,\N,\N,\N,\N,\N,\N
27,203,1,0,\N,0,0,101,12,4,0,0,\N,0,\N,0,0,0,0,0,0,0,7,\N,\N,\N,\N,\N,\N,\N
27,204,1,17,\N,0,0,100,20,0,0,0,\N,0,\N,0,0,0,0,0,0,0,0,\N,\N,\N,\N,\N,\N,\N
27,205,0,5,\N,1,30,90,20,0,0,0,\N,0,\N,0,0,0,0,0,0,0,0,\N,\N,\N,\N,\N,\N,\N
27,206,0,0,\N,1,40,100,20,0,0,0,\N,0,\N,0,0,0,0,0,0,0,0,\N,\N,\N,\N,\N,\N,\N
27,207,1,0,\N,0,0,85,16,0,0,0,\N,0,\N,0,0,0,0,0,0,0,0,\N,\N,\N,\N,\N,\N,\N
27,208,1,0,\N,0,0,101,8,0,0,0,\N,0,\N,0,0,0,0,0,0,0,1,\N,\N,\N,\N,\N,\N,\N
27,209,0,12,\N,1,65,100,20,0,0,0,\N,0,\N,0,0,0,0,0,0,0,0,\N,\N,\N,\N,\N,\N,\N
27,210,0,6,\N,1,40,95,20,0,0,0,\N,0,\N,0,0,0,0,0,0,0,0,\N,\N,\N,\N,\N,\N,\N
27,211,1,8,\N,1,70,90,20,0,0,0,\N,0,\N,0,0,0,0,0,0,0,0,\N,\N,\N,\N,\N,\N,\N
27,212,1,0,\N,0,0,101,8,0,0,0,\N,0,\N,0,0,0,0,0,0,0,0,\N,\N,\N,\N,\N,\N,\N
27,213,1,0,\N,0,0,100,16,0,0,0,\N,0,\N,0,0,0,0,0,0,0,0,\N,\N,\N,\N,\N,\N,\N
27,214,1,0,\N,0,0,101,12,0,0,0,\N,0,\N,0,0,0,0,0,0,0,7,\N,\N,\N,\N,\N,\N,\N
27,215,1,0,\N,0,0,101,8,0,0,0,\N,0,\N,0,0,0,0,0,0,0,6,\N,\N,\N,\N,\N,\N,\N
27,216,0,0,\N,1,1,100,20,0,0,0,\N,0,\N,0,0,0,0,0,0,0,0,\N,\N,\N,\N,\N,\N,\N
27,217,0,0,\N,1,1,90,16,0,0,0,\N,0,\N,0,0,0,0,0,0,0,0,\N,\N,\N,\N,\N,\N,\N
27,218,0,0,\N,1,1,100,20,0,0,0,\N,0,\N,0,0,0,0,0,0,0,0,\N,\N,\N,\N,\N,\N,\N
27,219,1,0,\N,0,0,101,20,0,0,0,\N,0,\N,0,0,0,0,0,0,0,12,\N,\N,\N,\N,\N,\N,\N
27,220,1,0,\N,0,0,101,20,0,0,0,\N,0,\N,0,0,0,0,0,0,0,0,\N,\N,\N,\N,\N,\N,\N
27,221,0,9,\N,1,100,95,8,0,0,0,\N,0,\N,0,0,0,0,0,0,0,0,\N,\N,\N,\N,\N,\N,\N
27,222,0,4,\N,1,1,100,20,0,0,0,\N,0,\N,0,0,0,0,0,0,0,4,\N,\N,\N,\N,\N,\N,\N
27,223,1,1,\N,1,100,50,8,0,0,0,\N,0,\N,0,0,0,0,0,0,0,0,\N,\N,\N,\N,\N,\N,\N
27,224,1,6,\N,1,120,85,12,0,0,0,\N,0,\N,0,0,0,0,0,0,0,0,\N,\N,\N,\N,\N,\N,\N
27,225,0,15,\N,2,60,100,20,0,0,0,\N,0,\N,0,0,0,0,0,0,0,0,\N,\N,\N,\N,\N,\N,\N
27,226,1,0,\N,0,0,101,20,0,0,0,\N,0,\N,0,0,0,0,0,0,0,7,\N,\N,\N,\N,\N,\N,\N
27,227,1,0,\N,0,0,100,8,0,0,0,\N,0,\N,0,0,0,0,0,0,0,0,\N,\N,\N,\N,\N,\N,\N
27,228,0,16,\N,1,40,100,20,0,0,0,\N,0,\N,0,0,0,0,0,0,0,0,\N,\N,\N,\N,\N,\N,\N
27,229,1,0,\N,1,50,100,20,0,0,0,\N,0,\N,0,0,0,0,0,0,0,0,\N,\N,\N,\N,\N,\N,\N
27,230,1,0,\N,0,0,100,20,0,0,0,\N,0,\N,0,0,0,0,0,0,0,5,\N,\N,\N,\N,\N,\N,\N
27,231,1,8,\N,1,100,75,16,0,0,0,\N,0,\N,0,0,0,0,0,0,0,0,\N,\N,\N,\N,\N,\N,\N
27,232,0,8,\N,1,50,95,20,0,0,0,\N,0,\N,0,0,0,0,0,0,0,0,\N,\N,\N,\N,\N,\N,\N
27,233,0,1,\N,1,70,101,12,-1,0,0,\N,0,\N,0,0,0,0,0,0,0,0,\N,\N,\N,\N,\N,\N,\N
27,234,1,0,\N,0,0,101,8,0,0,0,\N,0,\N,0,0,0,0,0,0,0,7,\N,\N,\N,\N,\N,\N,\N
27,235,1,11,\N,0,0,101,8,0,0,0,\N,0,\N,0,0,0,0,0,0,0,7,\N,\N,\N,\N,\N,\N,\N
27,236,1,17,\N,0,0,101,8,0,0,0,\N,0,\N,0,0,0,0,0,0,0,7,\N,\N,\N,\N,\N,\N,\N
27,237,0,0,\N,2,60,100,16,0,0,0,\N,0,\N,0,0,0,0,0,0,0,0,\N,\N,\N,\N,\N,\N,\N
27,238,1,1,\N,1,100,80,8,0,0,0,\N,0,\N,0,0,0,0,0,0,0,0,\N,\N,\N,\N,\N,\N,\N
27,239,0,15,\N,2,40,100,20,0,0,0,\N,0,\N,0,0,0,0,0,0,0,5,\N,\N,\N,\N,\N,\N,\N
27,240,1,10,\N,0,0,101,8,0,0,0,\N,0,\N,0,0,0,0,0,0,0,10,\N,\N,\N,\N,\N,\N,\N
27,241,1,9,\N,0,0,101,8,0,0,0,\N,0,\N,0,0,0,0,0,0,0,10,\N,\N,\N,\N,\N,\N,\N
27,242,1,16,\N,1,80,100,16,0,0,0,\N,0,\N,0,0,0,0,0,0,0,0,\N,\N,\N,\N,\N,\N,\N
27,243,1,13,\N,2,1,100,20,-5,0,0,\N,0,\N,0,0,0,0,0,0,0,13,\N,\N,\N,\N,\N,\N,\N
27,244,1,0,\N,0,0,101,12,0,0,0,\N,0,\N,0,0,0,0,0,0,0,0,\N,\N,\N,\N,\N,\N,\N
27,245,1,0,\N,1,80,100,8,2,0,0,\N,0,\N,0,0,0,0,0,0,0,0,\N,\N,\N,\N,\N,\N,\N
27,246,1,5,\N,2,60,100,8,0,0,0,\N,0,\N,0,0,0,0,0,0,0,0,\N,\N,\N,\N,\N,\N,\N
27,247,1,7,\N,2,80,100,16,0,0,0,\N,0,\N,0,0,0,0,0,0,0,0,\N,\N,\N,\N,\N,\N,\N
27,248,1,13,\N,2,120,100,12,0,0,0,\N,0,\N,0,0,0,0,0,0,0,0,\N,\N,\N,\N,\N,\N,\N
27,249,0,1,\N,1,40,100,16,0,0,0,\N,0,\N,0,0,0,0,0,0,0,0,\N,\N,\N,\N,\N,\N,\N
27,250,1,10,\N,2,35,85,16,0,0,0,\N,0,\N,0,0,0,0,0,0,0,0,\N,\N,\N,\N,\N,\N,\N
27,251,1,16,\N,1,1,100,12,0,0,0,\N,0,\N,0,0,0,0,0,0,0,0,\N,\N,\N,\N,\N,\N,\N
27,252,1,0,\N,1,40,100,12,3,0,0,\N,0,\N,0,0,0,0,0,0,0,0,\N,\N,\N,\N,\N,\N,\N
27,253,1,0,\N,2,90,100,12,0,0,0,\N,0,\N,0,0,0,0,0,0,0,9,\N,\N,\N,\N,\N,\N,\N
27,254,1,0,\N,0,0,101,20,0,0,0,\N,0,\N,0,0,0,0,0,0,0,7,\N,\N,\N,\N,\N,\N,\N
27,255,1,0,\N,2,1,100,12,0,0,0,\N,0,\N,0,0,0,0,0,0,0,0,\N,\N,\N,\N,\N,\N,\N
27,256,1,0,\N,0,0,101,12,0,0,0,\N,0,\N,0,0,0,0,0,0,0,7,\N,\N,\N,\N,\N,\N,\N
27,257,1,9,\N,2,95,90,12,0,0,0,\N,0,\N,0,0,0,0,0,0,0,5,\N,\N,\N,\N,\N,\N,\N
27,258,0,14,\N,0,0,101,12,0,0,0,\N,0,\N,0,0,0,0,0,0,0,10,\N,\N,\N,\N,\N,\N,\N
27,259,1,16,\N,0,0,100,16,0,0,0,\N,0,\N,0,0,0,0,0,0,0,0,\N,\N,\N,\N,\N,\N,\N
27,260,1,16,\N,0,0,100,16,0,0,0,\N,0,\N,0,0,0,0,0,0,0,0,\N,\N,\N,\N,\N,\N,\N
27,261,1,9,\N,0,0,85,16,0,0,0,\N,0,\N,0,0,0,0,0,0,0,0,\N,\N,\N,\N,\N,\N,\N
27,262,1,16,\N,0,0,100,12,0,0,0,\N,0,\N,0,0,0,0,0,0,0,0,\N,\N,\N,\N,\N,\N,\N
27,263,1,0,\N,1,70,100,20,0,0,0,\N,0,\N,0,0,0,0,0,0,0,0,\N,\N,\N,\N,\N,\N,\N
27,264,1,1,\N,1,150,100,20,-3,0,0,\N,0,\N,0,0,0,0,0,0,0,0,\N,\N,\N,\N,\N,\N,\N
27,265,0,0,\N,1,70,100,12,0,0,0,\N,0,\N,0,0,0,0,0,0,0,0,\N,\N,\N,\N,\N,\N,\N
27,266,1,0,\N,0,0,101,20,2,0,0,\N,0,\N,0,0,0,0,0,0,0,7,\N,\N,\N,\N,\N,\N,\N
27,267,0,0,\N,0,0,101,20,0,0,0,\N,0,\N,0,0,0,0,0,0,0,0,\N,\N,\N,\N,\N,\N,\N
27,268,1,12,\N,0,0,101,20,0,0,0,\N,0,\N,0,0,0,0,0,0,0,7,\N,\N,\N,\N,\N,\N,\N
27,269,1,16,\N,0,0,100,20,0,0,0,\N,0,\N,0,0,0,0,0,0,0,0,\N,\N,\N,\N,\N,\N,\N
27,270,1,0,\N,0,0,101,20,5,0,0,\N,0,\N,0,0,0,0,0,0,0,2,\N,\N,\N,\N,\N,\N,\N
27,271,1,13,\N,0,0,100,12,0,0,0,\N,0,\N,0,0,0,0,0,0,0,0,\N,\N,\N,\N,\N,\N,\N
27,272,1,13,\N,0,0,101,12,0,0,0,\N,0,\N,0,0,0,0,0,0,0,0,\N,\N,\N,\N,\N,\N,\N
27,273,1,0,\N,0,0,101,8,0,0,0,\N,0,\N,0,0,0,0,0,0,0,7,\N,\N,\N,\N,\N,\N,\N
27,274,0,0,\N,0,0,101,20,0,0,0,\N,0,\N,0,0,0,0,0,0,0,7,\N,\N,\N,\N,\N,\N,\N
27,275,1,11,\N,0,0,101,20,0,0,0,\N,0,\N,0,0,0,0,0,0,0,7,\N,\N,\N,\N,\N,\N,\N
27,276,1,1,\N,1,120,100,8,0,0,0,\N,0,\N,0,0,0,0,0,0,0,0,\N,\N,\N,\N,\N,\N,\N
27,277,0,13,\N,0,0,101,16,4,0,0,\N,0,\N,0,0,0,0,0,0,0,7,\N,\N,\N,\N,\N,\N,\N
27,278,1,0,\N,0,0,101,12,0,0,0,\N,0,\N,0,0,0,0,0,0,0,7,\N,\N,\N,\N,\N,\N,\N
27,279,0,1,\N,1,60,100,12,-4,0,0,\N,0,\N,0,0,0,0,0,0,0,0,\N,\N,\N,\N,\N,\N,\N
27,280,1,1,\N,1,75,100,16,0,0,0,\N,0,\N,0,0,0,0,0,0,0,0,\N,\N,\N,\N,\N,\N,\N
27,281,1,0,\N,0,0,101,12,0,0,0,\N,0,\N,0,0,0,0,0,0,0,0,\N,\N,\N,\N,\N,\N,\N
27,282,1,16,\N,1,65,100,20,0,0,0,\N,0,\N,0,0,0,0,0,0,0,0,\N,\N,\N,\N,\N,\N,\N
27,283,1,0,\N,1,1,100,8,0,0,0,\N,0,\N,0,0,0,0,0,0,0,0,\N,\N,\N,\N,\N,\N,\N
27,284,1,9,\N,2,150,100,8,0,0,0,\N,0,\N,0,0,0,0,0,0,0,5,\N,\N,\N,\N,\N,\N,\N
27,285,1,13,\N,0,0,101,12,0,0,0,\N,0,\N,0,0,0,0,0,0,0,0,\N,\N,\N,\N,\N,\N,\N
27,286,1,13,\N,0,0,101,12,0,0,0,\N,0,\N,0,0,0,0,0,0,0,7,\N,\N,\N,\N,\N,\N,\N
27,287,0,0,\N,0,0,101,20,0,0,0,\N,0,\N,0,0,0,0,0,0,0,7,\N,\N,\N,\N,\N,\N,\N
27,288,0,7,\N,0,0,101,8,0,0,0,\N,0,\N,0,0,0,0,0,0,0,7,\N,\N,\N,\N,\N,\N,\N
27,289,0,16,\N,0,0,101,12,4,0,0,\N,0,\N,0,0,0,0,0,0,0,7,\N,\N,\N,\N,\N,\N,\N
27,290,0,0,\N,1,70,100,20,0,0,0,\N,0,\N,0,0,0,0,0,0,0,0,\N,\N,\N,\N,\N,\N,\N
27,291,1,10,\N,1,80,100,12,0,0,0,\N,0,\N,0,0,0,0,0,0,0,0,\N,\N,\N,\N,\N,\N,\N
27,292,0,1,\N,1,15,100,20,0,0,0,\N,0,\N,0,0,0,0,0,0,0,0,\N,\N,\N,\N,\N,\N,\N
27,293,0,0,\N,0,0,101,20,0,0,0,\N,0,\N,0,0,0,0,0,0,0,7,\N,\N,\N,\N,\N,\N,\N
27,294,0,6,\N,0,0,101,20,0,0,0,\N,0,\N,0,0,0,0,0,0,0,7,\N,\N,\N,\N,\N,\N,\N
27,295,0,13,\N,2,95,100,8,0,0,0,\N,0,\N,0,0,0,0,0,0,0,0,\N,\N,\N,\N,\N,\N,\N
27,296,0,13,\N,2,95,100,8,0,0,0,\N,0,\N,0,0,0,0,0,0,0,0,\N,\N,\N,\N,\N,\N,\N
27,297,1,2,\N,0,0,100,16,0,0,0,\N,0,\N,0,0,0,0,0,0,0,0,\N,\N,\N,\N,\N,\N,\N
27,298,1,0,\N,0,0,100,20,0,0,0,\N,0,\N,0,0,0,0,0,0,0,4,\N,\N,\N,\N,\N,\N,\N
27,299,1,9,\N,1,85,90,12,0,0,0,\N,0,\N,0,0,0,0,0,0,0,0,\N,\N,\N,\N,\N,\N,\N
27,300,0,4,\N,0,0,101,16,0,0,0,\N,0,\N,0,0,0,0,0,0,0,10,\N,\N,\N,\N,\N,\N,\N
27,301,0,14,\N,1,30,90,20,0,0,0,\N,0,\N,0,0,0,0,0,0,0,0,\N,\N,\N,\N,\N,\N,\N
27,302,0,11,\N,1,60,100,16,0,0,0,\N,0,\N,0,0,0,0,0,0,0,0,\N,\N,\N,\N,\N,\N,\N
27,303,1,0,\N,0,0,101,8,0,0,0,\N,0,\N,0,0,0,0,0,0,0,7,\N,\N,\N,\N,\N,\N,\N
27,304,1,0,\N,2,90,100,12,0,0,0,\N,0,\N,0,0,0,0,0,0,0,5,\N,\N,\N,\N,\N,\N,\N
27,305,1,3,\N,1,50,100,16,0,0,0,\N,0,\N,0,0,0,0,0,0,0,0,\N,\N,\N,\N,\N,\N,\N
27,306,1,0,\N,1,75,95,12,0,0,0,\N,0,\N,0,0,0,0,0,0,0,0,\N,\N,\N,\N,\N,\N,\N
27,307,1,9,\N,2,150,90,8,0,0,0,\N,0,\N,0,0,0,0,0,0,0,0,\N,\N,\N,\N,\N,\N,\N
27,308,1,10,\N,2,150,90,8,0,0,0,\N,0,\N,0,0,0,0,0,0,0,0,\N,\N,\N,\N,\N,\N,\N
27,309,1,8,\N,1,90,90,12,0,0,0,\N,0,\N,0,0,0,0,0,0,0,0,\N,\N,\N,\N,\N,\N,\N
27,310,0,7,\N,1,30,100,16,0,0,0,\N,0,\N,0,0,0,0,0,0,0,0,\N,\N,\N,\N,\N,\N,\N
27,311,1,0,\N,2,50,100,12,0,0,0,\N,0,\N,0,0,0,0,0,0,0,0,\N,\N,\N,\N,\N,\N,\N
27,312,0,11,\N,0,0,101,8,0,0,0,\N,0,\N,0,0,0,0,0,0,0,6,\N,\N,\N,\N,\N,\N,\N
27,313,1,16,\N,0,0,100,20,0,0,0,\N,0,\N,0,0,0,0,0,0,0,0,\N,\N,\N,\N,\N,\N,\N
27,314,1,2,\N,2,60,95,20,0,0,0,\N,0,\N,0,0,0,0,0,0,0,5,\N,\N,\N,\N,\N,\N,\N
27,315,1,9,\N,2,130,90,8,0,0,0,\N,0,\N,0,0,0,0,0,0,0,0,\N,\N,\N,\N,\N,\N,\N
27,316,0,0,\N,0,0,101,20,0,0,0,\N,0,\N,0,0,0,0,0,0,0,0,\N,\N,\N,\N,\N,\N,\N
27,317,1,5,\N,1,60,95,16,0,0,0,\N,0,\N,0,0,0,0,0,0,0,0,\N,\N,\N,\N,\N,\N,\N
27,318,0,6,\N,2,60,100,8,0,0,0,\N,0,\N,0,0,0,0,0,0,0,0,\N,\N,\N,\N,\N,\N,\N
27,319,1,8,\N,0,0,85,20,0,0,0,\N,0,\N,0,0,0,0,0,0,0,0,\N,\N,\N,\N,\N,\N,\N
27,320,0,11,\N,0,0,55,16,0,0,0,\N,0,\N,0,0,0,0,0,0,0,0,\N,\N,\N,\N,\N,\N,\N
27,321,1,0,\N,0,0,100,20,0,0,0,\N,0,\N,0,0,0,0,0,0,0,0,\N,\N,\N,\N,\N,\N,\N
27,322,1,13,\N,0,0,101,20,0,0,0,\N,0,\N,0,0,0,0,0,0,0,7,\N,\N,\N,\N,\N,\N,\N
27,323,1,10,\N,2,150,100,8,0,0,0,\N,0,\N,0,0,0,0,0,0,0,5,\N,\N,\N,\N,\N,\N,\N
27,324,0,6,\N,2,75,100,16,0,0,0,\N,0,\N,0,0,0,0,0,0,0,0,\N,\N,\N,\N,\N,\N,\N
27,325,1,7,\N,1,60,101,20,0,0,0,\N,0,\N,0,0,0,0,0,0,0,0,\N,\N,\N,\N,\N,\N,\N
27,326,1,13,\N,2,80,100,20,0,0,0,\N,0,\N,0,0,0,0,0,0,0,0,\N,\N,\N,\N,\N,\N,\N
27,327,0,1,\N,1,85,90,16,0,0,0,\N,0,\N,0,0,0,0,0,0,0,0,\N,\N,\N,\N,\N,\N,\N
27,328,1,4,\N,1,35,85,16,0,0,0,\N,0,\N,0,0,0,0,0,0,0,0,\N,\N,\N,\N,\N,\N,\N
27,329,1,14,\N,2,1,30,8,0,0,0,\N,0,\N,0,0,0,0,0,0,0,0,\N,\N,\N,\N,\N,\N,\N
27,330,1,10,\N,2,90,85,12,0,0,0,\N,0,\N,0,0,0,0,0,0,0,5,\N,\N,\N,\N,\N,\N,\N
27,331,1,11,\N,1,25,100,20,0,0,0,\N,0,\N,0,0,0,0,0,0,0,0,\N,\N,\N,\N,\N,\N,\N
27,332,1,2,\N,1,60,101,20,0,0,0,\N,0,\N,0,0,0,0,0,0,0,0,\N,\N,\N,\N,\N,\N,\N
27,333,1,14,\N,1,25,100,20,0,0,0,\N,0,\N,0,0,0,0,0,0,0,0,\N,\N,\N,\N,\N,\N,\N
27,334,1,8,\N,0,0,101,16,0,0,0,\N,0,\N,0,0,0,0,0,0,0,7,\N,\N,\N,\N,\N,\N,\N
27,335,1,0,\N,0,0,101,8,0,0,0,\N,0,\N,0,0,0,0,0,0,0,0,\N,\N,\N,\N,\N,\N,\N
27,336,1,0,\N,0,0,101,20,0,0,0,\N,0,\N,0,0,0,0,0,0,0,6,\N,\N,\N,\N,\N,\N,\N
27,337,1,15,\N,1,80,100,16,0,0,0,\N,0,\N,0,0,0,0,0,0,0,0,\N,\N,\N,\N,\N,\N,\N
27,338,1,11,\N,2,150,90,8,0,0,0,\N,0,\N,0,0,0,0,0,0,0,0,\N,\N,\N,\N,\N,\N,\N
27,339,1,1,\N,0,0,101,20,0,0,0,\N,0,\N,0,0,0,0,0,0,0,7,\N,\N,\N,\N,\N,\N,\N
27,340,1,2,\N,1,85,85,8,0,0,0,\N,0,\N,0,0,0,0,0,0,0,0,\N,\N,\N,\N,\N,\N,\N
27,341,1,4,\N,2,55,95,16,0,0,0,\N,0,\N,0,0,0,0,0,0,0,0,\N,\N,\N,\N,\N,\N,\N
27,342,0,3,\N,1,50,100,20,0,0,0,\N,0,\N,0,0,0,0,0,0,0,0,\N,\N,\N,\N,\N,\N,\N
27,343,1,0,\N,1,60,100,20,0,0,0,\N,0,\N,0,0,0,0,0,0,0,0,\N,\N,\N,\N,\N,\N,\N
27,344,1,12,\N,1,120,100,16,0,0,0,\N,0,\N,0,0,0,0,0,0,0,0,\N,\N,\N,\N,\N,\N,\N
27,345,0,11,\N,2,60,101,20,0,0,0,\N,0,\N,0,0,0,0,0,0,0,0,\N,\N,\N,\N,\N,\N,\N
27,346,0,10,\N,0,0,101,16,0,0,0,\N,0,\N,0,0,0,0,0,0,0,10,\N,\N,\N,\N,\N,\N,\N
27,347,1,13,\N,0,0,101,20,0,0,0,\N,0,\N,0,0,0,0,0,0,0,7,\N,\N,\N,\N,\N,\N,\N
27,348,1,11,\N,1,90,100,16,0,0,0,\N,0,\N,0,0,0,0,0,0,0,0,\N,\N,\N,\N,\N,\N,\N
27,349,1,15,\N,0,0,101,20,0,0,0,\N,0,\N,0,0,0,0,0,0,0,7,\N,\N,\N,\N,\N,\N,\N
27,350,1,5,\N,1,25,90,12,0,0,0,\N,0,\N,0,0,0,0,0,0,0,0,\N,\N,\N,\N,\N,\N,\N
27,351,0,12,\N,2,60,101,20,0,0,0,\N,0,\N,0,0,0,0,0,0,0,0,\N,\N,\N,\N,\N,\N,\N
27,352,1,10,\N,2,60,100,20,0,0,0,\N,0,\N,0,0,0,0,0,0,0,0,\N,\N,\N,\N,\N,\N,\N
27,353,0,8,\N,2,140,100,8,0,0,0,\N,0,\N,0,0,0,0,0,0,0,0,\N,\N,\N,\N,\N,\N,\N
27,354,0,13,\N,2,140,90,8,0,0,0,\N,0,\N,0,0,0,0,0,0,0,0,\N,\N,\N,\N,\N,\N,\N
27,355,1,2,\N,0,0,101,8,0,0,0,\N,0,\N,0,0,0,0,0,0,0,7,\N,\N,\N,\N,\N,\N,\N
27,356,1,13,\N,0,0,101,8,0,0,0,\N,0,\N,0,0,0,0,0,0,0,10,\N,\N,\N,\N,\N,\N,\N
27,357,0,13,\N,0,0,101,20,0,0,0,\N,0,\N,0,0,0,0,0,0,0,0,\N,\N,\N,\N,\N,\N,\N
27,358,0,1,\N,1,70,100,12,0,0,0,\N,0,\N,0,0,0,0,0,0,0,0,\N,\N,\N,\N,\N,\N,\N
27,359,1,1,\N,1,100,90,12,0,0,0,\N,0,\N,0,0,0,0,0,0,0,0,\N,\N,\N,\N,\N,\N,\N
27,360,1,8,\N,1,1,100,8,0,0,0,\N,0,\N,0,0,0,0,0,0,0,0,\N,\N,\N,\N,\N,\N,\N
27,361,1,13,\N,0,0,101,12,0,0,0,\N,0,\N,0,0,0,0,0,0,0,7,\N,\N,\N,\N,\N,\N,\N
27,362,0,10,\N,2,65,100,12,0,0,0,\N,0,\N,0,0,0,0,0,0,0,0,\N,\N,\N,\N,\N,\N,\N
27,363,0,0,\N,1,1,100,16,0,0,0,\N,0,\N,0,0,0,0,0,0,0,0,\N,\N,\N,\N,\N,\N,\N
27,364,1,0,\N,1,30,100,12,2,0,0,\N,0,\N,0,0,0,0,0,0,0,0,\N,\N,\N,\N,\N,\N,\N
27,365,1,2,\N,1,60,100,20,0,0,0,\N,0,\N,0,0,0,0,0,0,0,0,\N,\N,\N,\N,\N,\N,\N
27,366,1,2,\N,0,0,101,16,0,0,0,\N,0,\N,0,0,0,0,0,0,0,12,\N,\N,\N,\N,\N,\N,\N
27,367,1,0,\N,0,0,101,20,0,0,0,\N,0,\N,0,0,0,0,0,0,0,1,\N,\N,\N,\N,\N,\N,\N
27,368,1,8,\N,1,1,100,12,0,0,0,\N,0,\N,0,0,0,0,0,0,0,13,\N,\N,\N,\N,\N,\N,\N
27,369,1,6,\N,1,70,100,20,0,0,0,\N,0,\N,0,0,0,0,0,0,0,0,\N,\N,\N,\N,\N,\N,\N
27,370,1,1,\N,1,120,100,8,0,0,0,\N,0,\N,0,0,0,0,0,0,0,0,\N,\N,\N,\N,\N,\N,\N
27,371,1,16,\N,1,50,100,12,0,0,0,\N,0,\N,0,0,0,0,0,0,0,0,\N,\N,\N,\N,\N,\N,\N
27,372,1,16,\N,1,60,100,12,0,0,0,\N,0,\N,0,0,0,0,0,0,0,0,\N,\N,\N,\N,\N,\N,\N
27,373,0,16,\N,0,0,100,16,0,0,0,\N,0,\N,0,0,0,0,0,0,0,0,\N,\N,\N,\N,\N,\N,\N
27,374,1,16,\N,1,1,100,12,0,0,0,\N,0,\N,0,0,0,0,0,0,0,0,\N,\N,\N,\N,\N,\N,\N
27,375,0,13,\N,0,0,100,12,0,0,0,\N,0,\N,0,0,0,0,0,0,0,0,\N,\N,\N,\N,\N,\N,\N
27,376,0,0,\N,2,1,101,8,0,0,0,\N,0,\N,0,0,0,0,0,0,0,0,\N,\N,\N,\N,\N,\N,\N
27,377,0,13,\N,0,0,100,16,0,0,0,\N,0,\N,0,0,0,0,0,0,0,5,\N,\N,\N,\N,\N,\N,\N
27,378,0,0,\N,2,1,100,8,0,0,0,\N,0,\N,0,0,0,0,0,0,0,0,\N,\N,\N,\N,\N,\N,\N
27,379,1,13,\N,0,0,101,12,0,0,0,\N,0,\N,0,0,0,0,0,0,0,7,\N,\N,\N,\N,\N,\N,\N
27,380,1,3,\N,0,0,100,12,0,0,0,\N,0,\N,0,0,0,0,0,0,0,0,\N,\N,\N,\N,\N,\N,\N
27,381,0,0,\N,0,0,101,20,0,0,0,\N,0,\N,0,0,0,0,0,0,0,12,\N,\N,\N,\N,\N,\N,\N
27,382,0,0,\N,0,1,101,20,0,0,0,\N,0,\N,0,0,0,0,0,0,0,3,\N,\N,\N,\N,\N,\N,\N
27,383,1,0,\N,0,0,101,20,0,0,0,\N,0,\N,0,0,0,0,0,0,0,7,\N,\N,\N,\N,\N,\N,\N
27,384,1,13,\N,0,0,101,12,0,0,0,\N,0,\N,0,0,0,0,0,0,0,0,\N,\N,\N,\N,\N,\N,\N
27,385,1,13,\N,0,0,101,12,0,0,0,\N,0,\N,0,0,0,0,0,0,0,0,\N,\N,\N,\N,\N,\N,\N
27,386,0,16,\N,1,1,100,8,0,0,0,\N,0,\N,0,0,0,0,0,0,0,0,\N,\N,\N,\N,\N,\N,\N
27,387,1,0,\N,1,140,100,8,0,0,0,\N,0,\N,0,0,0,0,0,0,0,0,\N,\N,\N,\N,\N,\N,\N
27,388,1,11,\N,0,0,100,12,0,0,0,\N,0,\N,0,0,0,0,0,0,0,0,\N,\N,\N,\N,\N,\N,\N
27,389,1,16,\N,1,70,100,8,1,0,0,\N,0,\N,0,0,0,0,0,0,0,0,\N,\N,\N,\N,\N,\N,\N
27,390,1,3,\N,0,0,101,20,0,0,0,\N,0,\N,0,0,0,0,0,0,0,11,\N,\N,\N,\N,\N,\N,\N
27,391,0,13,\N,0,0,101,12,0,0,0,\N,0,\N,0,0,0,0,0,0,0,0,\N,\N,\N,\N,\N,\N,\N
27,392,1,10,\N,0,0,101,20,0,0,0,\N,0,\N,0,0,0,0,0,0,0,7,\N,\N,\N,\N,\N,\N,\N
27,393,1,12,\N,0,0,101,12,0,0,0,\N,0,\N,0,0,0,0,0,0,0,7,\N,\N,\N,\N,\N,\N,\N
27,394,1,9,\N,1,120,100,16,0,0,0,\N,0,\N,0,0,0,0,0,0,0,0,\N,\N,\N,\N,\N,\N,\N
27,395,0,1,\N,1,60,100,12,0,0,0,\N,0,\N,0,0,0,0,0,0,0,0,\N,\N,\N,\N,\N,\N,\N
27,396,1,1,\N,2,80,101,20,0,0,0,\N,0,\N,0,0,0,0,0,0,0,0,\N,\N,\N,\N,\N,\N,\N
27,397,1,5,\N,0,0,101,20,0,0,0,\N,0,\N,0,0,0,0,0,0,0,7,\N,\N,\N,\N,\N,\N,\N
27,398,1,3,\N,1,80,100,20,0,0,0,\N,0,\N,0,0,0,0,0,0,0,0,\N,\N,\N,\N,\N,\N,\N
27,399,1,16,\N,2,80,100,16,0,0,0,\N,0,\N,0,0,0,0,0,0,0,0,\N,\N,\N,\N,\N,\N,\N
27,400,1,16,\N,1,70,100,20,0,0,0,\N,0,\N,0,0,0,0,0,0,0,0,\N,\N,\N,\N,\N,\N,\N
27,401,1,10,\N,1,90,90,12,0,0,0,\N,0,\N,0,0,0,0,0,0,0,0,\N,\N,\N,\N,\N,\N,\N
27,402,1,11,\N,1,80,100,16,0,0,0,\N,0,\N,0,0,0,0,0,0,0,0,\N,\N,\N,\N,\N,\N,\N
27,403,1,2,\N,2,75,95,16,0,0,0,\N,0,\N,0,0,0,0,0,0,0,0,\N,\N,\N,\N,\N,\N,\N
27,404,1,6,\N,1,80,100,16,0,0,0,\N,0,\N,0,0,0,0,0,0,0,0,\N,\N,\N,\N,\N,\N,\N
27,405,1,6,\N,2,90,100,12,0,0,0,\N,0,\N,0,0,0,0,0,0,0,0,\N,\N,\N,\N,\N,\N,\N
27,406,1,15,\N,2,85,100,12,0,0,0,\N,0,\N,0,0,0,0,0,0,0,0,\N,\N,\N,\N,\N,\N,\N
27,407,1,15,\N,1,100,75,12,0,0,0,\N,0,\N,0,0,0,0,0,0,0,0,\N,\N,\N,\N,\N,\N,\N
27,408,1,5,\N,2,80,100,20,0,0,0,\N,0,\N,0,0,0,0,0,0,0,0,\N,\N,\N,\N,\N,\N,\N
27,409,1,1,\N,1,75,100,12,0,0,0,\N,0,\N,0,0,0,0,0,0,0,0,\N,\N,\N,\N,\N,\N,\N
27,410,1,1,\N,2,40,100,20,1,0,0,\N,0,\N,0,0,0,0,0,0,0,0,\N,\N,\N,\N,\N,\N,\N
27,411,1,1,\N,2,120,70,8,0,0,0,\N,0,\N,0,0,0,0,0,0,0,0,\N,\N,\N,\N,\N,\N,\N
27,412,1,11,\N,2,90,100,12,0,0,0,\N,0,\N,0,0,0,0,0,0,0,0,\N,\N,\N,\N,\N,\N,\N
27,413,1,2,\N,1,120,100,16,0,0,0,\N,0,\N,0,0,0,0,0,0,0,0,\N,\N,\N,\N,\N,\N,\N
27,414,1,4,\N,2,90,100,12,0,0,0,\N,0,\N,0,0,0,0,0,0,0,0,\N,\N,\N,\N,\N,\N,\N
27,415,1,16,\N,0,0,100,12,0,0,0,\N,0,\N,0,0,0,0,0,0,0,0,\N,\N,\N,\N,\N,\N,\N
27,416,1,0,\N,1,150,90,8,0,0,0,\N,0,\N,0,0,0,0,0,0,0,0,\N,\N,\N,\N,\N,\N,\N
27,417,1,16,\N,0,0,101,20,0,0,0,\N,0,\N,0,0,0,0,0,0,0,7,\N,\N,\N,\N,\N,\N,\N
27,418,1,8,\N,1,40,100,20,1,0,0,\N,0,\N,0,0,0,0,0,0,0,0,\N,\N,\N,\N,\N,\N,\N
27,419,1,14,\N,1,60,100,12,-4,0,0,\N,0,\N,0,0,0,0,0,0,0,0,\N,\N,\N,\N,\N,\N,\N
27,420,1,14,\N,1,40,100,20,1,0,0,\N,0,\N,0,0,0,0,0,0,0,0,\N,\N,\N,\N,\N,\N,\N
27,421,1,7,\N,1,70,100,16,0,0,0,\N,0,\N,0,0,0,0,0,0,0,0,\N,\N,\N,\N,\N,\N,\N
27,422,1,12,\N,1,65,95,16,0,0,0,\N,0,\N,0,0,0,0,0,0,0,0,\N,\N,\N,\N,\N,\N,\N
27,423,1,14,\N,1,65,95,16,0,0,0,\N,0,\N,0,0,0,0,0,0,0,0,\N,\N,\N,\N,\N,\N,\N
27,424,1,9,\N,1,65,95,16,0,0,0,\N,0,\N,0,0,0,0,0,0,0,0,\N,\N,\N,\N,\N,\N,\N
27,425,1,7,\N,1,40,100,20,1,0,0,\N,0,\N,0,0,0,0,0,0,0,0,\N,\N,\N,\N,\N,\N,\N
27,426,0,4,\N,2,65,85,12,0,0,0,\N,0,\N,0,0,0,0,0,0,0,0,\N,\N,\N,\N,\N,\N,\N
27,427,1,13,\N,1,70,100,20,0,0,0,\N,0,\N,0,0,0,0,0,0,0,0,\N,\N,\N,\N,\N,\N,\N
27,428,1,13,\N,1,80,90,16,0,0,0,\N,0,\N,0,0,0,0,0,0,0,0,\N,\N,\N,\N,\N,\N,\N
27,429,0,8,\N,2,65,85,12,0,0,0,\N,0,\N,0,0,0,0,0,0,0,0,\N,\N,\N,\N,\N,\N,\N
27,430,1,8,\N,2,80,100,12,0,0,0,\N,0,\N,0,0,0,0,0,0,0,0,\N,\N,\N,\N,\N,\N,\N
27,431,0,0,\N,1,90,85,20,0,0,0,\N,0,\N,0,0,0,0,0,0,0,0,\N,\N,\N,\N,\N,\N,\N
27,432,1,2,\N,0,0,101,16,0,0,0,\N,0,\N,0,0,0,0,0,0,0,0,\N,\N,\N,\N,\N,\N,\N
27,433,1,13,\N,0,0,101,8,-7,0,0,\N,0,\N,0,0,0,0,0,0,0,10,\N,\N,\N,\N,\N,\N,\N
27,434,1,15,\N,2,130,90,8,0,0,0,\N,0,\N,0,0,0,0,0,0,0,0,\N,\N,\N,\N,\N,\N,\N
27,435,1,12,\N,2,80,100,16,0,0,0,\N,0,\N,0,0,0,0,0,0,0,4,\N,\N,\N,\N,\N,\N,\N
27,436,1,9,\N,2,80,100,16,0,0,0,\N,0,\N,0,0,0,0,0,0,0,4,\N,\N,\N,\N,\N,\N,\N
27,437,1,11,\N,2,130,90,8,0,0,0,\N,0,\N,0,0,0,0,0,0,0,0,\N,\N,\N,\N,\N,\N,\N
27,438,1,11,\N,1,120,85,12,0,0,0,\N,0,\N,0,0,0,0,0,0,0,0,\N,\N,\N,\N,\N,\N,\N
27,439,1,5,\N,1,150,90,8,0,0,0,\N,0,\N,0,0,0,0,0,0,0,0,\N,\N,\N,\N,\N,\N,\N
27,440,1,3,\N,1,70,100,20,0,0,0,\N,0,\N,0,0,0,0,0,0,0,0,\N,\N,\N,\N,\N,\N,\N
27,441,1,3,\N,1,120,80,8,0,0,0,\N,0,\N,0,0,0,0,0,0,0,0,\N,\N,\N,\N,\N,\N,\N
27,442,1,8,\N,1,80,100,16,0,0,0,\N,0,\N,0,0,0,0,0,0,0,0,\N,\N,\N,\N,\N,\N,\N
27,443,0,8,\N,1,60,101,20,0,0,0,\N,0,\N,0,0,0,0,0,0,0,0,\N,\N,\N,\N,\N,\N,\N
27,444,1,5,\N,1,100,80,8,0,0,0,\N,0,\N,0,0,0,0,0,0,0,0,\N,\N,\N,\N,\N,\N,\N
27,445,0,0,\N,0,0,100,20,0,0,0,\N,0,\N,0,0,0,0,0,0,0,5,\N,\N,\N,\N,\N,\N,\N
27,446,1,5,\N,0,0,101,20,0,0,0,\N,0,\N,0,0,0,0,0,0,0,11,\N,\N,\N,\N,\N,\N,\N
27,447,1,11,\N,2,1,100,20,0,0,0,\N,0,\N,0,0,0,0,0,0,0,0,\N,\N,\N,\N,\N,\N,\N
27,448,0,2,\N,2,65,100,20,0,0,0,\N,0,\N,0,0,0,0,0,0,0,0,\N,\N,\N,\N,\N,\N,\N
27,449,0,0,\N,2,100,100,12,0,0,0,\N,0,\N,0,0,0,0,0,0,0,0,\N,\N,\N,\N,\N,\N,\N
27,450,1,6,\N,1,60,100,20,0,0,0,\N,0,\N,0,0,0,0,0,0,0,0,\N,\N,\N,\N,\N,\N,\N
27,451,1,12,\N,2,50,90,12,0,0,0,\N,0,\N,0,0,0,0,0,0,0,0,\N,\N,\N,\N,\N,\N,\N
27,452,1,11,\N,1,120,100,16,0,0,0,\N,0,\N,0,0,0,0,0,0,0,0,\N,\N,\N,\N,\N,\N,\N
27,453,1,10,\N,1,40,100,20,1,0,0,\N,0,\N,0,0,0,0,0,0,0,0,\N,\N,\N,\N,\N,\N,\N
27,454,0,6,\N,1,90,100,16,0,0,0,\N,0,\N,0,0,0,0,0,0,0,0,\N,\N,\N,\N,\N,\N,\N
27,455,0,6,\N,0,0,101,12,0,0,0,\N,0,\N,0,0,0,0,0,0,0,7,\N,\N,\N,\N,\N,\N,\N
27,456,0,6,\N,0,0,101,12,0,0,0,\N,0,\N,0,0,0,0,0,0,0,7,\N,\N,\N,\N,\N,\N,\N
27,457,1,5,\N,1,150,80,8,0,0,0,\N,0,\N,0,0,0,0,0,0,0,0,\N,\N,\N,\N,\N,\N,\N
27,458,1,0,\N,1,35,90,12,0,0,0,\N,0,\N,0,0,0,0,0,0,0,0,\N,\N,\N,\N,\N,\N,\N
27,459,0,15,\N,2,150,90,8,0,0,0,\N,0,\N,0,0,0,0,0,0,0,0,\N,\N,\N,\N,\N,\N,\N
27,460,0,15,\N,2,100,95,8,0,0,0,\N,0,\N,0,0,0,0,0,0,0,0,\N,\N,\N,\N,\N,\N,\N
27,461,0,13,\N,0,0,101,12,0,0,0,\N,0,\N,0,0,0,0,0,0,0,7,\N,\N,\N,\N,\N,\N,\N
27,462,0,0,\N,1,1,100,8,0,0,0,\N,0,\N,0,0,0,0,0,0,0,0,\N,\N,\N,\N,\N,\N,\N
27,463,0,9,\N,2,100,75,8,0,0,0,\N,0,\N,0,0,0,0,0,0,0,0,\N,\N,\N,\N,\N,\N,\N
27,464,0,16,\N,0,0,50,12,0,0,0,\N,0,\N,0,0,0,0,0,0,0,5,\N,\N,\N,\N,\N,\N,\N
27,465,0,11,\N,2,120,85,8,0,0,0,\N,0,\N,0,0,0,0,0,0,0,0,\N,\N,\N,\N,\N,\N,\N
27,466,0,7,\N,2,60,100,8,0,0,0,\N,0,\N,0,0,0,0,0,0,0,0,\N,\N,\N,\N,\N,\N,\N
27,467,0,7,\N,1,120,100,8,0,0,0,\N,0,\N,0,0,0,0,0,0,0,0,\N,\N,\N,\N,\N,\N,\N
27,468,0,16,\N,0,0,101,16,0,0,0,\N,0,\N,0,0,0,0,0,0,0,7,\N,\N,\N,\N,\N,\N,\N
27,469,1,5,\N,0,0,101,12,3,0,0,\N,0,\N,0,0,0,0,0,0,0,12,\N,\N,\N,\N,\N,\N,\N
27,470,1,13,\N,0,0,101,12,0,0,0,\N,0,\N,0,0,0,0,0,0,0,0,\N,\N,\N,\N,\N,\N,\N
27,471,1,13,\N,0,0,101,12,0,0,0,\N,0,\N,0,0,0,0,0,0,0,0,\N,\N,\N,\N,\N,\N,\N
27,472,1,13,\N,0,0,101,12,0,0,0,\N,0,\N,0,0,0,0,0,0,0,10,\N,\N,\N,\N,\N,\N,\N
27,473,1,13,\N,2,80,100,12,0,0,0,\N,0,\N,0,0,0,0,0,0,0,0,\N,\N,\N,\N,\N,\N,\N
27,474,1,3,\N,2,65,100,12,0,0,0,\N,0,\N,0,0,0,0,0,0,0,0,\N,\N,\N,\N,\N,\N,\N
27,475,0,8,\N,0,0,101,16,0,0,0,\N,0,\N,0,0,0,0,0,0,0,7,\N,\N,\N,\N,\N,\N,\N
27,476,1,6,\N,0,0,101,20,2,0,0,\N,0,\N,0,0,0,0,0,0,0,7,\N,\N,\N,\N,\N,\N,\N
27,477,0,13,\N,0,0,101,16,0,0,0,\N,0,\N,0,0,0,0,0,0,0,0,\N,\N,\N,\N,\N,\N,\N
27,478,1,13,\N,0,0,101,12,0,0,0,\N,0,\N,0,0,0,0,0,0,0,10,\N,\N,\N,\N,\N,\N,\N
27,479,1,5,\N,1,50,100,16,0,0,0,\N,0,\N,0,0,0,0,0,0,0,0,\N,\N,\N,\N,\N,\N,\N
27,480,1,1,\N,1,60,100,12,0,0,0,\N,0,\N,0,0,0,0,0,0,0,0,\N,\N,\N,\N,\N,\N,\N
27,481,0,9,\N,2,70,100,16,0,0,0,\N,0,\N,0,0,0,0,0,0,0,0,\N,\N,\N,\N,\N,\N,\N
27,482,1,3,\N,2,95,100,12,0,0,0,\N,0,\N,0,0,0,0,0,0,0,4,\N,\N,\N,\N,\N,\N,\N
27,483,1,6,\N,0,0,101,20,0,0,0,\N,0,\N,0,0,0,0,0,0,0,7,\N,\N,\N,\N,\N,\N,\N
27,484,1,8,\N,1,1,100,12,0,0,0,\N,0,\N,0,0,0,0,0,0,0,0,\N,\N,\N,\N,\N,\N,\N
27,485,0,13,\N,2,120,100,12,0,0,0,\N,0,\N,0,0,0,0,0,0,0,4,\N,\N,\N,\N,\N,\N,\N
27,486,1,12,\N,2,1,100,12,0,0,0,\N,0,\N,0,0,0,0,0,0,0,0,\N,\N,\N,\N,\N,\N,\N
27,487,1,10,\N,0,0,100,20,0,0,0,\N,0,\N,0,0,0,0,0,0,0,0,\N,\N,\N,\N,\N,\N,\N
27,488,1,9,\N,1,50,100,20,0,0,0,\N,0,\N,0,0,0,0,0,0,0,0,\N,\N,\N,\N,\N,\N,\N
27,489,1,3,\N,0,0,101,20,0,0,0,\N,0,\N,0,0,0,0,0,0,0,7,\N,\N,\N,\N,\N,\N,\N
27,490,1,1,\N,1,65,100,20,0,0,0,\N,0,\N,0,0,0,0,0,0,0,0,\N,\N,\N,\N,\N,\N,\N
27,491,1,3,\N,2,40,100,20,0,0,0,\N,0,\N,0,0,0,0,0,0,0,0,\N,\N,\N,\N,\N,\N,\N
27,492,1,16,\N,1,95,100,16,0,0,0,\N,0,\N,0,0,0,0,0,0,0,0,\N,\N,\N,\N,\N,\N,\N
27,493,1,0,\N,0,0,100,16,0,0,0,\N,0,\N,0,0,0,0,0,0,0,0,\N,\N,\N,\N,\N,\N,\N
27,494,1,0,\N,0,0,100,16,0,0,0,\N,0,\N,0,0,0,0,0,0,0,0,\N,\N,\N,\N,\N,\N,\N
27,495,1,0,\N,0,0,101,16,0,0,0,\N,0,\N,0,0,0,0,0,0,0,0,\N,\N,\N,\N,\N,\N,\N
27,496,1,0,\N,2,60,100,16,0,0,0,\N,0,\N,0,0,0,0,0,0,0,0,\N,\N,\N,\N,\N,\N,\N
27,497,0,0,\N,2,40,100,16,0,0,0,\N,0,\N,0,0,0,0,0,0,0,0,\N,\N,\N,\N,\N,\N,\N
27,498,0,0,\N,1,70,100,20,0,0,0,\N,0,\N,0,0,0,0,0,0,0,0,\N,\N,\N,\N,\N,\N,\N
27,499,1,3,\N,2,50,101,16,0,0,0,\N,0,\N,0,0,0,0,0,0,0,0,\N,\N,\N,\N,\N,\N,\N
27,500,1,13,\N,2,20,100,12,0,0,0,\N,0,\N,0,0,0,0,0,0,0,0,\N,\N,\N,\N,\N,\N,\N
27,501,1,1,\N,0,0,101,16,3,0,0,\N,0,\N,0,0,0,0,0,0,0,12,\N,\N,\N,\N,\N,\N,\N
27,502,1,13,\N,0,0,101,16,2,0,0,\N,0,\N,0,0,0,0,0,0,0,7,\N,\N,\N,\N,\N,\N,\N
27,503,1,10,\N,2,80,100,16,0,0,0,\N,0,\N,0,0,0,0,0,0,0,0,\N,\N,\N,\N,\N,\N,\N
27,504,1,0,\N,0,0,101,16,0,0,0,\N,0,\N,0,0,0,0,0,0,0,7,\N,\N,\N,\N,\N,\N,\N
27,505,1,13,\N,0,0,101,12,0,0,0,\N,0,\N,0,0,0,0,0,0,0,0,\N,\N,\N,\N,\N,\N,\N
27,506,1,7,\N,2,65,100,12,0,0,0,\N,0,\N,0,0,0,0,0,0,0,0,\N,\N,\N,\N,\N,\N,\N
27,507,0,2,\N,1,60,100,12,0,0,0,\N,0,\N,0,0,0,0,0,0,0,0,\N,\N,\N,\N,\N,\N,\N
27,508,1,8,\N,0,0,101,12,0,0,0,\N,0,\N,0,0,0,0,0,0,0,7,\N,\N,\N,\N,\N,\N,\N
27,509,1,1,\N,1,60,90,12,-6,0,0,\N,0,\N,0,0,0,0,0,0,0,0,\N,\N,\N,\N,\N,\N,\N
27,510,0,9,\N,2,60,100,16,0,0,0,\N,0,\N,0,0,0,0,0,0,0,5,\N,\N,\N,\N,\N,\N,\N
27,511,1,16,\N,0,0,100,16,0,0,0,\N,0,\N,0,0,0,0,0,0,0,0,\N,\N,\N,\N,\N,\N,\N
27,512,1,2,\N,1,55,100,16,0,0,0,\N,0,\N,0,0,0,0,0,0,0,0,\N,\N,\N,\N,\N,\N,\N
27,513,1,0,\N,0,0,101,16,0,0,0,\N,0,\N,0,0,0,0,0,0,0,0,\N,\N,\N,\N,\N,\N,\N
27,514,0,0,\N,1,70,100,8,0,0,0,\N,0,\N,0,0,0,0,0,0,0,0,\N,\N,\N,\N,\N,\N,\N
27,515,1,1,\N,2,1,100,8,0,0,0,\N,0,\N,0,0,0,0,0,0,0,0,\N,\N,\N,\N,\N,\N,\N
27,516,0,0,\N,0,0,101,16,0,0,0,\N,0,\N,0,0,0,0,0,0,0,0,\N,\N,\N,\N,\N,\N,\N
27,517,1,9,\N,2,100,50,8,0,0,0,\N,0,\N,0,0,0,0,0,0,0,0,\N,\N,\N,\N,\N,\N,\N
27,518,0,10,\N,2,80,100,12,0,0,0,\N,0,\N,0,0,0,0,0,0,0,0,\N,\N,\N,\N,\N,\N,\N
27,519,0,9,\N,2,80,100,12,0,0,0,\N,0,\N,0,0,0,0,0,0,0,0,\N,\N,\N,\N,\N,\N,\N
27,520,0,11,\N,2,80,100,12,0,0,0,\N,0,\N,0,0,0,0,0,0,0,0,\N,\N,\N,\N,\N,\N,\N
27,521,1,12,\N,2,70,100,20,0,0,0,\N,0,\N,0,0,0,0,0,0,0,0,\N,\N,\N,\N,\N,\N,\N
27,522,1,6,\N,2,50,100,20,0,0,0,\N,0,\N,0,0,0,0,0,0,0,5,\N,\N,\N,\N,\N,\N,\N
27,523,1,4,\N,1,60,100,20,0,0,0,\N,0,\N,0,0,0,0,0,0,0,4,\N,\N,\N,\N,\N,\N,\N
27,524,1,14,\N,2,60,90,12,0,0,0,\N,0,\N,0,0,0,0,0,0,0,0,\N,\N,\N,\N,\N,\N,\N
27,525,1,15,\N,1,60,90,12,-6,0,0,\N,0,\N,0,0,0,0,0,0,0,0,\N,\N,\N,\N,\N,\N,\N
27,526,0,0,\N,0,0,101,20,0,0,0,\N,0,\N,0,0,0,0,0,0,0,7,\N,\N,\N,\N,\N,\N,\N
27,527,1,12,\N,2,55,95,16,0,0,0,\N,0,\N,0,0,0,0,0,0,0,5,\N,\N,\N,\N,\N,\N,\N
27,528,1,12,\N,1,90,100,16,0,0,0,\N,0,\N,0,0,0,0,0,0,0,0,\N,\N,\N,\N,\N,\N,\N
27,529,1,4,\N,1,80,95,12,0,0,0,\N,0,\N,0,0,0,0,0,0,0,0,\N,\N,\N,\N,\N,\N,\N
27,530,0,15,\N,1,40,90,16,0,0,0,\N,0,\N,0,0,0,0,0,0,0,0,\N,\N,\N,\N,\N,\N,\N
27,531,0,13,\N,1,60,100,20,0,0,0,\N,0,\N,0,0,0,0,0,0,0,0,\N,\N,\N,\N,\N,\N,\N
27,532,1,11,\N,1,75,100,12,0,0,0,\N,0,\N,0,0,0,0,0,0,0,0,\N,\N,\N,\N,\N,\N,\N
27,533,1,1,\N,1,90,100,16,0,0,0,\N,0,\N,0,0,0,0,0,0,0,0,\N,\N,\N,\N,\N,\N,\N
27,534,1,10,\N,1,75,95,12,0,0,0,\N,0,\N,0,0,0,0,0,0,0,0,\N,\N,\N,\N,\N,\N,\N
27,535,1,9,\N,1,1,100,12,0,0,0,\N,0,\N,0,0,0,0,0,0,0,0,\N,\N,\N,\N,\N,\N,\N
27,536,0,11,\N,2,65,90,12,0,0,0,\N,0,\N,0,0,0,0,0,0,0,0,\N,\N,\N,\N,\N,\N,\N
27,537,0,6,\N,1,65,100,20,0,0,0,\N,0,\N,0,0,0,0,0,0,0,0,\N,\N,\N,\N,\N,\N,\N
27,538,1,11,\N,0,0,101,12,0,0,0,\N,0,\N,0,0,0,0,0,0,0,7,\N,\N,\N,\N,\N,\N,\N
27,539,1,16,\N,2,90,95,12,0,0,0,\N,0,\N,0,0,0,0,0,0,0,0,\N,\N,\N,\N,\N,\N,\N
27,540,0,13,\N,2,100,100,12,0,0,0,\N,0,\N,0,0,0,0,0,0,0,0,\N,\N,\N,\N,\N,\N,\N
27,541,1,0,\N,1,25,85,12,0,0,0,\N,0,\N,0,0,0,0,0,0,0,0,\N,\N,\N,\N,\N,\N,\N
27,542,1,2,\N,2,110,70,12,0,0,0,\N,0,\N,0,0,0,0,0,0,0,0,\N,\N,\N,\N,\N,\N,\N
27,543,0,0,\N,1,120,100,16,0,0,0,\N,0,\N,0,0,0,0,0,0,0,0,\N,\N,\N,\N,\N,\N,\N
27,544,0,8,\N,1,60,90,16,0,0,0,\N,0,\N,0,0,0,0,0,0,0,0,\N,\N,\N,\N,\N,\N,\N
27,545,0,9,\N,2,100,100,8,0,0,0,\N,0,\N,0,0,0,0,0,0,0,4,\N,\N,\N,\N,\N,\N,\N
27,546,0,0,\N,2,120,100,8,0,0,0,\N,0,\N,0,0,0,0,0,0,0,0,\N,\N,\N,\N,\N,\N,\N
27,547,0,0,\N,2,75,100,12,0,0,0,\N,0,\N,0,0,0,0,0,0,0,5,\N,\N,\N,\N,\N,\N,\N
27,548,0,1,\N,2,85,100,12,0,0,0,\N,0,\N,0,0,0,0,0,0,0,0,\N,\N,\N,\N,\N,\N,\N
27,549,0,14,\N,2,65,95,12,0,0,0,\N,0,\N,0,0,0,0,0,0,0,5,\N,\N,\N,\N,\N,\N,\N
27,550,0,12,\N,1,130,85,8,0,0,0,\N,0,\N,0,0,0,0,0,0,0,0,\N,\N,\N,\N,\N,\N,\N
27,551,0,9,\N,2,130,85,8,0,0,0,\N,0,\N,0,0,0,0,0,0,0,0,\N,\N,\N,\N,\N,\N,\N
27,552,1,9,\N,2,80,100,12,0,0,0,\N,0,\N,0,0,0,0,0,0,0,0,\N,\N,\N,\N,\N,\N,\N
27,553,0,14,\N,1,140,90,8,0,0,0,\N,0,\N,0,0,0,0,0,0,0,0,\N,\N,\N,\N,\N,\N,\N
27,554,0,14,\N,2,140,90,8,0,0,0,\N,0,\N,0,0,0,0,0,0,0,0,\N,\N,\N,\N,\N,\N,\N
27,555,1,16,\N,2,55,95,16,0,0,0,\N,0,\N,0,0,0,0,0,0,0,5,\N,\N,\N,\N,\N,\N,\N
27,556,1,14,\N,1,85,90,12,0,0,0,\N,0,\N,0,0,0,0,0,0,0,0,\N,\N,\N,\N,\N,\N,\N
27,557,0,9,\N,1,180,95,8,0,0,0,\N,0,\N,0,0,0,0,0,0,0,0,\N,\N,\N,\N,\N,\N,\N
27,558,0,9,\N,2,100,100,8,0,0,0,\N,0,\N,0,0,0,0,0,0,0,0,\N,\N,\N,\N,\N,\N,\N
27,559,0,12,\N,1,100,100,8,0,0,0,\N,0,\N,0,0,0,0,0,0,0,0,\N,\N,\N,\N,\N,\N,\N
27,560,1,1,\N,1,100,95,12,0,0,0,\N,0,\N,0,0,0,0,0,0,0,0,\N,\N,\N,\N,\N,\N,\N
27,561,0,1,\N,0,0,101,12,0,0,0,\N,0,\N,0,0,0,0,0,0,0,12,\N,\N,\N,\N,\N,\N,\N
27,562,1,3,\N,2,120,90,12,0,0,0,\N,0,\N,0,0,0,0,0,0,0,0,\N,\N,\N,\N,\N,\N,\N
27,563,0,4,\N,0,0,101,12,0,0,0,\N,0,\N,0,0,0,0,0,0,0,8,\N,\N,\N,\N,\N,\N,\N
27,564,1,6,\N,0,0,101,20,0,0,0,\N,0,\N,0,0,0,0,0,0,0,11,\N,\N,\N,\N,\N,\N,\N
27,565,1,6,\N,1,50,100,20,0,0,0,\N,0,\N,0,0,0,0,0,0,0,0,\N,\N,\N,\N,\N,\N,\N
27,566,1,7,\N,1,90,100,12,0,0,0,\N,0,\N,0,0,0,0,0,0,0,0,\N,\N,\N,\N,\N,\N,\N
27,567,1,7,\N,0,0,100,20,0,0,0,\N,0,\N,0,0,0,0,0,0,0,0,\N,\N,\N,\N,\N,\N,\N
27,568,1,0,\N,0,0,100,20,0,0,0,\N,0,\N,0,0,0,0,0,0,0,0,\N,\N,\N,\N,\N,\N,\N
27,569,0,12,\N,0,0,101,20,1,0,0,\N,0,\N,0,0,0,0,0,0,0,10,\N,\N,\N,\N,\N,\N,\N
27,570,1,12,\N,2,65,100,20,0,0,0,\N,0,\N,0,0,0,0,0,0,0,4,\N,\N,\N,\N,\N,\N,\N
27,571,1,11,\N,0,0,100,20,0,0,0,\N,0,\N,0,0,0,0,0,0,0,0,\N,\N,\N,\N,\N,\N,\N
27,572,1,11,\N,1,90,100,16,0,0,0,\N,0,\N,0,0,0,0,0,0,0,4,\N,\N,\N,\N,\N,\N,\N
27,573,1,14,\N,2,70,100,20,0,0,0,\N,0,\N,0,0,0,0,0,0,0,0,\N,\N,\N,\N,\N,\N,\N
27,574,0,17,\N,2,40,101,16,0,0,0,\N,0,\N,0,0,0,0,0,0,0,5,\N,\N,\N,\N,\N,\N,\N
27,575,1,16,\N,0,0,100,20,0,0,0,\N,0,\N,0,0,0,0,0,0,0,0,\N,\N,\N,\N,\N,\N,\N
27,576,1,16,\N,0,0,101,20,0,0,0,\N,0,\N,0,0,0,0,0,0,0,0,\N,\N,\N,\N,\N,\N,\N
27,577,1,17,\N,2,50,100,12,0,0,0,\N,0,\N,0,0,0,0,0,0,0,0,\N,\N,\N,\N,\N,\N,\N
27,578,0,17,\N,0,0,101,12,3,0,0,\N,0,\N,0,0,0,0,0,0,0,12,\N,\N,\N,\N,\N,\N,\N
27,579,0,17,\N,0,0,101,12,0,0,0,\N,0,\N,0,0,0,0,0,0,0,8,\N,\N,\N,\N,\N,\N,\N
27,580,1,11,\N,0,0,101,12,0,0,0,\N,0,\N,0,0,0,0,0,0,0,10,\N,\N,\N,\N,\N,\N,\N
27,581,1,17,\N,0,0,101,12,0,0,0,\N,0,\N,0,0,0,0,0,0,0,10,\N,\N,\N,\N,\N,\N,\N
27,582,1,12,\N,0,0,101,20,0,0,0,\N,0,\N,0,0,0,0,0,0,0,0,\N,\N,\N,\N,\N,\N,\N
27,583,1,17,\N,1,90,90,12,0,0,0,\N,0,\N,0,0,0,0,0,0,0,0,\N,\N,\N,\N,\N,\N,\N
27,584,0,17,\N,2,40,100,20,0,0,0,\N,0,\N,0,0,0,0,0,0,0,0,\N,\N,\N,\N,\N,\N,\N
27,585,1,17,\N,2,95,100,16,0,0,0,\N,0,\N,0,0,0,0,0,0,0,0,\N,\N,\N,\N,\N,\N,\N
27,586,1,0,\N,2,140,100,12,0,0,0,\N,0,\N,0,0,0,0,0,0,0,4,\N,\N,\N,\N,\N,\N,\N
27,587,1,17,\N,0,0,101,12,0,0,0,\N,0,\N,0,0,0,0,0,0,0,10,\N,\N,\N,\N,\N,\N,\N
27,588,1,8,\N,0,0,101,8,4,0,0,\N,0,\N,0,0,0,0,0,0,0,7,\N,\N,\N,\N,\N,\N,\N
27,589,0,0,\N,0,0,101,20,0,0,0,\N,0,\N,0,0,0,0,0,0,0,0,\N,\N,\N,\N,\N,\N,\N
27,590,0,0,\N,0,0,101,20,0,0,0,\N,0,\N,0,0,0,0,0,0,0,0,\N,\N,\N,\N,\N,\N,\N
27,591,0,5,\N,1,100,95,8,0,0,0,\N,0,\N,0,0,0,0,0,0,0,5,\N,\N,\N,\N,\N,\N,\N
27,592,0,10,\N,2,110,95,8,0,0,0,\N,0,\N,0,0,0,0,0,0,0,0,\N,\N,\N,\N,\N,\N,\N
27,593,0,13,\N,2,80,101,8,0,0,0,\N,0,\N,0,0,0,0,0,0,0,0,\N,\N,\N,\N,\N,\N,\N
27,594,1,10,\N,2,15,100,20,1,0,0,\N,0,\N,0,0,0,0,0,0,0,0,\N,\N,\N,\N,\N,\N,\N
27,595,1,9,\N,2,75,100,12,0,0,0,\N,0,\N,0,0,0,0,0,0,0,0,\N,\N,\N,\N,\N,\N,\N
27,596,1,11,\N,0,0,101,8,4,0,0,\N,0,\N,0,0,0,0,0,0,0,7,\N,\N,\N,\N,\N,\N,\N
27,597,1,17,\N,0,0,101,20,0,0,0,\N,0,\N,0,0,0,0,0,0,0,2,\N,\N,\N,\N,\N,\N,\N
27,598,1,12,\N,0,0,100,16,0,0,0,\N,0,\N,0,0,0,0,0,0,0,0,\N,\N,\N,\N,\N,\N,\N
27,599,0,3,\N,0,0,100,20,0,0,0,\N,0,\N,0,0,0,0,0,0,0,5,\N,\N,\N,\N,\N,\N,\N
27,600,0,6,\N,0,0,100,20,1,0,0,\N,0,\N,0,0,0,0,0,0,0,0,\N,\N,\N,\N,\N,\N,\N
27,601,0,17,\N,0,0,101,12,0,0,0,\N,0,\N,0,0,0,0,0,0,0,7,\N,\N,\N,\N,\N,\N,\N
27,602,1,12,\N,0,0,101,20,0,0,0,\N,0,\N,0,0,0,0,0,0,0,6,\N,\N,\N,\N,\N,\N,\N
27,603,0,0,\N,0,0,101,20,0,0,0,\N,0,\N,0,0,0,0,0,0,0,12,\N,\N,\N,\N,\N,\N,\N
27,604,1,12,\N,0,0,101,12,0,0,0,\N,0,\N,0,0,0,0,0,0,0,10,\N,\N,\N,\N,\N,\N,\N
27,605,1,17,\N,2,80,100,12,0,0,0,\N,0,\N,0,0,0,0,0,0,0,5,\N,\N,\N,\N,\N,\N,\N
27,606,0,0,\N,0,0,101,20,0,0,0,\N,0,\N,0,0,0,0,0,0,0,7,\N,\N,\N,\N,\N,\N,\N
27,607,0,0,\N,0,0,101,20,0,0,0,\N,0,\N,0,0,0,0,0,0,0,2,\N,\N,\N,\N,\N,\N,\N
27,608,1,17,\N,0,0,100,20,1,0,0,\N,0,\N,0,0,0,0,0,0,0,0,\N,\N,\N,\N,\N,\N,\N
27,609,1,12,\N,1,20,100,20,0,0,0,\N,0,\N,0,0,0,0,0,0,0,0,\N,\N,\N,\N,\N,\N,\N
27,610,0,0,\N,1,40,100,20,0,0,0,\N,0,\N,0,0,0,0,0,0,0,0,\N,\N,\N,\N,\N,\N,\N
27,611,1,6,\N,2,20,100,20,0,0,0,\N,0,\N,0,0,0,0,0,0,0,0,\N,\N,\N,\N,\N,\N,\N
27,612,0,1,\N,1,40,100,20,0,0,0,\N,0,\N,0,0,0,0,0,0,0,0,\N,\N,\N,\N,\N,\N,\N
27,613,0,2,\N,2,80,100,12,0,0,0,\N,0,\N,0,0,0,0,0,0,0,0,\N,\N,\N,\N,\N,\N,\N
27,614,0,4,\N,1,90,100,12,0,0,0,\N,0,\N,0,0,0,0,0,0,0,5,\N,\N,\N,\N,\N,\N,\N
27,615,0,4,\N,1,90,100,12,0,0,0,\N,0,\N,0,0,0,0,0,0,0,5,\N,\N,\N,\N,\N,\N,\N
27,616,0,4,\N,1,90,100,12,0,0,0,\N,0,\N,0,0,0,0,0,0,0,5,\N,\N,\N,\N,\N,\N,\N
27,617,1,17,\N,2,140,90,8,0,0,0,\N,0,\N,0,0,0,0,0,0,0,0,\N,\N,\N,\N,\N,\N,\N
27,618,0,10,\N,2,110,85,12,0,0,0,\N,0,\N,0,0,0,0,0,0,0,5,\N,\N,\N,\N,\N,\N,\N
27,619,0,4,\N,1,120,85,12,0,0,0,\N,0,\N,0,0,0,0,0,0,0,5,\N,\N,\N,\N,\N,\N,\N
27,620,0,2,\N,1,120,100,8,0,0,0,\N,0,\N,0,0,0,0,0,0,0,0,\N,\N,\N,\N,\N,\N,\N
27,621,0,16,\N,1,100,101,8,0,0,0,\N,0,\N,0,0,0,0,0,0,0,0,\N,\N,\N,\N,\N,\N,\N
27,622,0,0,\N,1,1,101,1,0,0,0,\N,0,\N,0,0,0,0,0,0,0,0,\N,\N,\N,\N,\N,\N,\N
27,623,0,0,\N,2,1,101,1,0,0,0,\N,0,\N,0,0,0,0,0,0,0,0,\N,\N,\N,\N,\N,\N,\N
27,624,0,1,\N,1,1,101,1,0,0,0,\N,0,\N,0,0,0,0,0,0,0,0,\N,\N,\N,\N,\N,\N,\N
27,625,0,1,\N,2,1,101,1,0,0,0,\N,0,\N,0,0,0,0,0,0,0,0,\N,\N,\N,\N,\N,\N,\N
27,626,0,2,\N,1,1,101,1,0,0,0,\N,0,\N,0,0,0,0,0,0,0,0,\N,\N,\N,\N,\N,\N,\N
27,627,0,2,\N,2,1,101,1,0,0,0,\N,0,\N,0,0,0,0,0,0,0,0,\N,\N,\N,\N,\N,\N,\N
27,628,0,3,\N,1,1,101,1,0,0,0,\N,0,\N,0,0,0,0,0,0,0,0,\N,\N,\N,\N,\N,\N,\N
27,629,0,3,\N,2,1,101,1,0,0,0,\N,0,\N,0,0,0,0,0,0,0,0,\N,\N,\N,\N,\N,\N,\N
27,630,0,4,\N,1,1,101,1,0,0,0,\N,0,\N,0,0,0,0,0,0,0,0,\N,\N,\N,\N,\N,\N,\N
27,631,0,4,\N,2,1,101,1,0,0,0,\N,0,\N,0,0,0,0,0,0,0,0,\N,\N,\N,\N,\N,\N,\N
27,632,0,5,\N,1,1,101,1,0,0,0,\N,0,\N,0,0,0,0,0,0,0,0,\N,\N,\N,\N,\N,\N,\N
27,633,0,5,\N,2,1,101,1,0,0,0,\N,0,\N,0,0,0,0,0,0,0,0,\N,\N,\N,\N,\N,\N,\N
27,634,0,6,\N,1,1,101,1,0,0,0,\N,0,\N,0,0,0,0,0,0,0,0,\N,\N,\N,\N,\N,\N,\N
27,635,0,6,\N,2,1,101,1,0,0,0,\N,0,\N,0,0,0,0,0,0,0,0,\N,\N,\N,\N,\N,\N,\N
27,636,0,7,\N,1,1,101,1,0,0,0,\N,0,\N,0,0,0,0,0,0,0,0,\N,\N,\N,\N,\N,\N,\N
27,637,0,7,\N,2,1,101,1,0,0,0,\N,0,\N,0,0,0,0,0,0,0,0,\N,\N,\N,\N,\N,\N,\N
27,638,0,8,\N,1,1,101,1,0,0,0,\N,0,\N,0,0,0,0,0,0,0,0,\N,\N,\N,\N,\N,\N,\N
27,639,0,8,\N,2,1,101,1,0,0,0,\N,0,\N,0,0,0,0,0,0,0,0,\N,\N,\N,\N,\N,\N,\N
27,640,0,9,\N,1,1,101,1,0,0,0,\N,0,\N,0,0,0,0,0,0,0,0,\N,\N,\N,\N,\N,\N,\N
27,641,0,9,\N,2,1,101,1,0,0,0,\N,0,\N,0,0,0,0,0,0,0,0,\N,\N,\N,\N,\N,\N,\N
27,642,0,10,\N,1,1,101,1,0,0,0,\N,0,\N,0,0,0,0,0,0,0,0,\N,\N,\N,\N,\N,\N,\N
27,643,0,10,\N,2,1,101,1,0,0,0,\N,0,\N,0,0,0,0,0,0,0,0,\N,\N,\N,\N,\N,\N,\N
27,644,0,11,\N,1,1,101,1,0,0,0,\N,0,\N,0,0,0,0,0,0,0,0,\N,\N,\N,\N,\N,\N,\N
27,645,0,11,\N,2,1,101,1,0,0,0,\N,0,\N,0,0,0,0,0,0,0,0,\N,\N,\N,\N,\N,\N,\N
27,646,0,12,\N,1,1,101,1,0,0,0,\N,0,\N,0,0,0,0,0,0,0,0,\N,\N,\N,\N,\N,\N,\N
27,647,0,12,\N,2,1,101,1,0,0,0,\N,0,\N,0,0,0,0,0,0,0,0,\N,\N,\N,\N,\N,\N,\N
27,648,0,13,\N,1,1,101,1,0,0,0,\N,0,\N,0,0,0,0,0,0,0,0,\N,\N,\N,\N,\N,\N,\N
27,649,0,13,\N,2,1,101,1,0,0,0,\N,0,\N,0,0,0,0,0,0,0,0,\N,\N,\N,\N,\N,\N,\N
27,650,0,14,\N,1,1,101,1,0,0,0,\N,0,\N,0,0,0,0,0,0,0,0,\N,\N,\N,\N,\N,\N,\N
27,651,0,14,\N,2,1,101,1,0,0,0,\N,0,\N,0,0,0,0,0,0,0,0,\N,\N,\N,\N,\N,\N,\N
27,652,0,15,\N,1,1,101,1,0,0,0,\N,0,\N,0,0,0,0,0,0,0,0,\N,\N,\N,\N,\N,\N,\N
27,653,0,15,\N,2,1,101,1,0,0,0,\N,0,\N,0,0,0,0,0,0,0,0,\N,\N,\N,\N,\N,\N,\N
27,654,0,16,\N,1,1,101,1,0,0,0,\N,0,\N,0,0,0,0,0,0,0,0,\N,\N,\N,\N,\N,\N,\N
27,655,0,16,\N,2,1,101,1,0,0,0,\N,0,\N,0,0,0,0,0,0,0,0,\N,\N,\N,\N,\N,\N,\N
27,656,0,17,\N,1,1,101,1,0,0,0,\N,0,\N,0,0,0,0,0,0,0,0,\N,\N,\N,\N,\N,\N,\N
27,657,0,17,\N,2,1,101,1,0,0,0,\N,0,\N,0,0,0,0,0,0,0,0,\N,\N,\N,\N,\N,\N,\N
27,658,0,12,\N,1,210,101,1,0,0,0,\N,0,\N,0,0,0,0,0,0,0,0,\N,\N,\N,\N,\N,\N,\N
27,659,0,4,\N,0,0,101,8,0,0,0,\N,0,\N,0,0,0,0,0,0,0,7,\N,\N,\N,\N,\N,\N,\N
27,660,1,6,\N,1,100,100,12,2,0,0,\N,0,\N,0,0,0,0,0,0,0,0,\N,\N,\N,\N,\N,\N,\N
27,661,1,3,\N,0,0,101,8,4,0,0,\N,0,\N,0,0,0,0,0,0,0,7,\N,\N,\N,\N,\N,\N,\N
27,662,1,7,\N,1,90,100,12,0,0,0,\N,0,\N,0,0,0,0,0,0,0,0,\N,\N,\N,\N,\N,\N,\N
27,663,1,16,\N,1,85,100,12,0,0,0,\N,0,\N,0,0,0,0,0,0,0,0,\N,\N,\N,\N,\N,\N,\N
27,664,1,10,\N,2,90,100,12,0,0,0,\N,0,\N,0,0,0,0,0,0,0,4,\N,\N,\N,\N,\N,\N,\N
27,665,1,14,\N,1,100,90,12,0,0,0,\N,0,\N,0,0,0,0,0,0,0,0,\N,\N,\N,\N,\N,\N,\N
27,666,0,17,\N,0,0,101,12,0,0,0,\N,0,\N,0,0,0,0,0,0,0,0,\N,\N,\N,\N,\N,\N,\N
27,667,1,4,\N,1,95,95,12,0,0,0,\N,0,\N,0,0,0,0,0,0,0,0,\N,\N,\N,\N,\N,\N,\N
27,668,1,11,\N,0,0,100,8,0,0,0,\N,0,\N,0,0,0,0,0,0,0,0,\N,\N,\N,\N,\N,\N,\N
27,669,1,11,\N,1,125,100,12,0,0,0,\N,0,\N,0,0,0,0,0,0,0,0,\N,\N,\N,\N,\N,\N,\N
27,670,0,11,\N,1,40,100,20,0,0,0,\N,0,\N,0,0,0,0,0,0,0,0,\N,\N,\N,\N,\N,\N,\N
27,671,0,0,\N,0,0,101,16,3,0,0,\N,0,\N,0,0,0,0,0,0,0,0,\N,\N,\N,\N,\N,\N,\N
27,672,1,3,\N,0,0,100,20,0,0,0,\N,0,\N,0,0,0,0,0,0,0,0,\N,\N,\N,\N,\N,\N,\N
27,673,0,0,\N,0,0,101,20,0,0,0,\N,0,\N,0,0,0,0,0,0,0,7,\N,\N,\N,\N,\N,\N,\N
27,674,0,8,\N,0,0,101,20,0,0,0,\N,0,\N,0,0,0,0,0,0,0,6,\N,\N,\N,\N,\N,\N,\N
27,675,1,16,\N,1,80,100,16,0,0,0,\N,0,\N,0,0,0,0,0,0,0,0,\N,\N,\N,\N,\N,\N,\N
27,676,1,6,\N,2,90,100,16,0,0,0,\N,0,\N,0,0,0,0,0,0,0,0,\N,\N,\N,\N,\N,\N,\N
27,677,0,8,\N,1,90,100,20,0,0,0,\N,0,\N,0,0,0,0,0,0,0,0,\N,\N,\N,\N,\N,\N,\N
27,678,1,13,\N,0,0,101,12,0,0,0,\N,0,\N,0,0,0,0,0,0,0,10,\N,\N,\N,\N,\N,\N,\N
27,679,1,6,\N,1,80,100,16,0,0,0,\N,0,\N,0,0,0,0,0,0,0,0,\N,\N,\N,\N,\N,\N,\N
27,680,1,9,\N,1,90,100,16,0,0,0,\N,0,\N,0,0,0,0,0,0,0,0,\N,\N,\N,\N,\N,\N,\N
27,681,1,16,\N,1,20,100,12,0,0,0,\N,0,\N,0,0,0,0,0,0,0,0,\N,\N,\N,\N,\N,\N,\N
27,682,1,9,\N,2,130,100,8,0,0,0,\N,0,\N,0,0,0,0,0,0,0,0,\N,\N,\N,\N,\N,\N,\N
27,683,1,13,\N,0,0,101,12,0,0,0,\N,0,\N,0,0,0,0,0,0,0,0,\N,\N,\N,\N,\N,\N,\N
27,684,1,8,\N,1,70,101,12,0,0,0,\N,0,\N,0,0,0,0,0,0,0,0,\N,\N,\N,\N,\N,\N,\N
27,685,0,3,\N,0,0,101,8,0,0,0,\N,0,\N,0,0,0,0,0,0,0,0,\N,\N,\N,\N,\N,\N,\N
27,686,0,0,\N,2,100,100,16,0,0,0,\N,0,\N,0,0,0,0,0,0,0,0,\N,\N,\N,\N,\N,\N,\N
27,687,0,15,\N,2,100,100,12,0,0,0,\N,0,\N,0,0,0,0,0,0,0,5,\N,\N,\N,\N,\N,\N,\N
27,688,1,11,\N,1,85,100,16,0,0,0,\N,0,\N,0,0,0,0,0,0,0,0,\N,\N,\N,\N,\N,\N,\N
27,689,1,13,\N,0,0,101,16,0,0,0,\N,0,\N,0,0,0,0,0,0,0,0,\N,\N,\N,\N,\N,\N,\N
27,690,1,2,\N,1,120,100,8,-3,0,0,\N,0,\N,0,0,0,0,0,0,0,0,\N,\N,\N,\N,\N,\N,\N
27,691,1,15,\N,2,110,100,8,0,0,0,\N,0,\N,0,0,0,0,0,0,0,5,\N,\N,\N,\N,\N,\N,\N
27,692,0,15,\N,1,100,100,16,0,0,0,\N,0,\N,0,0,0,0,0,0,0,0,\N,\N,\N,\N,\N,\N,\N
27,693,1,16,\N,1,60,100,20,0,0,0,\N,0,\N,0,0,0,0,0,0,0,4,\N,\N,\N,\N,\N,\N,\N
27,694,1,14,\N,0,0,101,20,0,0,0,\N,0,\N,0,0,0,0,0,0,0,12,\N,\N,\N,\N,\N,\N,\N
27,695,0,7,\N,1,180,101,1,0,0,0,\N,0,\N,0,0,0,0,0,0,0,0,\N,\N,\N,\N,\N,\N,\N
27,696,0,16,\N,1,180,101,1,0,0,0,\N,0,\N,0,0,0,0,0,0,0,0,\N,\N,\N,\N,\N,\N,\N
27,697,0,10,\N,2,195,101,1,0,0,0,\N,0,\N,0,0,0,0,0,0,0,0,\N,\N,\N,\N,\N,\N,\N
27,698,0,17,\N,2,1,101,1,0,0,0,\N,0,\N,0,0,0,0,0,0,0,0,\N,\N,\N,\N,\N,\N,\N
27,699,0,7,\N,1,195,101,1,0,0,0,\N,0,\N,0,0,0,0,0,0,0,0,\N,\N,\N,\N,\N,\N,\N
27,700,0,12,\N,2,175,101,1,0,0,0,\N,0,\N,0,0,0,0,0,0,0,0,\N,\N,\N,\N,\N,\N,\N
27,701,0,0,\N,1,210,101,1,0,0,0,\N,0,\N,0,0,0,0,0,0,0,0,\N,\N,\N,\N,\N,\N,\N
27,702,0,0,\N,0,0,101,1,0,0,0,\N,0,\N,0,0,0,0,0,0,0,7,\N,\N,\N,\N,\N,\N,\N
27,703,0,13,\N,2,185,101,1,0,0,0,\N,0,\N,0,0,0,0,0,0,0,0,\N,\N,\N,\N,\N,\N,\N
27,704,0,9,\N,2,150,100,12,-3,0,0,\N,0,\N,0,0,0,0,0,0,0,5,\N,\N,\N,\N,\N,\N,\N
27,705,0,17,\N,2,130,90,8,0,0,0,\N,0,\N,0,0,0,0,0,0,0,0,\N,\N,\N,\N,\N,\N,\N
27,706,1,13,\N,1,85,100,12,0,0,0,\N,0,\N,0,0,0,0,0,0,0,0,\N,\N,\N,\N,\N,\N,\N
27,707,1,4,\N,1,75,100,12,0,0,0,\N,0,\N,0,0,0,0,0,0,0,0,\N,\N,\N,\N,\N,\N,\N
27,708,0,7,\N,1,85,100,12,0,0,0,\N,0,\N,0,0,0,0,0,0,0,0,\N,\N,\N,\N,\N,\N,\N
27,709,1,5,\N,1,40,100,20,1,0,0,\N,0,\N,0,0,0,0,0,0,0,0,\N,\N,\N,\N,\N,\N,\N
27,710,1,10,\N,1,85,100,12,0,0,0,\N,0,\N,0,0,0,0,0,0,0,0,\N,\N,\N,\N,\N,\N,\N
27,711,0,13,\N,2,160,100,12,0,0,0,\N,0,\N,0,0,0,0,0,0,0,0,\N,\N,\N,\N,\N,\N,\N
27,712,0,7,\N,1,90,100,12,0,0,0,\N,0,\N,0,0,0,0,0,0,0,0,\N,\N,\N,\N,\N,\N,\N
27,713,0,8,\N,1,100,100,8,0,0,0,\N,0,\N,0,0,0,0,0,0,0,0,\N,\N,\N,\N,\N,\N,\N
27,714,0,7,\N,2,100,100,8,0,0,0,\N,0,\N,0,0,0,0,0,0,0,0,\N,\N,\N,\N,\N,\N,\N
27,715,1,0,\N,0,0,101,20,0,0,0,\N,0,\N,0,0,0,0,0,0,0,0,\N,\N,\N,\N,\N,\N,\N
27,716,1,12,\N,1,80,100,12,0,0,0,\N,0,\N,0,0,0,0,0,0,0,0,\N,\N,\N,\N,\N,\N,\N
27,717,0,17,\N,2,1,90,12,0,0,0,\N,0,\N,0,0,0,0,0,0,0,0,\N,\N,\N,\N,\N,\N,\N
27,718,0,0,\N,1,120,100,12,0,0,0,\N,0,\N,0,0,0,0,0,0,0,0,\N,\N,\N,\N,\N,\N,\N
27,719,0,12,\N,2,195,101,1,0,0,0,\N,0,\N,0,0,0,0,0,0,0,0,\N,\N,\N,\N,\N,\N,\N
27,720,0,9,\N,2,150,100,8,0,0,0,\N,0,\N,0,0,0,0,0,0,0,4,\N,\N,\N,\N,\N,\N,\N
27,721,0,12,\N,1,100,100,16,0,0,0,\N,0,\N,0,0,0,0,0,0,0,0,\N,\N,\N,\N,\N,\N,\N
27,722,0,13,\N,2,100,100,8,0,0,0,\N,0,\N,0,0,0,0,0,0,0,0,\N,\N,\N,\N,\N,\N,\N
27,723,0,13,\N,2,200,101,1,0,0,0,\N,0,\N,0,0,0,0,0,0,0,0,\N,\N,\N,\N,\N,\N,\N
27,724,0,8,\N,1,200,101,1,0,0,0,\N,0,\N,0,0,0,0,0,0,0,0,\N,\N,\N,\N,\N,\N,\N
27,725,0,7,\N,2,200,101,1,0,0,0,\N,0,\N,0,0,0,0,0,0,0,0,\N,\N,\N,\N,\N,\N,\N
27,726,0,17,\N,1,190,101,1,0,0,0,\N,0,\N,0,0,0,0,0,0,0,0,\N,\N,\N,\N,\N,\N,\N
27,727,0,5,\N,1,190,101,1,0,0,0,\N,0,\N,0,0,0,0,0,0,0,0,\N,\N,\N,\N,\N,\N,\N
27,728,0,15,\N,2,185,101,1,0,0,0,\N,0,\N,0,0,0,0,0,0,0,5,\N,\N,\N,\N,\N,\N,\N
27,729,0,12,\N,1,80,100,12,2,0,0,\N,0,\N,0,0,0,0,0,0,0,0,\N,\N,\N,\N,\N,\N,\N
27,730,0,10,\N,2,90,100,16,0,0,0,\N,0,\N,0,0,0,0,0,0,0,5,\N,\N,\N,\N,\N,\N,\N
27,731,0,2,\N,1,90,95,16,0,0,0,\N,0,\N,0,0,0,0,0,0,0,0,\N,\N,\N,\N,\N,\N,\N
27,732,0,12,\N,2,1,101,20,0,0,0,\N,0,\N,0,0,0,0,0,0,0,0,\N,\N,\N,\N,\N,\N,\N
27,733,0,10,\N,2,60,100,20,0,0,0,\N,0,\N,0,0,0,0,0,0,0,0,\N,\N,\N,\N,\N,\N,\N
27,734,0,12,\N,2,60,100,20,0,0,0,\N,0,\N,0,0,0,0,0,0,0,0,\N,\N,\N,\N,\N,\N,\N
27,735,0,9,\N,1,60,100,20,0,0,0,\N,0,\N,0,0,0,0,0,0,0,0,\N,\N,\N,\N,\N,\N,\N
27,736,0,13,\N,2,80,95,16,0,0,0,\N,0,\N,0,0,0,0,0,0,0,0,\N,\N,\N,\N,\N,\N,\N
27,737,0,16,\N,2,80,95,16,0,0,0,\N,0,\N,0,0,0,0,0,0,0,0,\N,\N,\N,\N,\N,\N,\N
27,738,0,11,\N,1,100,90,12,0,0,0,\N,0,\N,0,0,0,0,0,0,0,0,\N,\N,\N,\N,\N,\N,\N
27,739,0,14,\N,2,100,90,12,0,0,0,\N,0,\N,0,0,0,0,0,0,0,0,\N,\N,\N,\N,\N,\N,\N
27,740,0,17,\N,2,120,85,8,0,0,0,\N,0,\N,0,0,0,0,0,0,0,0,\N,\N,\N,\N,\N,\N,\N
27,741,0,0,\N,1,1,101,20,0,0,0,\N,0,\N,0,0,0,0,0,0,0,0,\N,\N,\N,\N,\N,\N,\N
27,742,0,8,\N,1,60,100,8,0,0,0,\N,0,\N,0,0,0,0,0,0,0,0,\N,\N,\N,\N,\N,\N,\N
27,743,0,0,\N,0,0,101,12,4,0,0,\N,0,\N,0,0,0,0,0,0,0,7,\N,\N,\N,\N,\N,\N,\N
27,744,0,15,\N,2,100,100,8,0,0,0,\N,0,\N,0,0,0,0,0,0,0,0,\N,\N,\N,\N,\N,\N,\N
27,745,1,10,\N,2,85,100,16,0,0,0,\N,0,\N,0,0,0,0,0,0,0,0,\N,\N,\N,\N,\N,\N,\N
27,746,1,16,\N,1,80,100,12,0,0,0,\N,0,\N,0,0,0,0,0,0,0,0,\N,\N,\N,\N,\N,\N,\N
27,747,1,0,\N,0,0,101,12,0,0,0,\N,0,\N,0,0,0,0,0,0,0,7,\N,\N,\N,\N,\N,\N,\N
27,748,1,1,\N,0,0,101,8,0,0,0,\N,0,\N,0,0,0,0,0,0,0,7,\N,\N,\N,\N,\N,\N,\N
27,749,0,5,\N,0,0,100,16,0,0,0,\N,0,\N,0,0,0,0,0,0,0,0,\N,\N,\N,\N,\N,\N,\N
27,750,1,13,\N,0,0,100,20,0,0,0,\N,0,\N,0,0,0,0,0,0,0,0,\N,\N,\N,\N,\N,\N,\N
27,751,1,15,\N,1,50,100,12,0,0,0,\N,0,\N,0,0,0,0,0,0,0,0,\N,\N,\N,\N,\N,\N,\N
27,752,1,0,\N,0,0,101,12,0,0,0,\N,0,\N,0,0,0,0,0,0,0,8,\N,\N,\N,\N,\N,\N,\N
27,753,1,1,\N,0,0,100,16,0,0,0,\N,0,\N,0,0,0,0,0,0,0,0,\N,\N,\N,\N,\N,\N,\N
27,754,0,12,\N,1,80,100,12,0,0,0,\N,0,\N,0,0,0,0,0,0,0,0,\N,\N,\N,\N,\N,\N,\N
27,755,0,10,\N,1,80,100,12,0,0,0,\N,0,\N,0,0,0,0,0,0,0,0,\N,\N,\N,\N,\N,\N,\N
27,756,1,0,\N,0,0,100,12,0,0,0,\N,0,\N,0,0,0,0,0,0,0,10,\N,\N,\N,\N,\N,\N,\N
27,757,0,9,\N,1,100,101,12,0,0,0,\N,0,\N,0,0,0,0,0,0,0,3,\N,\N,\N,\N,\N,\N,\N
27,758,0,6,\N,1,10,101,12,0,0,0,\N,0,\N,0,0,0,0,0,0,0,3,\N,\N,\N,\N,\N,\N,\N
27,759,0,12,\N,1,10,101,12,0,0,0,\N,0,\N,0,0,0,0,0,0,0,3,\N,\N,\N,\N,\N,\N,\N
27,760,0,0,\N,1,10,101,12,0,0,0,\N,0,\N,0,0,0,0,0,0,0,3,\N,\N,\N,\N,\N,\N,\N
27,761,0,1,\N,1,10,101,12,0,0,0,\N,0,\N,0,0,0,0,0,0,0,3,\N,\N,\N,\N,\N,\N,\N
27,762,0,7,\N,1,10,101,12,0,0,0,\N,0,\N,0,0,0,0,0,0,0,3,\N,\N,\N,\N,\N,\N,\N
27,763,0,14,\N,1,10,101,12,0,0,0,\N,0,\N,0,0,0,0,0,0,0,3,\N,\N,\N,\N,\N,\N,\N
27,764,0,3,\N,1,10,101,12,0,0,0,\N,0,\N,0,0,0,0,0,0,0,3,\N,\N,\N,\N,\N,\N,\N
27,765,0,10,\N,1,10,101,12,0,0,0,\N,0,\N,0,0,0,0,0,0,0,3,\N,\N,\N,\N,\N,\N,\N
27,766,0,2,\N,1,10,101,12,0,0,0,\N,0,\N,0,0,0,0,0,0,0,3,\N,\N,\N,\N,\N,\N,\N
27,767,0,17,\N,1,10,101,12,0,0,0,\N,0,\N,0,0,0,0,0,0,0,3,\N,\N,\N,\N,\N,\N,\N
27,768,0,15,\N,1,10,101,12,0,0,0,\N,0,\N,0,0,0,0,0,0,0,3,\N,\N,\N,\N,\N,\N,\N
27,769,0,13,\N,1,10,101,12,0,0,0,\N,0,\N,0,0,0,0,0,0,0,3,\N,\N,\N,\N,\N,\N,\N
27,770,0,5,\N,1,10,101,12,0,0,0,\N,0,\N,0,0,0,0,0,0,0,3,\N,\N,\N,\N,\N,\N,\N
27,771,0,4,\N,1,10,101,12,0,0,0,\N,0,\N,0,0,0,0,0,0,0,3,\N,\N,\N,\N,\N,\N,\N
27,772,0,16,\N,1,10,101,12,0,0,0,\N,0,\N,0,0,0,0,0,0,0,3,\N,\N,\N,\N,\N,\N,\N
27,773,0,11,\N,1,10,101,12,0,0,0,\N,0,\N,0,0,0,0,0,0,0,3,\N,\N,\N,\N,\N,\N,\N
27,774,0,8,\N,1,10,101,12,0,0,0,\N,0,\N,0,0,0,0,0,0,0,3,\N,\N,\N,\N,\N,\N,\N
27,775,1,15,\N,0,0,101,8,0,0,0,\N,0,\N,0,0,0,0,0,0,0,7,\N,\N,\N,\N,\N,\N,\N
27,776,1,1,\N,1,80,100,12,0,0,0,\N,0,\N,0,0,0,0,0,0,0,0,\N,\N,\N,\N,\N,\N,\N
27,777,1,17,\N,0,0,101,16,0,0,0,\N,0,\N,0,0,0,0,0,0,0,0,\N,\N,\N,\N,\N,\N,\N
27,778,1,11,\N,1,80,100,12,0,0,0,\N,0,\N,0,0,0,0,0,0,0,0,\N,\N,\N,\N,\N,\N,\N
27,779,1,8,\N,1,35,100,16,0,0,0,\N,0,\N,0,0,0,0,0,0,0,0,\N,\N,\N,\N,\N,\N,\N
27,780,1,9,\N,1,120,90,8,0,0,0,\N,0,\N,0,0,0,0,0,0,0,0,\N,\N,\N,\N,\N,\N,\N
27,781,0,8,\N,1,100,100,8,0,0,0,\N,0,\N,0,0,0,0,0,0,0,0,\N,\N,\N,\N,\N,\N,\N
27,782,0,8,\N,1,100,100,8,0,0,0,\N,0,\N,0,0,0,0,0,0,0,0,\N,\N,\N,\N,\N,\N,\N
27,783,1,12,\N,1,110,100,12,0,0,0,\N,0,\N,0,0,0,0,0,0,0,0,\N,\N,\N,\N,\N,\N,\N
27,784,1,15,\N,1,60,100,16,0,0,0,\N,0,\N,0,0,0,0,0,0,0,5,\N,\N,\N,\N,\N,\N,\N
27,785,0,11,\N,1,40,100,20,0,0,0,\N,0,\N,0,0,0,0,0,0,0,0,\N,\N,\N,\N,\N,\N,\N
27,786,1,12,\N,2,80,100,12,0,0,0,\N,0,\N,0,0,0,0,0,0,0,5,\N,\N,\N,\N,\N,\N,\N
27,787,1,11,\N,2,90,100,12,0,0,0,\N,0,\N,0,0,0,0,0,0,0,0,\N,\N,\N,\N,\N,\N,\N
27,788,1,11,\N,1,90,100,12,0,0,0,\N,0,\N,0,0,0,0,0,0,0,0,\N,\N,\N,\N,\N,\N,\N
27,789,1,17,\N,1,75,100,16,0,0,0,\N,0,\N,0,0,0,0,0,0,0,0,\N,\N,\N,\N,\N,\N,\N
27,790,0,17,\N,2,90,95,12,0,0,0,\N,0,\N,0,0,0,0,0,0,0,0,\N,\N,\N,\N,\N,\N,\N
27,791,1,10,\N,0,0,101,12,0,0,0,\N,0,\N,0,0,0,0,0,0,0,6,\N,\N,\N,\N,\N,\N,\N
27,792,0,16,\N,0,0,100,8,4,0,0,\N,0,\N,0,0,0,0,0,0,0,7,\N,\N,\N,\N,\N,\N,\N
27,793,0,16,\N,1,80,101,12,0,0,0,\N,0,\N,0,0,0,0,0,0,0,0,\N,\N,\N,\N,\N,\N,\N
27,794,1,1,\N,1,170,100,8,0,0,0,\N,0,\N,0,0,0,0,0,0,0,0,\N,\N,\N,\N,\N,\N,\N
27,795,0,15,\N,2,160,90,8,0,0,0,\N,0,\N,0,0,0,0,0,0,0,0,\N,\N,\N,\N,\N,\N,\N
27,796,1,8,\N,2,140,95,8,0,0,0,\N,0,\N,0,0,0,0,0,0,0,0,\N,\N,\N,\N,\N,\N,\N
27,797,1,13,\N,2,80,100,12,0,0,0,\N,0,\N,0,0,0,0,0,0,0,0,\N,\N,\N,\N,\N,\N,\N
27,798,1,8,\N,1,130,100,8,0,0,0,\N,0,\N,0,0,0,0,0,0,0,0,\N,\N,\N,\N,\N,\N,\N
27,799,1,15,\N,1,25,90,20,0,0,0,\N,0,\N,0,0,0,0,0,0,0,0,\N,\N,\N,\N,\N,\N,\N
27,800,1,5,\N,2,120,90,12,0,0,0,\N,0,\N,0,0,0,0,0,0,0,0,\N,\N,\N,\N,\N,\N,\N
27,801,1,3,\N,2,90,100,12,0,0,0,\N,0,\N,0,0,0,0,0,0,0,0,\N,\N,\N,\N,\N,\N,\N
27,802,1,17,\N,2,100,100,8,0,0,0,\N,0,\N,0,0,0,0,0,0,0,4,\N,\N,\N,\N,\N,\N,\N
27,803,1,11,\N,1,55,100,20,0,0,0,\N,0,\N,0,0,0,0,0,0,0,0,\N,\N,\N,\N,\N,\N,\N
27,804,1,12,\N,2,70,100,20,0,0,0,\N,0,\N,0,0,0,0,0,0,0,0,\N,\N,\N,\N,\N,\N,\N
27,805,1,0,\N,2,50,100,12,0,0,0,\N,0,\N,0,0,0,0,0,0,0,0,\N,\N,\N,\N,\N,\N,\N
27,806,1,6,\N,1,70,90,12,0,0,0,\N,0,\N,0,0,0,0,0,0,0,0,\N,\N,\N,\N,\N,\N,\N
27,807,1,9,\N,2,70,100,8,0,0,0,\N,0,\N,0,0,0,0,0,0,0,5,\N,\N,\N,\N,\N,\N,\N
27,808,1,16,\N,1,75,100,8,0,0,0,\N,0,\N,0,0,0,0,0,0,0,0,\N,\N,\N,\N,\N,\N,\N
27,809,1,7,\N,1,110,90,8,0,0,0,\N,0,\N,0,0,0,0,0,0,0,0,\N,\N,\N,\N,\N,\N,\N
27,810,1,3,\N,0,0,100,20,0,0,0,\N,0,\N,0,0,0,0,0,0,0,4,\N,\N,\N,\N,\N,\N,\N
27,811,1,1,\N,0,0,101,12,0,0,0,\N,0,\N,0,0,0,0,0,0,0,14,\N,\N,\N,\N,\N,\N,\N
27,812,1,10,\N,1,60,100,20,0,0,0,\N,0,\N,0,0,0,0,0,0,0,0,\N,\N,\N,\N,\N,\N,\N
27,813,1,14,\N,1,20,90,12,0,0,0,\N,0,\N,0,0,0,0,0,0,0,0,\N,\N,\N,\N,\N,\N,\N
27,814,1,2,\N,1,40,90,12,0,0,0,\N,0,\N,0,0,0,0,0,0,0,0,\N,\N,\N,\N,\N,\N,\N
27,815,1,4,\N,2,70,100,12,0,0,0,\N,0,\N,0,0,0,0,0,0,0,0,\N,\N,\N,\N,\N,\N,\N
27,816,0,11,\N,0,0,101,12,0,0,0,\N,0,\N,0,0,0,0,0,0,0,6,\N,\N,\N,\N,\N,\N,\N
27,817,0,16,\N,1,75,100,8,0,0,0,\N,0,\N,0,0,0,0,0,0,0,0,\N,\N,\N,\N,\N,\N,\N
27,818,0,10,\N,1,25,100,8,0,0,0,\N,0,\N,0,0,0,0,0,0,0,0,\N,\N,\N,\N,\N,\N,\N
27,819,0,12,\N,2,80,90,16,0,0,0,\N,0,\N,0,0,0,0,0,0,0,0,\N,\N,\N,\N,\N,\N,\N
27,820,0,15,\N,2,150,100,8,0,0,0,\N,0,\N,0,0,0,0,0,0,0,5,\N,\N,\N,\N,\N,\N,\N
27,821,0,13,\N,2,90,100,12,0,0,0,\N,0,\N,0,0,0,0,0,0,0,0,\N,\N,\N,\N,\N,\N,\N
27,822,0,16,\N,2,90,100,12,0,0,0,\N,0,\N,0,0,0,0,0,0,0,5,\N,\N,\N,\N,\N,\N,\N
27,823,0,1,\N,1,90,100,12,0,0,0,\N,0,\N,0,0,0,0,0,0,0,0,\N,\N,\N,\N,\N,\N,\N
27,824,0,14,\N,1,120,100,8,0,0,0,\N,0,\N,0,0,0,0,0,0,0,5,\N,\N,\N,\N,\N,\N,\N
27,825,0,7,\N,2,110,100,8,0,0,0,\N,0,\N,0,0,0,0,0,0,0,5,\N,\N,\N,\N,\N,\N,\N
27,826,1,13,\N,2,80,100,8,0,0,0,\N,0,\N,0,0,0,0,0,0,0,0,\N,\N,\N,\N,\N,\N,\N
27,827,1,3,\N,1,80,100,16,0,0,0,\N,0,\N,0,0,0,0,0,0,0,0,\N,\N,\N,\N,\N,\N,\N
27,828,1,13,\N,1,90,90,12,0,0,0,\N,0,\N,0,0,0,0,0,0,0,0,\N,\N,\N,\N,\N,\N,\N
27,829,0,0,\N,0,0,101,12,0,0,0,\N,0,\N,0,0,0,0,0,0,0,7,\N,\N,\N,\N,\N,\N,\N
27,830,1,5,\N,1,65,90,16,0,0,0,\N,0,\N,0,0,0,0,0,0,0,0,\N,\N,\N,\N,\N,\N,\N
27,831,0,17,\N,2,100,80,8,0,0,0,\N,0,\N,0,0,0,0,0,0,0,5,\N,\N,\N,\N,\N,\N,\N
27,832,0,13,\N,2,70,90,12,0,0,0,\N,0,\N,0,0,0,0,0,0,0,0,\N,\N,\N,\N,\N,\N,\N
27,833,1,9,\N,1,120,100,12,0,0,0,\N,0,\N,0,0,0,0,0,0,0,9,\N,\N,\N,\N,\N,\N,\N
27,834,1,10,\N,1,120,100,12,0,0,0,\N,0,\N,0,0,0,0,0,0,0,0,\N,\N,\N,\N,\N,\N,\N
27,835,0,11,\N,2,150,95,8,0,0,0,\N,0,\N,0,0,0,0,0,0,0,0,\N,\N,\N,\N,\N,\N,\N
27,836,1,14,\N,1,120,85,12,0,0,0,\N,0,\N,0,0,0,0,0,0,0,0,\N,\N,\N,\N,\N,\N,\N
27,837,0,1,\N,0,0,101,12,0,0,0,\N,0,\N,0,0,0,0,0,0,0,7,\N,\N,\N,\N,\N,\N,\N
27,838,1,4,\N,1,120,100,8,0,0,0,\N,0,\N,0,0,0,0,0,0,0,0,\N,\N,\N,\N,\N,\N,\N
27,839,1,3,\N,1,60,100,12,0,0,0,\N,0,\N,0,0,0,0,0,0,0,0,\N,\N,\N,\N,\N,\N,\N
27,840,0,13,\N,2,80,100,12,0,0,0,\N,0,\N,0,0,0,0,0,0,0,0,\N,\N,\N,\N,\N,\N,\N
27,841,1,7,\N,2,75,100,12,0,0,0,\N,0,\N,0,0,0,0,0,0,0,0,\N,\N,\N,\N,\N,\N,\N
27,842,1,8,\N,0,0,101,12,0,0,0,\N,0,\N,0,0,0,0,0,0,0,7,\N,\N,\N,\N,\N,\N,\N
27,843,1,1,\N,1,90,100,12,0,0,0,\N,0,\N,0,0,0,0,0,0,0,0,\N,\N,\N,\N,\N,\N,\N
27,844,1,7,\N,2,65,100,16,0,0,0,\N,0,\N,0,0,0,0,0,0,0,0,\N,\N,\N,\N,\N,\N,\N
27,845,1,16,\N,1,65,90,16,0,0,0,\N,0,\N,0,0,0,0,0,0,0,0,\N,\N,\N,\N,\N,\N,\N
27,846,0,2,\N,2,100,80,12,0,0,0,\N,0,\N,0,0,0,0,0,0,0,5,\N,\N,\N,\N,\N,\N,\N
27,847,0,12,\N,2,100,80,12,0,0,0,\N,0,\N,0,0,0,0,0,0,0,5,\N,\N,\N,\N,\N,\N,\N
27,848,0,4,\N,2,100,80,12,0,0,0,\N,0,\N,0,0,0,0,0,0,0,5,\N,\N,\N,\N,\N,\N,\N
27,849,0,13,\N,0,0,101,8,0,0,0,\N,0,\N,0,0,0,0,0,0,0,6,\N,\N,\N,\N,\N,\N,\N
27,850,0,13,\N,0,0,101,16,0,0,0,\N,0,\N,0,0,0,0,0,0,0,7,\N,\N,\N,\N,\N,\N,\N
27,851,0,0,\N,2,80,100,12,0,0,0,\N,0,\N,0,0,0,0,0,0,0,0,\N,\N,\N,\N,\N,\N,\N
27,852,0,6,\N,0,0,101,12,4,0,0,\N,0,\N,0,0,0,0,0,0,0,7,\N,\N,\N,\N,\N,\N,\N
27,853,1,1,\N,1,120,90,12,0,0,0,\N,0,\N,0,0,0,0,0,0,0,0,\N,\N,\N,\N,\N,\N,\N
27,854,1,7,\N,1,50,100,12,0,0,0,\N,0,\N,0,0,0,0,0,0,0,0,\N,\N,\N,\N,\N,\N,\N
27,855,1,13,\N,2,80,100,12,0,0,0,\N,0,\N,0,0,0,0,0,0,0,0,\N,\N,\N,\N,\N,\N,\N
27,856,0,15,\N,1,80,100,12,0,0,0,\N,0,\N,0,0,0,0,0,0,0,0,\N,\N,\N,\N,\N,\N,\N
27,857,1,10,\N,1,60,100,16,1,0,0,\N,0,\N,0,0,0,0,0,0,0,0,\N,\N,\N,\N,\N,\N,\N
27,858,1,11,\N,0,0,101,16,0,0,0,\N,0,\N,0,0,0,0,0,0,0,0,\N,\N,\N,\N,\N,\N,\N
27,859,0,8,\N,1,100,100,12,0,0,0,\N,0,\N,0,0,0,0,0,0,0,0,\N,\N,\N,\N,\N,\N,\N
27,860,1,0,\N,1,20,90,12,0,0,0,\N,0,\N,0,0,0,0,0,0,0,0,\N,\N,\N,\N,\N,\N,\N
27,861,1,14,\N,1,80,100,16,0,0,0,\N,0,\N,0,0,0,0,0,0,0,0,\N,\N,\N,\N,\N,\N,\N
27,862,1,15,\N,1,120,100,8,0,0,0,\N,0,\N,0,0,0,0,0,0,0,0,\N,\N,\N,\N,\N,\N,\N
27,863,1,0,\N,0,0,101,1,0,0,0,\N,0,\N,0,0,0,0,0,0,0,7,\N,\N,\N,\N,\N,\N,\N
27,864,1,5,\N,1,40,100,16,0,0,0,\N,0,\N,0,0,0,0,0,0,0,0,\N,\N,\N,\N,\N,\N,\N
27,865,0,10,\N,1,35,95,12,0,0,0,\N,0,\N,0,0,0,0,0,0,0,0,\N,\N,\N,\N,\N,\N,\N
27,866,1,3,\N,1,30,100,16,0,0,0,\N,0,\N,0,0,0,0,0,0,0,5,\N,\N,\N,\N,\N,\N,\N
27,867,0,0,\N,0,0,100,12,0,0,0,\N,0,\N,0,0,0,0,0,0,0,3,\N,\N,\N,\N,\N,\N,\N
27,868,0,0,\N,0,0,101,12,0,0,0,\N,0,\N,0,0,0,0,0,0,0,7,\N,\N,\N,\N,\N,\N,\N
27,869,1,16,\N,1,85,101,12,0,0,0,\N,0,\N,0,0,0,0,0,0,0,0,\N,\N,\N,\N,\N,\N,\N
27,870,1,11,\N,1,70,101,12,0,0,0,\N,0,\N,0,0,0,0,0,0,0,0,\N,\N,\N,\N,\N,\N,\N
27,871,1,9,\N,2,80,100,12,0,0,0,\N,0,\N,0,0,0,0,0,0,0,0,\N,\N,\N,\N,\N,\N,\N
27,872,1,10,\N,1,80,100,12,0,0,0,\N,0,\N,0,0,0,0,0,0,0,0,\N,\N,\N,\N,\N,\N,\N
27,873,1,0,\N,1,90,100,12,0,0,0,\N,0,\N,0,0,0,0,0,0,0,0,\N,\N,\N,\N,\N,\N,\N
27,874,1,8,\N,2,120,95,8,0,0,0,\N,0,\N,0,0,0,0,0,0,0,5,\N,\N,\N,\N,\N,\N,\N
27,875,0,13,\N,1,80,100,16,0,0,0,\N,0,\N,0,0,0,0,0,0,0,0,\N,\N,\N,\N,\N,\N,\N
27,876,0,10,\N,2,80,100,16,0,0,0,\N,0,\N,0,0,0,0,0,0,0,0,\N,\N,\N,\N,\N,\N,\N
27,877,0,16,\N,2,1,90,12,0,0,0,\N,0,\N,0,0,0,0,0,0,0,0,\N,\N,\N,\N,\N,\N,\N
27,878,0,1,\N,1,100,100,8,0,0,0,\N,0,\N,0,0,0,0,0,0,0,0,\N,\N,\N,\N,\N,\N,\N
27,879,0,12,\N,2,100,100,8,0,0,0,\N,0,\N,0,0,0,0,0,0,0,0,\N,\N,\N,\N,\N,\N,\N
27,880,1,0,\N,0,0,101,12,0,0,0,\N,0,\N,0,0,0,0,0,0,0,7,\N,\N,\N,\N,\N,\N,\N
27,881,1,14,\N,0,0,101,12,0,0,0,\N,0,\N,0,0,0,0,0,0,0,10,\N,\N,\N,\N,\N,\N,\N
27,882,1,0,\N,0,0,101,12,0,0,0,\N,0,\N,0,0,0,0,0,0,0,7,\N,\N,\N,\N,\N,\N,\N
27,883,1,14,\N,0,0,101,8,0,0,0,\N,0,\N,0,0,0,0,0,0,0,10,\N,\N,\N,\N,\N,\N,\N
27,884,1,6,\N,1,50,100,20,0,0,0,\N,0,\N,0,0,0,0,0,0,0,0,\N,\N,\N,\N,\N,\N,\N
27,885,1,11,\N,1,50,100,20,0,0,0,\N,0,\N,0,0,0,0,0,0,0,0,\N,\N,\N,\N,\N,\N,\N
27,886,1,10,\N,2,50,100,20,0,0,0,\N,0,\N,0,0,0,0,0,0,0,0,\N,\N,\N,\N,\N,\N,\N
27,887,0,0,\N,1,120,100,8,0,0,0,\N,0,\N,0,0,0,0,0,0,0,0,\N,\N,\N,\N,\N,\N,\N
27,888,1,13,\N,2,40,100,12,0,0,0,\N,0,\N,0,0,0,0,0,0,0,0,\N,\N,\N,\N,\N,\N,\N
27,889,1,7,\N,1,50,100,12,0,0,0,\N,0,\N,0,0,0,0,0,0,0,0,\N,\N,\N,\N,\N,\N,\N
27,890,1,9,\N,2,120,100,8,0,0,0,\N,0,\N,0,0,0,0,0,0,0,0,\N,\N,\N,\N,\N,\N,\N
27,891,1,9,\N,1,90,100,12,0,0,0,\N,0,\N,0,0,0,0,0,0,0,0,\N,\N,\N,\N,\N,\N,\N
27,892,1,12,\N,1,120,100,8,0,0,0,\N,0,\N,0,0,0,0,0,0,0,0,\N,\N,\N,\N,\N,\N,\N
27,893,1,8,\N,1,160,100,8,0,0,0,\N,0,\N,0,0,0,0,0,0,0,0,\N,\N,\N,\N,\N,\N,\N
27,894,1,16,\N,1,1,100,12,0,0,0,\N,0,\N,0,0,0,0,0,0,0,13,\N,\N,\N,\N,\N,\N,\N
27,895,1,10,\N,1,70,100,20,0,0,0,\N,0,\N,0,0,0,0,0,0,0,0,\N,\N,\N,\N,\N,\N,\N
27,896,0,9,\N,1,80,100,12,0,0,0,\N,0,\N,0,0,0,0,0,0,0,0,\N,\N,\N,\N,\N,\N,\N
27,897,0,16,\N,1,80,100,12,0,0,0,\N,0,\N,0,0,0,0,0,0,0,0,\N,\N,\N,\N,\N,\N,\N
27,898,0,3,\N,1,100,100,12,0,0,0,\N,0,\N,0,0,0,0,0,0,0,0,\N,\N,\N,\N,\N,\N,\N
27,899,0,1,\N,1,100,100,12,0,0,0,\N,0,\N,0,0,0,0,0,0,0,0,\N,\N,\N,\N,\N,\N,\N
27,900,0,17,\N,1,100,100,12,0,0,0,\N,0,\N,0,0,0,0,0,0,0,0,\N,\N,\N,\N,\N,\N,\N
27,901,0,0,\N,2,130,100,8,0,0,0,\N,0,\N,0,0,0,0,0,0,0,0,\N,\N,\N,\N,\N,\N,\N
27,902,1,11,\N,2,80,90,16,0,0,0,\N,0,\N,0,0,0,0,0,0,0,5,\N,\N,\N,\N,\N,\N,\N
27,903,1,11,\N,2,60,90,12,0,0,0,\N,0,\N,0,0,0,0,0,0,0,0,\N,\N,\N,\N,\N,\N,\N
27,904,0,11,\N,1,100,100,12,0,0,0,\N,0,\N,0,0,0,0,0,0,0,0,\N,\N,\N,\N,\N,\N,\N
27,905,1,12,\N,2,130,100,12,0,0,0,\N,0,\N,0,0,0,0,0,0,0,0,\N,\N,\N,\N,\N,\N,\N
27,906,0,0,\N,2,120,100,8,0,0,0,\N,0,\N,0,0,0,0,0,0,0,0,\N,\N,\N,\N,\N,\N,\N
27,907,1,15,\N,2,80,100,8,0,0,0,\N,0,\N,0,0,0,0,0,0,0,0,\N,\N,\N,\N,\N,\N,\N
27,908,0,9,\N,0,0,101,12,4,0,0,\N,0,\N,0,0,0,0,0,0,0,7,\N,\N,\N,\N,\N,\N,\N
27,909,0,12,\N,2,70,100,8,1,0,0,\N,0,\N,0,0,0,0,0,0,0,0,\N,\N,\N,\N,\N,\N,\N
27,910,0,5,\N,1,95,100,8,0,0,0,\N,0,\N,0,0,0,0,0,0,0,0,\N,\N,\N,\N,\N,\N,\N
27,911,0,8,\N,2,50,101,12,0,0,0,\N,0,\N,0,0,0,0,0,0,0,0,\N,\N,\N,\N,\N,\N,\N
27,912,1,8,\N,1,1,100,12,0,0,0,\N,0,\N,0,0,0,0,0,0,0,0,\N,\N,\N,\N,\N,\N,\N
27,913,1,15,\N,0,0,101,16,0,0,0,\N,0,\N,0,0,0,0,0,0,0,14,\N,\N,\N,\N,\N,\N,\N
27,914,1,17,\N,2,80,100,12,0,0,0,\N,0,\N,0,0,0,0,0,0,0,0,\N,\N,\N,\N,\N,\N,\N
27,915,1,9,\N,1,75,100,12,0,0,0,\N,0,\N,0,0,0,0,0,0,0,0,\N,\N,\N,\N,\N,\N,\N
27,916,1,12,\N,1,100,95,16,0,0,0,\N,0,\N,0,0,0,0,0,0,0,0,\N,\N,\N,\N,\N,\N,\N
27,917,1,13,\N,2,75,100,12,0,0,0,\N,0,\N,0,0,0,0,0,0,0,0,\N,\N,\N,\N,\N,\N,\N
27,918,1,1,\N,1,65,100,16,3,0,0,\N,0,\N,0,0,0,0,0,0,0,0,\N,\N,\N,\N,\N,\N,\N
27,919,0,3,\N,2,100,100,8,0,0,0,\N,0,\N,0,0,0,0,0,0,0,0,\N,\N,\N,\N,\N,\N,\N
27,920,0,15,\N,2,100,100,8,0,0,0,\N,0,\N,0,0,0,0,0,0,0,5,\N,\N,\N,\N,\N,\N,\N
