create table if not exists `item_fling_effects`
(
`id` tinyint unsigned not null,

`identifier` varchar(10) not null,

primary key (`id`),
unique key (`identifier`)
) engine = InnoDB;


create table if not exists `items`
(
`id` int unsigned not null,

`identifier` varchar(10) not null,
`introduced_in_generation` tinyint unsigned not null,
`item_fling_power` tinyint unsigned null, # nullable
`item_fling_effect_id` tinyint unsigned null, # nullable

primary key (`id`),
unique key (`identifier`),
foreign key (`introduced_in_generation`) references `generations` (`generation`)
	on delete restrict
	on update cascade,
foreign key (`item_fling_effect_id`) references `item_fling_effects` (`id`)
	on delete restrict
	on update cascade
) engine = InnoDB;


create table if not exists `item_pockets`
(
`id` tinyint unsigned not null,

`identifier` varchar(10) not null,

primary key (`id`),
unique key (`identifier`)
) engine = InnoDB;


create table if not exists `version_group_items`
(
`version_group_id` tinyint unsigned not null,
`item_id` int unsigned not null,

`game_index` smallint unsigned not null,
`item_pocket_id` tinyint unsigned null, # nullable

primary key (
	`version_group_id`,
	`item_id`
),
foreign key (`version_group_id`) references `version_groups` (`id`)
	on delete restrict
	on update cascade,
foreign key (`item_id`) references `items` (`id`)
	on delete restrict
	on update cascade,
foreign key (`item_pocket_id`) references `item_pockets` (`id`)
	on delete restrict
	on update cascade
) engine = InnoDB;


insert into `item_fling_effects` (
	`id`,
	`identifier`
) values
(1, "poison"),
(2, "flinch"),
(3, "paralysis"),
(4, "berry"),
(5, "herb"),
(6, "toxic"),
(7, "burn")
;


insert into `items` (
	`id`,
	`identifier`,
	`generation`,
	`item_fling_power`,
	`item_fling_effect_id`
) values
(1, "none", 1, null, null),
(2, "master-ball", 1, null, null),
(3, "ultra-ball", 1, null, null),
(4, "great-ball", 1, null, null),
(5, "poke-ball", 1, null, null),
(6, "town-map-kanto", 1, null, null),
(7, "bike", 1, null, null),
(8, "safari-ball", 1, null, null),
(9, "moon-stone", 1, 30, null),
(10, "antidote", 1, 30, null),
(11, "burn-heal", 1, 30, null),
(12, "ice-heal", 1, 30, null),
(13, "awakening", 1, 30, null),
(14, "paralyze-heal", 1, 30, null),
(15, "full-restore", 1, 30, null),
(16, "max-potion", 1, 30, null),
(17, "hyper-potion", 1, 30, null),
(18, "super-potion", 1, 30, null),
(19, "potion", 1, 30, null),
(20, "escape-rope", 1, 30, null),
(21, "repel", 1, 30, null),
(22, "old-amber", 1, 100, null),
(23, "fire-stone", 1, 30, null),
(24, "thunder-stone", 1, 30, null),
(25, "water-stone", 1, 30, null),
(26, "hp-up", 1, 30, null),
(27, "protein", 1, 30, null),
(28, "iron", 1, 30, null),
(29, "carbos", 1, 30, null),
(30, "calcium", 1, 30, null),
(31, "rare-candy", 1, 30, null),
(32, "dome-fossil", 1, 100, null),
(33, "helix-fossil", 1, 100, null),
(34, "secret-key", 1, null, null),
(35, "bike-voucher", 1, null, null),
(36, "x-accuracy", 1, 30, null),
(37, "leaf-stone", 1, 30, null),
(38, "card-key-silph-co", 1, null, null),
(39, "nugget", 1, 30, null),
(40, "poke-doll", 1, 30, null),
(41, "full-heal", 1, 30, null),
(42, "revive", 1, 30, null),
(43, "max-revive", 1, 30, null),
(44, "guard-spec", 1, 30, null),
(45, "super-repel", 1, 30, null),
(46, "max-repel", 1, 30, null),
(47, "dire-hit", 1, 30, null),
(48, "fresh-water", 1, 30, null),
(49, "soda-pop", 1, 30, null),
(50, "lemonade", 1, 30, null),
(51, "ss-ticket-ss-anne", 1, null, null),
(52, "gold-teeth", 1, null, null),
(53, "x-attack", 1, 30, null),
(54, "x-defense", 1, 30, null),
(55, "x-speed", 1, 30, null),
(56, "x-special-attack", 1, 30, null),
(57, "coin-case", 1, null, null),
(58, "oaks-parcel", 1, null, null),
(59, "dowsing-machine", 1, null, null),
(60, "silph-scope", 1, null, null),
(61, "poke-flute", 1, null, null),
(62, "lift-key", 1, null, null),
(63, "exp-share", 1, 30, null),
(64, "old-rod", 1, null, null),
(65, "good-rod", 1, null, null),
(66, "super-rod", 1, null, null),
(67, "pp-up", 1, 30, null),
(68, "ether", 1, 30, null),
(69, "max-ether", 1, 30, null),
(70, "elixir", 1, 30, null),
(71, "max-elixir", 1, 30, null),
(72, "hm01", 1, null, null),
(73, "hm02", 1, null, null),
(74, "hm03", 1, null, null),
(75, "hm04", 1, null, null),
(76, "hm05", 1, null, null),
(77, "tm01", 1, null, null),
(78, "tm02", 1, null, null),
(79, "tm03", 1, null, null),
(80, "tm04", 1, null, null),
(81, "tm05", 1, null, null),
(82, "tm06", 1, null, null),
(83, "tm07", 1, null, null),
(84, "tm08", 1, null, null),
(85, "tm09", 1, null, null),
(86, "tm10", 1, null, null),
(87, "tm11", 1, null, null),
(88, "tm12", 1, null, null),
(89, "tm13", 1, null, null),
(90, "tm14", 1, null, null),
(91, "tm15", 1, null, null),
(92, "tm16", 1, null, null),
(93, "tm17", 1, null, null),
(94, "tm18", 1, null, null),
(95, "tm19", 1, null, null),
(96, "tm20", 1, null, null),
(97, "tm21", 1, null, null),
(98, "tm22", 1, null, null),
(99, "tm23", 1, null, null),
(100, "tm24", 1, null, null),
(101, "tm25", 1, null, null),
(102, "tm26", 1, null, null),
(103, "tm27", 1, null, null),
(104, "tm28", 1, null, null),
(105, "tm29", 1, null, null),
(106, "tm30", 1, null, null),
(107, "tm31", 1, null, null),
(108, "tm32", 1, null, null),
(109, "tm33", 1, null, null),
(110, "tm34", 1, null, null),
(111, "tm35", 1, null, null),
(112, "tm36", 1, null, null),
(113, "tm37", 1, null, null),
(114, "tm38", 1, null, null),
(115, "tm39", 1, null, null),
(116, "tm40", 1, null, null),
(117, "tm41", 1, null, null),
(118, "tm42", 1, null, null),
(119, "tm43", 1, null, null),
(120, "tm44", 1, null, null),
(121, "tm45", 1, null, null),
(122, "tm46", 1, null, null),
(123, "tm47", 1, null, null),
(124, "tm48", 1, null, null),
(125, "tm49", 1, null, null),
(126, "tm50", 1, null, null),
(127, "bright-powder", 2, 10, null),
(128, "lucky-punch", 2, 40, null),
(129, "metal-powder", 2, 10, null),
(130, "silver-leaf", 2, null, null),
(131, "red-scale", 2, null, null),
(132, "secret-potion", 2, null, null),
(133, "ss-ticket-ss-aqua", 2, null, null),
(134, "mystery-egg", 2, null, null),
(135, "silver-wing", 2, null, null),
(136, "moomoo-milk", 2, 30, null),
(137, "quick-claw", 2, 80, null),
(138, "poison-cure-berry", 2, null, null),
(139, "gold-leaf", 2, null, null),
(140, "soft-sand", 2, 10, null),
(141, "sharp-beak", 2, 50, null),
(142, "paralyze-cure-berry", 2, null, null),
(143, "burnt-berry", 2, null, null),
(144, "ice-berry", 2, null, null),
(145, "poison-barb", 2, 70, 1),
(146, "kings-rock", 2, 30, 2),
(147, "bitter-berry", 2, null, null),
(148, "mint-berry", 2, null, null),
(149, "red-apricorn", 2, null, null),
(150, "tiny-mushroom", 2, 30, null),
(151, "big-mushroom", 2, 30, null),
(152, "silver-powder", 2, 10, null),
(153, "blue-apricorn", 2, null, null),
(154, "amulet-coin", 2, 30, null),
(155, "yellow-apricorn", 2, null, null),
(156, "green-apricorn", 2, null, null),
(157, "cleanse-tag", 2, 30, null),
(158, "mystic-water", 2, 30, null),
(159, "twisted-spoon", 2, 30, null),
(160, "white-apricorn", 2, null, null),
(161, "black-belt", 2, 30, null),
(162, "black-apricorn", 2, null, null),
(163, "pink-apricorn", 2, null, null),
(164, "black-glasses", 2, 30, null),
(165, "slowpoke-tail", 2, null, null),
(166, "pink-bow", 2, null, null),
(167, "stick", 2, 60, null),
(168, "smoke-ball", 2, 30, null),
(169, "never-melt-ice", 2, 30, null),
(170, "magnet", 2, 30, null),
(171, "miracle-berry", 2, null, null),
(172, "pearl", 2, 30, null),
(173, "big-pearl", 2, 30, null),
(174, "everstone", 2, 30, null),
(175, "spell-tag", 2, 30, null),
(176, "rage-candy-bar", 2, null, null),
(177, "miracle-seed", 2, 30, null),
(178, "thick-club", 2, 90, null),
(179, "focus-band", 2, 10, null),
(180, "energy-powder", 2, 30, null),
(181, "energy-root", 2, 30, null),
(182, "heal-powder", 2, 30, null),
(183, "revival-herb", 2, 30, null),
(184, "hard-stone", 2, 100, null),
(185, "lucky-egg", 2, 30, null),
(186, "card-key-radio-tower", 2, null, null),
(187, "machine-part", 2, null, null),
(188, "lost-item", 2, null, null),
(189, "stardust", 2, 30, null),
(190, "star-piece", 2, 30, null),
(191, "basement-key-goldenrod-tunnel", 2, null, null),
(192, "pass", 2, null, null),
(193, "charcoal", 2, 30, null),
(194, "berry-juice", 2, 30, null),
(195, "scope-lens", 2, 30, null),
(196, "metal-coat", 2, 30, null),
(197, "dragon-fang", 2, 70, null),
(198, "leftovers", 2, 10, null),
(199, "mystery-berry", 2, null, null),
(200, "dragon-scale", 2, 30, null),
(201, "berserk-gene", 2, null, null),
(202, "sacred-ash", 2, 30, null),
(203, "heavy-ball", 2, null, null),
(204, "flower-mail", 2, null, null),
(205, "level-ball", 2, null, null),
(206, "lure-ball", 2, null, null),
(207, "fast-ball", 2, null, null),
(208, "light-ball", 2, 30, 3),
(209, "friend-ball", 2, null, null),
(210, "moon-ball", 2, null, null),
(211, "love-ball", 2, null, null),
(212, "normal-box", 2, null, null),
(213, "gorgeous-box", 2, null, null),
(214, "sun-stone", 2, 30, null),
(215, "polkadot-bow", 2, null, null),
(216, "up-grade", 2, 30, null),
(217, "berry", 2, null, null),
(218, "gold-berry", 2, null, null),
(219, "squirt-bottle", 2, null, null),
(220, "sport-ball", 2, null, null),
(221, "rainbow-wing", 2, null, null),
(222, "brick-piece", 2, null, null),
(223, "surf-mail", 2, null, null),
(224, "light-blue-mail", 2, null, null),
(225, "portrait-mail", 2, null, null),
(226, "lovely-mail", 2, null, null),
(227, "eon-mail", 2, null, null),
(228, "morph-mail", 2, null, null),
(229, "blue-sky-mail", 2, null, null),
(230, "music-mail", 2, null, null),
(231, "mirage-mail", 2, null, null),
(232, "hm06", 2, null, null),
(233, "hm07", 2, null, null),
(234, "clear-bell", 2, null, null),
(235, "gs-ball", 2, null, null),
(236, "blue-card", 2, null, null),
(237, "egg-ticket", 2, null, null),
(238, "net-ball", 3, null, null),
(239, "dive-ball", 3, null, null),
(240, "nest-ball", 3, null, null),
(241, "repeat-ball", 3, null, null),
(242, "timer-ball", 3, null, null),
(243, "luxury-ball", 3, null, null),
(244, "premier-ball", 3, null, null),
(245, "lava-cookie", 3, 30, null),
(246, "blue-flute", 3, 30, null),
(247, "yellow-flute", 3, 30, null),
(248, "red-flute", 3, 30, null),
(249, "black-flute", 3, 30, null),
(250, "white-flute", 3, 30, null),
(251, "shoal-salt", 3, 30, null),
(252, "shoal-shell", 3, 30, null),
(253, "red-shard", 3, 30, null),
(254, "blue-shard", 3, 30, null),
(255, "yellow-shard", 3, 30, null),
(256, "green-shard", 3, 30, null),
(257, "zinc", 3, 30, null),
(258, "pp-max", 3, 30, null),
(259, "fluffy-tail", 3, 30, null),
(260, "heart-scale", 3, 30, null),
(261, "orange-mail", 3, null, null),
(262, "harbor-mail", 3, null, null),
(263, "glitter-mail", 3, null, null),
(264, "mech-mail", 3, null, null),
(265, "wood-mail", 3, null, null),
(266, "wave-mail", 3, null, null),
(267, "bead-mail", 3, null, null),
(268, "shadow-mail", 3, null, null),
(269, "tropic-mail", 3, null, null),
(270, "dream-mail", 3, null, null),
(271, "fab-mail", 3, null, null),
(272, "retro-mail", 3, null, null),
(273, "cheri-berry", 3, 10, 4),
(274, "chesto-berry", 3, 10, 4),
(275, "pecha-berry", 3, 10, 4),
(276, "rawst-berry", 3, 10, 4),
(277, "aspear-berry", 3, 10, 4),
(278, "leppa-berry", 3, 10, 4),
(279, "oran-berry", 3, 10, 4),
(280, "persim-berry", 3, 10, 4),
(281, "lum-berry", 3, 10, 4),
(282, "sitrus-berry", 3, 10, 4),
(283, "figy-berry", 3, 10, 4),
(284, "wiki-berry", 3, 10, 4),
(285, "mago-berry", 3, 10, 4),
(286, "aguav-berry", 3, 10, 4),
(287, "iapapa-berry", 3, 10, 4),
(288, "razz-berry", 3, 10, null),
(289, "bluk-berry", 3, 10, null),
(290, "nanab-berry", 3, 10, null),
(291, "wepear-berry", 3, 10, null),
(292, "pinap-berry", 3, 10, null),
(293, "pomeg-berry", 3, 10, null),
(294, "kelpsy-berry", 3, 10, null),
(295, "qualot-berry", 3, 10, null),
(296, "hondew-berry", 3, 10, null),
(297, "grepa-berry", 3, 10, null),
(298, "tamato-berry", 3, 10, null),
(299, "cornn-berry", 3, 10, null),
(300, "magost-berry", 3, 10, null),
(301, "rabuta-berry", 3, 10, null),
(302, "nomel-berry", 3, 10, null),
(303, "spelon-berry", 3, 10, null),
(304, "pamtre-berry", 3, 10, null),
(305, "watmel-berry", 3, 10, null),
(306, "durin-berry", 3, 10, null),
(307, "belue-berry", 3, 10, null),
(308, "liechi-berry", 3, 10, 4),
(309, "ganlon-berry", 3, 10, 4),
(310, "salac-berry", 3, 10, 4),
(311, "petaya-berry", 3, 10, 4),
(312, "apicot-berry", 3, 10, 4),
(313, "lansat-berry", 3, 10, 4),
(314, "starf-berry", 3, 10, 4),
(315, "enigma-berry", 3, 10, null),
(316, "white-herb", 3, 10, 5),
(317, "macho-brace", 3, 60, null),
(318, "soothe-bell", 3, 10, null),
(319, "mental-herb", 3, 10, 5),
(320, "choice-band", 3, 10, null),
(321, "soul-dew", 3, 30, null),
(322, "deep-sea-tooth", 3, 90, null),
(323, "deep-sea-scale", 3, 30, null),
(324, "silk-scarf", 3, 10, null),
(325, "shell-bell", 3, 30, null),
(326, "sea-incense", 3, 10, null),
(327, "lax-incense", 3, 10, null),
(328, "red-scarf", 3, 10, null),
(329, "blue-scarf", 3, 10, null),
(330, "pink-scarf", 3, 10, null),
(331, "green-scarf", 3, 10, null),
(332, "yellow-scarf", 3, 10, null),
(333, "mach-bike", 3, null, null),
(334, "ss-ticket-ss-tidal", 3, null, null),
(335, "contest-pass", 3, null, null),
(336, "wailmer-pail", 3, null, null),
(337, "devon-parts", 3, null, null),
(338, "soot-sack", 3, null, null),
(339, "basement-key-new-mauville", 3, null, null),
(340, "acro-bike", 3, null, null),
(341, "pokeblock-case", 3, null, null),
(342, "letter", 3, null, null),
(343, "eon-ticket", 3, null, null),
(344, "red-orb", 3, null, null),
(345, "blue-orb", 3, null, null),
(346, "scanner", 3, null, null),
(347, "go-goggles", 3, null, null),
(348, "meteorite", 3, null, null),
(349, "key-to-room-1", 3, null, null),
(350, "key-to-room-2", 3, null, null),
(351, "key-to-room-4", 3, null, null),
(352, "key-to-room-6", 3, null, null),
(353, "storage-key-sea-mauville", 3, null, null),
(354, "root-fossil", 3, 100, null),
(355, "claw-fossil", 3, 100, null),
(356, "devon-scope", 3, null, null),
(357, "hm08", 3, null, null),
(358, "vs-seeker", 3, null, null),
(359, "fame-checker", 3, null, null),
(360, "tm-case", 3, null, null),
(361, "berry-pouch", 3, null, null),
(362, "teachy-tv", 3, null, null),
(363, "tri-pass", 3, null, null),
(364, "rainbow-pass", 3, null, null),
(365, "tea", 3, null, null),
(366, "mystic-ticket", 3, null, null),
(367, "aurora-ticket", 3, null, null),
(368, "powder-jar", 3, null, null),
(369, "ruby", 3, null, null),
(370, "sapphire", 3, null, null),
(371, "magma-emblem", 3, null, null),
(372, "old-sea-map", 3, null, null),
(373, "dusk-ball", 4, null, null),
(374, "heal-ball", 4, null, null),
(375, "quick-ball", 4, null, null),
(376, "cherish-ball", 4, null, null),
(377, "old-gateau", 4, 30, null),
(378, "x-special-defense", 4, 30, null),
(379, "honey", 4, 30, null),
(380, "growth-mulch", 4, 30, null),
(381, "damp-mulch", 4, 30, null),
(382, "stable-mulch", 4, 30, null),
(383, "gooey-mulch", 4, 30, null),
(384, "armor-fossil", 4, 100, null),
(385, "skull-fossil", 4, 100, null),
(386, "rare-bone", 4, 100, null),
(387, "shiny-stone", 4, 80, null),
(388, "dusk-stone", 4, 80, null),
(389, "dawn-stone", 4, 80, null),
(390, "oval-stone", 4, 80, null),
(391, "odd-keystone", 4, 80, null),
(392, "adamant-orb", 4, 60, null),
(393, "lustrous-orb", 4, 60, null),
(394, "grass-mail", 4, null, null),
(395, "flame-mail", 4, null, null),
(396, "bubble-mail", 4, null, null),
(397, "bloom-mail", 4, null, null),
(398, "tunnel-mail", 4, null, null),
(399, "steel-mail", 4, null, null),
(400, "heart-mail", 4, null, null),
(401, "snow-mail", 4, null, null),
(402, "space-mail", 4, null, null),
(403, "air-mail", 4, null, null),
(404, "mosaic-mail", 4, null, null),
(405, "brick-mail", 4, null, null),
(406, "occa-berry", 4, 10, null),
(407, "passho-berry", 4, 10, null),
(408, "wacan-berry", 4, 10, null),
(409, "rindo-berry", 4, 10, null),
(410, "yache-berry", 4, 10, null),
(411, "chople-berry", 4, 10, null),
(412, "kebia-berry", 4, 10, null),
(413, "shuca-berry", 4, 10, null),
(414, "coba-berry", 4, 10, null),
(415, "payapa-berry", 4, 10, null),
(416, "tanga-berry", 4, 10, null),
(417, "charti-berry", 4, 10, null),
(418, "kasib-berry", 4, 10, null),
(419, "haban-berry", 4, 10, null),
(420, "colbur-berry", 4, 10, null),
(421, "babiri-berry", 4, 10, null),
(422, "chilan-berry", 4, 10, null),
(423, "micle-berry", 4, 10, 4),
(424, "custap-berry", 4, 10, null),
(425, "jaboca-berry", 4, 10, null),
(426, "rowap-berry", 4, 10, null),
(427, "wide-lens", 4, 10, null),
(428, "muscle-band", 4, 10, null),
(429, "wise-glasses", 4, 10, null),
(430, "expert-belt", 4, 10, null),
(431, "light-clay", 4, 30, null),
(432, "life-orb", 4, 30, null),
(433, "power-herb", 4, 10, null),
(434, "toxic-orb", 4, 30, 6),
(435, "flame-orb", 4, 30, 7),
(436, "quick-powder", 4, 10, null),
(437, "focus-sash", 4, 10, null),
(438, "zoom-lens", 4, 10, null),
(439, "metronome", 4, 30, null),
(440, "iron-ball", 4, 130, null),
(441, "lagging-tail", 4, 10, null),
(442, "destiny-knot", 4, 10, null),
(443, "black-sludge", 4, 30, null),
(444, "icy-rock", 4, 40, null),
(445, "smooth-rock", 4, 10, null),
(446, "heat-rock", 4, 60, null),
(447, "damp-rock", 4, 60, null),
(448, "grip-claw", 4, 90, null),
(449, "choice-scarf", 4, 10, null),
(450, "sticky-barb", 4, 80, null),
(451, "power-bracer", 4, 70, null),
(452, "power-belt", 4, 70, null),
(453, "power-lens", 4, 70, null),
(454, "power-band", 4, 70, null),
(455, "power-anklet", 4, 70, null),
(456, "power-weight", 4, 70, null),
(457, "shed-shell", 4, 10, null),
(458, "big-root", 4, 10, null),
(459, "choice-specs", 4, 10, null),
(460, "flame-plate", 4, 90, null),
(461, "splash-plate", 4, 90, null),
(462, "zap-plate", 4, 90, null),
(463, "meadow-plate", 4, 90, null),
(464, "icicle-plate", 4, 90, null),
(465, "fist-plate", 4, 90, null),
(466, "toxic-plate", 4, 90, null),
(467, "earth-plate", 4, 90, null),
(468, "sky-plate", 4, 90, null),
(469, "mind-plate", 4, 90, null),
(470, "insect-plate", 4, 90, null),
(471, "stone-plate", 4, 90, null),
(472, "spooky-plate", 4, 90, null),
(473, "draco-plate", 4, 90, null),
(474, "dread-plate", 4, 90, null),
(475, "iron-plate", 4, 90, null),
(476, "odd-incense", 4, 10, null),
(477, "rock-incense", 4, 10, null),
(478, "full-incense", 4, 10, null),
(479, "wave-incense", 4, 10, null),
(480, "rose-incense", 4, 10, null),
(481, "luck-incense", 4, 10, null),
(482, "pure-incense", 4, 10, null),
(483, "protector", 4, 80, null),
(484, "electirizer", 4, 80, null),
(485, "magmarizer", 4, 80, null),
(486, "dubious-disc", 4, 50, null),
(487, "reaper-cloth", 4, 10, null),
(488, "razor-claw", 4, 80, null),
(489, "razor-fang", 4, 30, 2),
(490, "tm51", 4, null, null),
(491, "tm52", 4, null, null),
(492, "tm53", 4, null, null),
(493, "tm54", 4, null, null),
(494, "tm55", 4, null, null),
(495, "tm56", 4, null, null),
(496, "tm57", 4, null, null),
(497, "tm58", 4, null, null),
(498, "tm59", 4, null, null),
(499, "tm60", 4, null, null),
(500, "tm61", 4, null, null),
(501, "tm62", 4, null, null),
(502, "tm63", 4, null, null),
(503, "tm64", 4, null, null),
(504, "tm65", 4, null, null),
(505, "tm66", 4, null, null),
(506, "tm67", 4, null, null),
(507, "tm68", 4, null, null),
(508, "tm69", 4, null, null),
(509, "tm70", 4, null, null),
(510, "tm71", 4, null, null),
(511, "tm72", 4, null, null),
(512, "tm73", 4, null, null),
(513, "tm74", 4, null, null),
(514, "tm75", 4, null, null),
(515, "tm76", 4, null, null),
(516, "tm77", 4, null, null),
(517, "tm78", 4, null, null),
(518, "tm79", 4, null, null),
(519, "tm80", 4, null, null),
(520, "tm81", 4, null, null),
(521, "tm82", 4, null, null),
(522, "tm83", 4, null, null),
(523, "tm84", 4, null, null),
(524, "tm85", 4, null, null),
(525, "tm86", 4, null, null),
(526, "tm87", 4, null, null),
(527, "tm88", 4, null, null),
(528, "tm89", 4, null, null),
(529, "tm90", 4, null, null),
(530, "tm91", 4, null, null),
(531, "tm92", 4, null, null),
(532, "explorer-kit", 4, null, null),
(533, "loot-sack", 4, null, null),
(534, "rule-book", 4, null, null),
(535, "poke-radar", 4, null, null),
(536, "point-card", 4, null, null),
(537, "journal", 4, null, null),
(538, "seal-case", 4, null, null),
(539, "fashion-case", 4, null, null),
(540, "seal-bag", 4, null, null),
(541, "pal-pad", 4, null, null),
(542, "works-key", 4, null, null),
(543, "old-charm", 4, null, null),
(544, "galactic-key", 4, null, null),
(545, "red-chain", 4, null, null),
(546, "town-map-sinnoh", 4, null, null),
(547, "sprayduck", 4, null, null),
(548, "poffin-case", 4, null, null),
(549, "suite-key", 4, null, null),
(550, "oaks-letter", 4, null, null),
(551, "lunar-wing", 4, null, null),
(552, "member-card", 4, null, null),
(553, "azure-flute", 4, null, null),
(554, "magma-stone", 4, null, null),
(555, "parcel", 4, null, null),
(556, "coupon-1", 4, null, null),
(557, "coupon-2", 4, null, null),
(558, "coupon-3", 4, null, null),
(559, "storage-key-galactic-warehouse", 4, null, null),
(560, "griseous-orb", 4, null, null),
(561, "vs-recorder", 4, null, null),
(562, "gracidea", 4, null, null),
(563, "apricorn-box", 4, null, null),
(564, "unown-report", 4, null, null),
(565, "berry-pots", 4, null, null),
(566, "park-ball", 4, null, null),
(567, "photo-album", 4, null, null),
(568, "gb-sounds", 4, null, null),
(569, "tidal-bell", 4, null, null),
(570, "data-card-01", 4, null, null),
(571, "data-card-02", 4, null, null),
(572, "data-card-03", 4, null, null),
(573, "data-card-04", 4, null, null),
(574, "data-card-05", 4, null, null),
(575, "data-card-06", 4, null, null),
(576, "data-card-07", 4, null, null),
(577, "data-card-08", 4, null, null),
(578, "data-card-09", 4, null, null),
(579, "data-card-10", 4, null, null),
(580, "data-card-11", 4, null, null),
(581, "data-card-12", 4, null, null),
(582, "data-card-13", 4, null, null),
(583, "data-card-14", 4, null, null),
(584, "data-card-15", 4, null, null),
(585, "data-card-16", 4, null, null),
(586, "data-card-17", 4, null, null),
(587, "data-card-18", 4, null, null),
(588, "data-card-19", 4, null, null),
(589, "data-card-20", 4, null, null),
(590, "data-card-21", 4, null, null),
(591, "data-card-22", 4, null, null),
(592, "data-card-23", 4, null, null),
(593, "data-card-24", 4, null, null),
(594, "data-card-25", 4, null, null),
(595, "data-card-26", 4, null, null),
(596, "data-card-27", 4, null, null),
(597, "jade-orb", 4, null, null),
(598, "lock-capsule", 4, null, null),
(599, "enigma-stone", 4, null, null),
(600, "douse-drive", 5, 70, null),
(601, "shock-drive", 5, 70, null),
(602, "burn-drive", 5, 70, null),
(603, "chill-drive", 5, 70, null),
(604, "sweet-heart", 5, 30, null),
(605, "greet-mail", 5, null, null),
(606, "favored-mail", 5, null, null),
(607, "rsvp-mail", 5, null, null),
(608, "thanks-mail", 5, null, null),
(609, "inquiry-mail", 5, null, null),
(610, "like-mail", 5, null, null),
(611, "reply-mail", 5, null, null),
(612, "bridge-mail-s", 5, null, null),
(613, "bridge-mail-d", 5, null, null),
(614, "bridge-mail-t", 5, null, null),
(615, "bridge-mail-v", 5, null, null),
(616, "bridge-mail-m", 5, null, null),
(617, "town-map-unova", 5, null, null),
(618, "prism-scale", 5, 30, null),
(619, "eviolite", 5, 40, null),
(620, "float-stone", 5, 30, null),
(621, "rocky-helmet", 5, 60, null),
(622, "air-balloon", 5, 10, null),
(623, "red-card", 5, 10, null),
(624, "ring-target", 5, 10, null),
(625, "binding-band", 5, 30, null),
(626, "absorb-bulb", 5, 30, null),
(627, "cell-battery", 5, 30, null),
(628, "eject-button", 5, 30, null),
(629, "fire-gem", 5, null, null),
(630, "water-gem", 5, null, null),
(631, "electric-gem", 5, null, null),
(632, "grass-gem", 5, null, null),
(633, "ice-gem", 5, null, null),
(634, "fighting-gem", 5, null, null),
(635, "poison-gem", 5, null, null),
(636, "ground-gem", 5, null, null),
(637, "flying-gem", 5, null, null),
(638, "psychic-gem", 5, null, null),
(639, "bug-gem", 5, null, null),
(640, "rock-gem", 5, null, null),
(641, "ghost-gem", 5, null, null),
(642, "dragon-gem", 5, null, null),
(643, "dark-gem", 5, null, null),
(644, "steel-gem", 5, null, null),
(645, "normal-gem", 5, null, null),
(646, "health-wing", 5, 20, null),
(647, "muscle-wing", 5, 20, null),
(648, "resist-wing", 5, 20, null),
(649, "genius-wing", 5, 20, null),
(650, "clever-wing", 5, 20, null),
(651, "swift-wing", 5, 20, null),
(652, "pretty-wing", 5, 20, null),
(653, "cover-fossil", 5, 100, null),
(654, "plume-fossil", 5, 100, null),
(655, "liberty-pass", 5, null, null),
(656, "pass-orb", 5, 30, null),
(657, "dream-ball", 5, null, null),
(658, "poke-toy", 5, 30, null),
(659, "prop-case", 5, null, null),
(660, "dragon-skull", 5, null, null),
(661, "balm-mushroom", 5, 30, null),
(662, "big-nugget", 5, 30, null),
(663, "pearl-string", 5, 30, null),
(664, "comet-shard", 5, 30, null),
(665, "relic-copper", 5, 30, null),
(666, "relic-silver", 5, 30, null),
(667, "relic-gold", 5, 30, null),
(668, "relic-vase", 5, 30, null),
(669, "relic-band", 5, 30, null),
(670, "relic-statue", 5, 30, null),
(671, "relic-crown", 5, 30, null),
(672, "casteliacone", 5, 30, null),
(673, "dire-hit-2", 5, null, null),
(674, "x-speed-2", 5, null, null),
(675, "x-special-attack-2", 5, null, null),
(676, "x-special-defense-2", 5, null, null),
(677, "x-defense-2", 5, null, null),
(678, "x-attack-2", 5, null, null),
(679, "x-accuracy-2", 5, null, null),
(680, "x-speed-3", 5, null, null),
(681, "x-special-attack-3", 5, null, null),
(682, "x-special-defense-3", 5, null, null),
(683, "x-defense-3", 5, null, null),
(684, "x-attack-3", 5, null, null),
(685, "x-accuracy-3", 5, null, null),
(686, "x-speed-6", 5, null, null),
(687, "x-special-attack-6", 5, null, null),
(688, "x-special-defense-6", 5, null, null),
(689, "x-defense-6", 5, null, null),
(690, "x-attack-6", 5, null, null),
(691, "x-accuracy-6", 5, null, null),
(692, "ability-urge", 5, null, null),
(693, "item-drop", 5, null, null),
(694, "item-urge", 5, null, null),
(695, "reset-urge", 5, null, null),
(696, "dire-hit-3", 5, null, null),
(697, "light-stone", 5, null, null),
(698, "dark-stone", 5, null, null),
(699, "tm93", 5, null, null),
(700, "tm94", 5, null, null),
(701, "tm95", 5, null, null),
(702, "xtranceiver-male", 5, null, null),
(703, "god-stone", 5, null, null),
(704, "gram-1", 5, null, null),
(705, "gram-2", 5, null, null),
(706, "gram-3", 5, null, null),
(707, "xtranceiver-female", 5, null, null),
(708, "medal-box", 5, null, null),
(709, "dna-splicers-1", 5, null, null),
(710, "dna-splicers-2", 5, null, null),
(711, "permit", 5, null, null),
(712, "oval-charm", 5, null, null),
(713, "shiny-charm", 5, null, null),
(714, "plasma-card", 5, null, null),
(715, "grubby-hanky", 5, null, null),
(716, "colress-machine", 5, null, null),
(717, "dropped-item-curtis", 5, null, null),
(718, "dropped-item-yancy", 5, null, null),
(719, "reveal-glass", 5, null, null),
(720, "town-map-kalos", 6, null, null),
(721, "weakness-policy", 6, 80, null),
(722, "assault-vest", 6, 80, null),
(723, "holo-caster-green", 6, null, null),
(724, "profs-letter", 6, null, null),
(725, "roller-skates", 6, null, null),
(726, "pixie-plate", 6, 90, null),
(727, "ability-capsule", 6, null, null),
(728, "whipped-dream", 6, null, null),
(729, "sachet", 6, null, null),
(730, "luminous-moss", 6, 30, null),
(731, "snowball", 6, 30, null),
(732, "safety-goggles", 6, 80, null),
(733, "rich-mulch", 6, 30, null),
(734, "surprise-mulch", 6, 30, null),
(735, "boost-mulch", 6, 30, null),
(736, "amaze-mulch", 6, 30, null),
(737, "gengarite", 6, null, null),
(738, "gardevoirite", 6, null, null),
(739, "ampharosite", 6, null, null),
(740, "venusaurite", 6, null, null),
(741, "charizardite-x", 6, null, null),
(742, "blastoisinite", 6, null, null),
(743, "mewtwonite-x", 6, null, null),
(744, "mewtwonite-y", 6, null, null),
(745, "blazikenite", 6, null, null),
(746, "medichamite", 6, null, null),
(747, "houndoominite", 6, null, null),
(748, "aggronite", 6, null, null),
(749, "banettite", 6, null, null),
(750, "tyranitarite", 6, null, null),
(751, "scizorite", 6, null, null),
(752, "pinsirite", 6, null, null),
(753, "aerodactylite", 6, null, null),
(754, "lucarionite", 6, null, null),
(755, "abomasite", 6, null, null),
(756, "kangaskhanite", 6, null, null),
(757, "gyaradosite", 6, null, null),
(758, "absolite", 6, null, null),
(759, "charizardite-y", 6, null, null),
(760, "alakazite", 6, null, null),
(761, "heracronite", 6, null, null),
(762, "mawilite", 6, null, null),
(763, "manectite", 6, null, null),
(764, "garchompite", 6, null, null),
(765, "latiasite", 6, null, null),
(766, "latiosite", 6, null, null),
(767, "roseli-berry", 6, 10, null),
(768, "kee-berry", 6, 10, null),
(769, "maranga-berry", 6, 10, null),
(770, "sprinklotad", 6, null, null),
(771, "tm96", 6, null, null),
(772, "tm97", 6, null, null),
(773, "tm98", 6, null, null),
(774, "tm99", 6, null, null),
(775, "tm100", 6, null, null),
(776, "power-plant-pass", 6, null, null),
(777, "mega-ring", 6, null, null),
(778, "intriguing-stone", 6, null, null),
(779, "common-stone", 6, null, null),
(780, "discount-coupon", 6, null, null),
(781, "elevator-key", 6, null, null),
(782, "tmv-pass", 6, null, null),
(783, "honor-of-kalos", 6, null, null),
(784, "adventure-rules", 6, null, null),
(785, "strange-souvenir", 6, null, null),
(786, "lens-case", 6, null, null),
(787, "travel-trunk-silver", 6, null, null),
(788, "travel-trunk-gold", 6, null, null),
(789, "lumiose-galette", 6, null, null),
(790, "shalour-sable", 6, null, null),
(791, "jaw-fossil", 6, 100, null),
(792, "sail-fossil", 6, 100, null),
(793, "looker-ticket", 6, null, null),
(794, "bike-yellow", 6, null, null),
(795, "holo-caster-red", 6, null, null),
(796, "fairy-gem", 6, null, null),
(797, "mega-charm", 6, null, null),
(798, "mega-glove", 6, null, null),
(799, "pokeblock-kit", 6, null, null),
(800, "devon-scuba-gear", 6, null, null),
(801, "contest-costume-male", 6, null, null),
(802, "contest-costume-female", 6, null, null),
(803, "magma-suit", 6, null, null),
(804, "aqua-suit", 6, null, null),
(805, "pair-of-tickets", 6, null, null),
(806, "mega-bracelet", 6, null, null),
(807, "mega-pendant", 6, null, null),
(808, "mega-glasses", 6, null, null),
(809, "mega-anchor", 6, null, null),
(810, "mega-stickpin", 6, null, null),
(811, "mega-tiara", 6, null, null),
(812, "mega-anklet", 6, null, null),
(813, "meteorite-glow", 6, null, null),
(814, "swampertite", 6, null, null),
(815, "sceptilite", 6, null, null),
(816, "sablenite", 6, null, null),
(817, "altarianite", 6, null, null),
(818, "galladite", 6, null, null),
(819, "audinite", 6, null, null),
(820, "metagrossite", 6, null, null),
(821, "sharpedonite", 6, null, null),
(822, "slowbronite", 6, null, null),
(823, "steelixite", 6, null, null),
(824, "pidgeotite", 6, null, null),
(825, "glalitite", 6, null, null),
(826, "diancite", 6, null, null),
(827, "prison-bottle", 6, null, null),
(828, "mega-cuff", 6, null, null),
(829, "cameruptite", 6, null, null),
(830, "lopunnite", 6, null, null),
(831, "salamencite", 6, null, null),
(832, "beedrillite", 6, null, null),
(833, "meteorite-warm", 6, null, null),
(834, "meteorite-pattern", 6, null, null),
(835, "key-stone", 6, null, null),
(836, "meteorite-shard", 6, null, null),
(837, "eon-flute", 6, null, null),
(838, "makeup-bag", 7, null, null),
(839, "normalium-z-held", 7, null, null),
(840, "firium-z-held", 7, null, null),
(841, "waterium-z-held", 7, null, null),
(842, "electrium-z-held", 7, null, null),
(843, "grassium-z-held", 7, null, null),
(844, "icium-z-held", 7, null, null),
(845, "fightinium-z-held", 7, null, null),
(846, "poisonium-z-held", 7, null, null),
(847, "groundium-z-held", 7, null, null),
(848, "flyinium-z-held", 7, null, null),
(849, "psychium-z-held", 7, null, null),
(850, "buginium-z-held", 7, null, null),
(851, "rockium-z-held", 7, null, null),
(852, "ghostium-z-held", 7, null, null),
(853, "dragonium-z-held", 7, null, null),
(854, "darkinium-z-held", 7, null, null),
(855, "steelium-z-held", 7, null, null),
(856, "fairium-z-held", 7, null, null),
(857, "pikanium-z-held", 7, null, null),
(858, "bottle-cap", 7, null, null),
(859, "gold-bottle-cap", 7, null, null),
(860, "z-ring", 7, null, null),
(861, "decidium-z-held", 7, null, null),
(862, "incinium-z-held", 7, null, null),
(863, "primarium-z-held", 7, null, null),
(864, "tapunium-z-held", 7, null, null),
(865, "marshadium-z-held", 7, null, null),
(866, "aloraichium-z-held", 7, null, null),
(867, "snorlium-z-held", 7, null, null),
(868, "eevium-z-held", 7, null, null),
(869, "mewnium-z-held", 7, null, null),
(870, "normalium-z-pocket", 7, null, null),
(871, "firium-z-pocket", 7, null, null),
(872, "waterium-z-pocket", 7, null, null),
(873, "electrium-z-pocket", 7, null, null),
(874, "grassium-z-pocket", 7, null, null),
(875, "icium-z-pocket", 7, null, null),
(876, "fightinium-z-pocket", 7, null, null),
(877, "poisonium-z-pocket", 7, null, null),
(878, "groundium-z-pocket", 7, null, null),
(879, "flyinium-z-pocket", 7, null, null),
(880, "psychium-z-pocket", 7, null, null),
(881, "buginium-z-pocket", 7, null, null),
(882, "rockium-z-pocket", 7, null, null),
(883, "ghostium-z-pocket", 7, null, null),
(884, "dragonium-z-pocket", 7, null, null),
(885, "darkinium-z-pocket", 7, null, null),
(886, "steelium-z-pocket", 7, null, null),
(887, "fairium-z-pocket", 7, null, null),
(888, "pikanium-z-pocket", 7, null, null),
(889, "decidium-z-pocket", 7, null, null),
(890, "incinium-z-pocket", 7, null, null),
(891, "primarium-z-pocket", 7, null, null),
(892, "tapunium-z-pocket", 7, null, null),
(893, "marshadium-z-pocket", 7, null, null),
(894, "aloraichium-z-pocket", 7, null, null),
(895, "snorlium-z-pocket", 7, null, null),
(896, "eevium-z-pocket", 7, null, null),
(897, "mewnium-z-pocket", 7, null, null),
(898, "pikashunium-z-pocket", 7, null, null),
(899, "pikashunium-z-held", 7, null, null),
(900, "forage-bag", 7, null, null),
(901, "fishing-rod", 7, null, null),
(902, "professors-mask", 7, null, null),
(903, "festival-ticket", 7, null, null),
(904, "sparkling-stone", 7, null, null),
(905, "adrenaline-orb", 7, 30, null),
(906, "zygarde-cube", 7, null, null),
(907, "ice-stone", 7, null, null),
(908, "ride-pager", 7, null, null),
(909, "beast-ball", 7, null, null),
(910, "big-malasada", 7, null, null),
(911, "red-nectar", 7, null, null),
(912, "yellow-nectar", 7, null, null),
(913, "pink-nectar", 7, null, null),
(914, "purple-nectar", 7, null, null),
(915, "sun-flute", 7, null, null),
(916, "moon-flute", 7, null, null),
(917, "enigmatic-card", 7, null, null),
(918, "terrain-extender", 7, 60, null),
(919, "protective-pads", 7, 30, null),
(920, "electric-seed", 7, 10, null),
(921, "psychic-seed", 7, 10, null),
(922, "misty-seed", 7, 10, null),
(923, "grassy-seed", 7, 10, null),
(924, "fighting-memory", 7, null, null),
(925, "flying-memory", 7, null, null),
(926, "poison-memory", 7, null, null),
(927, "ground-memory", 7, null, null),
(928, "rock-memory", 7, null, null),
(929, "bug-memory", 7, null, null),
(930, "ghost-memory", 7, null, null),
(931, "steel-memory", 7, null, null),
(932, "fire-memory", 7, null, null),
(933, "water-memory", 7, null, null),
(934, "grass-memory", 7, null, null),
(935, "electric-memory", 7, null, null),
(936, "psychic-memory", 7, null, null),
(937, "ice-memory", 7, null, null),
(938, "dragon-memory", 7, null, null),
(939, "dark-memory", 7, null, null),
(940, "fairy-memory", 7, null, null),
(10001, "jail-key", 3, null, null),
(10002, "elevator-key-colosseum", 3, null, null),
(10003, "small-tablet", 3, null, null),
(10004, "f-disk", 3, null, null),
(10005, "r-disk", 3, null, null),
(10006, "l-disk", 3, null, null),
(10007, "d-disk", 3, null, null),
(10008, "u-disk", 3, null, null),
(10009, "subway-key", 3, null, null),
(10010, "maingate-key", 3, null, null),
(10011, "card-key", 3, null, null),
(10012, "down-st-key", 3, null, null),
(10013, "dna-sample-1", 3, null, null),
(10014, "dna-sample-2", 3, null, null),
(10015, "dna-sample-3", 3, null, null),
(10016, "dna-sample-4", 3, null, null),
(10017, "dna-sample-5", 3, null, null),
(10018, "dna-sample-6", 3, null, null),
(10019, "dna-sample-7", 3, null, null),
(10020, "dna-sample-8", 3, null, null),
(10021, "dna-sample-9", 3, null, null),
(10022, "dna-sample-10", 3, null, null),
(10023, "dna-sample-11", 3, null, null),
(10024, "dna-sample-12", 3, null, null),
(10025, "dna-sample-13", 3, null, null),
(10026, "dna-sample-14", 3, null, null),
(10027, "dna-sample-15", 3, null, null),
(10028, "dna-sample-16", 3, null, null),
(10029, "dna-sample-17", 3, null, null),
(10030, "dna-sample-18", 3, null, null),
(10031, "data-rom-colosseum", 3, null, null),
(10032, "steel-teeth", 3, null, null),
(10033, "gear", 3, null, null),
(10034, "red-id-badge", 3, null, null),
(10035, "grn-id-badge", 3, null, null),
(10036, "blu-id-badge", 3, null, null),
(10037, "ylw-id-badge", 3, null, null),
(10038, "time-flute", 3, null, null),
(10039, "ein-file-s", 3, null, null),
(10040, "ein-file-h", 3, null, null),
(10041, "ein-file-c", 3, null, null),
(10042, "ein-file-p", 3, null, null),
(10043, "cologne-case", 3, null, null),
(10044, "joy-scent", 3, null, null),
(10045, "excite-scent", 3, null, null),
(10046, "vivid-scent", 3, null, null),
(10047, "powerup-part", 3, null, null),
(10048, "ein-file-f", 3, null, null),
(10049, "safe-key", 3, null, null),
(10050, "elevator-key-xd", 3, null, null),
(10051, "bonsly-card", 3, null, null),
(10052, "machine-part-xd", 3, null, null),
(10053, "gonzaps-key", 3, null, null),
(10054, "data-rom-xd", 3, null, null),
(10055, "id-card", 3, null, null),
(10056, "music-disc", 3, null, null),
(10057, "system-lever", 3, null, null),
(10058, "mayors-note", 3, null, null),
(10059, "miror-radar", 3, null, null),
(10060, "poke-snack", 3, null, null),
(10061, "sun-shard", 3, null, null),
(10062, "moon-shard", 3, null, null),
(10063, "bonsly-photo", 3, null, null),
(10064, "cry-analyzer", 3, null, null),
(10065, "krane-memo-1", 3, null, null),
(10066, "krane-memo-2", 3, null, null),
(10067, "krane-memo-3", 3, null, null),
(10068, "krane-memo-4", 3, null, null),
(10069, "krane-memo-5", 3, null, null),
(10070, "voice-case-1", 3, null, null),
(10071, "voice-case-2", 3, null, null),
(10072, "voice-case-3", 3, null, null),
(10073, "voice-case-4", 3, null, null),
(10074, "voice-case-5", 3, null, null),
(10075, "disc-case", 3, null, null),
(10076, "battle-cd-01", 3, null, null),
(10077, "battle-cd-02", 3, null, null),
(10078, "battle-cd-03", 3, null, null),
(10079, "battle-cd-04", 3, null, null),
(10080, "battle-cd-05", 3, null, null),
(10081, "battle-cd-06", 3, null, null),
(10082, "battle-cd-07", 3, null, null),
(10083, "battle-cd-08", 3, null, null),
(10084, "battle-cd-09", 3, null, null),
(10085, "battle-cd-10", 3, null, null),
(10086, "battle-cd-11", 3, null, null),
(10087, "battle-cd-12", 3, null, null),
(10088, "battle-cd-13", 3, null, null),
(10089, "battle-cd-14", 3, null, null),
(10090, "battle-cd-15", 3, null, null),
(10091, "battle-cd-16", 3, null, null),
(10092, "battle-cd-17", 3, null, null),
(10093, "battle-cd-18", 3, null, null),
(10094, "battle-cd-19", 3, null, null),
(10095, "battle-cd-20", 3, null, null),
(10096, "battle-cd-21", 3, null, null),
(10097, "battle-cd-22", 3, null, null),
(10098, "battle-cd-23", 3, null, null),
(10099, "battle-cd-24", 3, null, null),
(10100, "battle-cd-25", 3, null, null),
(10101, "battle-cd-26", 3, null, null),
(10102, "battle-cd-27", 3, null, null),
(10103, "battle-cd-28", 3, null, null),
(10104, "battle-cd-29", 3, null, null),
(10105, "battle-cd-30", 3, null, null),
(10106, "battle-cd-31", 3, null, null),
(10107, "battle-cd-32", 3, null, null),
(10108, "battle-cd-33", 3, null, null),
(10109, "battle-cd-34", 3, null, null),
(10110, "battle-cd-35", 3, null, null),
(10111, "battle-cd-36", 3, null, null),
(10112, "battle-cd-37", 3, null, null),
(10113, "battle-cd-38", 3, null, null),
(10114, "battle-cd-39", 3, null, null),
(10115, "battle-cd-40", 3, null, null),
(10116, "battle-cd-41", 3, null, null),
(10117, "battle-cd-42", 3, null, null),
(10118, "battle-cd-43", 3, null, null),
(10119, "battle-cd-44", 3, null, null),
(10120, "battle-cd-45", 3, null, null),
(10121, "battle-cd-46", 3, null, null),
(10122, "battle-cd-47", 3, null, null),
(10123, "battle-cd-48", 3, null, null),
(10124, "battle-cd-49", 3, null, null),
(10125, "battle-cd-50", 3, null, null),
(10126, "battle-cd-51", 3, null, null),
(10127, "battle-cd-52", 3, null, null),
(10128, "battle-cd-53", 3, null, null),
(10129, "battle-cd-54", 3, null, null),
(10130, "battle-cd-55", 3, null, null),
(10131, "battle-cd-56", 3, null, null),
(10132, "battle-cd-57", 3, null, null),
(10133, "battle-cd-58", 3, null, null),
(10134, "battle-cd-59", 3, null, null),
(10135, "battle-cd-60", 3, null, null)
;


insert into `item_pockets` (
	`id`,
	`identifier`
) values
(1, "items"),
(2, "poke-balls"),
(3, "key-items"),
(4, "machines"),
(5, "berries"),
(6, "medicine"),
(7, "battle-items"),
(8, "mail"),
(9, "z-crystals")
;


insert into `version_group_items` (
	`version_group_id`,
	`item_id`,
	`game_index`,
	`item_pocket_id`
) values
(1, 1, 0, null),
(1, 2, 1, null),
(1, 3, 2, null),
(1, 4, 3, null),
(1, 5, 4, null),
(1, 6, 5, null),
(1, 7, 6, null),
(1, 8, 8, null),
(1, 9, 10, null),
(1, 10, 11, null),
(1, 11, 12, null),
(1, 12, 13, null),
(1, 13, 14, null),
(1, 14, 15, null),
(1, 15, 16, null),
(1, 16, 17, null),
(1, 17, 18, null),
(1, 18, 19, null),
(1, 19, 20, null),
(1, 20, 29, null),
(1, 21, 30, null),
(1, 22, 31, null),
(1, 23, 32, null),
(1, 24, 33, null),
(1, 25, 34, null),
(1, 26, 35, null),
(1, 27, 36, null),
(1, 28, 37, null),
(1, 29, 38, null),
(1, 30, 39, null),
(1, 31, 40, null),
(1, 32, 41, null),
(1, 33, 42, null),
(1, 34, 43, null),
(1, 35, 45, null),
(1, 36, 46, null),
(1, 37, 47, null),
(1, 38, 48, null),
(1, 39, 49, null),
(1, 40, 51, null),
(1, 41, 52, null),
(1, 42, 53, null),
(1, 43, 54, null),
(1, 44, 55, null),
(1, 45, 56, null),
(1, 46, 57, null),
(1, 47, 58, null),
(1, 48, 60, null),
(1, 49, 61, null),
(1, 50, 62, null),
(1, 51, 63, null),
(1, 52, 64, null),
(1, 53, 65, null),
(1, 54, 66, null),
(1, 55, 67, null),
(1, 56, 68, null),
(1, 57, 69, null),
(1, 58, 70, null),
(1, 59, 71, null),
(1, 60, 72, null),
(1, 61, 73, null),
(1, 62, 74, null),
(1, 63, 75, null),
(1, 64, 76, null),
(1, 65, 77, null),
(1, 66, 78, null),
(1, 67, 79, null),
(1, 68, 80, null),
(1, 69, 81, null),
(1, 70, 82, null),
(1, 71, 83, null),
(1, 72, 196, null),
(1, 73, 197, null),
(1, 74, 198, null),
(1, 75, 199, null),
(1, 76, 200, null),
(1, 77, 201, null),
(1, 78, 202, null),
(1, 79, 203, null),
(1, 80, 204, null),
(1, 81, 205, null),
(1, 82, 206, null),
(1, 83, 207, null),
(1, 84, 208, null),
(1, 85, 209, null),
(1, 86, 210, null),
(1, 87, 211, null),
(1, 88, 212, null),
(1, 89, 213, null),
(1, 90, 214, null),
(1, 91, 215, null),
(1, 92, 216, null),
(1, 93, 217, null),
(1, 94, 218, null),
(1, 95, 219, null),
(1, 96, 220, null),
(1, 97, 221, null),
(1, 98, 222, null),
(1, 99, 223, null),
(1, 100, 224, null),
(1, 101, 225, null),
(1, 102, 226, null),
(1, 103, 227, null),
(1, 104, 228, null),
(1, 105, 229, null),
(1, 106, 230, null),
(1, 107, 231, null),
(1, 108, 232, null),
(1, 109, 233, null),
(1, 110, 234, null),
(1, 111, 235, null),
(1, 112, 236, null),
(1, 113, 237, null),
(1, 114, 238, null),
(1, 115, 239, null),
(1, 116, 240, null),
(1, 117, 241, null),
(1, 118, 242, null),
(1, 119, 243, null),
(1, 120, 244, null),
(1, 121, 245, null),
(1, 122, 246, null),
(1, 123, 247, null),
(1, 124, 248, null),
(1, 125, 249, null),
(1, 126, 250, null),
(2, 1, 0, null),
(2, 2, 1, null),
(2, 3, 2, null),
(2, 4, 3, null),
(2, 5, 4, null),
(2, 6, 5, null),
(2, 7, 6, null),
(2, 8, 8, null),
(2, 9, 10, null),
(2, 10, 11, null),
(2, 11, 12, null),
(2, 12, 13, null),
(2, 13, 14, null),
(2, 14, 15, null),
(2, 15, 16, null),
(2, 16, 17, null),
(2, 17, 18, null),
(2, 18, 19, null),
(2, 19, 20, null),
(2, 20, 29, null),
(2, 21, 30, null),
(2, 22, 31, null),
(2, 23, 32, null),
(2, 24, 33, null),
(2, 25, 34, null),
(2, 26, 35, null),
(2, 27, 36, null),
(2, 28, 37, null),
(2, 29, 38, null),
(2, 30, 39, null),
(2, 31, 40, null),
(2, 32, 41, null),
(2, 33, 42, null),
(2, 34, 43, null),
(2, 35, 45, null),
(2, 36, 46, null),
(2, 37, 47, null),
(2, 38, 48, null),
(2, 39, 49, null),
(2, 40, 51, null),
(2, 41, 52, null),
(2, 42, 53, null),
(2, 43, 54, null),
(2, 44, 55, null),
(2, 45, 56, null),
(2, 46, 57, null),
(2, 47, 58, null),
(2, 48, 60, null),
(2, 49, 61, null),
(2, 50, 62, null),
(2, 51, 63, null),
(2, 52, 64, null),
(2, 53, 65, null),
(2, 54, 66, null),
(2, 55, 67, null),
(2, 56, 68, null),
(2, 57, 69, null),
(2, 58, 70, null),
(2, 59, 71, null),
(2, 60, 72, null),
(2, 61, 73, null),
(2, 62, 74, null),
(2, 63, 75, null),
(2, 64, 76, null),
(2, 65, 77, null),
(2, 66, 78, null),
(2, 67, 79, null),
(2, 68, 80, null),
(2, 69, 81, null),
(2, 70, 82, null),
(2, 71, 83, null),
(2, 72, 196, null),
(2, 73, 197, null),
(2, 74, 198, null),
(2, 75, 199, null),
(2, 76, 200, null),
(2, 77, 201, null),
(2, 78, 202, null),
(2, 79, 203, null),
(2, 80, 204, null),
(2, 81, 205, null),
(2, 82, 206, null),
(2, 83, 207, null),
(2, 84, 208, null),
(2, 85, 209, null),
(2, 86, 210, null),
(2, 87, 211, null),
(2, 88, 212, null),
(2, 89, 213, null),
(2, 90, 214, null),
(2, 91, 215, null),
(2, 92, 216, null),
(2, 93, 217, null),
(2, 94, 218, null),
(2, 95, 219, null),
(2, 96, 220, null),
(2, 97, 221, null),
(2, 98, 222, null),
(2, 99, 223, null),
(2, 100, 224, null),
(2, 101, 225, null),
(2, 102, 226, null),
(2, 103, 227, null),
(2, 104, 228, null),
(2, 105, 229, null),
(2, 106, 230, null),
(2, 107, 231, null),
(2, 108, 232, null),
(2, 109, 233, null),
(2, 110, 234, null),
(2, 111, 235, null),
(2, 112, 236, null),
(2, 113, 237, null),
(2, 114, 238, null),
(2, 115, 239, null),
(2, 116, 240, null),
(2, 117, 241, null),
(2, 118, 242, null),
(2, 119, 243, null),
(2, 120, 244, null),
(2, 121, 245, null),
(2, 122, 246, null),
(2, 123, 247, null),
(2, 124, 248, null),
(2, 125, 249, null),
(2, 126, 250, null),
(3, 1, 0, null),
(3, 2, 1, null),
(3, 3, 2, null),
(3, 4, 3, null),
(3, 5, 4, null),
(3, 6, 5, null),
(3, 7, 6, null),
(3, 8, 8, null),
(3, 9, 10, null),
(3, 10, 11, null),
(3, 11, 12, null),
(3, 12, 13, null),
(3, 13, 14, null),
(3, 14, 15, null),
(3, 15, 16, null),
(3, 16, 17, null),
(3, 17, 18, null),
(3, 18, 19, null),
(3, 19, 20, null),
(3, 20, 29, null),
(3, 21, 30, null),
(3, 22, 31, null),
(3, 23, 32, null),
(3, 24, 33, null),
(3, 25, 34, null),
(3, 26, 35, null),
(3, 27, 36, null),
(3, 28, 37, null),
(3, 29, 38, null),
(3, 30, 39, null),
(3, 31, 40, null),
(3, 32, 41, null),
(3, 33, 42, null),
(3, 34, 43, null),
(3, 35, 45, null),
(3, 36, 46, null),
(3, 37, 47, null),
(3, 38, 48, null),
(3, 39, 49, null),
(3, 40, 51, null),
(3, 41, 52, null),
(3, 42, 53, null),
(3, 43, 54, null),
(3, 44, 55, null),
(3, 45, 56, null),
(3, 46, 57, null),
(3, 47, 58, null),
(3, 48, 60, null),
(3, 49, 61, null),
(3, 50, 62, null),
(3, 51, 63, null),
(3, 52, 64, null),
(3, 53, 65, null),
(3, 54, 66, null),
(3, 55, 67, null),
(3, 56, 68, null),
(3, 57, 69, null),
(3, 58, 70, null),
(3, 59, 71, null),
(3, 60, 72, null),
(3, 61, 73, null),
(3, 62, 74, null),
(3, 63, 75, null),
(3, 64, 76, null),
(3, 65, 77, null),
(3, 66, 78, null),
(3, 67, 79, null),
(3, 68, 80, null),
(3, 69, 81, null),
(3, 70, 82, null),
(3, 71, 83, null),
(3, 72, 196, null),
(3, 73, 197, null),
(3, 74, 198, null),
(3, 75, 199, null),
(3, 76, 200, null),
(3, 77, 201, null),
(3, 78, 202, null),
(3, 79, 203, null),
(3, 80, 204, null),
(3, 81, 205, null),
(3, 82, 206, null),
(3, 83, 207, null),
(3, 84, 208, null),
(3, 85, 209, null),
(3, 86, 210, null),
(3, 87, 211, null),
(3, 88, 212, null),
(3, 89, 213, null),
(3, 90, 214, null),
(3, 91, 215, null),
(3, 92, 216, null),
(3, 93, 217, null),
(3, 94, 218, null),
(3, 95, 219, null),
(3, 96, 220, null),
(3, 97, 221, null),
(3, 98, 222, null),
(3, 99, 223, null),
(3, 100, 224, null),
(3, 101, 225, null),
(3, 102, 226, null),
(3, 103, 227, null),
(3, 104, 228, null),
(3, 105, 229, null),
(3, 106, 230, null),
(3, 107, 231, null),
(3, 108, 232, null),
(3, 109, 233, null),
(3, 110, 234, null),
(3, 111, 235, null),
(3, 112, 236, null),
(3, 113, 237, null),
(3, 114, 238, null),
(3, 115, 239, null),
(3, 116, 240, null),
(3, 117, 241, null),
(3, 118, 242, null),
(3, 119, 243, null),
(3, 120, 244, null),
(3, 121, 245, null),
(3, 122, 246, null),
(3, 123, 247, null),
(3, 124, 248, null),
(3, 125, 249, null),
(3, 126, 250, null),
(4, 1, 0, null),
(4, 2, 1, null),
(4, 3, 2, null),
(4, 4, 3, null),
(4, 5, 4, null),
(4, 6, 5, null),
(4, 7, 6, null),
(4, 8, 8, null),
(4, 9, 10, null),
(4, 10, 11, null),
(4, 11, 12, null),
(4, 12, 13, null),
(4, 13, 14, null),
(4, 14, 15, null),
(4, 15, 16, null),
(4, 16, 17, null),
(4, 17, 18, null),
(4, 18, 19, null),
(4, 19, 20, null),
(4, 20, 29, null),
(4, 21, 30, null),
(4, 22, 31, null),
(4, 23, 32, null),
(4, 24, 33, null),
(4, 25, 34, null),
(4, 26, 35, null),
(4, 27, 36, null),
(4, 28, 37, null),
(4, 29, 38, null),
(4, 30, 39, null),
(4, 31, 40, null),
(4, 32, 41, null),
(4, 33, 42, null),
(4, 34, 43, null),
(4, 35, 45, null),
(4, 36, 46, null),
(4, 37, 47, null),
(4, 38, 48, null),
(4, 39, 49, null),
(4, 40, 51, null),
(4, 41, 52, null),
(4, 42, 53, null),
(4, 43, 54, null),
(4, 44, 55, null),
(4, 45, 56, null),
(4, 46, 57, null),
(4, 47, 58, null),
(4, 48, 60, null),
(4, 49, 61, null),
(4, 50, 62, null),
(4, 51, 63, null),
(4, 52, 64, null),
(4, 53, 65, null),
(4, 54, 66, null),
(4, 55, 67, null),
(4, 56, 68, null),
(4, 57, 69, null),
(4, 58, 70, null),
(4, 59, 71, null),
(4, 60, 72, null),
(4, 61, 73, null),
(4, 62, 74, null),
(4, 63, 75, null),
(4, 64, 76, null),
(4, 65, 77, null),
(4, 66, 78, null),
(4, 67, 79, null),
(4, 68, 80, null),
(4, 69, 81, null),
(4, 70, 82, null),
(4, 71, 83, null),
(4, 72, 196, null),
(4, 73, 197, null),
(4, 74, 198, null),
(4, 75, 199, null),
(4, 76, 200, null),
(4, 77, 201, null),
(4, 78, 202, null),
(4, 79, 203, null),
(4, 80, 204, null),
(4, 81, 205, null),
(4, 82, 206, null),
(4, 83, 207, null),
(4, 84, 208, null),
(4, 85, 209, null),
(4, 86, 210, null),
(4, 87, 211, null),
(4, 88, 212, null),
(4, 89, 213, null),
(4, 90, 214, null),
(4, 91, 215, null),
(4, 92, 216, null),
(4, 93, 217, null),
(4, 94, 218, null),
(4, 95, 219, null),
(4, 96, 220, null),
(4, 97, 221, null),
(4, 98, 222, null),
(4, 99, 223, null),
(4, 100, 224, null),
(4, 101, 225, null),
(4, 102, 226, null),
(4, 103, 227, null),
(4, 104, 228, null),
(4, 105, 229, null),
(4, 106, 230, null),
(4, 107, 231, null),
(4, 108, 232, null),
(4, 109, 233, null),
(4, 110, 234, null),
(4, 111, 235, null),
(4, 112, 236, null),
(4, 113, 237, null),
(4, 114, 238, null),
(4, 115, 239, null),
(4, 116, 240, null),
(4, 117, 241, null),
(4, 118, 242, null),
(4, 119, 243, null),
(4, 120, 244, null),
(4, 121, 245, null),
(4, 122, 246, null),
(4, 123, 247, null),
(4, 124, 248, null),
(4, 125, 249, null),
(4, 126, 250, null),
(5, 1, 0, 1),
(5, 2, 1, 2),
(5, 3, 2, 2),
(5, 127, 3, 1),
(5, 4, 4, 2),
(5, 5, 5, 2),
(5, 7, 7, 3),
(5, 9, 8, 1),
(5, 10, 9, 1),
(5, 11, 10, 1),
(5, 12, 11, 1),
(5, 13, 12, 1),
(5, 14, 13, 1),
(5, 15, 14, 1),
(5, 16, 15, 1),
(5, 17, 16, 1),
(5, 18, 17, 1),
(5, 19, 18, 1),
(5, 20, 19, 1),
(5, 21, 20, 1),
(5, 71, 21, 1),
(5, 23, 22, 1),
(5, 24, 23, 1),
(5, 25, 24, 1),
(5, 26, 26, 1),
(5, 27, 27, 1),
(5, 28, 28, 1),
(5, 29, 29, 1),
(5, 128, 30, 1),
(5, 30, 31, 1),
(5, 31, 32, 1),
(5, 36, 33, 1),
(5, 37, 34, 1),
(5, 129, 35, 1),
(5, 39, 36, 1),
(5, 40, 37, 1),
(5, 41, 38, 1),
(5, 42, 39, 1),
(5, 43, 40, 1),
(5, 44, 41, 1),
(5, 45, 42, 1),
(5, 46, 43, 1),
(5, 47, 44, 1),
(5, 48, 46, 1),
(5, 49, 47, 1),
(5, 50, 48, 1),
(5, 53, 49, 1),
(5, 54, 51, 1),
(5, 55, 52, 1),
(5, 56, 53, 1),
(5, 57, 54, 3),
(5, 59, 55, 3),
(5, 63, 57, 1),
(5, 64, 58, 3),
(5, 65, 59, 3),
(5, 130, 60, 1),
(5, 66, 61, 3),
(5, 67, 62, 1),
(5, 68, 63, 1),
(5, 69, 64, 1),
(5, 70, 65, 1),
(5, 131, 66, 3),
(5, 132, 67, 3),
(5, 133, 68, 3),
(5, 134, 69, 3),
(5, 135, 71, 3),
(5, 136, 72, 1),
(5, 137, 73, 1),
(5, 138, 74, 1),
(5, 139, 75, 1),
(5, 140, 76, 1),
(5, 141, 77, 1),
(5, 142, 78, 1),
(5, 143, 79, 1),
(5, 144, 80, 1),
(5, 145, 81, 1),
(5, 146, 82, 1),
(5, 147, 83, 1),
(5, 148, 84, 1),
(5, 149, 85, 1),
(5, 150, 86, 1),
(5, 151, 87, 1),
(5, 152, 88, 1),
(5, 153, 89, 1),
(5, 154, 91, 1),
(5, 155, 92, 1),
(5, 156, 93, 1),
(5, 157, 94, 1),
(5, 158, 95, 1),
(5, 159, 96, 1),
(5, 160, 97, 1),
(5, 161, 98, 1),
(5, 162, 99, 1),
(5, 163, 101, 1),
(5, 164, 102, 1),
(5, 165, 103, 1),
(5, 166, 104, 1),
(5, 167, 105, 1),
(5, 168, 106, 1),
(5, 169, 107, 1),
(5, 170, 108, 1),
(5, 171, 109, 1),
(5, 172, 110, 1),
(5, 173, 111, 1),
(5, 174, 112, 1),
(5, 175, 113, 1),
(5, 176, 114, 1),
(5, 177, 117, 1),
(5, 178, 118, 1),
(5, 179, 119, 1),
(5, 180, 121, 1),
(5, 181, 122, 1),
(5, 182, 123, 1),
(5, 183, 124, 1),
(5, 184, 125, 1),
(5, 185, 126, 1),
(5, 186, 127, 3),
(5, 187, 128, 3),
(5, 188, 130, 3),
(5, 189, 131, 1),
(5, 190, 132, 1),
(5, 191, 133, 3),
(5, 192, 134, 3),
(5, 193, 138, 1),
(5, 194, 139, 1),
(5, 195, 140, 1),
(5, 196, 143, 1),
(5, 197, 144, 1),
(5, 198, 146, 1),
(5, 199, 150, 1),
(5, 200, 151, 1),
(5, 201, 152, 1),
(5, 202, 156, 1),
(5, 203, 157, 2),
(5, 204, 158, 1),
(5, 205, 159, 2),
(5, 206, 160, 2),
(5, 207, 161, 2),
(5, 208, 163, 1),
(5, 209, 164, 2),
(5, 210, 165, 2),
(5, 211, 166, 2),
(5, 212, 167, 1),
(5, 213, 168, 1),
(5, 214, 169, 1),
(5, 215, 170, 1),
(5, 216, 172, 1),
(5, 217, 173, 1),
(5, 218, 174, 1),
(5, 219, 175, 3),
(5, 220, 177, 2),
(5, 221, 178, 3),
(5, 222, 180, 1),
(5, 223, 181, 1),
(5, 224, 182, 1),
(5, 225, 183, 1),
(5, 226, 184, 1),
(5, 227, 185, 1),
(5, 228, 186, 1),
(5, 229, 187, 1),
(5, 230, 188, 1),
(5, 231, 189, 1),
(5, 77, 191, 4),
(5, 78, 192, 4),
(5, 79, 193, 4),
(5, 80, 194, 4),
(5, 81, 196, 4),
(5, 82, 197, 4),
(5, 83, 198, 4),
(5, 84, 199, 4),
(5, 85, 200, 4),
(5, 86, 201, 4),
(5, 87, 202, 4),
(5, 88, 203, 4),
(5, 89, 204, 4),
(5, 90, 205, 4),
(5, 91, 206, 4),
(5, 92, 207, 4),
(5, 93, 208, 4),
(5, 94, 209, 4),
(5, 95, 210, 4),
(5, 96, 211, 4),
(5, 97, 212, 4),
(5, 98, 213, 4),
(5, 99, 214, 4),
(5, 100, 215, 4),
(5, 101, 216, 4),
(5, 102, 217, 4),
(5, 103, 218, 4),
(5, 104, 219, 4),
(5, 105, 221, 4),
(5, 106, 222, 4),
(5, 107, 223, 4),
(5, 108, 224, 4),
(5, 109, 225, 4),
(5, 110, 226, 4),
(5, 111, 227, 4),
(5, 112, 228, 4),
(5, 113, 229, 4),
(5, 114, 230, 4),
(5, 115, 231, 4),
(5, 116, 232, 4),
(5, 117, 233, 4),
(5, 118, 234, 4),
(5, 119, 235, 4),
(5, 120, 236, 4),
(5, 121, 237, 4),
(5, 122, 238, 4),
(5, 123, 239, 4),
(5, 124, 240, 4),
(5, 125, 241, 4),
(5, 126, 242, 4),
(5, 72, 243, 4),
(5, 73, 244, 4),
(5, 74, 245, 4),
(5, 75, 246, 4),
(5, 76, 247, 4),
(5, 232, 248, 4),
(5, 233, 249, 4),
(6, 1, 0, 1),
(6, 2, 1, 2),
(6, 3, 2, 2),
(6, 127, 3, 1),
(6, 4, 4, 2),
(6, 5, 5, 2),
(6, 7, 7, 3),
(6, 9, 8, 1),
(6, 10, 9, 1),
(6, 11, 10, 1),
(6, 12, 11, 1),
(6, 13, 12, 1),
(6, 14, 13, 1),
(6, 15, 14, 1),
(6, 16, 15, 1),
(6, 17, 16, 1),
(6, 18, 17, 1),
(6, 19, 18, 1),
(6, 20, 19, 1),
(6, 21, 20, 1),
(6, 71, 21, 1),
(6, 23, 22, 1),
(6, 24, 23, 1),
(6, 25, 24, 1),
(6, 26, 26, 1),
(6, 27, 27, 1),
(6, 28, 28, 1),
(6, 29, 29, 1),
(6, 128, 30, 1),
(6, 30, 31, 1),
(6, 31, 32, 1),
(6, 36, 33, 1),
(6, 37, 34, 1),
(6, 129, 35, 1),
(6, 39, 36, 1),
(6, 40, 37, 1),
(6, 41, 38, 1),
(6, 42, 39, 1),
(6, 43, 40, 1),
(6, 44, 41, 1),
(6, 45, 42, 1),
(6, 46, 43, 1),
(6, 47, 44, 1),
(6, 48, 46, 1),
(6, 49, 47, 1),
(6, 50, 48, 1),
(6, 53, 49, 1),
(6, 54, 51, 1),
(6, 55, 52, 1),
(6, 56, 53, 1),
(6, 57, 54, 3),
(6, 59, 55, 3),
(6, 63, 57, 1),
(6, 64, 58, 3),
(6, 65, 59, 3),
(6, 130, 60, 1),
(6, 66, 61, 3),
(6, 67, 62, 1),
(6, 68, 63, 1),
(6, 69, 64, 1),
(6, 70, 65, 1),
(6, 131, 66, 3),
(6, 132, 67, 3),
(6, 133, 68, 3),
(6, 134, 69, 3),
(6, 234, 70, 3),
(6, 135, 71, 3),
(6, 136, 72, 1),
(6, 137, 73, 1),
(6, 138, 74, 1),
(6, 139, 75, 1),
(6, 140, 76, 1),
(6, 141, 77, 1),
(6, 142, 78, 1),
(6, 143, 79, 1),
(6, 144, 80, 1),
(6, 145, 81, 1),
(6, 146, 82, 1),
(6, 147, 83, 1),
(6, 148, 84, 1),
(6, 149, 85, 1),
(6, 150, 86, 1),
(6, 151, 87, 1),
(6, 152, 88, 1),
(6, 153, 89, 1),
(6, 154, 91, 1),
(6, 155, 92, 1),
(6, 156, 93, 1),
(6, 157, 94, 1),
(6, 158, 95, 1),
(6, 159, 96, 1),
(6, 160, 97, 1),
(6, 161, 98, 1),
(6, 162, 99, 1),
(6, 163, 101, 1),
(6, 164, 102, 1),
(6, 165, 103, 1),
(6, 166, 104, 1),
(6, 167, 105, 1),
(6, 168, 106, 1),
(6, 169, 107, 1),
(6, 170, 108, 1),
(6, 171, 109, 1),
(6, 172, 110, 1),
(6, 173, 111, 1),
(6, 174, 112, 1),
(6, 175, 113, 1),
(6, 176, 114, 1),
(6, 235, 115, 3),
(6, 236, 116, 3),
(6, 177, 117, 1),
(6, 178, 118, 1),
(6, 179, 119, 1),
(6, 180, 121, 1),
(6, 181, 122, 1),
(6, 182, 123, 1),
(6, 183, 124, 1),
(6, 184, 125, 1),
(6, 185, 126, 1),
(6, 186, 127, 3),
(6, 187, 128, 3),
(6, 237, 129, 3),
(6, 188, 130, 3),
(6, 189, 131, 1),
(6, 190, 132, 1),
(6, 191, 133, 3),
(6, 192, 134, 3),
(6, 193, 138, 1),
(6, 194, 139, 1),
(6, 195, 140, 1),
(6, 196, 143, 1),
(6, 197, 144, 1),
(6, 198, 146, 1),
(6, 199, 150, 1),
(6, 200, 151, 1),
(6, 201, 152, 1),
(6, 202, 156, 1),
(6, 203, 157, 2),
(6, 204, 158, 1),
(6, 205, 159, 2),
(6, 206, 160, 2),
(6, 207, 161, 2),
(6, 208, 163, 1),
(6, 209, 164, 2),
(6, 210, 165, 2),
(6, 211, 166, 2),
(6, 212, 167, 1),
(6, 213, 168, 1),
(6, 214, 169, 1),
(6, 215, 170, 1),
(6, 216, 172, 1),
(6, 217, 173, 1),
(6, 218, 174, 1),
(6, 219, 175, 3),
(6, 220, 177, 2),
(6, 221, 178, 3),
(6, 222, 180, 1),
(6, 223, 181, 1),
(6, 224, 182, 1),
(6, 225, 183, 1),
(6, 226, 184, 1),
(6, 227, 185, 1),
(6, 228, 186, 1),
(6, 229, 187, 1),
(6, 230, 188, 1),
(6, 231, 189, 1),
(6, 77, 191, 4),
(6, 78, 192, 4),
(6, 79, 193, 4),
(6, 80, 194, 4),
(6, 81, 196, 4),
(6, 82, 197, 4),
(6, 83, 198, 4),
(6, 84, 199, 4),
(6, 85, 200, 4),
(6, 86, 201, 4),
(6, 87, 202, 4),
(6, 88, 203, 4),
(6, 89, 204, 4),
(6, 90, 205, 4),
(6, 91, 206, 4),
(6, 92, 207, 4),
(6, 93, 208, 4),
(6, 94, 209, 4),
(6, 95, 210, 4),
(6, 96, 211, 4),
(6, 97, 212, 4),
(6, 98, 213, 4),
(6, 99, 214, 4),
(6, 100, 215, 4),
(6, 101, 216, 4),
(6, 102, 217, 4),
(6, 103, 218, 4),
(6, 104, 219, 4),
(6, 105, 221, 4),
(6, 106, 222, 4),
(6, 107, 223, 4),
(6, 108, 224, 4),
(6, 109, 225, 4),
(6, 110, 226, 4),
(6, 111, 227, 4),
(6, 112, 228, 4),
(6, 113, 229, 4),
(6, 114, 230, 4),
(6, 115, 231, 4),
(6, 116, 232, 4),
(6, 117, 233, 4),
(6, 118, 234, 4),
(6, 119, 235, 4),
(6, 120, 236, 4),
(6, 121, 237, 4),
(6, 122, 238, 4),
(6, 123, 239, 4),
(6, 124, 240, 4),
(6, 125, 241, 4),
(6, 126, 242, 4),
(6, 72, 243, 4),
(6, 73, 244, 4),
(6, 74, 245, 4),
(6, 75, 246, 4),
(6, 76, 247, 4),
(6, 232, 248, 4),
(6, 233, 249, 4),
(7, 1, 0, null),
(7, 2, 1, 2),
(7, 3, 2, 2),
(7, 4, 3, 2),
(7, 5, 4, 2),
(7, 8, 5, 2),
(7, 238, 6, 2),
(7, 239, 7, 2),
(7, 240, 8, 2),
(7, 241, 9, 2),
(7, 242, 10, 2),
(7, 243, 11, 2),
(7, 244, 12, 2),
(7, 19, 13, 1),
(7, 10, 14, 1),
(7, 11, 15, 1),
(7, 12, 16, 1),
(7, 13, 17, 1),
(7, 14, 18, 1),
(7, 15, 19, 1),
(7, 16, 20, 1),
(7, 17, 21, 1),
(7, 18, 22, 1),
(7, 41, 23, 1),
(7, 42, 24, 1),
(7, 43, 25, 1),
(7, 48, 26, 1),
(7, 49, 27, 1),
(7, 50, 28, 1),
(7, 136, 29, 1),
(7, 180, 30, 1),
(7, 181, 31, 1),
(7, 182, 32, 1),
(7, 183, 33, 1),
(7, 68, 34, 1),
(7, 69, 35, 1),
(7, 70, 36, 1),
(7, 71, 37, 1),
(7, 245, 38, 1),
(7, 246, 39, 1),
(7, 247, 40, 1),
(7, 248, 41, 1),
(7, 249, 42, 1),
(7, 250, 43, 1),
(7, 194, 44, 1),
(7, 202, 45, 1),
(7, 251, 46, 1),
(7, 252, 47, 1),
(7, 253, 48, 1),
(7, 254, 49, 1),
(7, 255, 50, 1),
(7, 256, 51, 1),
(7, 26, 63, 1),
(7, 27, 64, 1),
(7, 28, 65, 1),
(7, 29, 66, 1),
(7, 30, 67, 1),
(7, 31, 68, 1),
(7, 67, 69, 1),
(7, 257, 70, 1),
(7, 258, 71, 1),
(7, 44, 73, 1),
(7, 47, 74, 1),
(7, 53, 75, 1),
(7, 54, 76, 1),
(7, 55, 77, 1),
(7, 36, 78, 1),
(7, 56, 79, 1),
(7, 40, 80, 1),
(7, 259, 81, 1),
(7, 45, 83, 1),
(7, 46, 84, 1),
(7, 20, 85, 1),
(7, 21, 86, 1),
(7, 214, 93, 1),
(7, 9, 94, 1),
(7, 23, 95, 1),
(7, 24, 96, 1),
(7, 25, 97, 1),
(7, 37, 98, 1),
(7, 150, 103, 1),
(7, 151, 104, 1),
(7, 172, 106, 1),
(7, 173, 107, 1),
(7, 189, 108, 1),
(7, 190, 109, 1),
(7, 39, 110, 1),
(7, 260, 111, 1),
(7, 261, 121, 1),
(7, 262, 122, 1),
(7, 263, 123, 1),
(7, 264, 124, 1),
(7, 265, 125, 1),
(7, 266, 126, 1),
(7, 267, 127, 1),
(7, 268, 128, 1),
(7, 269, 129, 1),
(7, 270, 130, 1),
(7, 271, 131, 1),
(7, 272, 132, 1),
(7, 273, 133, 5),
(7, 274, 134, 5),
(7, 275, 135, 5),
(7, 276, 136, 5),
(7, 277, 137, 5),
(7, 278, 138, 5),
(7, 279, 139, 5),
(7, 280, 140, 5),
(7, 281, 141, 5),
(7, 282, 142, 5),
(7, 283, 143, 5),
(7, 284, 144, 5),
(7, 285, 145, 5),
(7, 286, 146, 5),
(7, 287, 147, 5),
(7, 288, 148, 5),
(7, 289, 149, 5),
(7, 290, 150, 5),
(7, 291, 151, 5),
(7, 292, 152, 5),
(7, 293, 153, 5),
(7, 294, 154, 5),
(7, 295, 155, 5),
(7, 296, 156, 5),
(7, 297, 157, 5),
(7, 298, 158, 5),
(7, 299, 159, 5),
(7, 300, 160, 5),
(7, 301, 161, 5),
(7, 302, 162, 5),
(7, 303, 163, 5),
(7, 304, 164, 5),
(7, 305, 165, 5),
(7, 306, 166, 5),
(7, 307, 167, 5),
(7, 308, 168, 5),
(7, 309, 169, 5),
(7, 310, 170, 5),
(7, 311, 171, 5),
(7, 312, 172, 5),
(7, 313, 173, 5),
(7, 314, 174, 5),
(7, 315, 175, 5),
(7, 127, 179, 1),
(7, 316, 180, 1),
(7, 317, 181, 1),
(7, 63, 182, 1),
(7, 137, 183, 1),
(7, 318, 184, 1),
(7, 319, 185, 1),
(7, 320, 186, 1),
(7, 146, 187, 1),
(7, 152, 188, 1),
(7, 154, 189, 1),
(7, 157, 190, 1),
(7, 321, 191, 1),
(7, 322, 192, 1),
(7, 323, 193, 1),
(7, 168, 194, 1),
(7, 174, 195, 1),
(7, 179, 196, 1),
(7, 185, 197, 1),
(7, 195, 198, 1),
(7, 196, 199, 1),
(7, 198, 200, 1),
(7, 200, 201, 1),
(7, 208, 202, 1),
(7, 140, 203, 1),
(7, 184, 204, 1),
(7, 177, 205, 1),
(7, 164, 206, 1),
(7, 161, 207, 1),
(7, 170, 208, 1),
(7, 158, 209, 1),
(7, 141, 210, 1),
(7, 145, 211, 1),
(7, 169, 212, 1),
(7, 175, 213, 1),
(7, 159, 214, 1),
(7, 193, 215, 1),
(7, 197, 216, 1),
(7, 324, 217, 1),
(7, 216, 218, 1),
(7, 325, 219, 1),
(7, 326, 220, 1),
(7, 327, 221, 1),
(7, 128, 222, 1),
(7, 129, 223, 1),
(7, 178, 224, 1),
(7, 167, 225, 1),
(7, 328, 254, 1),
(7, 329, 255, 1),
(7, 330, 256, 1),
(7, 331, 257, 1),
(7, 332, 258, 1),
(7, 333, 259, 3),
(7, 57, 260, 3),
(7, 59, 261, 3),
(7, 64, 262, 3),
(7, 65, 263, 3),
(7, 66, 264, 3),
(7, 334, 265, 3),
(7, 335, 266, 3),
(7, 336, 268, 3),
(7, 337, 269, 3),
(7, 338, 270, 3),
(7, 339, 271, 3),
(7, 340, 272, 3),
(7, 341, 273, 3),
(7, 342, 274, 3),
(7, 343, 275, 3),
(7, 344, 276, 3),
(7, 345, 277, 3),
(7, 346, 278, 3),
(7, 347, 279, 3),
(7, 348, 280, 3),
(7, 349, 281, 3),
(7, 350, 282, 3),
(7, 351, 283, 3),
(7, 352, 284, 3),
(7, 353, 285, 3),
(7, 354, 286, 3),
(7, 355, 287, 3),
(7, 356, 288, 3),
(7, 77, 289, 4),
(7, 78, 290, 4),
(7, 79, 291, 4),
(7, 80, 292, 4),
(7, 81, 293, 4),
(7, 82, 294, 4),
(7, 83, 295, 4),
(7, 84, 296, 4),
(7, 85, 297, 4),
(7, 86, 298, 4),
(7, 87, 299, 4),
(7, 88, 300, 4),
(7, 89, 301, 4),
(7, 90, 302, 4),
(7, 91, 303, 4),
(7, 92, 304, 4),
(7, 93, 305, 4),
(7, 94, 306, 4),
(7, 95, 307, 4),
(7, 96, 308, 4),
(7, 97, 309, 4),
(7, 98, 310, 4),
(7, 99, 311, 4),
(7, 100, 312, 4),
(7, 101, 313, 4),
(7, 102, 314, 4),
(7, 103, 315, 4),
(7, 104, 316, 4),
(7, 105, 317, 4),
(7, 106, 318, 4),
(7, 107, 319, 4),
(7, 108, 320, 4),
(7, 109, 321, 4),
(7, 110, 322, 4),
(7, 111, 323, 4),
(7, 112, 324, 4),
(7, 113, 325, 4),
(7, 114, 326, 4),
(7, 115, 327, 4),
(7, 116, 328, 4),
(7, 117, 329, 4),
(7, 118, 330, 4),
(7, 119, 331, 4),
(7, 120, 332, 4),
(7, 121, 333, 4),
(7, 122, 334, 4),
(7, 123, 335, 4),
(7, 124, 336, 4),
(7, 125, 337, 4),
(7, 126, 338, 4),
(7, 72, 339, 4),
(7, 73, 340, 4),
(7, 74, 341, 4),
(7, 75, 342, 4),
(7, 76, 343, 4),
(7, 232, 344, 4),
(7, 233, 345, 4),
(7, 357, 346, 4),
(8, 1, 0, null),
(8, 2, 1, 2),
(8, 3, 2, 2),
(8, 4, 3, 2),
(8, 5, 4, 2),
(8, 8, 5, 2),
(8, 238, 6, 2),
(8, 239, 7, 2),
(8, 240, 8, 2),
(8, 241, 9, 2),
(8, 242, 10, 2),
(8, 243, 11, 2),
(8, 244, 12, 2),
(8, 19, 13, 1),
(8, 10, 14, 1),
(8, 11, 15, 1),
(8, 12, 16, 1),
(8, 13, 17, 1),
(8, 14, 18, 1),
(8, 15, 19, 1),
(8, 16, 20, 1),
(8, 17, 21, 1),
(8, 18, 22, 1),
(8, 41, 23, 1),
(8, 42, 24, 1),
(8, 43, 25, 1),
(8, 48, 26, 1),
(8, 49, 27, 1),
(8, 50, 28, 1),
(8, 136, 29, 1),
(8, 180, 30, 1),
(8, 181, 31, 1),
(8, 182, 32, 1),
(8, 183, 33, 1),
(8, 68, 34, 1),
(8, 69, 35, 1),
(8, 70, 36, 1),
(8, 71, 37, 1),
(8, 245, 38, 1),
(8, 246, 39, 1),
(8, 247, 40, 1),
(8, 248, 41, 1),
(8, 249, 42, 1),
(8, 250, 43, 1),
(8, 194, 44, 1),
(8, 202, 45, 1),
(8, 251, 46, 1),
(8, 252, 47, 1),
(8, 253, 48, 1),
(8, 254, 49, 1),
(8, 255, 50, 1),
(8, 256, 51, 1),
(8, 26, 63, 1),
(8, 27, 64, 1),
(8, 28, 65, 1),
(8, 29, 66, 1),
(8, 30, 67, 1),
(8, 31, 68, 1),
(8, 67, 69, 1),
(8, 257, 70, 1),
(8, 258, 71, 1),
(8, 44, 73, 1),
(8, 47, 74, 1),
(8, 53, 75, 1),
(8, 54, 76, 1),
(8, 55, 77, 1),
(8, 36, 78, 1),
(8, 56, 79, 1),
(8, 40, 80, 1),
(8, 259, 81, 1),
(8, 45, 83, 1),
(8, 46, 84, 1),
(8, 20, 85, 1),
(8, 21, 86, 1),
(8, 214, 93, 1),
(8, 9, 94, 1),
(8, 23, 95, 1),
(8, 24, 96, 1),
(8, 25, 97, 1),
(8, 37, 98, 1),
(8, 150, 103, 1),
(8, 151, 104, 1),
(8, 172, 106, 1),
(8, 173, 107, 1),
(8, 189, 108, 1),
(8, 190, 109, 1),
(8, 39, 110, 1),
(8, 260, 111, 1),
(8, 261, 121, 1),
(8, 262, 122, 1),
(8, 263, 123, 1),
(8, 264, 124, 1),
(8, 265, 125, 1),
(8, 266, 126, 1),
(8, 267, 127, 1),
(8, 268, 128, 1),
(8, 269, 129, 1),
(8, 270, 130, 1),
(8, 271, 131, 1),
(8, 272, 132, 1),
(8, 273, 133, 5),
(8, 274, 134, 5),
(8, 275, 135, 5),
(8, 276, 136, 5),
(8, 277, 137, 5),
(8, 278, 138, 5),
(8, 279, 139, 5),
(8, 280, 140, 5),
(8, 281, 141, 5),
(8, 282, 142, 5),
(8, 283, 143, 5),
(8, 284, 144, 5),
(8, 285, 145, 5),
(8, 286, 146, 5),
(8, 287, 147, 5),
(8, 288, 148, 5),
(8, 289, 149, 5),
(8, 290, 150, 5),
(8, 291, 151, 5),
(8, 292, 152, 5),
(8, 293, 153, 5),
(8, 294, 154, 5),
(8, 295, 155, 5),
(8, 296, 156, 5),
(8, 297, 157, 5),
(8, 298, 158, 5),
(8, 299, 159, 5),
(8, 300, 160, 5),
(8, 301, 161, 5),
(8, 302, 162, 5),
(8, 303, 163, 5),
(8, 304, 164, 5),
(8, 305, 165, 5),
(8, 306, 166, 5),
(8, 307, 167, 5),
(8, 308, 168, 5),
(8, 309, 169, 5),
(8, 310, 170, 5),
(8, 311, 171, 5),
(8, 312, 172, 5),
(8, 313, 173, 5),
(8, 314, 174, 5),
(8, 315, 175, 5),
(8, 127, 179, 1),
(8, 316, 180, 1),
(8, 317, 181, 1),
(8, 63, 182, 1),
(8, 137, 183, 1),
(8, 318, 184, 1),
(8, 319, 185, 1),
(8, 320, 186, 1),
(8, 146, 187, 1),
(8, 152, 188, 1),
(8, 154, 189, 1),
(8, 157, 190, 1),
(8, 321, 191, 1),
(8, 322, 192, 1),
(8, 323, 193, 1),
(8, 168, 194, 1),
(8, 174, 195, 1),
(8, 179, 196, 1),
(8, 185, 197, 1),
(8, 195, 198, 1),
(8, 196, 199, 1),
(8, 198, 200, 1),
(8, 200, 201, 1),
(8, 208, 202, 1),
(8, 140, 203, 1),
(8, 184, 204, 1),
(8, 177, 205, 1),
(8, 164, 206, 1),
(8, 161, 207, 1),
(8, 170, 208, 1),
(8, 158, 209, 1),
(8, 141, 210, 1),
(8, 145, 211, 1),
(8, 169, 212, 1),
(8, 175, 213, 1),
(8, 159, 214, 1),
(8, 193, 215, 1),
(8, 197, 216, 1),
(8, 324, 217, 1),
(8, 216, 218, 1),
(8, 325, 219, 1),
(8, 326, 220, 1),
(8, 327, 221, 1),
(8, 128, 222, 1),
(8, 129, 223, 1),
(8, 178, 224, 1),
(8, 167, 225, 1),
(8, 328, 254, 1),
(8, 329, 255, 1),
(8, 330, 256, 1),
(8, 331, 257, 1),
(8, 332, 258, 1),
(8, 333, 259, 3),
(8, 57, 260, 3),
(8, 59, 261, 3),
(8, 64, 262, 3),
(8, 65, 263, 3),
(8, 66, 264, 3),
(8, 51, 265, 3),
(8, 335, 266, 3),
(8, 336, 268, 3),
(8, 337, 269, 3),
(8, 338, 270, 3),
(8, 339, 271, 3),
(8, 340, 272, 3),
(8, 341, 273, 3),
(8, 342, 274, 3),
(8, 343, 275, 3),
(8, 344, 276, 3),
(8, 345, 277, 3),
(8, 346, 278, 3),
(8, 347, 279, 3),
(8, 348, 280, 3),
(8, 349, 281, 3),
(8, 350, 282, 3),
(8, 351, 283, 3),
(8, 352, 284, 3),
(8, 353, 285, 3),
(8, 354, 286, 3),
(8, 355, 287, 3),
(8, 356, 288, 3),
(8, 77, 289, 4),
(8, 78, 290, 4),
(8, 79, 291, 4),
(8, 80, 292, 4),
(8, 81, 293, 4),
(8, 82, 294, 4),
(8, 83, 295, 4),
(8, 84, 296, 4),
(8, 85, 297, 4),
(8, 86, 298, 4),
(8, 87, 299, 4),
(8, 88, 300, 4),
(8, 89, 301, 4),
(8, 90, 302, 4),
(8, 91, 303, 4),
(8, 92, 304, 4),
(8, 93, 305, 4),
(8, 94, 306, 4),
(8, 95, 307, 4),
(8, 96, 308, 4),
(8, 97, 309, 4),
(8, 98, 310, 4),
(8, 99, 311, 4),
(8, 100, 312, 4),
(8, 101, 313, 4),
(8, 102, 314, 4),
(8, 103, 315, 4),
(8, 104, 316, 4),
(8, 105, 317, 4),
(8, 106, 318, 4),
(8, 107, 319, 4),
(8, 108, 320, 4),
(8, 109, 321, 4),
(8, 110, 322, 4),
(8, 111, 323, 4),
(8, 112, 324, 4),
(8, 113, 325, 4),
(8, 114, 326, 4),
(8, 115, 327, 4),
(8, 116, 328, 4),
(8, 117, 329, 4),
(8, 118, 330, 4),
(8, 119, 331, 4),
(8, 120, 332, 4),
(8, 121, 333, 4),
(8, 122, 334, 4),
(8, 123, 335, 4),
(8, 124, 336, 4),
(8, 125, 337, 4),
(8, 126, 338, 4),
(8, 72, 339, 4),
(8, 73, 340, 4),
(8, 74, 341, 4),
(8, 75, 342, 4),
(8, 76, 343, 4),
(8, 232, 344, 4),
(8, 233, 345, 4),
(8, 357, 346, 4),
(8, 58, 349, 3),
(8, 61, 350, 3),
(8, 34, 351, 3),
(8, 35, 352, 3),
(8, 52, 353, 3),
(8, 22, 354, 3),
(8, 38, 355, 3),
(8, 62, 356, 3),
(8, 33, 357, 3),
(8, 32, 358, 3),
(8, 60, 359, 3),
(8, 7, 360, 3),
(8, 6, 361, 3),
(8, 358, 362, 3),
(8, 359, 363, 3),
(8, 360, 364, 3),
(8, 361, 365, 3),
(8, 362, 366, 3),
(8, 363, 367, 3),
(8, 364, 368, 3),
(8, 365, 369, 3),
(8, 366, 370, 3),
(8, 367, 371, 3),
(8, 368, 372, 3),
(8, 369, 373, 3),
(8, 370, 374, 3),
(9, 1, 0, null),
(9, 2, 1, 2),
(9, 3, 2, 2),
(9, 4, 3, 2),
(9, 5, 4, 2),
(9, 8, 5, 2),
(9, 238, 6, 2),
(9, 239, 7, 2),
(9, 240, 8, 2),
(9, 241, 9, 2),
(9, 242, 10, 2),
(9, 243, 11, 2),
(9, 244, 12, 2),
(9, 19, 13, 1),
(9, 10, 14, 1),
(9, 11, 15, 1),
(9, 12, 16, 1),
(9, 13, 17, 1),
(9, 14, 18, 1),
(9, 15, 19, 1),
(9, 16, 20, 1),
(9, 17, 21, 1),
(9, 18, 22, 1),
(9, 41, 23, 1),
(9, 42, 24, 1),
(9, 43, 25, 1),
(9, 48, 26, 1),
(9, 49, 27, 1),
(9, 50, 28, 1),
(9, 136, 29, 1),
(9, 180, 30, 1),
(9, 181, 31, 1),
(9, 182, 32, 1),
(9, 183, 33, 1),
(9, 68, 34, 1),
(9, 69, 35, 1),
(9, 70, 36, 1),
(9, 71, 37, 1),
(9, 245, 38, 1),
(9, 246, 39, 1),
(9, 247, 40, 1),
(9, 248, 41, 1),
(9, 249, 42, 1),
(9, 250, 43, 1),
(9, 194, 44, 1),
(9, 202, 45, 1),
(9, 251, 46, 1),
(9, 252, 47, 1),
(9, 253, 48, 1),
(9, 254, 49, 1),
(9, 255, 50, 1),
(9, 256, 51, 1),
(9, 26, 63, 1),
(9, 27, 64, 1),
(9, 28, 65, 1),
(9, 29, 66, 1),
(9, 30, 67, 1),
(9, 31, 68, 1),
(9, 67, 69, 1),
(9, 257, 70, 1),
(9, 258, 71, 1),
(9, 44, 73, 1),
(9, 47, 74, 1),
(9, 53, 75, 1),
(9, 54, 76, 1),
(9, 55, 77, 1),
(9, 36, 78, 1),
(9, 56, 79, 1),
(9, 40, 80, 1),
(9, 259, 81, 1),
(9, 45, 83, 1),
(9, 46, 84, 1),
(9, 20, 85, 1),
(9, 21, 86, 1),
(9, 214, 93, 1),
(9, 9, 94, 1),
(9, 23, 95, 1),
(9, 24, 96, 1),
(9, 25, 97, 1),
(9, 37, 98, 1),
(9, 150, 103, 1),
(9, 151, 104, 1),
(9, 172, 106, 1),
(9, 173, 107, 1),
(9, 189, 108, 1),
(9, 190, 109, 1),
(9, 39, 110, 1),
(9, 260, 111, 1),
(9, 261, 121, 1),
(9, 262, 122, 1),
(9, 263, 123, 1),
(9, 264, 124, 1),
(9, 265, 125, 1),
(9, 266, 126, 1),
(9, 267, 127, 1),
(9, 268, 128, 1),
(9, 269, 129, 1),
(9, 270, 130, 1),
(9, 271, 131, 1),
(9, 272, 132, 1),
(9, 273, 133, 5),
(9, 274, 134, 5),
(9, 275, 135, 5),
(9, 276, 136, 5),
(9, 277, 137, 5),
(9, 278, 138, 5),
(9, 279, 139, 5),
(9, 280, 140, 5),
(9, 281, 141, 5),
(9, 282, 142, 5),
(9, 283, 143, 5),
(9, 284, 144, 5),
(9, 285, 145, 5),
(9, 286, 146, 5),
(9, 287, 147, 5),
(9, 288, 148, 5),
(9, 289, 149, 5),
(9, 290, 150, 5),
(9, 291, 151, 5),
(9, 292, 152, 5),
(9, 293, 153, 5),
(9, 294, 154, 5),
(9, 295, 155, 5),
(9, 296, 156, 5),
(9, 297, 157, 5),
(9, 298, 158, 5),
(9, 299, 159, 5),
(9, 300, 160, 5),
(9, 301, 161, 5),
(9, 302, 162, 5),
(9, 303, 163, 5),
(9, 304, 164, 5),
(9, 305, 165, 5),
(9, 306, 166, 5),
(9, 307, 167, 5),
(9, 308, 168, 5),
(9, 309, 169, 5),
(9, 310, 170, 5),
(9, 311, 171, 5),
(9, 312, 172, 5),
(9, 313, 173, 5),
(9, 314, 174, 5),
(9, 315, 175, 5),
(9, 127, 179, 1),
(9, 316, 180, 1),
(9, 317, 181, 1),
(9, 63, 182, 1),
(9, 137, 183, 1),
(9, 318, 184, 1),
(9, 319, 185, 1),
(9, 320, 186, 1),
(9, 146, 187, 1),
(9, 152, 188, 1),
(9, 154, 189, 1),
(9, 157, 190, 1),
(9, 321, 191, 1),
(9, 322, 192, 1),
(9, 323, 193, 1),
(9, 168, 194, 1),
(9, 174, 195, 1),
(9, 179, 196, 1),
(9, 185, 197, 1),
(9, 195, 198, 1),
(9, 196, 199, 1),
(9, 198, 200, 1),
(9, 200, 201, 1),
(9, 208, 202, 1),
(9, 140, 203, 1),
(9, 184, 204, 1),
(9, 177, 205, 1),
(9, 164, 206, 1),
(9, 161, 207, 1),
(9, 170, 208, 1),
(9, 158, 209, 1),
(9, 141, 210, 1),
(9, 145, 211, 1),
(9, 169, 212, 1),
(9, 175, 213, 1),
(9, 159, 214, 1),
(9, 193, 215, 1),
(9, 197, 216, 1),
(9, 324, 217, 1),
(9, 216, 218, 1),
(9, 325, 219, 1),
(9, 326, 220, 1),
(9, 327, 221, 1),
(9, 128, 222, 1),
(9, 129, 223, 1),
(9, 178, 224, 1),
(9, 167, 225, 1),
(9, 328, 254, 1),
(9, 329, 255, 1),
(9, 330, 256, 1),
(9, 331, 257, 1),
(9, 332, 258, 1),
(9, 333, 259, 3),
(9, 57, 260, 3),
(9, 59, 261, 3),
(9, 64, 262, 3),
(9, 65, 263, 3),
(9, 66, 264, 3),
(9, 334, 265, 3),
(9, 335, 266, 3),
(9, 336, 268, 3),
(9, 337, 269, 3),
(9, 338, 270, 3),
(9, 339, 271, 3),
(9, 340, 272, 3),
(9, 341, 273, 3),
(9, 342, 274, 3),
(9, 343, 275, 3),
(9, 344, 276, 3),
(9, 345, 277, 3),
(9, 346, 278, 3),
(9, 347, 279, 3),
(9, 348, 280, 3),
(9, 349, 281, 3),
(9, 350, 282, 3),
(9, 351, 283, 3),
(9, 352, 284, 3),
(9, 353, 285, 3),
(9, 354, 286, 3),
(9, 355, 287, 3),
(9, 356, 288, 3),
(9, 77, 289, 4),
(9, 78, 290, 4),
(9, 79, 291, 4),
(9, 80, 292, 4),
(9, 81, 293, 4),
(9, 82, 294, 4),
(9, 83, 295, 4),
(9, 84, 296, 4),
(9, 85, 297, 4),
(9, 86, 298, 4),
(9, 87, 299, 4),
(9, 88, 300, 4),
(9, 89, 301, 4),
(9, 90, 302, 4),
(9, 91, 303, 4),
(9, 92, 304, 4),
(9, 93, 305, 4),
(9, 94, 306, 4),
(9, 95, 307, 4),
(9, 96, 308, 4),
(9, 97, 309, 4),
(9, 98, 310, 4),
(9, 99, 311, 4),
(9, 100, 312, 4),
(9, 101, 313, 4),
(9, 102, 314, 4),
(9, 103, 315, 4),
(9, 104, 316, 4),
(9, 105, 317, 4),
(9, 106, 318, 4),
(9, 107, 319, 4),
(9, 108, 320, 4),
(9, 109, 321, 4),
(9, 110, 322, 4),
(9, 111, 323, 4),
(9, 112, 324, 4),
(9, 113, 325, 4),
(9, 114, 326, 4),
(9, 115, 327, 4),
(9, 116, 328, 4),
(9, 117, 329, 4),
(9, 118, 330, 4),
(9, 119, 331, 4),
(9, 120, 332, 4),
(9, 121, 333, 4),
(9, 122, 334, 4),
(9, 123, 335, 4),
(9, 124, 336, 4),
(9, 125, 337, 4),
(9, 126, 338, 4),
(9, 72, 339, 4),
(9, 73, 340, 4),
(9, 74, 341, 4),
(9, 75, 342, 4),
(9, 76, 343, 4),
(9, 232, 344, 4),
(9, 233, 345, 4),
(9, 357, 346, 4),
(9, 58, 349, 3),
(9, 61, 350, 3),
(9, 34, 351, 3),
(9, 35, 352, 3),
(9, 52, 353, 3),
(9, 22, 354, 3),
(9, 38, 355, 3),
(9, 62, 356, 3),
(9, 33, 357, 3),
(9, 32, 358, 3),
(9, 60, 359, 3),
(9, 7, 360, 3),
(9, 6, 361, 3),
(9, 358, 362, 3),
(9, 359, 363, 3),
(9, 360, 364, 3),
(9, 361, 365, 3),
(9, 362, 366, 3),
(9, 363, 367, 3),
(9, 364, 368, 3),
(9, 365, 369, 3),
(9, 366, 370, 3),
(9, 367, 371, 3),
(9, 368, 372, 3),
(9, 369, 373, 3),
(9, 370, 374, 3),
(9, 371, 375, 3),
(9, 372, 376, 3),
(10, 1, 0, null),
(10, 2, 1, 2),
(10, 3, 2, 2),
(10, 4, 3, 2),
(10, 5, 4, 2),
(10, 8, 5, 2),
(10, 238, 6, 2),
(10, 239, 7, 2),
(10, 240, 8, 2),
(10, 241, 9, 2),
(10, 242, 10, 2),
(10, 243, 11, 2),
(10, 244, 12, 2),
(10, 373, 13, 2),
(10, 374, 14, 2),
(10, 375, 15, 2),
(10, 376, 16, 2),
(10, 19, 17, 6),
(10, 10, 18, 6),
(10, 11, 19, 6),
(10, 12, 20, 6),
(10, 13, 21, 6),
(10, 14, 22, 6),
(10, 15, 23, 6),
(10, 16, 24, 6),
(10, 17, 25, 6),
(10, 18, 26, 6),
(10, 41, 27, 6),
(10, 42, 28, 6),
(10, 43, 29, 6),
(10, 48, 30, 6),
(10, 49, 31, 6),
(10, 50, 32, 6),
(10, 136, 33, 6),
(10, 180, 34, 6),
(10, 181, 35, 6),
(10, 182, 36, 6),
(10, 183, 37, 6),
(10, 68, 38, 6),
(10, 69, 39, 6),
(10, 70, 40, 6),
(10, 71, 41, 6),
(10, 245, 42, 6),
(10, 194, 43, 6),
(10, 202, 44, 6),
(10, 26, 45, 6),
(10, 27, 46, 6),
(10, 28, 47, 6),
(10, 29, 48, 6),
(10, 30, 49, 6),
(10, 31, 50, 6),
(10, 67, 51, 6),
(10, 257, 52, 6),
(10, 258, 53, 6),
(10, 377, 54, 6),
(10, 44, 55, 7),
(10, 47, 56, 7),
(10, 53, 57, 7),
(10, 54, 58, 7),
(10, 55, 59, 7),
(10, 36, 60, 7),
(10, 56, 61, 7),
(10, 378, 62, 7),
(10, 40, 63, 7),
(10, 259, 64, 7),
(10, 246, 65, 7),
(10, 247, 66, 7),
(10, 248, 67, 7),
(10, 249, 68, 1),
(10, 250, 69, 1),
(10, 251, 70, 1),
(10, 252, 71, 1),
(10, 253, 72, 1),
(10, 254, 73, 1),
(10, 255, 74, 1),
(10, 256, 75, 1),
(10, 45, 76, 1),
(10, 46, 77, 1),
(10, 20, 78, 1),
(10, 21, 79, 1),
(10, 214, 80, 1),
(10, 9, 81, 1),
(10, 23, 82, 1),
(10, 24, 83, 1),
(10, 25, 84, 1),
(10, 37, 85, 1),
(10, 150, 86, 1),
(10, 151, 87, 1),
(10, 172, 88, 1),
(10, 173, 89, 1),
(10, 189, 90, 1),
(10, 190, 91, 1),
(10, 39, 92, 1),
(10, 260, 93, 1),
(10, 379, 94, 1),
(10, 380, 95, 1),
(10, 381, 96, 1),
(10, 382, 97, 1),
(10, 383, 98, 1),
(10, 354, 99, 1),
(10, 355, 100, 1),
(10, 33, 101, 1),
(10, 32, 102, 1),
(10, 22, 103, 1),
(10, 384, 104, 1),
(10, 385, 105, 1),
(10, 386, 106, 1),
(10, 387, 107, 1),
(10, 388, 108, 1),
(10, 389, 109, 1),
(10, 390, 110, 1),
(10, 391, 111, 1),
(10, 392, 135, 1),
(10, 393, 136, 1),
(10, 394, 137, 8),
(10, 395, 138, 8),
(10, 396, 139, 8),
(10, 397, 140, 8),
(10, 398, 141, 8),
(10, 399, 142, 8),
(10, 400, 143, 8),
(10, 401, 144, 8),
(10, 402, 145, 8),
(10, 403, 146, 8),
(10, 404, 147, 8),
(10, 405, 148, 8),
(10, 273, 149, 5),
(10, 274, 150, 5),
(10, 275, 151, 5),
(10, 276, 152, 5),
(10, 277, 153, 5),
(10, 278, 154, 5),
(10, 279, 155, 5),
(10, 280, 156, 5),
(10, 281, 157, 5),
(10, 282, 158, 5),
(10, 283, 159, 5),
(10, 284, 160, 5),
(10, 285, 161, 5),
(10, 286, 162, 5),
(10, 287, 163, 5),
(10, 288, 164, 5),
(10, 289, 165, 5),
(10, 290, 166, 5),
(10, 291, 167, 5),
(10, 292, 168, 5),
(10, 293, 169, 5),
(10, 294, 170, 5),
(10, 295, 171, 5),
(10, 296, 172, 5),
(10, 297, 173, 5),
(10, 298, 174, 5),
(10, 299, 175, 5),
(10, 300, 176, 5),
(10, 301, 177, 5),
(10, 302, 178, 5),
(10, 303, 179, 5),
(10, 304, 180, 5),
(10, 305, 181, 5),
(10, 306, 182, 5),
(10, 307, 183, 5),
(10, 406, 184, 5),
(10, 407, 185, 5),
(10, 408, 186, 5),
(10, 409, 187, 5),
(10, 410, 188, 5),
(10, 411, 189, 5),
(10, 412, 190, 5),
(10, 413, 191, 5),
(10, 414, 192, 5),
(10, 415, 193, 5),
(10, 416, 194, 5),
(10, 417, 195, 5),
(10, 418, 196, 5),
(10, 419, 197, 5),
(10, 420, 198, 5),
(10, 421, 199, 5),
(10, 422, 200, 5),
(10, 308, 201, 5),
(10, 309, 202, 5),
(10, 310, 203, 5),
(10, 311, 204, 5),
(10, 312, 205, 5),
(10, 313, 206, 5),
(10, 314, 207, 5),
(10, 315, 208, 5),
(10, 423, 209, 5),
(10, 424, 210, 5),
(10, 425, 211, 5),
(10, 426, 212, 5),
(10, 127, 213, 1),
(10, 316, 214, 1),
(10, 317, 215, 1),
(10, 63, 216, 1),
(10, 137, 217, 1),
(10, 318, 218, 1),
(10, 319, 219, 1),
(10, 320, 220, 1),
(10, 146, 221, 1),
(10, 152, 222, 1),
(10, 154, 223, 1),
(10, 157, 224, 1),
(10, 321, 225, 1),
(10, 322, 226, 1),
(10, 323, 227, 1),
(10, 168, 228, 1),
(10, 174, 229, 1),
(10, 179, 230, 1),
(10, 185, 231, 1),
(10, 195, 232, 1),
(10, 196, 233, 1),
(10, 198, 234, 1),
(10, 200, 235, 1),
(10, 208, 236, 1),
(10, 140, 237, 1),
(10, 184, 238, 1),
(10, 177, 239, 1),
(10, 164, 240, 1),
(10, 161, 241, 1),
(10, 170, 242, 1),
(10, 158, 243, 1),
(10, 141, 244, 1),
(10, 145, 245, 1),
(10, 169, 246, 1),
(10, 175, 247, 1),
(10, 159, 248, 1),
(10, 193, 249, 1),
(10, 197, 250, 1),
(10, 324, 251, 1),
(10, 216, 252, 1),
(10, 325, 253, 1),
(10, 326, 254, 1),
(10, 327, 255, 1),
(10, 128, 256, 1),
(10, 129, 257, 1),
(10, 178, 258, 1),
(10, 167, 259, 1),
(10, 328, 260, 1),
(10, 329, 261, 1),
(10, 330, 262, 1),
(10, 331, 263, 1),
(10, 332, 264, 1),
(10, 427, 265, 1),
(10, 428, 266, 1),
(10, 429, 267, 1),
(10, 430, 268, 1),
(10, 431, 269, 1),
(10, 432, 270, 1),
(10, 433, 271, 1),
(10, 434, 272, 1),
(10, 435, 273, 1),
(10, 436, 274, 1),
(10, 437, 275, 1),
(10, 438, 276, 1),
(10, 439, 277, 1),
(10, 440, 278, 1),
(10, 441, 279, 1),
(10, 442, 280, 1),
(10, 443, 281, 1),
(10, 444, 282, 1),
(10, 445, 283, 1),
(10, 446, 284, 1),
(10, 447, 285, 1),
(10, 448, 286, 1),
(10, 449, 287, 1),
(10, 450, 288, 1),
(10, 451, 289, 1),
(10, 452, 290, 1),
(10, 453, 291, 1),
(10, 454, 292, 1),
(10, 455, 293, 1),
(10, 456, 294, 1),
(10, 457, 295, 1),
(10, 458, 296, 1),
(10, 459, 297, 1),
(10, 460, 298, 1),
(10, 461, 299, 1),
(10, 462, 300, 1),
(10, 463, 301, 1),
(10, 464, 302, 1),
(10, 465, 303, 1),
(10, 466, 304, 1),
(10, 467, 305, 1),
(10, 468, 306, 1),
(10, 469, 307, 1),
(10, 470, 308, 1),
(10, 471, 309, 1),
(10, 472, 310, 1),
(10, 473, 311, 1),
(10, 474, 312, 1),
(10, 475, 313, 1),
(10, 476, 314, 1),
(10, 477, 315, 1),
(10, 478, 316, 1),
(10, 479, 317, 1),
(10, 480, 318, 1),
(10, 481, 319, 1),
(10, 482, 320, 1),
(10, 483, 321, 1),
(10, 484, 322, 1),
(10, 485, 323, 1),
(10, 486, 324, 1),
(10, 487, 325, 1),
(10, 488, 326, 1),
(10, 489, 327, 1),
(10, 77, 328, 4),
(10, 78, 329, 4),
(10, 79, 330, 4),
(10, 80, 331, 4),
(10, 81, 332, 4),
(10, 82, 333, 4),
(10, 83, 334, 4),
(10, 84, 335, 4),
(10, 85, 336, 4),
(10, 86, 337, 4),
(10, 87, 338, 4),
(10, 88, 339, 4),
(10, 89, 340, 4),
(10, 90, 341, 4),
(10, 91, 342, 4),
(10, 92, 343, 4),
(10, 93, 344, 4),
(10, 94, 345, 4),
(10, 95, 346, 4),
(10, 96, 347, 4),
(10, 97, 348, 4),
(10, 98, 349, 4),
(10, 99, 350, 4),
(10, 100, 351, 4),
(10, 101, 352, 4),
(10, 102, 353, 4),
(10, 103, 354, 4),
(10, 104, 355, 4),
(10, 105, 356, 4),
(10, 106, 357, 4),
(10, 107, 358, 4),
(10, 108, 359, 4),
(10, 109, 360, 4),
(10, 110, 361, 4),
(10, 111, 362, 4),
(10, 112, 363, 4),
(10, 113, 364, 4),
(10, 114, 365, 4),
(10, 115, 366, 4),
(10, 116, 367, 4),
(10, 117, 368, 4),
(10, 118, 369, 4),
(10, 119, 370, 4),
(10, 120, 371, 4),
(10, 121, 372, 4),
(10, 122, 373, 4),
(10, 123, 374, 4),
(10, 124, 375, 4),
(10, 125, 376, 4),
(10, 126, 377, 4),
(10, 490, 378, 4),
(10, 491, 379, 4),
(10, 492, 380, 4),
(10, 493, 381, 4),
(10, 494, 382, 4),
(10, 495, 383, 4),
(10, 496, 384, 4),
(10, 497, 385, 4),
(10, 498, 386, 4),
(10, 499, 387, 4),
(10, 500, 388, 4),
(10, 501, 389, 4),
(10, 502, 390, 4),
(10, 503, 391, 4),
(10, 504, 392, 4),
(10, 505, 393, 4),
(10, 506, 394, 4),
(10, 507, 395, 4),
(10, 508, 396, 4),
(10, 509, 397, 4),
(10, 510, 398, 4),
(10, 511, 399, 4),
(10, 512, 400, 4),
(10, 513, 401, 4),
(10, 514, 402, 4),
(10, 515, 403, 4),
(10, 516, 404, 4),
(10, 517, 405, 4),
(10, 518, 406, 4),
(10, 519, 407, 4),
(10, 520, 408, 4),
(10, 521, 409, 4),
(10, 522, 410, 4),
(10, 523, 411, 4),
(10, 524, 412, 4),
(10, 525, 413, 4),
(10, 526, 414, 4),
(10, 527, 415, 4),
(10, 528, 416, 4),
(10, 529, 417, 4),
(10, 530, 418, 4),
(10, 531, 419, 4),
(10, 72, 420, 4),
(10, 73, 421, 4),
(10, 74, 422, 4),
(10, 75, 423, 4),
(10, 76, 424, 4),
(10, 232, 425, 4),
(10, 233, 426, 4),
(10, 357, 427, 4),
(10, 532, 428, 3),
(10, 533, 429, 3),
(10, 534, 430, 3),
(10, 535, 431, 3),
(10, 536, 432, 3),
(10, 537, 433, 3),
(10, 538, 434, 3),
(10, 539, 435, 3),
(10, 540, 436, 3),
(10, 541, 437, 3),
(10, 542, 438, 3),
(10, 543, 439, 3),
(10, 544, 440, 3),
(10, 545, 441, 3),
(10, 546, 442, 3),
(10, 358, 443, 3),
(10, 57, 444, 3),
(10, 64, 445, 3),
(10, 65, 446, 3),
(10, 66, 447, 3),
(10, 547, 448, 3),
(10, 548, 449, 3),
(10, 7, 450, 3),
(10, 549, 451, 3),
(10, 550, 452, 3),
(10, 551, 453, 3),
(10, 552, 454, 3),
(10, 553, 455, 3),
(10, 133, 456, 3),
(10, 335, 457, 3),
(10, 554, 458, 3),
(10, 555, 459, 3),
(10, 556, 460, 3),
(10, 557, 461, 3),
(10, 558, 462, 3),
(10, 559, 463, 3),
(10, 132, 464, 3),
(11, 1, 0, null),
(11, 2, 1, 2),
(11, 3, 2, 2),
(11, 4, 3, 2),
(11, 5, 4, 2),
(11, 8, 5, 2),
(11, 238, 6, 2),
(11, 239, 7, 2),
(11, 240, 8, 2),
(11, 241, 9, 2),
(11, 242, 10, 2),
(11, 243, 11, 2),
(11, 244, 12, 2),
(11, 373, 13, 2),
(11, 374, 14, 2),
(11, 375, 15, 2),
(11, 376, 16, 2),
(11, 19, 17, 6),
(11, 10, 18, 6),
(11, 11, 19, 6),
(11, 12, 20, 6),
(11, 13, 21, 6),
(11, 14, 22, 6),
(11, 15, 23, 6),
(11, 16, 24, 6),
(11, 17, 25, 6),
(11, 18, 26, 6),
(11, 41, 27, 6),
(11, 42, 28, 6),
(11, 43, 29, 6),
(11, 48, 30, 6),
(11, 49, 31, 6),
(11, 50, 32, 6),
(11, 136, 33, 6),
(11, 180, 34, 6),
(11, 181, 35, 6),
(11, 182, 36, 6),
(11, 183, 37, 6),
(11, 68, 38, 6),
(11, 69, 39, 6),
(11, 70, 40, 6),
(11, 71, 41, 6),
(11, 245, 42, 6),
(11, 194, 43, 6),
(11, 202, 44, 6),
(11, 26, 45, 6),
(11, 27, 46, 6),
(11, 28, 47, 6),
(11, 29, 48, 6),
(11, 30, 49, 6),
(11, 31, 50, 6),
(11, 67, 51, 6),
(11, 257, 52, 6),
(11, 258, 53, 6),
(11, 377, 54, 6),
(11, 44, 55, 7),
(11, 47, 56, 7),
(11, 53, 57, 7),
(11, 54, 58, 7),
(11, 55, 59, 7),
(11, 36, 60, 7),
(11, 56, 61, 7),
(11, 378, 62, 7),
(11, 40, 63, 7),
(11, 259, 64, 7),
(11, 246, 65, 7),
(11, 247, 66, 7),
(11, 248, 67, 7),
(11, 249, 68, 1),
(11, 250, 69, 1),
(11, 251, 70, 1),
(11, 252, 71, 1),
(11, 253, 72, 1),
(11, 254, 73, 1),
(11, 255, 74, 1),
(11, 256, 75, 1),
(11, 45, 76, 1),
(11, 46, 77, 1),
(11, 20, 78, 1),
(11, 21, 79, 1),
(11, 214, 80, 1),
(11, 9, 81, 1),
(11, 23, 82, 1),
(11, 24, 83, 1),
(11, 25, 84, 1),
(11, 37, 85, 1),
(11, 150, 86, 1),
(11, 151, 87, 1),
(11, 172, 88, 1),
(11, 173, 89, 1),
(11, 189, 90, 1),
(11, 190, 91, 1),
(11, 39, 92, 1),
(11, 260, 93, 1),
(11, 379, 94, 1),
(11, 380, 95, 1),
(11, 381, 96, 1),
(11, 382, 97, 1),
(11, 383, 98, 1),
(11, 354, 99, 1),
(11, 355, 100, 1),
(11, 33, 101, 1),
(11, 32, 102, 1),
(11, 22, 103, 1),
(11, 384, 104, 1),
(11, 385, 105, 1),
(11, 386, 106, 1),
(11, 387, 107, 1),
(11, 388, 108, 1),
(11, 389, 109, 1),
(11, 390, 110, 1),
(11, 391, 111, 1),
(11, 560, 112, 1),
(11, 392, 135, 1),
(11, 393, 136, 1),
(11, 394, 137, 8),
(11, 395, 138, 8),
(11, 396, 139, 8),
(11, 397, 140, 8),
(11, 398, 141, 8),
(11, 399, 142, 8),
(11, 400, 143, 8),
(11, 401, 144, 8),
(11, 402, 145, 8),
(11, 403, 146, 8),
(11, 404, 147, 8),
(11, 405, 148, 8),
(11, 273, 149, 5),
(11, 274, 150, 5),
(11, 275, 151, 5),
(11, 276, 152, 5),
(11, 277, 153, 5),
(11, 278, 154, 5),
(11, 279, 155, 5),
(11, 280, 156, 5),
(11, 281, 157, 5),
(11, 282, 158, 5),
(11, 283, 159, 5),
(11, 284, 160, 5),
(11, 285, 161, 5),
(11, 286, 162, 5),
(11, 287, 163, 5),
(11, 288, 164, 5),
(11, 289, 165, 5),
(11, 290, 166, 5),
(11, 291, 167, 5),
(11, 292, 168, 5),
(11, 293, 169, 5),
(11, 294, 170, 5),
(11, 295, 171, 5),
(11, 296, 172, 5),
(11, 297, 173, 5),
(11, 298, 174, 5),
(11, 299, 175, 5),
(11, 300, 176, 5),
(11, 301, 177, 5),
(11, 302, 178, 5),
(11, 303, 179, 5),
(11, 304, 180, 5),
(11, 305, 181, 5),
(11, 306, 182, 5),
(11, 307, 183, 5),
(11, 406, 184, 5),
(11, 407, 185, 5),
(11, 408, 186, 5),
(11, 409, 187, 5),
(11, 410, 188, 5),
(11, 411, 189, 5),
(11, 412, 190, 5),
(11, 413, 191, 5),
(11, 414, 192, 5),
(11, 415, 193, 5),
(11, 416, 194, 5),
(11, 417, 195, 5),
(11, 418, 196, 5),
(11, 419, 197, 5),
(11, 420, 198, 5),
(11, 421, 199, 5),
(11, 422, 200, 5),
(11, 308, 201, 5),
(11, 309, 202, 5),
(11, 310, 203, 5),
(11, 311, 204, 5),
(11, 312, 205, 5),
(11, 313, 206, 5),
(11, 314, 207, 5),
(11, 315, 208, 5),
(11, 423, 209, 5),
(11, 424, 210, 5),
(11, 425, 211, 5),
(11, 426, 212, 5),
(11, 127, 213, 1),
(11, 316, 214, 1),
(11, 317, 215, 1),
(11, 63, 216, 1),
(11, 137, 217, 1),
(11, 318, 218, 1),
(11, 319, 219, 1),
(11, 320, 220, 1),
(11, 146, 221, 1),
(11, 152, 222, 1),
(11, 154, 223, 1),
(11, 157, 224, 1),
(11, 321, 225, 1),
(11, 322, 226, 1),
(11, 323, 227, 1),
(11, 168, 228, 1),
(11, 174, 229, 1),
(11, 179, 230, 1),
(11, 185, 231, 1),
(11, 195, 232, 1),
(11, 196, 233, 1),
(11, 198, 234, 1),
(11, 200, 235, 1),
(11, 208, 236, 1),
(11, 140, 237, 1),
(11, 184, 238, 1),
(11, 177, 239, 1),
(11, 164, 240, 1),
(11, 161, 241, 1),
(11, 170, 242, 1),
(11, 158, 243, 1),
(11, 141, 244, 1),
(11, 145, 245, 1),
(11, 169, 246, 1),
(11, 175, 247, 1),
(11, 159, 248, 1),
(11, 193, 249, 1),
(11, 197, 250, 1),
(11, 324, 251, 1),
(11, 216, 252, 1),
(11, 325, 253, 1),
(11, 326, 254, 1),
(11, 327, 255, 1),
(11, 128, 256, 1),
(11, 129, 257, 1),
(11, 178, 258, 1),
(11, 167, 259, 1),
(11, 328, 260, 1),
(11, 329, 261, 1),
(11, 330, 262, 1),
(11, 331, 263, 1),
(11, 332, 264, 1),
(11, 427, 265, 1),
(11, 428, 266, 1),
(11, 429, 267, 1),
(11, 430, 268, 1),
(11, 431, 269, 1),
(11, 432, 270, 1),
(11, 433, 271, 1),
(11, 434, 272, 1),
(11, 435, 273, 1),
(11, 436, 274, 1),
(11, 437, 275, 1),
(11, 438, 276, 1),
(11, 439, 277, 1),
(11, 440, 278, 1),
(11, 441, 279, 1),
(11, 442, 280, 1),
(11, 443, 281, 1),
(11, 444, 282, 1),
(11, 445, 283, 1),
(11, 446, 284, 1),
(11, 447, 285, 1),
(11, 448, 286, 1),
(11, 449, 287, 1),
(11, 450, 288, 1),
(11, 451, 289, 1),
(11, 452, 290, 1),
(11, 453, 291, 1),
(11, 454, 292, 1),
(11, 455, 293, 1),
(11, 456, 294, 1),
(11, 457, 295, 1),
(11, 458, 296, 1),
(11, 459, 297, 1),
(11, 460, 298, 1),
(11, 461, 299, 1),
(11, 462, 300, 1),
(11, 463, 301, 1),
(11, 464, 302, 1),
(11, 465, 303, 1),
(11, 466, 304, 1),
(11, 467, 305, 1),
(11, 468, 306, 1),
(11, 469, 307, 1),
(11, 470, 308, 1),
(11, 471, 309, 1),
(11, 472, 310, 1),
(11, 473, 311, 1),
(11, 474, 312, 1),
(11, 475, 313, 1),
(11, 476, 314, 1),
(11, 477, 315, 1),
(11, 478, 316, 1),
(11, 479, 317, 1),
(11, 480, 318, 1),
(11, 481, 319, 1),
(11, 482, 320, 1),
(11, 483, 321, 1),
(11, 484, 322, 1),
(11, 485, 323, 1),
(11, 486, 324, 1),
(11, 487, 325, 1),
(11, 488, 326, 1),
(11, 489, 327, 1),
(11, 77, 328, 4),
(11, 78, 329, 4),
(11, 79, 330, 4),
(11, 80, 331, 4),
(11, 81, 332, 4),
(11, 82, 333, 4),
(11, 83, 334, 4),
(11, 84, 335, 4),
(11, 85, 336, 4),
(11, 86, 337, 4),
(11, 87, 338, 4),
(11, 88, 339, 4),
(11, 89, 340, 4),
(11, 90, 341, 4),
(11, 91, 342, 4),
(11, 92, 343, 4),
(11, 93, 344, 4),
(11, 94, 345, 4),
(11, 95, 346, 4),
(11, 96, 347, 4),
(11, 97, 348, 4),
(11, 98, 349, 4),
(11, 99, 350, 4),
(11, 100, 351, 4),
(11, 101, 352, 4),
(11, 102, 353, 4),
(11, 103, 354, 4),
(11, 104, 355, 4),
(11, 105, 356, 4),
(11, 106, 357, 4),
(11, 107, 358, 4),
(11, 108, 359, 4),
(11, 109, 360, 4),
(11, 110, 361, 4),
(11, 111, 362, 4),
(11, 112, 363, 4),
(11, 113, 364, 4),
(11, 114, 365, 4),
(11, 115, 366, 4),
(11, 116, 367, 4),
(11, 117, 368, 4),
(11, 118, 369, 4),
(11, 119, 370, 4),
(11, 120, 371, 4),
(11, 121, 372, 4),
(11, 122, 373, 4),
(11, 123, 374, 4),
(11, 124, 375, 4),
(11, 125, 376, 4),
(11, 126, 377, 4),
(11, 490, 378, 4),
(11, 491, 379, 4),
(11, 492, 380, 4),
(11, 493, 381, 4),
(11, 494, 382, 4),
(11, 495, 383, 4),
(11, 496, 384, 4),
(11, 497, 385, 4),
(11, 498, 386, 4),
(11, 499, 387, 4),
(11, 500, 388, 4),
(11, 501, 389, 4),
(11, 502, 390, 4),
(11, 503, 391, 4),
(11, 504, 392, 4),
(11, 505, 393, 4),
(11, 506, 394, 4),
(11, 507, 395, 4),
(11, 508, 396, 4),
(11, 509, 397, 4),
(11, 510, 398, 4),
(11, 511, 399, 4),
(11, 512, 400, 4),
(11, 513, 401, 4),
(11, 514, 402, 4),
(11, 515, 403, 4),
(11, 516, 404, 4),
(11, 517, 405, 4),
(11, 518, 406, 4),
(11, 519, 407, 4),
(11, 520, 408, 4),
(11, 521, 409, 4),
(11, 522, 410, 4),
(11, 523, 411, 4),
(11, 524, 412, 4),
(11, 525, 413, 4),
(11, 526, 414, 4),
(11, 527, 415, 4),
(11, 528, 416, 4),
(11, 529, 417, 4),
(11, 530, 418, 4),
(11, 531, 419, 4),
(11, 72, 420, 4),
(11, 73, 421, 4),
(11, 74, 422, 4),
(11, 75, 423, 4),
(11, 76, 424, 4),
(11, 232, 425, 4),
(11, 233, 426, 4),
(11, 357, 427, 4),
(11, 532, 428, 3),
(11, 533, 429, 3),
(11, 534, 430, 3),
(11, 535, 431, 3),
(11, 536, 432, 3),
(11, 537, 433, 3),
(11, 538, 434, 3),
(11, 539, 435, 3),
(11, 540, 436, 3),
(11, 541, 437, 3),
(11, 542, 438, 3),
(11, 543, 439, 3),
(11, 544, 440, 3),
(11, 545, 441, 3),
(11, 546, 442, 3),
(11, 358, 443, 3),
(11, 57, 444, 3),
(11, 64, 445, 3),
(11, 65, 446, 3),
(11, 66, 447, 3),
(11, 547, 448, 3),
(11, 548, 449, 3),
(11, 7, 450, 3),
(11, 549, 451, 3),
(11, 550, 452, 3),
(11, 551, 453, 3),
(11, 552, 454, 3),
(11, 553, 455, 3),
(11, 133, 456, 3),
(11, 335, 457, 3),
(11, 554, 458, 3),
(11, 555, 459, 3),
(11, 556, 460, 3),
(11, 557, 461, 3),
(11, 558, 462, 3),
(11, 559, 463, 3),
(11, 132, 464, 3),
(11, 561, 465, 3),
(11, 562, 466, 3),
(11, 34, 467, 3),
(12, 1, 0, null),
(12, 2, 1, 2),
(12, 3, 2, 2),
(12, 4, 3, 2),
(12, 5, 4, 2),
(12, 8, 5, 2),
(12, 238, 6, 2),
(12, 239, 7, 2),
(12, 240, 8, 2),
(12, 241, 9, 2),
(12, 242, 10, 2),
(12, 243, 11, 2),
(12, 244, 12, 2),
(12, 373, 13, 2),
(12, 374, 14, 2),
(12, 375, 15, 2),
(12, 376, 16, 2),
(12, 19, 17, 6),
(12, 10, 18, 6),
(12, 11, 19, 6),
(12, 12, 20, 6),
(12, 13, 21, 6),
(12, 14, 22, 6),
(12, 15, 23, 6),
(12, 16, 24, 6),
(12, 17, 25, 6),
(12, 18, 26, 6),
(12, 41, 27, 6),
(12, 42, 28, 6),
(12, 43, 29, 6),
(12, 48, 30, 6),
(12, 49, 31, 6),
(12, 50, 32, 6),
(12, 136, 33, 6),
(12, 180, 34, 6),
(12, 181, 35, 6),
(12, 182, 36, 6),
(12, 183, 37, 6),
(12, 68, 38, 6),
(12, 69, 39, 6),
(12, 70, 40, 6),
(12, 71, 41, 6),
(12, 245, 42, 6),
(12, 194, 43, 6),
(12, 202, 44, 6),
(12, 26, 45, 6),
(12, 27, 46, 6),
(12, 28, 47, 6),
(12, 29, 48, 6),
(12, 30, 49, 6),
(12, 31, 50, 6),
(12, 67, 51, 6),
(12, 257, 52, 6),
(12, 258, 53, 6),
(12, 377, 54, 6),
(12, 44, 55, 7),
(12, 47, 56, 7),
(12, 53, 57, 7),
(12, 54, 58, 7),
(12, 55, 59, 7),
(12, 36, 60, 7),
(12, 56, 61, 7),
(12, 378, 62, 7),
(12, 40, 63, 7),
(12, 259, 64, 7),
(12, 246, 65, 7),
(12, 247, 66, 7),
(12, 248, 67, 7),
(12, 249, 68, 1),
(12, 250, 69, 1),
(12, 251, 70, 1),
(12, 252, 71, 1),
(12, 253, 72, 1),
(12, 254, 73, 1),
(12, 255, 74, 1),
(12, 256, 75, 1),
(12, 45, 76, 1),
(12, 46, 77, 1),
(12, 20, 78, 1),
(12, 21, 79, 1),
(12, 214, 80, 1),
(12, 9, 81, 1),
(12, 23, 82, 1),
(12, 24, 83, 1),
(12, 25, 84, 1),
(12, 37, 85, 1),
(12, 150, 86, 1),
(12, 151, 87, 1),
(12, 172, 88, 1),
(12, 173, 89, 1),
(12, 189, 90, 1),
(12, 190, 91, 1),
(12, 39, 92, 1),
(12, 260, 93, 1),
(12, 379, 94, 1),
(12, 380, 95, 1),
(12, 381, 96, 1),
(12, 382, 97, 1),
(12, 383, 98, 1),
(12, 354, 99, 1),
(12, 355, 100, 1),
(12, 33, 101, 1),
(12, 32, 102, 1),
(12, 22, 103, 1),
(12, 384, 104, 1),
(12, 385, 105, 1),
(12, 386, 106, 1),
(12, 387, 107, 1),
(12, 388, 108, 1),
(12, 389, 109, 1),
(12, 390, 110, 1),
(12, 391, 111, 1),
(12, 560, 112, 1),
(12, 392, 135, 1),
(12, 393, 136, 1),
(12, 394, 137, 8),
(12, 395, 138, 8),
(12, 396, 139, 8),
(12, 397, 140, 8),
(12, 398, 141, 8),
(12, 399, 142, 8),
(12, 400, 143, 8),
(12, 401, 144, 8),
(12, 402, 145, 8),
(12, 403, 146, 8),
(12, 404, 147, 8),
(12, 405, 148, 8),
(12, 273, 149, 5),
(12, 274, 150, 5),
(12, 275, 151, 5),
(12, 276, 152, 5),
(12, 277, 153, 5),
(12, 278, 154, 5),
(12, 279, 155, 5),
(12, 280, 156, 5),
(12, 281, 157, 5),
(12, 282, 158, 5),
(12, 283, 159, 5),
(12, 284, 160, 5),
(12, 285, 161, 5),
(12, 286, 162, 5),
(12, 287, 163, 5),
(12, 288, 164, 5),
(12, 289, 165, 5),
(12, 290, 166, 5),
(12, 291, 167, 5),
(12, 292, 168, 5),
(12, 293, 169, 5),
(12, 294, 170, 5),
(12, 295, 171, 5),
(12, 296, 172, 5),
(12, 297, 173, 5),
(12, 298, 174, 5),
(12, 299, 175, 5),
(12, 300, 176, 5),
(12, 301, 177, 5),
(12, 302, 178, 5),
(12, 303, 179, 5),
(12, 304, 180, 5),
(12, 305, 181, 5),
(12, 306, 182, 5),
(12, 307, 183, 5),
(12, 406, 184, 5),
(12, 407, 185, 5),
(12, 408, 186, 5),
(12, 409, 187, 5),
(12, 410, 188, 5),
(12, 411, 189, 5),
(12, 412, 190, 5),
(12, 413, 191, 5),
(12, 414, 192, 5),
(12, 415, 193, 5),
(12, 416, 194, 5),
(12, 417, 195, 5),
(12, 418, 196, 5),
(12, 419, 197, 5),
(12, 420, 198, 5),
(12, 421, 199, 5),
(12, 422, 200, 5),
(12, 308, 201, 5),
(12, 309, 202, 5),
(12, 310, 203, 5),
(12, 311, 204, 5),
(12, 312, 205, 5),
(12, 313, 206, 5),
(12, 314, 207, 5),
(12, 315, 208, 5),
(12, 423, 209, 5),
(12, 424, 210, 5),
(12, 425, 211, 5),
(12, 426, 212, 5),
(12, 127, 213, 1),
(12, 316, 214, 1),
(12, 317, 215, 1),
(12, 63, 216, 1),
(12, 137, 217, 1),
(12, 318, 218, 1),
(12, 319, 219, 1),
(12, 320, 220, 1),
(12, 146, 221, 1),
(12, 152, 222, 1),
(12, 154, 223, 1),
(12, 157, 224, 1),
(12, 321, 225, 1),
(12, 322, 226, 1),
(12, 323, 227, 1),
(12, 168, 228, 1),
(12, 174, 229, 1),
(12, 179, 230, 1),
(12, 185, 231, 1),
(12, 195, 232, 1),
(12, 196, 233, 1),
(12, 198, 234, 1),
(12, 200, 235, 1),
(12, 208, 236, 1),
(12, 140, 237, 1),
(12, 184, 238, 1),
(12, 177, 239, 1),
(12, 164, 240, 1),
(12, 161, 241, 1),
(12, 170, 242, 1),
(12, 158, 243, 1),
(12, 141, 244, 1),
(12, 145, 245, 1),
(12, 169, 246, 1),
(12, 175, 247, 1),
(12, 159, 248, 1),
(12, 193, 249, 1),
(12, 197, 250, 1),
(12, 324, 251, 1),
(12, 216, 252, 1),
(12, 325, 253, 1),
(12, 326, 254, 1),
(12, 327, 255, 1),
(12, 128, 256, 1),
(12, 129, 257, 1),
(12, 178, 258, 1),
(12, 167, 259, 1),
(12, 328, 260, 1),
(12, 329, 261, 1),
(12, 330, 262, 1),
(12, 331, 263, 1),
(12, 332, 264, 1),
(12, 427, 265, 1),
(12, 428, 266, 1),
(12, 429, 267, 1),
(12, 430, 268, 1),
(12, 431, 269, 1),
(12, 432, 270, 1),
(12, 433, 271, 1),
(12, 434, 272, 1),
(12, 435, 273, 1),
(12, 436, 274, 1),
(12, 437, 275, 1),
(12, 438, 276, 1),
(12, 439, 277, 1),
(12, 440, 278, 1),
(12, 441, 279, 1),
(12, 442, 280, 1),
(12, 443, 281, 1),
(12, 444, 282, 1),
(12, 445, 283, 1),
(12, 446, 284, 1),
(12, 447, 285, 1),
(12, 448, 286, 1),
(12, 449, 287, 1),
(12, 450, 288, 1),
(12, 451, 289, 1),
(12, 452, 290, 1),
(12, 453, 291, 1),
(12, 454, 292, 1),
(12, 455, 293, 1),
(12, 456, 294, 1),
(12, 457, 295, 1),
(12, 458, 296, 1),
(12, 459, 297, 1),
(12, 460, 298, 1),
(12, 461, 299, 1),
(12, 462, 300, 1),
(12, 463, 301, 1),
(12, 464, 302, 1),
(12, 465, 303, 1),
(12, 466, 304, 1),
(12, 467, 305, 1),
(12, 468, 306, 1),
(12, 469, 307, 1),
(12, 470, 308, 1),
(12, 471, 309, 1),
(12, 472, 310, 1),
(12, 473, 311, 1),
(12, 474, 312, 1),
(12, 475, 313, 1),
(12, 476, 314, 1),
(12, 477, 315, 1),
(12, 478, 316, 1),
(12, 479, 317, 1),
(12, 480, 318, 1),
(12, 481, 319, 1),
(12, 482, 320, 1),
(12, 483, 321, 1),
(12, 484, 322, 1),
(12, 485, 323, 1),
(12, 486, 324, 1),
(12, 487, 325, 1),
(12, 488, 326, 1),
(12, 489, 327, 1),
(12, 77, 328, 4),
(12, 78, 329, 4),
(12, 79, 330, 4),
(12, 80, 331, 4),
(12, 81, 332, 4),
(12, 82, 333, 4),
(12, 83, 334, 4),
(12, 84, 335, 4),
(12, 85, 336, 4),
(12, 86, 337, 4),
(12, 87, 338, 4),
(12, 88, 339, 4),
(12, 89, 340, 4),
(12, 90, 341, 4),
(12, 91, 342, 4),
(12, 92, 343, 4),
(12, 93, 344, 4),
(12, 94, 345, 4),
(12, 95, 346, 4),
(12, 96, 347, 4),
(12, 97, 348, 4),
(12, 98, 349, 4),
(12, 99, 350, 4),
(12, 100, 351, 4),
(12, 101, 352, 4),
(12, 102, 353, 4),
(12, 103, 354, 4),
(12, 104, 355, 4),
(12, 105, 356, 4),
(12, 106, 357, 4),
(12, 107, 358, 4),
(12, 108, 359, 4),
(12, 109, 360, 4),
(12, 110, 361, 4),
(12, 111, 362, 4),
(12, 112, 363, 4),
(12, 113, 364, 4),
(12, 114, 365, 4),
(12, 115, 366, 4),
(12, 116, 367, 4),
(12, 117, 368, 4),
(12, 118, 369, 4),
(12, 119, 370, 4),
(12, 120, 371, 4),
(12, 121, 372, 4),
(12, 122, 373, 4),
(12, 123, 374, 4),
(12, 124, 375, 4),
(12, 125, 376, 4),
(12, 126, 377, 4),
(12, 490, 378, 4),
(12, 491, 379, 4),
(12, 492, 380, 4),
(12, 493, 381, 4),
(12, 494, 382, 4),
(12, 495, 383, 4),
(12, 496, 384, 4),
(12, 497, 385, 4),
(12, 498, 386, 4),
(12, 499, 387, 4),
(12, 500, 388, 4),
(12, 501, 389, 4),
(12, 502, 390, 4),
(12, 503, 391, 4),
(12, 504, 392, 4),
(12, 505, 393, 4),
(12, 506, 394, 4),
(12, 507, 395, 4),
(12, 508, 396, 4),
(12, 509, 397, 4),
(12, 510, 398, 4),
(12, 511, 399, 4),
(12, 512, 400, 4),
(12, 513, 401, 4),
(12, 514, 402, 4),
(12, 515, 403, 4),
(12, 516, 404, 4),
(12, 517, 405, 4),
(12, 518, 406, 4),
(12, 519, 407, 4),
(12, 520, 408, 4),
(12, 521, 409, 4),
(12, 522, 410, 4),
(12, 523, 411, 4),
(12, 524, 412, 4),
(12, 525, 413, 4),
(12, 526, 414, 4),
(12, 527, 415, 4),
(12, 528, 416, 4),
(12, 529, 417, 4),
(12, 530, 418, 4),
(12, 531, 419, 4),
(12, 72, 420, 4),
(12, 73, 421, 4),
(12, 74, 422, 4),
(12, 75, 423, 4),
(12, 76, 424, 4),
(12, 232, 425, 4),
(12, 233, 426, 4),
(12, 357, 427, 4),
(12, 533, 429, 3),
(12, 534, 430, 3),
(12, 535, 431, 3),
(12, 536, 432, 3),
(12, 537, 433, 3),
(12, 538, 434, 3),
(12, 539, 435, 3),
(12, 540, 436, 3),
(12, 541, 437, 3),
(12, 542, 438, 3),
(12, 543, 439, 3),
(12, 544, 440, 3),
(12, 545, 441, 3),
(12, 546, 442, 3),
(12, 358, 443, 3),
(12, 57, 444, 3),
(12, 64, 445, 3),
(12, 65, 446, 3),
(12, 66, 447, 3),
(12, 547, 448, 3),
(12, 548, 449, 3),
(12, 7, 450, 3),
(12, 549, 451, 3),
(12, 550, 452, 3),
(12, 551, 453, 3),
(12, 552, 454, 3),
(12, 553, 455, 3),
(12, 133, 456, 3),
(12, 335, 457, 3),
(12, 554, 458, 3),
(12, 555, 459, 3),
(12, 556, 460, 3),
(12, 557, 461, 3),
(12, 558, 462, 3),
(12, 559, 463, 3),
(12, 132, 464, 3),
(12, 561, 465, 3),
(12, 562, 466, 3),
(12, 34, 467, 3),
(12, 563, 468, 3),
(12, 564, 469, 3),
(12, 565, 470, 3),
(12, 59, 471, 3),
(12, 236, 472, 3),
(12, 165, 473, 3),
(12, 234, 474, 3),
(12, 186, 475, 3),
(12, 191, 476, 3),
(12, 219, 477, 3),
(12, 131, 478, 3),
(12, 188, 479, 3),
(12, 192, 480, 3),
(12, 187, 481, 3),
(12, 135, 482, 3),
(12, 221, 483, 3),
(12, 134, 484, 3),
(12, 149, 485, 1),
(12, 155, 486, 1),
(12, 153, 487, 1),
(12, 156, 488, 1),
(12, 163, 489, 1),
(12, 160, 490, 1),
(12, 162, 491, 1),
(12, 207, 492, 2),
(12, 205, 493, 2),
(12, 206, 494, 2),
(12, 203, 495, 2),
(12, 211, 496, 2),
(12, 209, 497, 2),
(12, 210, 498, 2),
(12, 220, 499, 2),
(12, 566, 500, 2),
(12, 567, 501, 3),
(12, 568, 502, 3),
(12, 569, 503, 3),
(12, 176, 504, 3),
(12, 570, 505, 1),
(12, 571, 506, 1),
(12, 572, 507, 1),
(12, 573, 508, 1),
(12, 574, 509, 1),
(12, 575, 510, 1),
(12, 576, 511, 1),
(12, 577, 512, 1),
(12, 578, 513, 1),
(12, 579, 514, 1),
(12, 580, 515, 1),
(12, 581, 516, 1),
(12, 582, 517, 1),
(12, 583, 518, 1),
(12, 584, 519, 1),
(12, 585, 520, 1),
(12, 586, 521, 1),
(12, 587, 522, 1),
(12, 588, 523, 1),
(12, 589, 524, 1),
(12, 590, 525, 1),
(12, 591, 526, 1),
(12, 592, 527, 1),
(12, 593, 528, 1),
(12, 594, 529, 1),
(12, 595, 530, 1),
(12, 596, 531, 1),
(12, 597, 532, 3),
(12, 598, 533, 3),
(12, 344, 534, 3),
(12, 345, 535, 3),
(12, 599, 536, 3),
(13, 1, 0, null),
(13, 2, 1, 2),
(13, 3, 2, 2),
(13, 4, 3, 2),
(13, 5, 4, 2),
(13, 8, 5, 2),
(13, 238, 6, 2),
(13, 239, 7, 2),
(13, 240, 8, 2),
(13, 241, 9, 2),
(13, 242, 10, 2),
(13, 243, 11, 2),
(13, 244, 12, 2),
(13, 373, 13, 2),
(13, 374, 14, 2),
(13, 375, 15, 2),
(13, 376, 16, 2),
(13, 19, 17, 6),
(13, 10, 18, 6),
(13, 11, 19, 6),
(13, 12, 20, 6),
(13, 13, 21, 6),
(13, 14, 22, 6),
(13, 15, 23, 6),
(13, 16, 24, 6),
(13, 17, 25, 6),
(13, 18, 26, 6),
(13, 41, 27, 6),
(13, 42, 28, 6),
(13, 43, 29, 6),
(13, 48, 30, 6),
(13, 49, 31, 6),
(13, 50, 32, 6),
(13, 136, 33, 6),
(13, 180, 34, 6),
(13, 181, 35, 6),
(13, 182, 36, 6),
(13, 183, 37, 6),
(13, 68, 38, 6),
(13, 69, 39, 6),
(13, 70, 40, 6),
(13, 71, 41, 6),
(13, 245, 42, 6),
(13, 194, 43, 6),
(13, 202, 44, 6),
(13, 26, 45, 6),
(13, 27, 46, 6),
(13, 28, 47, 6),
(13, 29, 48, 6),
(13, 30, 49, 6),
(13, 31, 50, 6),
(13, 67, 51, 6),
(13, 257, 52, 6),
(13, 258, 53, 6),
(13, 377, 54, 6),
(13, 44, 55, 1),
(13, 47, 56, 1),
(13, 53, 57, 1),
(13, 54, 58, 1),
(13, 55, 59, 1),
(13, 36, 60, 1),
(13, 56, 61, 1),
(13, 378, 62, 1),
(13, 40, 63, 1),
(13, 259, 64, 1),
(13, 246, 65, 1),
(13, 247, 66, 1),
(13, 248, 67, 1),
(13, 249, 68, 1),
(13, 250, 69, 1),
(13, 251, 70, 1),
(13, 252, 71, 1),
(13, 253, 72, 1),
(13, 254, 73, 1),
(13, 255, 74, 1),
(13, 256, 75, 1),
(13, 45, 76, 1),
(13, 46, 77, 1),
(13, 20, 78, 1),
(13, 21, 79, 1),
(13, 214, 80, 1),
(13, 9, 81, 1),
(13, 23, 82, 1),
(13, 24, 83, 1),
(13, 25, 84, 1),
(13, 37, 85, 1),
(13, 150, 86, 1),
(13, 151, 87, 1),
(13, 172, 88, 1),
(13, 173, 89, 1),
(13, 189, 90, 1),
(13, 190, 91, 1),
(13, 39, 92, 1),
(13, 260, 93, 1),
(13, 379, 94, 1),
(13, 380, 95, 1),
(13, 381, 96, 1),
(13, 382, 97, 1),
(13, 383, 98, 1),
(13, 354, 99, 1),
(13, 355, 100, 1),
(13, 33, 101, 1),
(13, 32, 102, 1),
(13, 22, 103, 1),
(13, 384, 104, 1),
(13, 385, 105, 1),
(13, 386, 106, 1),
(13, 387, 107, 1),
(13, 388, 108, 1),
(13, 389, 109, 1),
(13, 390, 110, 1),
(13, 391, 111, 1),
(13, 560, 112, 1),
(13, 600, 116, 1),
(13, 601, 117, 1),
(13, 602, 118, 1),
(13, 603, 119, 1),
(13, 604, 134, 6),
(13, 392, 135, 1),
(13, 393, 136, 1),
(13, 605, 137, 1),
(13, 606, 138, 1),
(13, 607, 139, 1),
(13, 608, 140, 1),
(13, 609, 141, 1),
(13, 610, 142, 1),
(13, 611, 143, 1),
(13, 612, 144, 1),
(13, 613, 145, 1),
(13, 614, 146, 1),
(13, 615, 147, 1),
(13, 616, 148, 1),
(13, 273, 149, 5),
(13, 274, 150, 5),
(13, 275, 151, 5),
(13, 276, 152, 5),
(13, 277, 153, 5),
(13, 278, 154, 5),
(13, 279, 155, 5),
(13, 280, 156, 5),
(13, 281, 157, 5),
(13, 282, 158, 5),
(13, 283, 159, 5),
(13, 284, 160, 5),
(13, 285, 161, 5),
(13, 286, 162, 5),
(13, 287, 163, 5),
(13, 288, 164, 5),
(13, 289, 165, 5),
(13, 290, 166, 5),
(13, 291, 167, 5),
(13, 292, 168, 5),
(13, 293, 169, 5),
(13, 294, 170, 5),
(13, 295, 171, 5),
(13, 296, 172, 5),
(13, 297, 173, 5),
(13, 298, 174, 5),
(13, 299, 175, 5),
(13, 300, 176, 5),
(13, 301, 177, 5),
(13, 302, 178, 5),
(13, 303, 179, 5),
(13, 304, 180, 5),
(13, 305, 181, 5),
(13, 306, 182, 5),
(13, 307, 183, 5),
(13, 406, 184, 5),
(13, 407, 185, 5),
(13, 408, 186, 5),
(13, 409, 187, 5),
(13, 410, 188, 5),
(13, 411, 189, 5),
(13, 412, 190, 5),
(13, 413, 191, 5),
(13, 414, 192, 5),
(13, 415, 193, 5),
(13, 416, 194, 5),
(13, 417, 195, 5),
(13, 418, 196, 5),
(13, 419, 197, 5),
(13, 420, 198, 5),
(13, 421, 199, 5),
(13, 422, 200, 5),
(13, 308, 201, 5),
(13, 309, 202, 5),
(13, 310, 203, 5),
(13, 311, 204, 5),
(13, 312, 205, 5),
(13, 313, 206, 5),
(13, 314, 207, 5),
(13, 315, 208, 5),
(13, 423, 209, 5),
(13, 424, 210, 5),
(13, 425, 211, 5),
(13, 426, 212, 5),
(13, 127, 213, 1),
(13, 316, 214, 1),
(13, 317, 215, 1),
(13, 63, 216, 1),
(13, 137, 217, 1),
(13, 318, 218, 1),
(13, 319, 219, 1),
(13, 320, 220, 1),
(13, 146, 221, 1),
(13, 152, 222, 1),
(13, 154, 223, 1),
(13, 157, 224, 1),
(13, 321, 225, 1),
(13, 322, 226, 1),
(13, 323, 227, 1),
(13, 168, 228, 1),
(13, 174, 229, 1),
(13, 179, 230, 1),
(13, 185, 231, 1),
(13, 195, 232, 1),
(13, 196, 233, 1),
(13, 198, 234, 1),
(13, 200, 235, 1),
(13, 208, 236, 1),
(13, 140, 237, 1),
(13, 184, 238, 1),
(13, 177, 239, 1),
(13, 164, 240, 1),
(13, 161, 241, 1),
(13, 170, 242, 1),
(13, 158, 243, 1),
(13, 141, 244, 1),
(13, 145, 245, 1),
(13, 169, 246, 1),
(13, 175, 247, 1),
(13, 159, 248, 1),
(13, 193, 249, 1),
(13, 197, 250, 1),
(13, 324, 251, 1),
(13, 216, 252, 1),
(13, 325, 253, 1),
(13, 326, 254, 1),
(13, 327, 255, 1),
(13, 128, 256, 1),
(13, 129, 257, 1),
(13, 178, 258, 1),
(13, 167, 259, 1),
(13, 328, 260, 1),
(13, 329, 261, 1),
(13, 330, 262, 1),
(13, 331, 263, 1),
(13, 332, 264, 1),
(13, 427, 265, 1),
(13, 428, 266, 1),
(13, 429, 267, 1),
(13, 430, 268, 1),
(13, 431, 269, 1),
(13, 432, 270, 1),
(13, 433, 271, 1),
(13, 434, 272, 1),
(13, 435, 273, 1),
(13, 436, 274, 1),
(13, 437, 275, 1),
(13, 438, 276, 1),
(13, 439, 277, 1),
(13, 440, 278, 1),
(13, 441, 279, 1),
(13, 442, 280, 1),
(13, 443, 281, 1),
(13, 444, 282, 1),
(13, 445, 283, 1),
(13, 446, 284, 1),
(13, 447, 285, 1),
(13, 448, 286, 1),
(13, 449, 287, 1),
(13, 450, 288, 1),
(13, 451, 289, 1),
(13, 452, 290, 1),
(13, 453, 291, 1),
(13, 454, 292, 1),
(13, 455, 293, 1),
(13, 456, 294, 1),
(13, 457, 295, 1),
(13, 458, 296, 1),
(13, 459, 297, 1),
(13, 460, 298, 1),
(13, 461, 299, 1),
(13, 462, 300, 1),
(13, 463, 301, 1),
(13, 464, 302, 1),
(13, 465, 303, 1),
(13, 466, 304, 1),
(13, 467, 305, 1),
(13, 468, 306, 1),
(13, 469, 307, 1),
(13, 470, 308, 1),
(13, 471, 309, 1),
(13, 472, 310, 1),
(13, 473, 311, 1),
(13, 474, 312, 1),
(13, 475, 313, 1),
(13, 476, 314, 1),
(13, 477, 315, 1),
(13, 478, 316, 1),
(13, 479, 317, 1),
(13, 480, 318, 1),
(13, 481, 319, 1),
(13, 482, 320, 1),
(13, 483, 321, 1),
(13, 484, 322, 1),
(13, 485, 323, 1),
(13, 486, 324, 1),
(13, 487, 325, 1),
(13, 488, 326, 1),
(13, 489, 327, 1),
(13, 77, 328, 4),
(13, 78, 329, 4),
(13, 79, 330, 4),
(13, 80, 331, 4),
(13, 81, 332, 4),
(13, 82, 333, 4),
(13, 83, 334, 4),
(13, 84, 335, 4),
(13, 85, 336, 4),
(13, 86, 337, 4),
(13, 87, 338, 4),
(13, 88, 339, 4),
(13, 89, 340, 4),
(13, 90, 341, 4),
(13, 91, 342, 4),
(13, 92, 343, 4),
(13, 93, 344, 4),
(13, 94, 345, 4),
(13, 95, 346, 4),
(13, 96, 347, 4),
(13, 97, 348, 4),
(13, 98, 349, 4),
(13, 99, 350, 4),
(13, 100, 351, 4),
(13, 101, 352, 4),
(13, 102, 353, 4),
(13, 103, 354, 4),
(13, 104, 355, 4),
(13, 105, 356, 4),
(13, 106, 357, 4),
(13, 107, 358, 4),
(13, 108, 359, 4),
(13, 109, 360, 4),
(13, 110, 361, 4),
(13, 111, 362, 4),
(13, 112, 363, 4),
(13, 113, 364, 4),
(13, 114, 365, 4),
(13, 115, 366, 4),
(13, 116, 367, 4),
(13, 117, 368, 4),
(13, 118, 369, 4),
(13, 119, 370, 4),
(13, 120, 371, 4),
(13, 121, 372, 4),
(13, 122, 373, 4),
(13, 123, 374, 4),
(13, 124, 375, 4),
(13, 125, 376, 4),
(13, 126, 377, 4),
(13, 490, 378, 4),
(13, 491, 379, 4),
(13, 492, 380, 4),
(13, 493, 381, 4),
(13, 494, 382, 4),
(13, 495, 383, 4),
(13, 496, 384, 4),
(13, 497, 385, 4),
(13, 498, 386, 4),
(13, 499, 387, 4),
(13, 500, 388, 4),
(13, 501, 389, 4),
(13, 502, 390, 4),
(13, 503, 391, 4),
(13, 504, 392, 4),
(13, 505, 393, 4),
(13, 506, 394, 4),
(13, 507, 395, 4),
(13, 508, 396, 4),
(13, 509, 397, 4),
(13, 510, 398, 4),
(13, 511, 399, 4),
(13, 512, 400, 4),
(13, 513, 401, 4),
(13, 514, 402, 4),
(13, 515, 403, 4),
(13, 516, 404, 4),
(13, 517, 405, 4),
(13, 518, 406, 4),
(13, 519, 407, 4),
(13, 520, 408, 4),
(13, 521, 409, 4),
(13, 522, 410, 4),
(13, 523, 411, 4),
(13, 524, 412, 4),
(13, 525, 413, 4),
(13, 526, 414, 4),
(13, 527, 415, 4),
(13, 528, 416, 4),
(13, 529, 417, 4),
(13, 530, 418, 4),
(13, 531, 419, 4),
(13, 72, 420, 4),
(13, 73, 421, 4),
(13, 74, 422, 4),
(13, 75, 423, 4),
(13, 76, 424, 4),
(13, 232, 425, 4),
(13, 532, 428, 3),
(13, 533, 429, 3),
(13, 534, 430, 3),
(13, 535, 431, 3),
(13, 536, 432, 3),
(13, 537, 433, 3),
(13, 538, 434, 3),
(13, 539, 435, 3),
(13, 540, 436, 3),
(13, 541, 437, 3),
(13, 542, 438, 3),
(13, 543, 439, 3),
(13, 544, 440, 3),
(13, 545, 441, 3),
(13, 617, 442, 3),
(13, 358, 443, 3),
(13, 57, 444, 3),
(13, 64, 445, 3),
(13, 65, 446, 3),
(13, 66, 447, 3),
(13, 547, 448, 3),
(13, 548, 449, 3),
(13, 7, 450, 3),
(13, 549, 451, 3),
(13, 550, 452, 3),
(13, 551, 453, 3),
(13, 552, 454, 3),
(13, 553, 455, 3),
(13, 133, 456, 3),
(13, 335, 457, 3),
(13, 554, 458, 3),
(13, 555, 459, 3),
(13, 556, 460, 3),
(13, 557, 461, 3),
(13, 558, 462, 3),
(13, 559, 463, 3),
(13, 132, 464, 3),
(13, 561, 465, 3),
(13, 562, 466, 3),
(13, 34, 467, 3),
(13, 563, 468, 3),
(13, 564, 469, 3),
(13, 565, 470, 3),
(13, 59, 471, 3),
(13, 236, 472, 3),
(13, 165, 473, 3),
(13, 234, 474, 3),
(13, 186, 475, 3),
(13, 191, 476, 3),
(13, 219, 477, 3),
(13, 131, 478, 3),
(13, 188, 479, 3),
(13, 192, 480, 3),
(13, 187, 481, 3),
(13, 135, 482, 3),
(13, 221, 483, 3),
(13, 134, 484, 3),
(13, 149, 485, 1),
(13, 155, 486, 1),
(13, 153, 487, 1),
(13, 156, 488, 1),
(13, 163, 489, 1),
(13, 160, 490, 1),
(13, 162, 491, 1),
(13, 207, 492, 2),
(13, 205, 493, 2),
(13, 206, 494, 2),
(13, 203, 495, 2),
(13, 211, 496, 2),
(13, 209, 497, 2),
(13, 210, 498, 2),
(13, 220, 499, 2),
(13, 566, 500, 2),
(13, 567, 501, 3),
(13, 568, 502, 3),
(13, 569, 503, 3),
(13, 176, 504, 6),
(13, 570, 505, 1),
(13, 571, 506, 1),
(13, 572, 507, 1),
(13, 573, 508, 1),
(13, 574, 509, 1),
(13, 575, 510, 1),
(13, 576, 511, 1),
(13, 577, 512, 1),
(13, 578, 513, 1),
(13, 579, 514, 1),
(13, 580, 515, 1),
(13, 581, 516, 1),
(13, 582, 517, 1),
(13, 583, 518, 1),
(13, 584, 519, 1),
(13, 585, 520, 1),
(13, 586, 521, 1),
(13, 587, 522, 1),
(13, 588, 523, 1),
(13, 589, 524, 1),
(13, 590, 525, 1),
(13, 591, 526, 1),
(13, 592, 527, 1),
(13, 593, 528, 1),
(13, 594, 529, 1),
(13, 595, 530, 1),
(13, 596, 531, 1),
(13, 597, 532, 3),
(13, 598, 533, 3),
(13, 344, 534, 3),
(13, 345, 535, 3),
(13, 599, 536, 3),
(13, 618, 537, 1),
(13, 619, 538, 1),
(13, 620, 539, 1),
(13, 621, 540, 1),
(13, 622, 541, 1),
(13, 623, 542, 1),
(13, 624, 543, 1),
(13, 625, 544, 1),
(13, 626, 545, 1),
(13, 627, 546, 1),
(13, 628, 547, 1),
(13, 629, 548, 1),
(13, 630, 549, 1),
(13, 631, 550, 1),
(13, 632, 551, 1),
(13, 633, 552, 1),
(13, 634, 553, 1),
(13, 635, 554, 1),
(13, 636, 555, 1),
(13, 637, 556, 1),
(13, 638, 557, 1),
(13, 639, 558, 1),
(13, 640, 559, 1),
(13, 641, 560, 1),
(13, 642, 561, 1),
(13, 643, 562, 1),
(13, 644, 563, 1),
(13, 645, 564, 1),
(13, 646, 565, 6),
(13, 647, 566, 6),
(13, 648, 567, 6),
(13, 649, 568, 6),
(13, 650, 569, 6),
(13, 651, 570, 6),
(13, 652, 571, 1),
(13, 653, 572, 1),
(13, 654, 573, 1),
(13, 655, 574, 3),
(13, 656, 575, 1),
(13, 657, 576, 2),
(13, 658, 577, 1),
(13, 659, 578, 3),
(13, 660, 579, 3),
(13, 661, 580, 1),
(13, 662, 581, 1),
(13, 663, 582, 1),
(13, 664, 583, 1),
(13, 665, 584, 1),
(13, 666, 585, 1),
(13, 667, 586, 1),
(13, 668, 587, 1),
(13, 669, 588, 1),
(13, 670, 589, 1),
(13, 671, 590, 1),
(13, 672, 591, 6),
(13, 673, 592, 1),
(13, 674, 593, 1),
(13, 675, 594, 1),
(13, 676, 595, 1),
(13, 677, 596, 1),
(13, 678, 597, 1),
(13, 679, 598, 1),
(13, 680, 599, 1),
(13, 681, 600, 1),
(13, 682, 601, 1),
(13, 683, 602, 1),
(13, 684, 603, 1),
(13, 685, 604, 1),
(13, 686, 605, 1),
(13, 687, 606, 1),
(13, 688, 607, 1),
(13, 689, 608, 1),
(13, 690, 609, 1),
(13, 691, 610, 1),
(13, 692, 611, 1),
(13, 693, 612, 1),
(13, 694, 613, 1),
(13, 695, 614, 1),
(13, 696, 615, 1),
(13, 697, 616, 3),
(13, 698, 617, 3),
(13, 699, 618, 4),
(13, 700, 619, 4),
(13, 701, 620, 4),
(13, 702, 621, 3),
(13, 703, 622, 3),
(13, 704, 623, 3),
(13, 705, 624, 3),
(13, 706, 625, 3),
(13, 707, 626, 3),
(14, 1, 0, null),
(14, 2, 1, 2),
(14, 3, 2, 2),
(14, 4, 3, 2),
(14, 5, 4, 2),
(14, 8, 5, 2),
(14, 238, 6, 2),
(14, 239, 7, 2),
(14, 240, 8, 2),
(14, 241, 9, 2),
(14, 242, 10, 2),
(14, 243, 11, 2),
(14, 244, 12, 2),
(14, 373, 13, 2),
(14, 374, 14, 2),
(14, 375, 15, 2),
(14, 376, 16, 2),
(14, 19, 17, 6),
(14, 10, 18, 6),
(14, 11, 19, 6),
(14, 12, 20, 6),
(14, 13, 21, 6),
(14, 14, 22, 6),
(14, 15, 23, 6),
(14, 16, 24, 6),
(14, 17, 25, 6),
(14, 18, 26, 6),
(14, 41, 27, 6),
(14, 42, 28, 6),
(14, 43, 29, 6),
(14, 48, 30, 6),
(14, 49, 31, 6),
(14, 50, 32, 6),
(14, 136, 33, 6),
(14, 180, 34, 6),
(14, 181, 35, 6),
(14, 182, 36, 6),
(14, 183, 37, 6),
(14, 68, 38, 6),
(14, 69, 39, 6),
(14, 70, 40, 6),
(14, 71, 41, 6),
(14, 245, 42, 6),
(14, 194, 43, 6),
(14, 202, 44, 6),
(14, 26, 45, 6),
(14, 27, 46, 6),
(14, 28, 47, 6),
(14, 29, 48, 6),
(14, 30, 49, 6),
(14, 31, 50, 6),
(14, 67, 51, 6),
(14, 257, 52, 6),
(14, 258, 53, 6),
(14, 377, 54, 6),
(14, 44, 55, 1),
(14, 47, 56, 1),
(14, 53, 57, 1),
(14, 54, 58, 1),
(14, 55, 59, 1),
(14, 36, 60, 1),
(14, 56, 61, 1),
(14, 378, 62, 1),
(14, 40, 63, 1),
(14, 259, 64, 1),
(14, 246, 65, 1),
(14, 247, 66, 1),
(14, 248, 67, 1),
(14, 249, 68, 1),
(14, 250, 69, 1),
(14, 251, 70, 1),
(14, 252, 71, 1),
(14, 253, 72, 1),
(14, 254, 73, 1),
(14, 255, 74, 1),
(14, 256, 75, 1),
(14, 45, 76, 1),
(14, 46, 77, 1),
(14, 20, 78, 1),
(14, 21, 79, 1),
(14, 214, 80, 1),
(14, 9, 81, 1),
(14, 23, 82, 1),
(14, 24, 83, 1),
(14, 25, 84, 1),
(14, 37, 85, 1),
(14, 150, 86, 1),
(14, 151, 87, 1),
(14, 172, 88, 1),
(14, 173, 89, 1),
(14, 189, 90, 1),
(14, 190, 91, 1),
(14, 39, 92, 1),
(14, 260, 93, 1),
(14, 379, 94, 1),
(14, 380, 95, 1),
(14, 381, 96, 1),
(14, 382, 97, 1),
(14, 383, 98, 1),
(14, 354, 99, 1),
(14, 355, 100, 1),
(14, 33, 101, 1),
(14, 32, 102, 1),
(14, 22, 103, 1),
(14, 384, 104, 1),
(14, 385, 105, 1),
(14, 386, 106, 1),
(14, 387, 107, 1),
(14, 388, 108, 1),
(14, 389, 109, 1),
(14, 390, 110, 1),
(14, 391, 111, 1),
(14, 560, 112, 1),
(14, 600, 116, 1),
(14, 601, 117, 1),
(14, 602, 118, 1),
(14, 603, 119, 1),
(14, 604, 134, 6),
(14, 392, 135, 1),
(14, 393, 136, 1),
(14, 605, 137, 1),
(14, 606, 138, 1),
(14, 607, 139, 1),
(14, 608, 140, 1),
(14, 609, 141, 1),
(14, 610, 142, 1),
(14, 611, 143, 1),
(14, 612, 144, 1),
(14, 613, 145, 1),
(14, 614, 146, 1),
(14, 615, 147, 1),
(14, 616, 148, 1),
(14, 273, 149, 5),
(14, 274, 150, 5),
(14, 275, 151, 5),
(14, 276, 152, 5),
(14, 277, 153, 5),
(14, 278, 154, 5),
(14, 279, 155, 5),
(14, 280, 156, 5),
(14, 281, 157, 5),
(14, 282, 158, 5),
(14, 283, 159, 5),
(14, 284, 160, 5),
(14, 285, 161, 5),
(14, 286, 162, 5),
(14, 287, 163, 5),
(14, 288, 164, 5),
(14, 289, 165, 5),
(14, 290, 166, 5),
(14, 291, 167, 5),
(14, 292, 168, 5),
(14, 293, 169, 5),
(14, 294, 170, 5),
(14, 295, 171, 5),
(14, 296, 172, 5),
(14, 297, 173, 5),
(14, 298, 174, 5),
(14, 299, 175, 5),
(14, 300, 176, 5),
(14, 301, 177, 5),
(14, 302, 178, 5),
(14, 303, 179, 5),
(14, 304, 180, 5),
(14, 305, 181, 5),
(14, 306, 182, 5),
(14, 307, 183, 5),
(14, 406, 184, 5),
(14, 407, 185, 5),
(14, 408, 186, 5),
(14, 409, 187, 5),
(14, 410, 188, 5),
(14, 411, 189, 5),
(14, 412, 190, 5),
(14, 413, 191, 5),
(14, 414, 192, 5),
(14, 415, 193, 5),
(14, 416, 194, 5),
(14, 417, 195, 5),
(14, 418, 196, 5),
(14, 419, 197, 5),
(14, 420, 198, 5),
(14, 421, 199, 5),
(14, 422, 200, 5),
(14, 308, 201, 5),
(14, 309, 202, 5),
(14, 310, 203, 5),
(14, 311, 204, 5),
(14, 312, 205, 5),
(14, 313, 206, 5),
(14, 314, 207, 5),
(14, 315, 208, 5),
(14, 423, 209, 5),
(14, 424, 210, 5),
(14, 425, 211, 5),
(14, 426, 212, 5),
(14, 127, 213, 1),
(14, 316, 214, 1),
(14, 317, 215, 1),
(14, 63, 216, 1),
(14, 137, 217, 1),
(14, 318, 218, 1),
(14, 319, 219, 1),
(14, 320, 220, 1),
(14, 146, 221, 1),
(14, 152, 222, 1),
(14, 154, 223, 1),
(14, 157, 224, 1),
(14, 321, 225, 1),
(14, 322, 226, 1),
(14, 323, 227, 1),
(14, 168, 228, 1),
(14, 174, 229, 1),
(14, 179, 230, 1),
(14, 185, 231, 1),
(14, 195, 232, 1),
(14, 196, 233, 1),
(14, 198, 234, 1),
(14, 200, 235, 1),
(14, 208, 236, 1),
(14, 140, 237, 1),
(14, 184, 238, 1),
(14, 177, 239, 1),
(14, 164, 240, 1),
(14, 161, 241, 1),
(14, 170, 242, 1),
(14, 158, 243, 1),
(14, 141, 244, 1),
(14, 145, 245, 1),
(14, 169, 246, 1),
(14, 175, 247, 1),
(14, 159, 248, 1),
(14, 193, 249, 1),
(14, 197, 250, 1),
(14, 324, 251, 1),
(14, 216, 252, 1),
(14, 325, 253, 1),
(14, 326, 254, 1),
(14, 327, 255, 1),
(14, 128, 256, 1),
(14, 129, 257, 1),
(14, 178, 258, 1),
(14, 167, 259, 1),
(14, 328, 260, 1),
(14, 329, 261, 1),
(14, 330, 262, 1),
(14, 331, 263, 1),
(14, 332, 264, 1),
(14, 427, 265, 1),
(14, 428, 266, 1),
(14, 429, 267, 1),
(14, 430, 268, 1),
(14, 431, 269, 1),
(14, 432, 270, 1),
(14, 433, 271, 1),
(14, 434, 272, 1),
(14, 435, 273, 1),
(14, 436, 274, 1),
(14, 437, 275, 1),
(14, 438, 276, 1),
(14, 439, 277, 1),
(14, 440, 278, 1),
(14, 441, 279, 1),
(14, 442, 280, 1),
(14, 443, 281, 1),
(14, 444, 282, 1),
(14, 445, 283, 1),
(14, 446, 284, 1),
(14, 447, 285, 1),
(14, 448, 286, 1),
(14, 449, 287, 1),
(14, 450, 288, 1),
(14, 451, 289, 1),
(14, 452, 290, 1),
(14, 453, 291, 1),
(14, 454, 292, 1),
(14, 455, 293, 1),
(14, 456, 294, 1),
(14, 457, 295, 1),
(14, 458, 296, 1),
(14, 459, 297, 1),
(14, 460, 298, 1),
(14, 461, 299, 1),
(14, 462, 300, 1),
(14, 463, 301, 1),
(14, 464, 302, 1),
(14, 465, 303, 1),
(14, 466, 304, 1),
(14, 467, 305, 1),
(14, 468, 306, 1),
(14, 469, 307, 1),
(14, 470, 308, 1),
(14, 471, 309, 1),
(14, 472, 310, 1),
(14, 473, 311, 1),
(14, 474, 312, 1),
(14, 475, 313, 1),
(14, 476, 314, 1),
(14, 477, 315, 1),
(14, 478, 316, 1),
(14, 479, 317, 1),
(14, 480, 318, 1),
(14, 481, 319, 1),
(14, 482, 320, 1),
(14, 483, 321, 1),
(14, 484, 322, 1),
(14, 485, 323, 1),
(14, 486, 324, 1),
(14, 487, 325, 1),
(14, 488, 326, 1),
(14, 489, 327, 1),
(14, 77, 328, 4),
(14, 78, 329, 4),
(14, 79, 330, 4),
(14, 80, 331, 4),
(14, 81, 332, 4),
(14, 82, 333, 4),
(14, 83, 334, 4),
(14, 84, 335, 4),
(14, 85, 336, 4),
(14, 86, 337, 4),
(14, 87, 338, 4),
(14, 88, 339, 4),
(14, 89, 340, 4),
(14, 90, 341, 4),
(14, 91, 342, 4),
(14, 92, 343, 4),
(14, 93, 344, 4),
(14, 94, 345, 4),
(14, 95, 346, 4),
(14, 96, 347, 4),
(14, 97, 348, 4),
(14, 98, 349, 4),
(14, 99, 350, 4),
(14, 100, 351, 4),
(14, 101, 352, 4),
(14, 102, 353, 4),
(14, 103, 354, 4),
(14, 104, 355, 4),
(14, 105, 356, 4),
(14, 106, 357, 4),
(14, 107, 358, 4),
(14, 108, 359, 4),
(14, 109, 360, 4),
(14, 110, 361, 4),
(14, 111, 362, 4),
(14, 112, 363, 4),
(14, 113, 364, 4),
(14, 114, 365, 4),
(14, 115, 366, 4),
(14, 116, 367, 4),
(14, 117, 368, 4),
(14, 118, 369, 4),
(14, 119, 370, 4),
(14, 120, 371, 4),
(14, 121, 372, 4),
(14, 122, 373, 4),
(14, 123, 374, 4),
(14, 124, 375, 4),
(14, 125, 376, 4),
(14, 126, 377, 4),
(14, 490, 378, 4),
(14, 491, 379, 4),
(14, 492, 380, 4),
(14, 493, 381, 4),
(14, 494, 382, 4),
(14, 495, 383, 4),
(14, 496, 384, 4),
(14, 497, 385, 4),
(14, 498, 386, 4),
(14, 499, 387, 4),
(14, 500, 388, 4),
(14, 501, 389, 4),
(14, 502, 390, 4),
(14, 503, 391, 4),
(14, 504, 392, 4),
(14, 505, 393, 4),
(14, 506, 394, 4),
(14, 507, 395, 4),
(14, 508, 396, 4),
(14, 509, 397, 4),
(14, 510, 398, 4),
(14, 511, 399, 4),
(14, 512, 400, 4),
(14, 513, 401, 4),
(14, 514, 402, 4),
(14, 515, 403, 4),
(14, 516, 404, 4),
(14, 517, 405, 4),
(14, 518, 406, 4),
(14, 519, 407, 4),
(14, 520, 408, 4),
(14, 521, 409, 4),
(14, 522, 410, 4),
(14, 523, 411, 4),
(14, 524, 412, 4),
(14, 525, 413, 4),
(14, 526, 414, 4),
(14, 527, 415, 4),
(14, 528, 416, 4),
(14, 529, 417, 4),
(14, 530, 418, 4),
(14, 531, 419, 4),
(14, 72, 420, 4),
(14, 73, 421, 4),
(14, 74, 422, 4),
(14, 75, 423, 4),
(14, 76, 424, 4),
(14, 232, 425, 4),
(14, 532, 428, 3),
(14, 533, 429, 3),
(14, 534, 430, 3),
(14, 535, 431, 3),
(14, 536, 432, 3),
(14, 537, 433, 3),
(14, 538, 434, 3),
(14, 539, 435, 3),
(14, 540, 436, 3),
(14, 541, 437, 3),
(14, 542, 438, 3),
(14, 543, 439, 3),
(14, 544, 440, 3),
(14, 545, 441, 3),
(14, 617, 442, 3),
(14, 358, 443, 3),
(14, 57, 444, 3),
(14, 64, 445, 3),
(14, 65, 446, 3),
(14, 66, 447, 3),
(14, 547, 448, 3),
(14, 548, 449, 3),
(14, 7, 450, 3),
(14, 549, 451, 3),
(14, 550, 452, 3),
(14, 551, 453, 3),
(14, 552, 454, 3),
(14, 553, 455, 3),
(14, 133, 456, 3),
(14, 335, 457, 3),
(14, 554, 458, 3),
(14, 555, 459, 3),
(14, 556, 460, 3),
(14, 557, 461, 3),
(14, 558, 462, 3),
(14, 559, 463, 3),
(14, 132, 464, 3),
(14, 561, 465, 3),
(14, 562, 466, 3),
(14, 34, 467, 3),
(14, 563, 468, 3),
(14, 564, 469, 3),
(14, 565, 470, 3),
(14, 59, 471, 3),
(14, 236, 472, 3),
(14, 165, 473, 3),
(14, 234, 474, 3),
(14, 186, 475, 3),
(14, 191, 476, 3),
(14, 219, 477, 3),
(14, 131, 478, 3),
(14, 188, 479, 3),
(14, 192, 480, 3),
(14, 187, 481, 3),
(14, 135, 482, 3),
(14, 221, 483, 3),
(14, 134, 484, 3),
(14, 149, 485, 1),
(14, 155, 486, 1),
(14, 153, 487, 1),
(14, 156, 488, 1),
(14, 163, 489, 1),
(14, 160, 490, 1),
(14, 162, 491, 1),
(14, 207, 492, 2),
(14, 205, 493, 2),
(14, 206, 494, 2),
(14, 203, 495, 2),
(14, 211, 496, 2),
(14, 209, 497, 2),
(14, 210, 498, 2),
(14, 220, 499, 2),
(14, 566, 500, 2),
(14, 567, 501, 3),
(14, 568, 502, 3),
(14, 569, 503, 3),
(14, 176, 504, 6),
(14, 570, 505, 1),
(14, 571, 506, 1),
(14, 572, 507, 1),
(14, 573, 508, 1),
(14, 574, 509, 1),
(14, 575, 510, 1),
(14, 576, 511, 1),
(14, 577, 512, 1),
(14, 578, 513, 1),
(14, 579, 514, 1),
(14, 580, 515, 1),
(14, 581, 516, 1),
(14, 582, 517, 1),
(14, 583, 518, 1),
(14, 584, 519, 1),
(14, 585, 520, 1),
(14, 586, 521, 1),
(14, 587, 522, 1),
(14, 588, 523, 1),
(14, 589, 524, 1),
(14, 590, 525, 1),
(14, 591, 526, 1),
(14, 592, 527, 1),
(14, 593, 528, 1),
(14, 594, 529, 1),
(14, 595, 530, 1),
(14, 596, 531, 1),
(14, 597, 532, 3),
(14, 598, 533, 3),
(14, 344, 534, 3),
(14, 345, 535, 3),
(14, 599, 536, 3),
(14, 618, 537, 1),
(14, 619, 538, 1),
(14, 620, 539, 1),
(14, 621, 540, 1),
(14, 622, 541, 1),
(14, 623, 542, 1),
(14, 624, 543, 1),
(14, 625, 544, 1),
(14, 626, 545, 1),
(14, 627, 546, 1),
(14, 628, 547, 1),
(14, 629, 548, 1),
(14, 630, 549, 1),
(14, 631, 550, 1),
(14, 632, 551, 1),
(14, 633, 552, 1),
(14, 634, 553, 1),
(14, 635, 554, 1),
(14, 636, 555, 1),
(14, 637, 556, 1),
(14, 638, 557, 1),
(14, 639, 558, 1),
(14, 640, 559, 1),
(14, 641, 560, 1),
(14, 642, 561, 1),
(14, 643, 562, 1),
(14, 644, 563, 1),
(14, 645, 564, 1),
(14, 646, 565, 6),
(14, 647, 566, 6),
(14, 648, 567, 6),
(14, 649, 568, 6),
(14, 650, 569, 6),
(14, 651, 570, 6),
(14, 652, 571, 1),
(14, 653, 572, 1),
(14, 654, 573, 1),
(14, 655, 574, 3),
(14, 656, 575, 1),
(14, 657, 576, 2),
(14, 658, 577, 1),
(14, 659, 578, 3),
(14, 660, 579, 3),
(14, 661, 580, 1),
(14, 662, 581, 1),
(14, 663, 582, 1),
(14, 664, 583, 1),
(14, 665, 584, 1),
(14, 666, 585, 1),
(14, 667, 586, 1),
(14, 668, 587, 1),
(14, 669, 588, 1),
(14, 670, 589, 1),
(14, 671, 590, 1),
(14, 672, 591, 6),
(14, 673, 592, 1),
(14, 674, 593, 1),
(14, 675, 594, 1),
(14, 676, 595, 1),
(14, 677, 596, 1),
(14, 678, 597, 1),
(14, 679, 598, 1),
(14, 680, 599, 1),
(14, 681, 600, 1),
(14, 682, 601, 1),
(14, 683, 602, 1),
(14, 684, 603, 1),
(14, 685, 604, 1),
(14, 686, 605, 1),
(14, 687, 606, 1),
(14, 688, 607, 1),
(14, 689, 608, 1),
(14, 690, 609, 1),
(14, 691, 610, 1),
(14, 692, 611, 1),
(14, 693, 612, 1),
(14, 694, 613, 1),
(14, 695, 614, 1),
(14, 696, 615, 1),
(14, 697, 616, 3),
(14, 698, 617, 3),
(14, 699, 618, 4),
(14, 700, 619, 4),
(14, 701, 620, 4),
(14, 702, 621, 3),
(14, 703, 622, 3),
(14, 704, 623, 3),
(14, 705, 624, 3),
(14, 706, 625, 3),
(14, 707, 626, 3),
(14, 708, 627, 3),
(14, 709, 628, 3),
(14, 710, 629, 3),
(14, 711, 630, 3),
(14, 712, 631, 3),
(14, 713, 632, 3),
(14, 714, 633, 3),
(14, 715, 634, 3),
(14, 716, 635, 3),
(14, 717, 636, 3),
(14, 718, 637, 3),
(14, 719, 638, 3),
(15, 1, 0, null),
(15, 2, 1, 1),
(15, 3, 2, 1),
(15, 4, 3, 1),
(15, 5, 4, 1),
(15, 8, 5, 1),
(15, 238, 6, 1),
(15, 239, 7, 1),
(15, 240, 8, 1),
(15, 241, 9, 1),
(15, 242, 10, 1),
(15, 243, 11, 1),
(15, 244, 12, 1),
(15, 373, 13, 1),
(15, 374, 14, 1),
(15, 375, 15, 1),
(15, 376, 16, 1),
(15, 19, 17, 6),
(15, 10, 18, 6),
(15, 11, 19, 6),
(15, 12, 20, 6),
(15, 13, 21, 6),
(15, 14, 22, 6),
(15, 15, 23, 6),
(15, 16, 24, 6),
(15, 17, 25, 6),
(15, 18, 26, 6),
(15, 41, 27, 6),
(15, 42, 28, 6),
(15, 43, 29, 6),
(15, 48, 30, 6),
(15, 49, 31, 6),
(15, 50, 32, 6),
(15, 136, 33, 6),
(15, 180, 34, 6),
(15, 181, 35, 6),
(15, 182, 36, 6),
(15, 183, 37, 6),
(15, 68, 38, 6),
(15, 69, 39, 6),
(15, 70, 40, 6),
(15, 71, 41, 6),
(15, 245, 42, 6),
(15, 194, 43, 6),
(15, 202, 44, 6),
(15, 26, 45, 6),
(15, 27, 46, 6),
(15, 28, 47, 6),
(15, 29, 48, 6),
(15, 30, 49, 6),
(15, 31, 50, 6),
(15, 67, 51, 6),
(15, 257, 52, 6),
(15, 258, 53, 6),
(15, 377, 54, 6),
(15, 44, 55, 1),
(15, 47, 56, 1),
(15, 53, 57, 1),
(15, 54, 58, 1),
(15, 55, 59, 1),
(15, 36, 60, 1),
(15, 56, 61, 1),
(15, 378, 62, 1),
(15, 40, 63, 1),
(15, 259, 64, 1),
(15, 246, 65, 1),
(15, 247, 66, 1),
(15, 248, 67, 1),
(15, 249, 68, 1),
(15, 250, 69, 1),
(15, 251, 70, 1),
(15, 252, 71, 1),
(15, 253, 72, 1),
(15, 254, 73, 1),
(15, 255, 74, 1),
(15, 256, 75, 1),
(15, 45, 76, 1),
(15, 46, 77, 1),
(15, 20, 78, 1),
(15, 21, 79, 1),
(15, 214, 80, 1),
(15, 9, 81, 1),
(15, 23, 82, 1),
(15, 24, 83, 1),
(15, 25, 84, 1),
(15, 37, 85, 1),
(15, 150, 86, 1),
(15, 151, 87, 1),
(15, 172, 88, 1),
(15, 173, 89, 1),
(15, 189, 90, 1),
(15, 190, 91, 1),
(15, 39, 92, 1),
(15, 260, 93, 1),
(15, 379, 94, 1),
(15, 380, 95, 1),
(15, 381, 96, 1),
(15, 382, 97, 1),
(15, 383, 98, 1),
(15, 354, 99, 1),
(15, 355, 100, 1),
(15, 33, 101, 1),
(15, 32, 102, 1),
(15, 22, 103, 1),
(15, 384, 104, 1),
(15, 385, 105, 1),
(15, 386, 106, 1),
(15, 387, 107, 1),
(15, 388, 108, 1),
(15, 389, 109, 1),
(15, 390, 110, 1),
(15, 391, 111, 1),
(15, 560, 112, 1),
(15, 600, 116, 1),
(15, 601, 117, 1),
(15, 602, 118, 1),
(15, 603, 119, 1),
(15, 604, 134, 6),
(15, 392, 135, 1),
(15, 393, 136, 1),
(15, 605, 137, 1),
(15, 606, 138, 1),
(15, 607, 139, 1),
(15, 608, 140, 1),
(15, 609, 141, 1),
(15, 610, 142, 1),
(15, 611, 143, 1),
(15, 612, 144, 1),
(15, 613, 145, 1),
(15, 614, 146, 1),
(15, 615, 147, 1),
(15, 616, 148, 1),
(15, 273, 149, 5),
(15, 274, 150, 5),
(15, 275, 151, 5),
(15, 276, 152, 5),
(15, 277, 153, 5),
(15, 278, 154, 5),
(15, 279, 155, 5),
(15, 280, 156, 5),
(15, 281, 157, 5),
(15, 282, 158, 5),
(15, 283, 159, 5),
(15, 284, 160, 5),
(15, 285, 161, 5),
(15, 286, 162, 5),
(15, 287, 163, 5),
(15, 288, 164, 5),
(15, 289, 165, 5),
(15, 290, 166, 5),
(15, 291, 167, 5),
(15, 292, 168, 5),
(15, 293, 169, 5),
(15, 294, 170, 5),
(15, 295, 171, 5),
(15, 296, 172, 5),
(15, 297, 173, 5),
(15, 298, 174, 5),
(15, 299, 175, 5),
(15, 300, 176, 5),
(15, 301, 177, 5),
(15, 302, 178, 5),
(15, 303, 179, 5),
(15, 304, 180, 5),
(15, 305, 181, 5),
(15, 306, 182, 5),
(15, 307, 183, 5),
(15, 406, 184, 5),
(15, 407, 185, 5),
(15, 408, 186, 5),
(15, 409, 187, 5),
(15, 410, 188, 5),
(15, 411, 189, 5),
(15, 412, 190, 5),
(15, 413, 191, 5),
(15, 414, 192, 5),
(15, 415, 193, 5),
(15, 416, 194, 5),
(15, 417, 195, 5),
(15, 418, 196, 5),
(15, 419, 197, 5),
(15, 420, 198, 5),
(15, 421, 199, 5),
(15, 422, 200, 5),
(15, 308, 201, 5),
(15, 309, 202, 5),
(15, 310, 203, 5),
(15, 311, 204, 5),
(15, 312, 205, 5),
(15, 313, 206, 5),
(15, 314, 207, 5),
(15, 315, 208, 5),
(15, 423, 209, 5),
(15, 424, 210, 5),
(15, 425, 211, 5),
(15, 426, 212, 5),
(15, 127, 213, 1),
(15, 316, 214, 1),
(15, 317, 215, 1),
(15, 63, 216, 3),
(15, 137, 217, 1),
(15, 318, 218, 1),
(15, 319, 219, 1),
(15, 320, 220, 1),
(15, 146, 221, 1),
(15, 152, 222, 1),
(15, 154, 223, 1),
(15, 157, 224, 1),
(15, 321, 225, 1),
(15, 322, 226, 1),
(15, 323, 227, 1),
(15, 168, 228, 1),
(15, 174, 229, 1),
(15, 179, 230, 1),
(15, 185, 231, 1),
(15, 195, 232, 1),
(15, 196, 233, 1),
(15, 198, 234, 1),
(15, 200, 235, 1),
(15, 208, 236, 1),
(15, 140, 237, 1),
(15, 184, 238, 1),
(15, 177, 239, 1),
(15, 164, 240, 1),
(15, 161, 241, 1),
(15, 170, 242, 1),
(15, 158, 243, 1),
(15, 141, 244, 1),
(15, 145, 245, 1),
(15, 169, 246, 1),
(15, 175, 247, 1),
(15, 159, 248, 1),
(15, 193, 249, 1),
(15, 197, 250, 1),
(15, 324, 251, 1),
(15, 216, 252, 1),
(15, 325, 253, 1),
(15, 326, 254, 1),
(15, 327, 255, 1),
(15, 128, 256, 1),
(15, 129, 257, 1),
(15, 178, 258, 1),
(15, 167, 259, 1),
(15, 328, 260, 1),
(15, 329, 261, 1),
(15, 330, 262, 1),
(15, 331, 263, 1),
(15, 332, 264, 1),
(15, 427, 265, 1),
(15, 428, 266, 1),
(15, 429, 267, 1),
(15, 430, 268, 1),
(15, 431, 269, 1),
(15, 432, 270, 1),
(15, 433, 271, 1),
(15, 434, 272, 1),
(15, 435, 273, 1),
(15, 436, 274, 1),
(15, 437, 275, 1),
(15, 438, 276, 1),
(15, 439, 277, 1),
(15, 440, 278, 1),
(15, 441, 279, 1),
(15, 442, 280, 1),
(15, 443, 281, 1),
(15, 444, 282, 1),
(15, 445, 283, 1),
(15, 446, 284, 1),
(15, 447, 285, 1),
(15, 448, 286, 1),
(15, 449, 287, 1),
(15, 450, 288, 1),
(15, 451, 289, 1),
(15, 452, 290, 1),
(15, 453, 291, 1),
(15, 454, 292, 1),
(15, 455, 293, 1),
(15, 456, 294, 1),
(15, 457, 295, 1),
(15, 458, 296, 1),
(15, 459, 297, 1),
(15, 460, 298, 1),
(15, 461, 299, 1),
(15, 462, 300, 1),
(15, 463, 301, 1),
(15, 464, 302, 1),
(15, 465, 303, 1),
(15, 466, 304, 1),
(15, 467, 305, 1),
(15, 468, 306, 1),
(15, 469, 307, 1),
(15, 470, 308, 1),
(15, 471, 309, 1),
(15, 472, 310, 1),
(15, 473, 311, 1),
(15, 474, 312, 1),
(15, 475, 313, 1),
(15, 476, 314, 1),
(15, 477, 315, 1),
(15, 478, 316, 1),
(15, 479, 317, 1),
(15, 480, 318, 1),
(15, 481, 319, 1),
(15, 482, 320, 1),
(15, 483, 321, 1),
(15, 484, 322, 1),
(15, 485, 323, 1),
(15, 486, 324, 1),
(15, 487, 325, 1),
(15, 488, 326, 1),
(15, 489, 327, 1),
(15, 77, 328, 4),
(15, 78, 329, 4),
(15, 79, 330, 4),
(15, 80, 331, 4),
(15, 81, 332, 4),
(15, 82, 333, 4),
(15, 83, 334, 4),
(15, 84, 335, 4),
(15, 85, 336, 4),
(15, 86, 337, 4),
(15, 87, 338, 4),
(15, 88, 339, 4),
(15, 89, 340, 4),
(15, 90, 341, 4),
(15, 91, 342, 4),
(15, 92, 343, 4),
(15, 93, 344, 4),
(15, 94, 345, 4),
(15, 95, 346, 4),
(15, 96, 347, 4),
(15, 97, 348, 4),
(15, 98, 349, 4),
(15, 99, 350, 4),
(15, 100, 351, 4),
(15, 101, 352, 4),
(15, 102, 353, 4),
(15, 103, 354, 4),
(15, 104, 355, 4),
(15, 105, 356, 4),
(15, 106, 357, 4),
(15, 107, 358, 4),
(15, 108, 359, 4),
(15, 109, 360, 4),
(15, 110, 361, 4),
(15, 111, 362, 4),
(15, 112, 363, 4),
(15, 113, 364, 4),
(15, 114, 365, 4),
(15, 115, 366, 4),
(15, 116, 367, 4),
(15, 117, 368, 4),
(15, 118, 369, 4),
(15, 119, 370, 4),
(15, 120, 371, 4),
(15, 121, 372, 4),
(15, 122, 373, 4),
(15, 123, 374, 4),
(15, 124, 375, 4),
(15, 125, 376, 4),
(15, 126, 377, 4),
(15, 490, 378, 4),
(15, 491, 379, 4),
(15, 492, 380, 4),
(15, 493, 381, 4),
(15, 494, 382, 4),
(15, 495, 383, 4),
(15, 496, 384, 4),
(15, 497, 385, 4),
(15, 498, 386, 4),
(15, 499, 387, 4),
(15, 500, 388, 4),
(15, 501, 389, 4),
(15, 502, 390, 4),
(15, 503, 391, 4),
(15, 504, 392, 4),
(15, 505, 393, 4),
(15, 506, 394, 4),
(15, 507, 395, 4),
(15, 508, 396, 4),
(15, 509, 397, 4),
(15, 510, 398, 4),
(15, 511, 399, 4),
(15, 512, 400, 4),
(15, 513, 401, 4),
(15, 514, 402, 4),
(15, 515, 403, 4),
(15, 516, 404, 4),
(15, 517, 405, 4),
(15, 518, 406, 4),
(15, 519, 407, 4),
(15, 520, 408, 4),
(15, 521, 409, 4),
(15, 522, 410, 4),
(15, 523, 411, 4),
(15, 524, 412, 4),
(15, 525, 413, 4),
(15, 526, 414, 4),
(15, 527, 415, 4),
(15, 528, 416, 4),
(15, 529, 417, 4),
(15, 530, 418, 4),
(15, 531, 419, 4),
(15, 72, 420, 4),
(15, 73, 421, 4),
(15, 74, 422, 4),
(15, 75, 423, 4),
(15, 76, 424, 4),
(15, 232, 425, 4),
(15, 532, 428, 3),
(15, 533, 429, 3),
(15, 534, 430, 3),
(15, 535, 431, 3),
(15, 536, 432, 3),
(15, 537, 433, 3),
(15, 538, 434, 3),
(15, 539, 435, 3),
(15, 540, 436, 3),
(15, 541, 437, 3),
(15, 542, 438, 3),
(15, 543, 439, 3),
(15, 544, 440, 3),
(15, 545, 441, 3),
(15, 720, 442, 3),
(15, 358, 443, 3),
(15, 57, 444, 3),
(15, 64, 445, 3),
(15, 65, 446, 3),
(15, 66, 447, 3),
(15, 547, 448, 3),
(15, 548, 449, 3),
(15, 7, 450, 3),
(15, 549, 451, 3),
(15, 550, 452, 3),
(15, 551, 453, 3),
(15, 552, 454, 3),
(15, 553, 455, 3),
(15, 133, 456, 3),
(15, 335, 457, 3),
(15, 554, 458, 3),
(15, 555, 459, 3),
(15, 556, 460, 3),
(15, 557, 461, 3),
(15, 558, 462, 3),
(15, 559, 463, 3),
(15, 132, 464, 3),
(15, 561, 465, 3),
(15, 562, 466, 3),
(15, 34, 467, 3),
(15, 563, 468, 3),
(15, 564, 469, 3),
(15, 565, 470, 3),
(15, 59, 471, 3),
(15, 236, 472, 3),
(15, 165, 473, 3),
(15, 234, 474, 3),
(15, 186, 475, 3),
(15, 191, 476, 3),
(15, 219, 477, 3),
(15, 131, 478, 3),
(15, 188, 479, 3),
(15, 192, 480, 3),
(15, 187, 481, 3),
(15, 135, 482, 3),
(15, 221, 483, 3),
(15, 134, 484, 3),
(15, 149, 485, 1),
(15, 155, 486, 1),
(15, 153, 487, 1),
(15, 156, 488, 1),
(15, 163, 489, 1),
(15, 160, 490, 1),
(15, 162, 491, 1),
(15, 207, 492, 1),
(15, 205, 493, 1),
(15, 206, 494, 1),
(15, 203, 495, 1),
(15, 211, 496, 1),
(15, 209, 497, 1),
(15, 210, 498, 1),
(15, 220, 499, 1),
(15, 566, 500, 1),
(15, 567, 501, 3),
(15, 568, 502, 3),
(15, 569, 503, 3),
(15, 176, 504, 6),
(15, 570, 505, 1),
(15, 571, 506, 1),
(15, 572, 507, 1),
(15, 573, 508, 1),
(15, 574, 509, 1),
(15, 575, 510, 1),
(15, 576, 511, 1),
(15, 577, 512, 1),
(15, 578, 513, 1),
(15, 579, 514, 1),
(15, 580, 515, 1),
(15, 581, 516, 1),
(15, 582, 517, 1),
(15, 583, 518, 1),
(15, 584, 519, 1),
(15, 585, 520, 1),
(15, 586, 521, 1),
(15, 587, 522, 1),
(15, 588, 523, 1),
(15, 589, 524, 1),
(15, 590, 525, 1),
(15, 591, 526, 1),
(15, 592, 527, 1),
(15, 593, 528, 1),
(15, 594, 529, 1),
(15, 595, 530, 1),
(15, 596, 531, 1),
(15, 597, 532, 3),
(15, 598, 533, 3),
(15, 344, 534, 3),
(15, 345, 535, 3),
(15, 599, 536, 3),
(15, 618, 537, 1),
(15, 619, 538, 1),
(15, 620, 539, 1),
(15, 621, 540, 1),
(15, 622, 541, 1),
(15, 623, 542, 1),
(15, 624, 543, 1),
(15, 625, 544, 1),
(15, 626, 545, 1),
(15, 627, 546, 1),
(15, 628, 547, 1),
(15, 629, 548, 1),
(15, 630, 549, 1),
(15, 631, 550, 1),
(15, 632, 551, 1),
(15, 633, 552, 1),
(15, 634, 553, 1),
(15, 635, 554, 1),
(15, 636, 555, 1),
(15, 637, 556, 1),
(15, 638, 557, 1),
(15, 639, 558, 1),
(15, 640, 559, 1),
(15, 641, 560, 1),
(15, 642, 561, 1),
(15, 643, 562, 1),
(15, 644, 563, 1),
(15, 645, 564, 1),
(15, 646, 565, 6),
(15, 647, 566, 6),
(15, 648, 567, 6),
(15, 649, 568, 6),
(15, 650, 569, 6),
(15, 651, 570, 6),
(15, 652, 571, 1),
(15, 653, 572, 1),
(15, 654, 573, 1),
(15, 655, 574, 3),
(15, 656, 575, 1),
(15, 657, 576, 1),
(15, 658, 577, 1),
(15, 659, 578, 3),
(15, 660, 579, 3),
(15, 661, 580, 1),
(15, 662, 581, 1),
(15, 663, 582, 1),
(15, 664, 583, 1),
(15, 665, 584, 1),
(15, 666, 585, 1),
(15, 667, 586, 1),
(15, 668, 587, 1),
(15, 669, 588, 1),
(15, 670, 589, 1),
(15, 671, 590, 1),
(15, 672, 591, 6),
(15, 673, 592, 1),
(15, 674, 593, 1),
(15, 675, 594, 1),
(15, 676, 595, 1),
(15, 677, 596, 1),
(15, 678, 597, 1),
(15, 679, 598, 1),
(15, 680, 599, 1),
(15, 681, 600, 1),
(15, 682, 601, 1),
(15, 683, 602, 1),
(15, 684, 603, 1),
(15, 685, 604, 1),
(15, 686, 605, 1),
(15, 687, 606, 1),
(15, 688, 607, 1),
(15, 689, 608, 1),
(15, 690, 609, 1),
(15, 691, 610, 1),
(15, 692, 611, 1),
(15, 693, 612, 1),
(15, 694, 613, 1),
(15, 695, 614, 1),
(15, 696, 615, 1),
(15, 697, 616, 3),
(15, 698, 617, 3),
(15, 699, 618, 4),
(15, 700, 619, 4),
(15, 701, 620, 4),
(15, 702, 621, 3),
(15, 703, 622, 3),
(15, 704, 623, 3),
(15, 705, 624, 3),
(15, 706, 625, 3),
(15, 707, 626, 3),
(15, 708, 627, 3),
(15, 709, 628, 3),
(15, 710, 629, 3),
(15, 711, 630, 3),
(15, 712, 631, 3),
(15, 713, 632, 3),
(15, 714, 633, 3),
(15, 715, 634, 3),
(15, 716, 635, 3),
(15, 717, 636, 3),
(15, 718, 637, 3),
(15, 719, 638, 3),
(15, 721, 639, 1),
(15, 722, 640, 1),
(15, 723, 641, 3),
(15, 724, 642, 3),
(15, 725, 643, 3),
(15, 726, 644, 1),
(15, 727, 645, 6),
(15, 728, 646, 1),
(15, 729, 647, 1),
(15, 730, 648, 1),
(15, 731, 649, 1),
(15, 732, 650, 1),
(15, 61, 651, 3),
(15, 733, 652, 1),
(15, 734, 653, 1),
(15, 735, 654, 1),
(15, 736, 655, 1),
(15, 737, 656, 1),
(15, 738, 657, 1),
(15, 739, 658, 1),
(15, 740, 659, 1),
(15, 741, 660, 1),
(15, 742, 661, 1),
(15, 743, 662, 1),
(15, 744, 663, 1),
(15, 745, 664, 1),
(15, 746, 665, 1),
(15, 747, 666, 1),
(15, 748, 667, 1),
(15, 749, 668, 1),
(15, 750, 669, 1),
(15, 751, 670, 1),
(15, 752, 671, 1),
(15, 753, 672, 1),
(15, 754, 673, 1),
(15, 755, 674, 1),
(15, 756, 675, 1),
(15, 757, 676, 1),
(15, 758, 677, 1),
(15, 759, 678, 1),
(15, 760, 679, 1),
(15, 761, 680, 1),
(15, 762, 681, 1),
(15, 763, 682, 1),
(15, 764, 683, 1),
(15, 765, 684, 1),
(15, 766, 685, 1),
(15, 767, 686, 5),
(15, 768, 687, 5),
(15, 769, 688, 5),
(15, 770, 689, 3),
(15, 771, 690, 4),
(15, 772, 691, 4),
(15, 773, 692, 4),
(15, 774, 693, 4),
(15, 775, 694, 4),
(15, 776, 695, 3),
(15, 777, 696, 3),
(15, 778, 697, 3),
(15, 779, 698, 3),
(15, 780, 699, 1),
(15, 781, 700, 3),
(15, 782, 701, 3),
(15, 783, 702, 3),
(15, 784, 703, 3),
(15, 785, 704, 1),
(15, 786, 705, 3),
(15, 787, 706, 3),
(15, 788, 707, 3),
(15, 789, 708, 6),
(15, 790, 709, 6),
(15, 791, 710, 1),
(15, 792, 711, 1),
(15, 793, 712, 3),
(15, 794, 713, 3),
(15, 795, 714, 3),
(15, 796, 715, 1),
(15, 797, 716, 3),
(15, 798, 717, 3),
(16, 1, 0, null),
(16, 2, 1, 1),
(16, 3, 2, 1),
(16, 4, 3, 1),
(16, 5, 4, 1),
(16, 8, 5, 1),
(16, 238, 6, 1),
(16, 239, 7, 1),
(16, 240, 8, 1),
(16, 241, 9, 1),
(16, 242, 10, 1),
(16, 243, 11, 1),
(16, 244, 12, 1),
(16, 373, 13, 1),
(16, 374, 14, 1),
(16, 375, 15, 1),
(16, 376, 16, 1),
(16, 19, 17, 6),
(16, 10, 18, 6),
(16, 11, 19, 6),
(16, 12, 20, 6),
(16, 13, 21, 6),
(16, 14, 22, 6),
(16, 15, 23, 6),
(16, 16, 24, 6),
(16, 17, 25, 6),
(16, 18, 26, 6),
(16, 41, 27, 6),
(16, 42, 28, 6),
(16, 43, 29, 6),
(16, 48, 30, 6),
(16, 49, 31, 6),
(16, 50, 32, 6),
(16, 136, 33, 6),
(16, 180, 34, 6),
(16, 181, 35, 6),
(16, 182, 36, 6),
(16, 183, 37, 6),
(16, 68, 38, 6),
(16, 69, 39, 6),
(16, 70, 40, 6),
(16, 71, 41, 6),
(16, 245, 42, 6),
(16, 194, 43, 6),
(16, 202, 44, 6),
(16, 26, 45, 6),
(16, 27, 46, 6),
(16, 28, 47, 6),
(16, 29, 48, 6),
(16, 30, 49, 6),
(16, 31, 50, 6),
(16, 67, 51, 6),
(16, 257, 52, 6),
(16, 258, 53, 6),
(16, 377, 54, 6),
(16, 44, 55, 1),
(16, 47, 56, 1),
(16, 53, 57, 1),
(16, 54, 58, 1),
(16, 55, 59, 1),
(16, 36, 60, 1),
(16, 56, 61, 1),
(16, 378, 62, 1),
(16, 40, 63, 1),
(16, 259, 64, 1),
(16, 246, 65, 1),
(16, 247, 66, 1),
(16, 248, 67, 1),
(16, 249, 68, 1),
(16, 250, 69, 1),
(16, 251, 70, 1),
(16, 252, 71, 1),
(16, 253, 72, 1),
(16, 254, 73, 1),
(16, 255, 74, 1),
(16, 256, 75, 1),
(16, 45, 76, 1),
(16, 46, 77, 1),
(16, 20, 78, 1),
(16, 21, 79, 1),
(16, 214, 80, 1),
(16, 9, 81, 1),
(16, 23, 82, 1),
(16, 24, 83, 1),
(16, 25, 84, 1),
(16, 37, 85, 1),
(16, 150, 86, 1),
(16, 151, 87, 1),
(16, 172, 88, 1),
(16, 173, 89, 1),
(16, 189, 90, 1),
(16, 190, 91, 1),
(16, 39, 92, 1),
(16, 260, 93, 1),
(16, 379, 94, 1),
(16, 380, 95, 1),
(16, 381, 96, 1),
(16, 382, 97, 1),
(16, 383, 98, 1),
(16, 354, 99, 1),
(16, 355, 100, 1),
(16, 33, 101, 1),
(16, 32, 102, 1),
(16, 22, 103, 1),
(16, 384, 104, 1),
(16, 385, 105, 1),
(16, 386, 106, 1),
(16, 387, 107, 1),
(16, 388, 108, 1),
(16, 389, 109, 1),
(16, 390, 110, 1),
(16, 391, 111, 1),
(16, 560, 112, 1),
(16, 600, 116, 1),
(16, 601, 117, 1),
(16, 602, 118, 1),
(16, 603, 119, 1),
(16, 604, 134, 6),
(16, 392, 135, 1),
(16, 393, 136, 1),
(16, 605, 137, 1),
(16, 606, 138, 1),
(16, 607, 139, 1),
(16, 608, 140, 1),
(16, 609, 141, 1),
(16, 610, 142, 1),
(16, 611, 143, 1),
(16, 612, 144, 1),
(16, 613, 145, 1),
(16, 614, 146, 1),
(16, 615, 147, 1),
(16, 616, 148, 1),
(16, 273, 149, 5),
(16, 274, 150, 5),
(16, 275, 151, 5),
(16, 276, 152, 5),
(16, 277, 153, 5),
(16, 278, 154, 5),
(16, 279, 155, 5),
(16, 280, 156, 5),
(16, 281, 157, 5),
(16, 282, 158, 5),
(16, 283, 159, 5),
(16, 284, 160, 5),
(16, 285, 161, 5),
(16, 286, 162, 5),
(16, 287, 163, 5),
(16, 288, 164, 5),
(16, 289, 165, 5),
(16, 290, 166, 5),
(16, 291, 167, 5),
(16, 292, 168, 5),
(16, 293, 169, 5),
(16, 294, 170, 5),
(16, 295, 171, 5),
(16, 296, 172, 5),
(16, 297, 173, 5),
(16, 298, 174, 5),
(16, 299, 175, 5),
(16, 300, 176, 5),
(16, 301, 177, 5),
(16, 302, 178, 5),
(16, 303, 179, 5),
(16, 304, 180, 5),
(16, 305, 181, 5),
(16, 306, 182, 5),
(16, 307, 183, 5),
(16, 406, 184, 5),
(16, 407, 185, 5),
(16, 408, 186, 5),
(16, 409, 187, 5),
(16, 410, 188, 5),
(16, 411, 189, 5),
(16, 412, 190, 5),
(16, 413, 191, 5),
(16, 414, 192, 5),
(16, 415, 193, 5),
(16, 416, 194, 5),
(16, 417, 195, 5),
(16, 418, 196, 5),
(16, 419, 197, 5),
(16, 420, 198, 5),
(16, 421, 199, 5),
(16, 422, 200, 5),
(16, 308, 201, 5),
(16, 309, 202, 5),
(16, 310, 203, 5),
(16, 311, 204, 5),
(16, 312, 205, 5),
(16, 313, 206, 5),
(16, 314, 207, 5),
(16, 315, 208, 5),
(16, 423, 209, 5),
(16, 424, 210, 5),
(16, 425, 211, 5),
(16, 426, 212, 5),
(16, 127, 213, 1),
(16, 316, 214, 1),
(16, 317, 215, 1),
(16, 63, 216, 3),
(16, 137, 217, 1),
(16, 318, 218, 1),
(16, 319, 219, 1),
(16, 320, 220, 1),
(16, 146, 221, 1),
(16, 152, 222, 1),
(16, 154, 223, 1),
(16, 157, 224, 1),
(16, 321, 225, 1),
(16, 322, 226, 1),
(16, 323, 227, 1),
(16, 168, 228, 1),
(16, 174, 229, 1),
(16, 179, 230, 1),
(16, 185, 231, 1),
(16, 195, 232, 1),
(16, 196, 233, 1),
(16, 198, 234, 1),
(16, 200, 235, 1),
(16, 208, 236, 1),
(16, 140, 237, 1),
(16, 184, 238, 1),
(16, 177, 239, 1),
(16, 164, 240, 1),
(16, 161, 241, 1),
(16, 170, 242, 1),
(16, 158, 243, 1),
(16, 141, 244, 1),
(16, 145, 245, 1),
(16, 169, 246, 1),
(16, 175, 247, 1),
(16, 159, 248, 1),
(16, 193, 249, 1),
(16, 197, 250, 1),
(16, 324, 251, 1),
(16, 216, 252, 1),
(16, 325, 253, 1),
(16, 326, 254, 1),
(16, 327, 255, 1),
(16, 128, 256, 1),
(16, 129, 257, 1),
(16, 178, 258, 1),
(16, 167, 259, 1),
(16, 328, 260, 1),
(16, 329, 261, 1),
(16, 330, 262, 1),
(16, 331, 263, 1),
(16, 332, 264, 1),
(16, 427, 265, 1),
(16, 428, 266, 1),
(16, 429, 267, 1),
(16, 430, 268, 1),
(16, 431, 269, 1),
(16, 432, 270, 1),
(16, 433, 271, 1),
(16, 434, 272, 1),
(16, 435, 273, 1),
(16, 436, 274, 1),
(16, 437, 275, 1),
(16, 438, 276, 1),
(16, 439, 277, 1),
(16, 440, 278, 1),
(16, 441, 279, 1),
(16, 442, 280, 1),
(16, 443, 281, 1),
(16, 444, 282, 1),
(16, 445, 283, 1),
(16, 446, 284, 1),
(16, 447, 285, 1),
(16, 448, 286, 1),
(16, 449, 287, 1),
(16, 450, 288, 1),
(16, 451, 289, 1),
(16, 452, 290, 1),
(16, 453, 291, 1),
(16, 454, 292, 1),
(16, 455, 293, 1),
(16, 456, 294, 1),
(16, 457, 295, 1),
(16, 458, 296, 1),
(16, 459, 297, 1),
(16, 460, 298, 1),
(16, 461, 299, 1),
(16, 462, 300, 1),
(16, 463, 301, 1),
(16, 464, 302, 1),
(16, 465, 303, 1),
(16, 466, 304, 1),
(16, 467, 305, 1),
(16, 468, 306, 1),
(16, 469, 307, 1),
(16, 470, 308, 1),
(16, 471, 309, 1),
(16, 472, 310, 1),
(16, 473, 311, 1),
(16, 474, 312, 1),
(16, 475, 313, 1),
(16, 476, 314, 1),
(16, 477, 315, 1),
(16, 478, 316, 1),
(16, 479, 317, 1),
(16, 480, 318, 1),
(16, 481, 319, 1),
(16, 482, 320, 1),
(16, 483, 321, 1),
(16, 484, 322, 1),
(16, 485, 323, 1),
(16, 486, 324, 1),
(16, 487, 325, 1),
(16, 488, 326, 1),
(16, 489, 327, 1),
(16, 77, 328, 4),
(16, 78, 329, 4),
(16, 79, 330, 4),
(16, 80, 331, 4),
(16, 81, 332, 4),
(16, 82, 333, 4),
(16, 83, 334, 4),
(16, 84, 335, 4),
(16, 85, 336, 4),
(16, 86, 337, 4),
(16, 87, 338, 4),
(16, 88, 339, 4),
(16, 89, 340, 4),
(16, 90, 341, 4),
(16, 91, 342, 4),
(16, 92, 343, 4),
(16, 93, 344, 4),
(16, 94, 345, 4),
(16, 95, 346, 4),
(16, 96, 347, 4),
(16, 97, 348, 4),
(16, 98, 349, 4),
(16, 99, 350, 4),
(16, 100, 351, 4),
(16, 101, 352, 4),
(16, 102, 353, 4),
(16, 103, 354, 4),
(16, 104, 355, 4),
(16, 105, 356, 4),
(16, 106, 357, 4),
(16, 107, 358, 4),
(16, 108, 359, 4),
(16, 109, 360, 4),
(16, 110, 361, 4),
(16, 111, 362, 4),
(16, 112, 363, 4),
(16, 113, 364, 4),
(16, 114, 365, 4),
(16, 115, 366, 4),
(16, 116, 367, 4),
(16, 117, 368, 4),
(16, 118, 369, 4),
(16, 119, 370, 4),
(16, 120, 371, 4),
(16, 121, 372, 4),
(16, 122, 373, 4),
(16, 123, 374, 4),
(16, 124, 375, 4),
(16, 125, 376, 4),
(16, 126, 377, 4),
(16, 490, 378, 4),
(16, 491, 379, 4),
(16, 492, 380, 4),
(16, 493, 381, 4),
(16, 494, 382, 4),
(16, 495, 383, 4),
(16, 496, 384, 4),
(16, 497, 385, 4),
(16, 498, 386, 4),
(16, 499, 387, 4),
(16, 500, 388, 4),
(16, 501, 389, 4),
(16, 502, 390, 4),
(16, 503, 391, 4),
(16, 504, 392, 4),
(16, 505, 393, 4),
(16, 506, 394, 4),
(16, 507, 395, 4),
(16, 508, 396, 4),
(16, 509, 397, 4),
(16, 510, 398, 4),
(16, 511, 399, 4),
(16, 512, 400, 4),
(16, 513, 401, 4),
(16, 514, 402, 4),
(16, 515, 403, 4),
(16, 516, 404, 4),
(16, 517, 405, 4),
(16, 518, 406, 4),
(16, 519, 407, 4),
(16, 520, 408, 4),
(16, 521, 409, 4),
(16, 522, 410, 4),
(16, 523, 411, 4),
(16, 524, 412, 4),
(16, 525, 413, 4),
(16, 526, 414, 4),
(16, 527, 415, 4),
(16, 528, 416, 4),
(16, 529, 417, 4),
(16, 530, 418, 4),
(16, 531, 419, 4),
(16, 72, 420, 4),
(16, 73, 421, 4),
(16, 74, 422, 4),
(16, 75, 423, 4),
(16, 76, 424, 4),
(16, 232, 425, 4),
(16, 532, 428, 3),
(16, 533, 429, 3),
(16, 534, 430, 3),
(16, 535, 431, 3),
(16, 536, 432, 3),
(16, 537, 433, 3),
(16, 538, 434, 3),
(16, 539, 435, 3),
(16, 540, 436, 3),
(16, 541, 437, 3),
(16, 542, 438, 3),
(16, 543, 439, 3),
(16, 544, 440, 3),
(16, 545, 441, 3),
(16, 720, 442, 3),
(16, 358, 443, 3),
(16, 57, 444, 3),
(16, 64, 445, 3),
(16, 65, 446, 3),
(16, 66, 447, 3),
(16, 547, 448, 3),
(16, 548, 449, 3),
(16, 7, 450, 3),
(16, 549, 451, 3),
(16, 550, 452, 3),
(16, 551, 453, 3),
(16, 552, 454, 3),
(16, 553, 455, 3),
(16, 133, 456, 3),
(16, 335, 457, 3),
(16, 554, 458, 3),
(16, 555, 459, 3),
(16, 556, 460, 3),
(16, 557, 461, 3),
(16, 558, 462, 3),
(16, 559, 463, 3),
(16, 132, 464, 3),
(16, 561, 465, 3),
(16, 562, 466, 3),
(16, 34, 467, 3),
(16, 563, 468, 3),
(16, 564, 469, 3),
(16, 565, 470, 3),
(16, 59, 471, 3),
(16, 236, 472, 3),
(16, 165, 473, 3),
(16, 234, 474, 3),
(16, 186, 475, 3),
(16, 191, 476, 3),
(16, 219, 477, 3),
(16, 131, 478, 3),
(16, 188, 479, 3),
(16, 192, 480, 3),
(16, 187, 481, 3),
(16, 135, 482, 3),
(16, 221, 483, 3),
(16, 134, 484, 3),
(16, 149, 485, 1),
(16, 155, 486, 1),
(16, 153, 487, 1),
(16, 156, 488, 1),
(16, 163, 489, 1),
(16, 160, 490, 1),
(16, 162, 491, 1),
(16, 207, 492, 1),
(16, 205, 493, 1),
(16, 206, 494, 1),
(16, 203, 495, 1),
(16, 211, 496, 1),
(16, 209, 497, 1),
(16, 210, 498, 1),
(16, 220, 499, 1),
(16, 566, 500, 1),
(16, 567, 501, 3),
(16, 568, 502, 3),
(16, 569, 503, 3),
(16, 176, 504, 6),
(16, 570, 505, 1),
(16, 571, 506, 1),
(16, 572, 507, 1),
(16, 573, 508, 1),
(16, 574, 509, 1),
(16, 575, 510, 1),
(16, 576, 511, 1),
(16, 577, 512, 1),
(16, 578, 513, 1),
(16, 579, 514, 1),
(16, 580, 515, 1),
(16, 581, 516, 1),
(16, 582, 517, 1),
(16, 583, 518, 1),
(16, 584, 519, 1),
(16, 585, 520, 1),
(16, 586, 521, 1),
(16, 587, 522, 1),
(16, 588, 523, 1),
(16, 589, 524, 1),
(16, 590, 525, 1),
(16, 591, 526, 1),
(16, 592, 527, 1),
(16, 593, 528, 1),
(16, 594, 529, 1),
(16, 595, 530, 1),
(16, 596, 531, 1),
(16, 597, 532, 3),
(16, 598, 533, 3),
(16, 344, 534, 1),
(16, 345, 535, 1),
(16, 599, 536, 3),
(16, 618, 537, 1),
(16, 619, 538, 1),
(16, 620, 539, 1),
(16, 621, 540, 1),
(16, 622, 541, 1),
(16, 623, 542, 1),
(16, 624, 543, 1),
(16, 625, 544, 1),
(16, 626, 545, 1),
(16, 627, 546, 1),
(16, 628, 547, 1),
(16, 629, 548, 1),
(16, 630, 549, 1),
(16, 631, 550, 1),
(16, 632, 551, 1),
(16, 633, 552, 1),
(16, 634, 553, 1),
(16, 635, 554, 1),
(16, 636, 555, 1),
(16, 637, 556, 1),
(16, 638, 557, 1),
(16, 639, 558, 1),
(16, 640, 559, 1),
(16, 641, 560, 1),
(16, 642, 561, 1),
(16, 643, 562, 1),
(16, 644, 563, 1),
(16, 645, 564, 1),
(16, 646, 565, 6),
(16, 647, 566, 6),
(16, 648, 567, 6),
(16, 649, 568, 6),
(16, 650, 569, 6),
(16, 651, 570, 6),
(16, 652, 571, 1),
(16, 653, 572, 1),
(16, 654, 573, 1),
(16, 655, 574, 3),
(16, 656, 575, 1),
(16, 657, 576, 1),
(16, 658, 577, 1),
(16, 659, 578, 3),
(16, 660, 579, 3),
(16, 661, 580, 1),
(16, 662, 581, 1),
(16, 663, 582, 1),
(16, 664, 583, 1),
(16, 665, 584, 1),
(16, 666, 585, 1),
(16, 667, 586, 1),
(16, 668, 587, 1),
(16, 669, 588, 1),
(16, 670, 589, 1),
(16, 671, 590, 1),
(16, 672, 591, 6),
(16, 673, 592, 1),
(16, 674, 593, 1),
(16, 675, 594, 1),
(16, 676, 595, 1),
(16, 677, 596, 1),
(16, 678, 597, 1),
(16, 679, 598, 1),
(16, 680, 599, 1),
(16, 681, 600, 1),
(16, 682, 601, 1),
(16, 683, 602, 1),
(16, 684, 603, 1),
(16, 685, 604, 1),
(16, 686, 605, 1),
(16, 687, 606, 1),
(16, 688, 607, 1),
(16, 689, 608, 1),
(16, 690, 609, 1),
(16, 691, 610, 1),
(16, 692, 611, 1),
(16, 693, 612, 1),
(16, 694, 613, 1),
(16, 695, 614, 1),
(16, 696, 615, 1),
(16, 697, 616, 3),
(16, 698, 617, 3),
(16, 699, 618, 4),
(16, 700, 619, 4),
(16, 701, 620, 4),
(16, 702, 621, 3),
(16, 703, 622, 3),
(16, 704, 623, 3),
(16, 705, 624, 3),
(16, 706, 625, 3),
(16, 707, 626, 3),
(16, 708, 627, 3),
(16, 709, 628, 3),
(16, 710, 629, 3),
(16, 711, 630, 3),
(16, 712, 631, 3),
(16, 713, 632, 3),
(16, 714, 633, 3),
(16, 715, 634, 3),
(16, 716, 635, 3),
(16, 717, 636, 3),
(16, 718, 637, 3),
(16, 719, 638, 3),
(16, 721, 639, 1),
(16, 722, 640, 1),
(16, 723, 641, 3),
(16, 724, 642, 3),
(16, 725, 643, 3),
(16, 726, 644, 1),
(16, 727, 645, 6),
(16, 728, 646, 1),
(16, 729, 647, 1),
(16, 730, 648, 1),
(16, 731, 649, 1),
(16, 732, 650, 1),
(16, 61, 651, 3),
(16, 733, 652, 1),
(16, 734, 653, 1),
(16, 735, 654, 1),
(16, 736, 655, 1),
(16, 737, 656, 1),
(16, 738, 657, 1),
(16, 739, 658, 1),
(16, 740, 659, 1),
(16, 741, 660, 1),
(16, 742, 661, 1),
(16, 743, 662, 1),
(16, 744, 663, 1),
(16, 745, 664, 1),
(16, 746, 665, 1),
(16, 747, 666, 1),
(16, 748, 667, 1),
(16, 749, 668, 1),
(16, 750, 669, 1),
(16, 751, 670, 1),
(16, 752, 671, 1),
(16, 753, 672, 1),
(16, 754, 673, 1),
(16, 755, 674, 1),
(16, 756, 675, 1),
(16, 757, 676, 1),
(16, 758, 677, 1),
(16, 759, 678, 1),
(16, 760, 679, 1),
(16, 761, 680, 1),
(16, 762, 681, 1),
(16, 763, 682, 1),
(16, 764, 683, 1),
(16, 765, 684, 1),
(16, 766, 685, 1),
(16, 767, 686, 5),
(16, 768, 687, 5),
(16, 769, 688, 5),
(16, 770, 689, 3),
(16, 771, 690, 4),
(16, 772, 691, 4),
(16, 773, 692, 4),
(16, 774, 693, 4),
(16, 775, 694, 4),
(16, 776, 695, 3),
(16, 777, 696, 3),
(16, 778, 697, 3),
(16, 779, 698, 3),
(16, 780, 699, 1),
(16, 781, 700, 3),
(16, 782, 701, 3),
(16, 783, 702, 3),
(16, 784, 703, 3),
(16, 785, 704, 1),
(16, 786, 705, 3),
(16, 787, 706, 3),
(16, 788, 707, 3),
(16, 789, 708, 6),
(16, 790, 709, 6),
(16, 791, 710, 1),
(16, 792, 711, 1),
(16, 793, 712, 3),
(16, 794, 713, 3),
(16, 795, 714, 3),
(16, 796, 715, 1),
(16, 797, 716, 3),
(16, 798, 717, 3),
(16, 333, 718, 3),
(16, 340, 719, 3),
(16, 336, 720, 3),
(16, 337, 721, 3),
(16, 338, 722, 3),
(16, 339, 723, 3),
(16, 799, 724, 3),
(16, 342, 725, 3),
(16, 343, 726, 3),
(16, 346, 727, 3),
(16, 347, 728, 3),
(16, 348, 729, 3),
(16, 349, 730, 3),
(16, 350, 731, 3),
(16, 351, 732, 3),
(16, 352, 733, 3),
(16, 353, 734, 3),
(16, 356, 735, 3),
(16, 334, 736, 3),
(16, 233, 737, 4),
(16, 800, 738, 3),
(16, 801, 739, 3),
(16, 802, 740, 3),
(16, 803, 741, 3),
(16, 804, 742, 3),
(16, 805, 743, 3),
(16, 806, 744, 3),
(16, 807, 745, 3),
(16, 808, 746, 3),
(16, 809, 747, 3),
(16, 810, 748, 3),
(16, 811, 749, 3),
(16, 812, 750, 3),
(16, 813, 751, 3),
(16, 814, 752, 1),
(16, 815, 753, 1),
(16, 816, 754, 1),
(16, 817, 755, 1),
(16, 818, 756, 1),
(16, 819, 757, 1),
(16, 820, 758, 1),
(16, 821, 759, 1),
(16, 822, 760, 1),
(16, 823, 761, 1),
(16, 824, 762, 1),
(16, 825, 763, 1),
(16, 826, 764, 1),
(16, 827, 765, 3),
(16, 828, 766, 3),
(16, 829, 767, 1),
(16, 830, 768, 1),
(16, 831, 769, 1),
(16, 832, 770, 1),
(16, 833, 771, 3),
(16, 834, 772, 3),
(16, 835, 773, 3),
(16, 836, 774, 3),
(16, 837, 775, 3),
(17, 1, 0, null),
(17, 2, 1, 1),
(17, 3, 2, 1),
(17, 4, 3, 1),
(17, 5, 4, 1),
(17, 8, 5, 1),
(17, 238, 6, 1),
(17, 239, 7, 1),
(17, 240, 8, 1),
(17, 241, 9, 1),
(17, 242, 10, 1),
(17, 243, 11, 1),
(17, 244, 12, 1),
(17, 373, 13, 1),
(17, 374, 14, 1),
(17, 375, 15, 1),
(17, 376, 16, 1),
(17, 19, 17, 6),
(17, 10, 18, 6),
(17, 11, 19, 6),
(17, 12, 20, 6),
(17, 13, 21, 6),
(17, 14, 22, 6),
(17, 15, 23, 6),
(17, 16, 24, 6),
(17, 17, 25, 6),
(17, 18, 26, 6),
(17, 41, 27, 6),
(17, 42, 28, 6),
(17, 43, 29, 6),
(17, 48, 30, 6),
(17, 49, 31, 6),
(17, 50, 32, 6),
(17, 136, 33, 6),
(17, 180, 34, 6),
(17, 181, 35, 6),
(17, 182, 36, 6),
(17, 183, 37, 6),
(17, 68, 38, 6),
(17, 69, 39, 6),
(17, 70, 40, 6),
(17, 71, 41, 6),
(17, 245, 42, 6),
(17, 194, 43, 6),
(17, 202, 44, 6),
(17, 26, 45, 6),
(17, 27, 46, 6),
(17, 28, 47, 6),
(17, 29, 48, 6),
(17, 30, 49, 6),
(17, 31, 50, 6),
(17, 67, 51, 6),
(17, 257, 52, 6),
(17, 258, 53, 6),
(17, 377, 54, 6),
(17, 44, 55, 1),
(17, 47, 56, 1),
(17, 53, 57, 1),
(17, 54, 58, 1),
(17, 55, 59, 1),
(17, 36, 60, 1),
(17, 56, 61, 1),
(17, 378, 62, 1),
(17, 40, 63, 1),
(17, 259, 64, 1),
(17, 246, 65, 1),
(17, 247, 66, 1),
(17, 248, 67, 1),
(17, 249, 68, 1),
(17, 250, 69, 1),
(17, 251, 70, 1),
(17, 252, 71, 1),
(17, 253, 72, 1),
(17, 254, 73, 1),
(17, 255, 74, 1),
(17, 256, 75, 1),
(17, 45, 76, 1),
(17, 46, 77, 1),
(17, 20, 78, 1),
(17, 21, 79, 1),
(17, 214, 80, 1),
(17, 9, 81, 1),
(17, 23, 82, 1),
(17, 24, 83, 1),
(17, 25, 84, 1),
(17, 37, 85, 1),
(17, 150, 86, 1),
(17, 151, 87, 1),
(17, 172, 88, 1),
(17, 173, 89, 1),
(17, 189, 90, 1),
(17, 190, 91, 1),
(17, 39, 92, 1),
(17, 260, 93, 1),
(17, 379, 94, 1),
(17, 380, 95, 1),
(17, 381, 96, 1),
(17, 382, 97, 1),
(17, 383, 98, 1),
(17, 354, 99, 1),
(17, 355, 100, 1),
(17, 33, 101, 1),
(17, 32, 102, 1),
(17, 22, 103, 1),
(17, 384, 104, 1),
(17, 385, 105, 1),
(17, 386, 106, 1),
(17, 387, 107, 1),
(17, 388, 108, 1),
(17, 389, 109, 1),
(17, 390, 110, 1),
(17, 391, 111, 1),
(17, 560, 112, 1),
(17, 600, 116, 1),
(17, 601, 117, 1),
(17, 602, 118, 1),
(17, 603, 119, 1),
(17, 604, 134, 6),
(17, 392, 135, 1),
(17, 393, 136, 1),
(17, 605, 137, 1),
(17, 606, 138, 1),
(17, 607, 139, 1),
(17, 608, 140, 1),
(17, 609, 141, 1),
(17, 610, 142, 1),
(17, 611, 143, 1),
(17, 612, 144, 1),
(17, 613, 145, 1),
(17, 614, 146, 1),
(17, 615, 147, 1),
(17, 616, 148, 1),
(17, 273, 149, 5),
(17, 274, 150, 5),
(17, 275, 151, 5),
(17, 276, 152, 5),
(17, 277, 153, 5),
(17, 278, 154, 5),
(17, 279, 155, 5),
(17, 280, 156, 5),
(17, 281, 157, 5),
(17, 282, 158, 5),
(17, 283, 159, 5),
(17, 284, 160, 5),
(17, 285, 161, 5),
(17, 286, 162, 5),
(17, 287, 163, 5),
(17, 288, 164, 5),
(17, 289, 165, 5),
(17, 290, 166, 5),
(17, 291, 167, 5),
(17, 292, 168, 5),
(17, 293, 169, 5),
(17, 294, 170, 5),
(17, 295, 171, 5),
(17, 296, 172, 5),
(17, 297, 173, 5),
(17, 298, 174, 5),
(17, 299, 175, 5),
(17, 300, 176, 5),
(17, 301, 177, 5),
(17, 302, 178, 5),
(17, 303, 179, 5),
(17, 304, 180, 5),
(17, 305, 181, 5),
(17, 306, 182, 5),
(17, 307, 183, 5),
(17, 406, 184, 5),
(17, 407, 185, 5),
(17, 408, 186, 5),
(17, 409, 187, 5),
(17, 410, 188, 5),
(17, 411, 189, 5),
(17, 412, 190, 5),
(17, 413, 191, 5),
(17, 414, 192, 5),
(17, 415, 193, 5),
(17, 416, 194, 5),
(17, 417, 195, 5),
(17, 418, 196, 5),
(17, 419, 197, 5),
(17, 420, 198, 5),
(17, 421, 199, 5),
(17, 422, 200, 5),
(17, 308, 201, 5),
(17, 309, 202, 5),
(17, 310, 203, 5),
(17, 311, 204, 5),
(17, 312, 205, 5),
(17, 313, 206, 5),
(17, 314, 207, 5),
(17, 315, 208, 5),
(17, 423, 209, 5),
(17, 424, 210, 5),
(17, 425, 211, 5),
(17, 426, 212, 5),
(17, 127, 213, 1),
(17, 316, 214, 1),
(17, 317, 215, 1),
(17, 63, 216, 3),
(17, 137, 217, 1),
(17, 318, 218, 1),
(17, 319, 219, 1),
(17, 320, 220, 1),
(17, 146, 221, 1),
(17, 152, 222, 1),
(17, 154, 223, 1),
(17, 157, 224, 1),
(17, 321, 225, 1),
(17, 322, 226, 1),
(17, 323, 227, 1),
(17, 168, 228, 1),
(17, 174, 229, 1),
(17, 179, 230, 1),
(17, 185, 231, 1),
(17, 195, 232, 1),
(17, 196, 233, 1),
(17, 198, 234, 1),
(17, 200, 235, 1),
(17, 208, 236, 1),
(17, 140, 237, 1),
(17, 184, 238, 1),
(17, 177, 239, 1),
(17, 164, 240, 1),
(17, 161, 241, 1),
(17, 170, 242, 1),
(17, 158, 243, 1),
(17, 141, 244, 1),
(17, 145, 245, 1),
(17, 169, 246, 1),
(17, 175, 247, 1),
(17, 159, 248, 1),
(17, 193, 249, 1),
(17, 197, 250, 1),
(17, 324, 251, 1),
(17, 216, 252, 1),
(17, 325, 253, 1),
(17, 326, 254, 1),
(17, 327, 255, 1),
(17, 128, 256, 1),
(17, 129, 257, 1),
(17, 178, 258, 1),
(17, 167, 259, 1),
(17, 328, 260, 1),
(17, 329, 261, 1),
(17, 330, 262, 1),
(17, 331, 263, 1),
(17, 332, 264, 1),
(17, 427, 265, 1),
(17, 428, 266, 1),
(17, 429, 267, 1),
(17, 430, 268, 1),
(17, 431, 269, 1),
(17, 432, 270, 1),
(17, 433, 271, 1),
(17, 434, 272, 1),
(17, 435, 273, 1),
(17, 436, 274, 1),
(17, 437, 275, 1),
(17, 438, 276, 1),
(17, 439, 277, 1),
(17, 440, 278, 1),
(17, 441, 279, 1),
(17, 442, 280, 1),
(17, 443, 281, 1),
(17, 444, 282, 1),
(17, 445, 283, 1),
(17, 446, 284, 1),
(17, 447, 285, 1),
(17, 448, 286, 1),
(17, 449, 287, 1),
(17, 450, 288, 1),
(17, 451, 289, 1),
(17, 452, 290, 1),
(17, 453, 291, 1),
(17, 454, 292, 1),
(17, 455, 293, 1),
(17, 456, 294, 1),
(17, 457, 295, 1),
(17, 458, 296, 1),
(17, 459, 297, 1),
(17, 460, 298, 1),
(17, 461, 299, 1),
(17, 462, 300, 1),
(17, 463, 301, 1),
(17, 464, 302, 1),
(17, 465, 303, 1),
(17, 466, 304, 1),
(17, 467, 305, 1),
(17, 468, 306, 1),
(17, 469, 307, 1),
(17, 470, 308, 1),
(17, 471, 309, 1),
(17, 472, 310, 1),
(17, 473, 311, 1),
(17, 474, 312, 1),
(17, 475, 313, 1),
(17, 476, 314, 1),
(17, 477, 315, 1),
(17, 478, 316, 1),
(17, 479, 317, 1),
(17, 480, 318, 1),
(17, 481, 319, 1),
(17, 482, 320, 1),
(17, 483, 321, 1),
(17, 484, 322, 1),
(17, 485, 323, 1),
(17, 486, 324, 1),
(17, 487, 325, 1),
(17, 488, 326, 1),
(17, 489, 327, 1),
(17, 77, 328, 4),
(17, 78, 329, 4),
(17, 79, 330, 4),
(17, 80, 331, 4),
(17, 81, 332, 4),
(17, 82, 333, 4),
(17, 83, 334, 4),
(17, 84, 335, 4),
(17, 85, 336, 4),
(17, 86, 337, 4),
(17, 87, 338, 4),
(17, 88, 339, 4),
(17, 89, 340, 4),
(17, 90, 341, 4),
(17, 91, 342, 4),
(17, 92, 343, 4),
(17, 93, 344, 4),
(17, 94, 345, 4),
(17, 95, 346, 4),
(17, 96, 347, 4),
(17, 97, 348, 4),
(17, 98, 349, 4),
(17, 99, 350, 4),
(17, 100, 351, 4),
(17, 101, 352, 4),
(17, 102, 353, 4),
(17, 103, 354, 4),
(17, 104, 355, 4),
(17, 105, 356, 4),
(17, 106, 357, 4),
(17, 107, 358, 4),
(17, 108, 359, 4),
(17, 109, 360, 4),
(17, 110, 361, 4),
(17, 111, 362, 4),
(17, 112, 363, 4),
(17, 113, 364, 4),
(17, 114, 365, 4),
(17, 115, 366, 4),
(17, 116, 367, 4),
(17, 117, 368, 4),
(17, 118, 369, 4),
(17, 119, 370, 4),
(17, 120, 371, 4),
(17, 121, 372, 4),
(17, 122, 373, 4),
(17, 123, 374, 4),
(17, 124, 375, 4),
(17, 125, 376, 4),
(17, 126, 377, 4),
(17, 490, 378, 4),
(17, 491, 379, 4),
(17, 492, 380, 4),
(17, 493, 381, 4),
(17, 494, 382, 4),
(17, 495, 383, 4),
(17, 496, 384, 4),
(17, 497, 385, 4),
(17, 498, 386, 4),
(17, 499, 387, 4),
(17, 500, 388, 4),
(17, 501, 389, 4),
(17, 502, 390, 4),
(17, 503, 391, 4),
(17, 504, 392, 4),
(17, 505, 393, 4),
(17, 506, 394, 4),
(17, 507, 395, 4),
(17, 508, 396, 4),
(17, 509, 397, 4),
(17, 510, 398, 4),
(17, 511, 399, 4),
(17, 512, 400, 4),
(17, 513, 401, 4),
(17, 514, 402, 4),
(17, 515, 403, 4),
(17, 516, 404, 4),
(17, 517, 405, 4),
(17, 518, 406, 4),
(17, 519, 407, 4),
(17, 520, 408, 4),
(17, 521, 409, 4),
(17, 522, 410, 4),
(17, 523, 411, 4),
(17, 524, 412, 4),
(17, 525, 413, 4),
(17, 526, 414, 4),
(17, 527, 415, 4),
(17, 528, 416, 4),
(17, 529, 417, 4),
(17, 530, 418, 4),
(17, 531, 419, 4),
(17, 72, 420, 4),
(17, 73, 421, 4),
(17, 74, 422, 4),
(17, 75, 423, 4),
(17, 76, 424, 4),
(17, 232, 425, 4),
(17, 532, 428, 3),
(17, 533, 429, 3),
(17, 534, 430, 3),
(17, 535, 431, 3),
(17, 536, 432, 3),
(17, 537, 433, 3),
(17, 538, 434, 3),
(17, 539, 435, 3),
(17, 540, 436, 3),
(17, 541, 437, 3),
(17, 542, 438, 3),
(17, 543, 439, 3),
(17, 544, 440, 3),
(17, 545, 441, 3),
(17, 720, 442, 3),
(17, 358, 443, 3),
(17, 57, 444, 3),
(17, 64, 445, 3),
(17, 65, 446, 3),
(17, 66, 447, 3),
(17, 547, 448, 3),
(17, 548, 449, 3),
(17, 7, 450, 3),
(17, 549, 451, 3),
(17, 550, 452, 3),
(17, 551, 453, 3),
(17, 552, 454, 3),
(17, 553, 455, 3),
(17, 133, 456, 3),
(17, 335, 457, 3),
(17, 554, 458, 3),
(17, 555, 459, 3),
(17, 556, 460, 3),
(17, 557, 461, 3),
(17, 558, 462, 3),
(17, 559, 463, 3),
(17, 132, 464, 3),
(17, 561, 465, 3),
(17, 562, 466, 3),
(17, 34, 467, 3),
(17, 563, 468, 3),
(17, 564, 469, 3),
(17, 565, 470, 3),
(17, 59, 471, 3),
(17, 236, 472, 3),
(17, 165, 473, 3),
(17, 234, 474, 3),
(17, 186, 475, 3),
(17, 191, 476, 3),
(17, 219, 477, 3),
(17, 131, 478, 3),
(17, 188, 479, 3),
(17, 192, 480, 3),
(17, 187, 481, 3),
(17, 135, 482, 3),
(17, 221, 483, 3),
(17, 134, 484, 3),
(17, 149, 485, 1),
(17, 153, 486, 1),
(17, 155, 487, 1),
(17, 156, 488, 1),
(17, 163, 489, 1),
(17, 160, 490, 1),
(17, 162, 491, 1),
(17, 207, 492, 1),
(17, 205, 493, 1),
(17, 206, 494, 1),
(17, 203, 495, 1),
(17, 211, 496, 1),
(17, 209, 497, 1),
(17, 210, 498, 1),
(17, 220, 499, 1),
(17, 566, 500, 1),
(17, 567, 501, 3),
(17, 568, 502, 3),
(17, 569, 503, 3),
(17, 176, 504, 6),
(17, 570, 505, 1),
(17, 571, 506, 1),
(17, 572, 507, 1),
(17, 573, 508, 1),
(17, 574, 509, 1),
(17, 575, 510, 1),
(17, 576, 511, 1),
(17, 577, 512, 1),
(17, 578, 513, 1),
(17, 579, 514, 1),
(17, 580, 515, 1),
(17, 581, 516, 1),
(17, 582, 517, 1),
(17, 583, 518, 1),
(17, 584, 519, 1),
(17, 585, 520, 1),
(17, 586, 521, 1),
(17, 587, 522, 1),
(17, 588, 523, 1),
(17, 589, 524, 1),
(17, 590, 525, 1),
(17, 591, 526, 1),
(17, 592, 527, 1),
(17, 593, 528, 1),
(17, 594, 529, 1),
(17, 595, 530, 1),
(17, 596, 531, 1),
(17, 597, 532, 3),
(17, 598, 533, 3),
(17, 344, 534, 1),
(17, 345, 535, 1),
(17, 599, 536, 3),
(17, 618, 537, 1),
(17, 619, 538, 1),
(17, 620, 539, 1),
(17, 621, 540, 1),
(17, 622, 541, 1),
(17, 623, 542, 1),
(17, 624, 543, 1),
(17, 625, 544, 1),
(17, 626, 545, 1),
(17, 627, 546, 1),
(17, 628, 547, 1),
(17, 629, 548, 1),
(17, 630, 549, 1),
(17, 631, 550, 1),
(17, 632, 551, 1),
(17, 633, 552, 1),
(17, 634, 553, 1),
(17, 635, 554, 1),
(17, 636, 555, 1),
(17, 637, 556, 1),
(17, 638, 557, 1),
(17, 639, 558, 1),
(17, 640, 559, 1),
(17, 641, 560, 1),
(17, 642, 561, 1),
(17, 643, 562, 1),
(17, 644, 563, 1),
(17, 645, 564, 1),
(17, 646, 565, 6),
(17, 647, 566, 6),
(17, 648, 567, 6),
(17, 649, 568, 6),
(17, 650, 569, 6),
(17, 651, 570, 6),
(17, 652, 571, 1),
(17, 653, 572, 1),
(17, 654, 573, 1),
(17, 655, 574, 3),
(17, 656, 575, 1),
(17, 657, 576, 1),
(17, 658, 577, 1),
(17, 659, 578, 3),
(17, 660, 579, 3),
(17, 661, 580, 1),
(17, 662, 581, 1),
(17, 663, 582, 1),
(17, 664, 583, 1),
(17, 665, 584, 1),
(17, 666, 585, 1),
(17, 667, 586, 1),
(17, 668, 587, 1),
(17, 669, 588, 1),
(17, 670, 589, 1),
(17, 671, 590, 1),
(17, 672, 591, 6),
(17, 673, 592, 1),
(17, 674, 593, 1),
(17, 675, 594, 1),
(17, 676, 595, 1),
(17, 677, 596, 1),
(17, 678, 597, 1),
(17, 679, 598, 1),
(17, 680, 599, 1),
(17, 681, 600, 1),
(17, 682, 601, 1),
(17, 683, 602, 1),
(17, 684, 603, 1),
(17, 685, 604, 1),
(17, 686, 605, 1),
(17, 687, 606, 1),
(17, 688, 607, 1),
(17, 689, 608, 1),
(17, 690, 609, 1),
(17, 691, 610, 1),
(17, 692, 611, 1),
(17, 693, 612, 1),
(17, 694, 613, 1),
(17, 695, 614, 1),
(17, 696, 615, 1),
(17, 697, 616, 3),
(17, 698, 617, 3),
(17, 699, 618, 4),
(17, 700, 619, 4),
(17, 701, 620, 4),
(17, 702, 621, 3),
(17, 703, 622, 3),
(17, 704, 623, 3),
(17, 705, 624, 3),
(17, 706, 625, 3),
(17, 707, 626, 3),
(17, 708, 627, 3),
(17, 709, 628, 3),
(17, 710, 629, 3),
(17, 711, 630, 3),
(17, 712, 631, 3),
(17, 713, 632, 3),
(17, 714, 633, 3),
(17, 715, 634, 3),
(17, 716, 635, 3),
(17, 717, 636, 3),
(17, 718, 637, 3),
(17, 719, 638, 3),
(17, 721, 639, 1),
(17, 722, 640, 1),
(17, 723, 641, 3),
(17, 724, 642, 3),
(17, 725, 643, 3),
(17, 726, 644, 1),
(17, 727, 645, 6),
(17, 728, 646, 1),
(17, 729, 647, 1),
(17, 730, 648, 1),
(17, 731, 649, 1),
(17, 732, 650, 1),
(17, 61, 651, 3),
(17, 733, 652, 1),
(17, 734, 653, 1),
(17, 735, 654, 1),
(17, 736, 655, 1),
(17, 737, 656, 1),
(17, 738, 657, 1),
(17, 739, 658, 1),
(17, 740, 659, 1),
(17, 741, 660, 1),
(17, 742, 661, 1),
(17, 743, 662, 1),
(17, 744, 663, 1),
(17, 745, 664, 1),
(17, 746, 665, 1),
(17, 747, 666, 1),
(17, 748, 667, 1),
(17, 749, 668, 1),
(17, 750, 669, 1),
(17, 751, 670, 1),
(17, 752, 671, 1),
(17, 753, 672, 1),
(17, 754, 673, 1),
(17, 755, 674, 1),
(17, 756, 675, 1),
(17, 757, 676, 1),
(17, 758, 677, 1),
(17, 759, 678, 1),
(17, 760, 679, 1),
(17, 761, 680, 1),
(17, 762, 681, 1),
(17, 763, 682, 1),
(17, 764, 683, 1),
(17, 765, 684, 1),
(17, 766, 685, 1),
(17, 767, 686, 5),
(17, 768, 687, 5),
(17, 769, 688, 5),
(17, 770, 689, 3),
(17, 771, 690, 4),
(17, 772, 691, 4),
(17, 773, 692, 4),
(17, 774, 693, 4),
(17, 775, 694, 4),
(17, 776, 695, 3),
(17, 777, 696, 3),
(17, 778, 697, 3),
(17, 779, 698, 3),
(17, 780, 699, 1),
(17, 781, 700, 3),
(17, 782, 701, 3),
(17, 783, 702, 3),
(17, 784, 703, 3),
(17, 785, 704, 1),
(17, 786, 705, 3),
(17, 838, 706, 3),
(17, 788, 707, 3),
(17, 789, 708, 6),
(17, 790, 709, 6),
(17, 791, 710, 1),
(17, 792, 711, 1),
(17, 793, 712, 3),
(17, 794, 713, 3),
(17, 795, 714, 3),
(17, 796, 715, 1),
(17, 797, 716, 3),
(17, 798, 717, 3),
(17, 333, 718, 3),
(17, 340, 719, 3),
(17, 336, 720, 3),
(17, 337, 721, 3),
(17, 338, 722, 3),
(17, 339, 723, 3),
(17, 799, 724, 3),
(17, 342, 725, 3),
(17, 343, 726, 3),
(17, 346, 727, 3),
(17, 347, 728, 3),
(17, 348, 729, 3),
(17, 349, 730, 3),
(17, 350, 731, 3),
(17, 351, 732, 3),
(17, 352, 733, 3),
(17, 353, 734, 3),
(17, 356, 735, 3),
(17, 334, 736, 3),
(17, 233, 737, 4),
(17, 800, 738, 3),
(17, 801, 739, 3),
(17, 802, 740, 3),
(17, 803, 741, 3),
(17, 804, 742, 3),
(17, 805, 743, 3),
(17, 806, 744, 3),
(17, 807, 745, 3),
(17, 808, 746, 3),
(17, 809, 747, 3),
(17, 810, 748, 3),
(17, 811, 749, 3),
(17, 812, 750, 3),
(17, 348, 751, 3),
(17, 814, 752, 1),
(17, 815, 753, 1),
(17, 816, 754, 1),
(17, 817, 755, 1),
(17, 818, 756, 1),
(17, 819, 757, 1),
(17, 820, 758, 1),
(17, 821, 759, 1),
(17, 822, 760, 1),
(17, 823, 761, 1),
(17, 824, 762, 1),
(17, 825, 763, 1),
(17, 826, 764, 1),
(17, 827, 765, 3),
(17, 828, 766, 3),
(17, 829, 767, 1),
(17, 830, 768, 1),
(17, 831, 769, 1),
(17, 832, 770, 1),
(17, 348, 771, 3),
(17, 348, 772, 3),
(17, 835, 773, 3),
(17, 836, 774, 3),
(17, 837, 775, 3),
(17, 839, 776, 9),
(17, 840, 777, 9),
(17, 841, 778, 9),
(17, 842, 779, 9),
(17, 843, 780, 9),
(17, 844, 781, 9),
(17, 845, 782, 9),
(17, 846, 783, 9),
(17, 847, 784, 9),
(17, 848, 785, 9),
(17, 849, 786, 9),
(17, 850, 787, 9),
(17, 851, 788, 9),
(17, 852, 789, 9),
(17, 853, 790, 9),
(17, 854, 791, 9),
(17, 855, 792, 9),
(17, 856, 793, 9),
(17, 857, 794, 9),
(17, 858, 795, 1),
(17, 859, 796, 1),
(17, 860, 797, 3),
(17, 861, 798, 9),
(17, 862, 799, 9),
(17, 863, 800, 9),
(17, 864, 801, 9),
(17, 865, 802, 9),
(17, 866, 803, 9),
(17, 867, 804, 9),
(17, 868, 805, 9),
(17, 869, 806, 9),
(17, 870, 807, 9),
(17, 871, 808, 9),
(17, 872, 809, 9),
(17, 873, 810, 9),
(17, 874, 811, 9),
(17, 875, 812, 9),
(17, 876, 813, 9),
(17, 877, 814, 9),
(17, 878, 815, 9),
(17, 879, 816, 9),
(17, 880, 817, 9),
(17, 881, 818, 9),
(17, 882, 819, 9),
(17, 883, 820, 9),
(17, 884, 821, 9),
(17, 885, 822, 9),
(17, 886, 823, 9),
(17, 887, 824, 9),
(17, 888, 825, 9),
(17, 889, 826, 9),
(17, 890, 827, 9),
(17, 891, 828, 9),
(17, 892, 829, 9),
(17, 893, 830, 9),
(17, 894, 831, 9),
(17, 895, 832, 9),
(17, 896, 833, 9),
(17, 897, 834, 9),
(17, 898, 835, 9),
(17, 899, 836, 9),
(17, 900, 841, 3),
(17, 901, 842, 3),
(17, 902, 843, 3),
(17, 903, 844, 1),
(17, 904, 845, 3),
(17, 905, 846, 1),
(17, 906, 847, 3),
(17, 907, 849, 1),
(17, 908, 850, 3),
(17, 909, 851, 1),
(17, 910, 852, 6),
(17, 911, 853, 1),
(17, 912, 854, 1),
(17, 913, 855, 1),
(17, 914, 856, 1),
(17, 915, 857, 3),
(17, 916, 858, 3),
(17, 917, 860, 3),
(17, 918, 879, 1),
(17, 919, 880, 1),
(17, 920, 881, 1),
(17, 921, 882, 1),
(17, 922, 883, 1),
(17, 923, 884, 1),
(17, 924, 904, 1),
(17, 925, 905, 1),
(17, 926, 906, 1),
(17, 927, 907, 1),
(17, 928, 908, 1),
(17, 929, 909, 1),
(17, 930, 910, 1),
(17, 931, 911, 1),
(17, 932, 912, 1),
(17, 933, 913, 1),
(17, 934, 914, 1),
(17, 935, 915, 1),
(17, 936, 916, 1),
(17, 937, 917, 1),
(17, 938, 918, 1),
(17, 939, 919, 1),
(17, 940, 920, 1),
(101, 1, 0, null),
(101, 2, 1, 2),
(101, 3, 2, 2),
(101, 4, 3, 2),
(101, 5, 4, 2),
(101, 8, 5, 2),
(101, 238, 6, 2),
(101, 239, 7, 2),
(101, 240, 8, 2),
(101, 241, 9, 2),
(101, 242, 10, 2),
(101, 243, 11, 2),
(101, 244, 12, 2),
(101, 19, 13, 1),
(101, 10, 14, 1),
(101, 11, 15, 1),
(101, 12, 16, 1),
(101, 13, 17, 1),
(101, 14, 18, 1),
(101, 15, 19, 1),
(101, 16, 20, 1),
(101, 17, 21, 1),
(101, 18, 22, 1),
(101, 41, 23, 1),
(101, 42, 24, 1),
(101, 43, 25, 1),
(101, 48, 26, 1),
(101, 49, 27, 1),
(101, 50, 28, 1),
(101, 136, 29, 1),
(101, 180, 30, 1),
(101, 181, 31, 1),
(101, 182, 32, 1),
(101, 183, 33, 1),
(101, 68, 34, 1),
(101, 69, 35, 1),
(101, 70, 36, 1),
(101, 71, 37, 1),
(101, 245, 38, 1),
(101, 246, 39, 1),
(101, 247, 40, 1),
(101, 248, 41, 1),
(101, 249, 42, 1),
(101, 250, 43, 1),
(101, 194, 44, 1),
(101, 202, 45, 1),
(101, 251, 46, 1),
(101, 252, 47, 1),
(101, 253, 48, 1),
(101, 254, 49, 1),
(101, 255, 50, 1),
(101, 256, 51, 1),
(101, 26, 63, 1),
(101, 27, 64, 1),
(101, 28, 65, 1),
(101, 29, 66, 1),
(101, 30, 67, 1),
(101, 31, 68, 1),
(101, 67, 69, 1),
(101, 257, 70, 1),
(101, 258, 71, 1),
(101, 44, 73, 1),
(101, 47, 74, 1),
(101, 53, 75, 1),
(101, 54, 76, 1),
(101, 55, 77, 1),
(101, 36, 78, 1),
(101, 56, 79, 1),
(101, 40, 80, 1),
(101, 259, 81, 1),
(101, 45, 83, 1),
(101, 46, 84, 1),
(101, 20, 85, 1),
(101, 21, 86, 1),
(101, 214, 93, 1),
(101, 9, 94, 1),
(101, 23, 95, 1),
(101, 24, 96, 1),
(101, 25, 97, 1),
(101, 37, 98, 1),
(101, 150, 103, 1),
(101, 151, 104, 1),
(101, 172, 106, 1),
(101, 173, 107, 1),
(101, 189, 108, 1),
(101, 190, 109, 1),
(101, 39, 110, 1),
(101, 260, 111, 1),
(101, 273, 133, 5),
(101, 274, 134, 5),
(101, 275, 135, 5),
(101, 276, 136, 5),
(101, 277, 137, 5),
(101, 278, 138, 5),
(101, 279, 139, 5),
(101, 280, 140, 5),
(101, 281, 141, 5),
(101, 282, 142, 5),
(101, 283, 143, 5),
(101, 284, 144, 5),
(101, 285, 145, 5),
(101, 286, 146, 5),
(101, 287, 147, 5),
(101, 288, 148, 5),
(101, 289, 149, 5),
(101, 290, 150, 5),
(101, 291, 151, 5),
(101, 292, 152, 5),
(101, 293, 153, 5),
(101, 294, 154, 5),
(101, 295, 155, 5),
(101, 296, 156, 5),
(101, 297, 157, 5),
(101, 298, 158, 5),
(101, 299, 159, 5),
(101, 300, 160, 5),
(101, 301, 161, 5),
(101, 302, 162, 5),
(101, 303, 163, 5),
(101, 304, 164, 5),
(101, 305, 165, 5),
(101, 306, 166, 5),
(101, 307, 167, 5),
(101, 308, 168, 5),
(101, 309, 169, 5),
(101, 310, 170, 5),
(101, 311, 171, 5),
(101, 312, 172, 5),
(101, 313, 173, 5),
(101, 314, 174, 5),
(101, 127, 179, 1),
(101, 316, 180, 1),
(101, 317, 181, 1),
(101, 63, 182, 1),
(101, 137, 183, 1),
(101, 318, 184, 1),
(101, 319, 185, 1),
(101, 320, 186, 1),
(101, 146, 187, 1),
(101, 152, 188, 1),
(101, 154, 189, 1),
(101, 157, 190, 1),
(101, 321, 191, 1),
(101, 322, 192, 1),
(101, 323, 193, 1),
(101, 168, 194, 1),
(101, 174, 195, 1),
(101, 179, 196, 1),
(101, 185, 197, 1),
(101, 195, 198, 1),
(101, 196, 199, 1),
(101, 198, 200, 1),
(101, 200, 201, 1),
(101, 208, 202, 1),
(101, 140, 203, 1),
(101, 184, 204, 1),
(101, 177, 205, 1),
(101, 164, 206, 1),
(101, 161, 207, 1),
(101, 170, 208, 1),
(101, 158, 209, 1),
(101, 141, 210, 1),
(101, 145, 211, 1),
(101, 169, 212, 1),
(101, 175, 213, 1),
(101, 159, 214, 1),
(101, 193, 215, 1),
(101, 197, 216, 1),
(101, 324, 217, 1),
(101, 216, 218, 1),
(101, 325, 219, 1),
(101, 326, 220, 1),
(101, 327, 221, 1),
(101, 128, 222, 1),
(101, 129, 223, 1),
(101, 178, 224, 1),
(101, 167, 225, 1),
(101, 328, 254, 1),
(101, 329, 255, 1),
(101, 330, 256, 1),
(101, 331, 257, 1),
(101, 332, 258, 1),
(101, 77, 289, 4),
(101, 78, 290, 4),
(101, 79, 291, 4),
(101, 80, 292, 4),
(101, 81, 293, 4),
(101, 82, 294, 4),
(101, 83, 295, 4),
(101, 84, 296, 4),
(101, 85, 297, 4),
(101, 86, 298, 4),
(101, 87, 299, 4),
(101, 88, 300, 4),
(101, 89, 301, 4),
(101, 90, 302, 4),
(101, 91, 303, 4),
(101, 92, 304, 4),
(101, 93, 305, 4),
(101, 94, 306, 4),
(101, 95, 307, 4),
(101, 96, 308, 4),
(101, 97, 309, 4),
(101, 98, 310, 4),
(101, 99, 311, 4),
(101, 100, 312, 4),
(101, 101, 313, 4),
(101, 102, 314, 4),
(101, 103, 315, 4),
(101, 104, 316, 4),
(101, 105, 317, 4),
(101, 106, 318, 4),
(101, 107, 319, 4),
(101, 108, 320, 4),
(101, 109, 321, 4),
(101, 110, 322, 4),
(101, 111, 323, 4),
(101, 112, 324, 4),
(101, 113, 325, 4),
(101, 114, 326, 4),
(101, 115, 327, 4),
(101, 116, 328, 4),
(101, 117, 329, 4),
(101, 118, 330, 4),
(101, 119, 331, 4),
(101, 120, 332, 4),
(101, 121, 333, 4),
(101, 122, 334, 4),
(101, 123, 335, 4),
(101, 124, 336, 4),
(101, 125, 337, 4),
(101, 126, 338, 4),
(101, 10001, 500, 3),
(101, 10002, 501, 3),
(101, 10003, 502, 3),
(101, 10004, 503, 3),
(101, 10005, 504, 3),
(101, 10006, 505, 3),
(101, 10007, 506, 3),
(101, 10008, 507, 3),
(101, 10009, 508, 3),
(101, 10010, 509, 3),
(101, 10011, 510, 3),
(101, 10012, 511, 3),
(101, 10013, 512, 3),
(101, 10014, 513, 3),
(101, 10015, 514, 3),
(101, 10016, 515, 3),
(101, 10017, 516, 3),
(101, 10018, 517, 3),
(101, 10019, 518, 3),
(101, 10020, 519, 3),
(101, 10021, 520, 3),
(101, 10022, 521, 3),
(101, 10023, 522, 3),
(101, 10024, 523, 3),
(101, 10025, 524, 3),
(101, 10026, 525, 3),
(101, 10027, 526, 3),
(101, 10028, 527, 3),
(101, 10029, 528, 3),
(101, 10030, 529, 3),
(101, 10031, 530, 3),
(101, 10032, 531, 3),
(101, 10033, 532, 3),
(101, 10034, 533, 3),
(101, 10035, 534, 3),
(101, 10036, 535, 3),
(101, 10037, 536, 3),
(101, 10038, 537, 1),
(101, 10039, 538, 3),
(101, 10040, 539, 3),
(101, 10041, 540, 3),
(101, 10042, 541, 3),
(101, 10043, 542, null),
(101, 10044, 543, null),
(101, 10045, 544, null),
(101, 10046, 545, 3),
(101, 10047, 546, 3),
(101, 10048, 547, 3),
(102, 1, 0, null),
(102, 2, 1, 2),
(102, 3, 2, 2),
(102, 4, 3, 2),
(102, 5, 4, 2),
(102, 8, 5, 2),
(102, 238, 6, 2),
(102, 239, 7, 2),
(102, 240, 8, 2),
(102, 241, 9, 2),
(102, 242, 10, 2),
(102, 243, 11, 2),
(102, 244, 12, 2),
(102, 19, 13, 1),
(102, 10, 14, 1),
(102, 11, 15, 1),
(102, 12, 16, 1),
(102, 13, 17, 1),
(102, 14, 18, 1),
(102, 15, 19, 1),
(102, 16, 20, 1),
(102, 17, 21, 1),
(102, 18, 22, 1),
(102, 41, 23, 1),
(102, 42, 24, 1),
(102, 43, 25, 1),
(102, 48, 26, 1),
(102, 49, 27, 1),
(102, 50, 28, 1),
(102, 136, 29, 1),
(102, 180, 30, 1),
(102, 181, 31, 1),
(102, 182, 32, 1),
(102, 183, 33, 1),
(102, 68, 34, 1),
(102, 69, 35, 1),
(102, 70, 36, 1),
(102, 71, 37, 1),
(102, 245, 38, 1),
(102, 246, 39, 1),
(102, 247, 40, 1),
(102, 248, 41, 1),
(102, 249, 42, 1),
(102, 250, 43, 1),
(102, 194, 44, 1),
(102, 202, 45, 1),
(102, 251, 46, 1),
(102, 252, 47, 1),
(102, 253, 48, 1),
(102, 254, 49, 1),
(102, 255, 50, 1),
(102, 256, 51, 1),
(102, 26, 63, 1),
(102, 27, 64, 1),
(102, 28, 65, 1),
(102, 29, 66, 1),
(102, 30, 67, 1),
(102, 31, 68, 1),
(102, 67, 69, 1),
(102, 257, 70, 1),
(102, 258, 71, 1),
(102, 44, 73, 1),
(102, 47, 74, 1),
(102, 53, 75, 1),
(102, 54, 76, 1),
(102, 55, 77, 1),
(102, 36, 78, 1),
(102, 56, 79, 1),
(102, 40, 80, 1),
(102, 259, 81, 1),
(102, 45, 83, 1),
(102, 46, 84, 1),
(102, 20, 85, 1),
(102, 21, 86, 1),
(102, 214, 93, 1),
(102, 9, 94, 1),
(102, 23, 95, 1),
(102, 24, 96, 1),
(102, 25, 97, 1),
(102, 37, 98, 1),
(102, 150, 103, 1),
(102, 151, 104, 1),
(102, 172, 106, 1),
(102, 173, 107, 1),
(102, 189, 108, 1),
(102, 190, 109, 1),
(102, 39, 110, 1),
(102, 260, 111, 1),
(102, 273, 133, 5),
(102, 274, 134, 5),
(102, 275, 135, 5),
(102, 276, 136, 5),
(102, 277, 137, 5),
(102, 278, 138, 5),
(102, 279, 139, 5),
(102, 280, 140, 5),
(102, 281, 141, 5),
(102, 282, 142, 5),
(102, 283, 143, 5),
(102, 284, 144, 5),
(102, 285, 145, 5),
(102, 286, 146, 5),
(102, 287, 147, 5),
(102, 288, 148, 5),
(102, 289, 149, 5),
(102, 290, 150, 5),
(102, 291, 151, 5),
(102, 292, 152, 5),
(102, 293, 153, 5),
(102, 294, 154, 5),
(102, 295, 155, 5),
(102, 296, 156, 5),
(102, 297, 157, 5),
(102, 298, 158, 5),
(102, 299, 159, 5),
(102, 300, 160, 5),
(102, 301, 161, 5),
(102, 302, 162, 5),
(102, 303, 163, 5),
(102, 304, 164, 5),
(102, 305, 165, 5),
(102, 306, 166, 5),
(102, 307, 167, 5),
(102, 308, 168, 5),
(102, 309, 169, 5),
(102, 310, 170, 5),
(102, 311, 171, 5),
(102, 312, 172, 5),
(102, 313, 173, 5),
(102, 314, 174, 5),
(102, 127, 179, 1),
(102, 316, 180, 1),
(102, 317, 181, 1),
(102, 63, 182, 1),
(102, 137, 183, 1),
(102, 318, 184, 1),
(102, 319, 185, 1),
(102, 320, 186, 1),
(102, 146, 187, 1),
(102, 152, 188, 1),
(102, 154, 189, 1),
(102, 157, 190, 1),
(102, 321, 191, 1),
(102, 322, 192, 1),
(102, 323, 193, 1),
(102, 168, 194, 1),
(102, 174, 195, 1),
(102, 179, 196, 1),
(102, 185, 197, 1),
(102, 195, 198, 1),
(102, 196, 199, 1),
(102, 198, 200, 1),
(102, 200, 201, 1),
(102, 208, 202, 1),
(102, 140, 203, 1),
(102, 184, 204, 1),
(102, 177, 205, 1),
(102, 164, 206, 1),
(102, 161, 207, 1),
(102, 170, 208, 1),
(102, 158, 209, 1),
(102, 141, 210, 1),
(102, 145, 211, 1),
(102, 169, 212, 1),
(102, 175, 213, 1),
(102, 159, 214, 1),
(102, 193, 215, 1),
(102, 197, 216, 1),
(102, 324, 217, 1),
(102, 216, 218, 1),
(102, 325, 219, 1),
(102, 326, 220, 1),
(102, 327, 221, 1),
(102, 128, 222, 1),
(102, 129, 223, 1),
(102, 178, 224, 1),
(102, 167, 225, 1),
(102, 328, 254, 1),
(102, 329, 255, 1),
(102, 330, 256, 1),
(102, 331, 257, 1),
(102, 332, 258, 1),
(102, 77, 289, 4),
(102, 78, 290, 4),
(102, 79, 291, 4),
(102, 80, 292, 4),
(102, 81, 293, 4),
(102, 82, 294, 4),
(102, 83, 295, 4),
(102, 84, 296, 4),
(102, 85, 297, 4),
(102, 86, 298, 4),
(102, 87, 299, 4),
(102, 88, 300, 4),
(102, 89, 301, 4),
(102, 90, 302, 4),
(102, 91, 303, 4),
(102, 92, 304, 4),
(102, 93, 305, 4),
(102, 94, 306, 4),
(102, 95, 307, 4),
(102, 96, 308, 4),
(102, 97, 309, 4),
(102, 98, 310, 4),
(102, 99, 311, 4),
(102, 100, 312, 4),
(102, 101, 313, 4),
(102, 102, 314, 4),
(102, 103, 315, 4),
(102, 104, 316, 4),
(102, 105, 317, 4),
(102, 106, 318, 4),
(102, 107, 319, 4),
(102, 108, 320, 4),
(102, 109, 321, 4),
(102, 110, 322, 4),
(102, 111, 323, 4),
(102, 112, 324, 4),
(102, 113, 325, 4),
(102, 114, 326, 4),
(102, 115, 327, 4),
(102, 116, 328, 4),
(102, 117, 329, 4),
(102, 118, 330, 4),
(102, 119, 331, 4),
(102, 120, 332, 4),
(102, 121, 333, 4),
(102, 122, 334, 4),
(102, 123, 335, 4),
(102, 124, 336, 4),
(102, 125, 337, 4),
(102, 126, 338, 4),
(102, 10049, 500, 3),
(102, 10050, 501, 3),
(102, 10051, 502, 3),
(102, 10052, 503, 3),
(102, 10053, 504, 3),
(102, 10054, 505, 3),
(102, 10055, 506, 3),
(102, 10056, 507, 3),
(102, 10057, 508, 3),
(102, 10058, 509, 3),
(102, 10059, 510, 3),
(102, 10060, 511, 1),
(102, 10043, 512, 3),
(102, 10044, 513, null),
(102, 10045, 514, null),
(102, 10046, 515, null),
(102, 10061, 516, 3),
(102, 10062, 517, 3),
(102, 10063, 518, 3),
(102, 10064, 519, 3),
(102, 10065, 523, 3),
(102, 10066, 524, 3),
(102, 10067, 525, 3),
(102, 10068, 526, 3),
(102, 10069, 527, 3),
(102, 10070, 528, 3),
(102, 10071, 529, 3),
(102, 10072, 530, 3),
(102, 10073, 531, 3),
(102, 10074, 532, 3),
(102, 10075, 533, 3),
(102, 10076, 534, null),
(102, 10077, 535, null),
(102, 10078, 536, null),
(102, 10079, 537, null),
(102, 10080, 538, null),
(102, 10081, 539, null),
(102, 10082, 540, null),
(102, 10083, 541, null),
(102, 10084, 542, null),
(102, 10085, 543, null),
(102, 10086, 544, null),
(102, 10087, 545, null),
(102, 10088, 546, null),
(102, 10089, 547, null),
(102, 10090, 548, null),
(102, 10091, 549, null),
(102, 10092, 550, null),
(102, 10093, 551, null),
(102, 10094, 552, null),
(102, 10095, 553, null),
(102, 10096, 554, null),
(102, 10097, 555, null),
(102, 10098, 556, null),
(102, 10099, 557, null),
(102, 10100, 558, null),
(102, 10101, 559, null),
(102, 10102, 560, null),
(102, 10103, 561, null),
(102, 10104, 562, null),
(102, 10105, 563, null),
(102, 10106, 564, null),
(102, 10107, 565, null),
(102, 10108, 566, null),
(102, 10109, 567, null),
(102, 10110, 568, null),
(102, 10111, 569, null),
(102, 10112, 570, null),
(102, 10113, 571, null),
(102, 10114, 572, null),
(102, 10115, 573, null),
(102, 10116, 574, null),
(102, 10117, 575, null),
(102, 10118, 576, null),
(102, 10119, 577, null),
(102, 10120, 578, null),
(102, 10121, 579, null),
(102, 10122, 580, null),
(102, 10123, 581, null),
(102, 10124, 582, null),
(102, 10125, 583, null),
(102, 10126, 584, null),
(102, 10127, 585, null),
(102, 10128, 586, null),
(102, 10129, 587, null),
(102, 10130, 588, null),
(102, 10131, 589, null),
(102, 10132, 590, null),
(102, 10133, 591, null),
(102, 10134, 592, null),
(102, 10135, 593, null)
;
