use `stats`;


insert into `formats` (
	`id`,
	`name`,
	`generation`,
	`level`,
	`field_size`,
	`team_size`,
	`in_battle_team_size`
) values
(1, "Smogon Gen 6 Anything Goes", 6, 100, 1, 6, 6),
(2, "Smogon Gen 6 Ubers", 6, 100, 1, 6, 6),
(3, "Smogon Gen 6 OU", 6, 100, 1, 6, 6),
(4, "Smogon Gen 6 UU", 6, 100, 1, 6, 6),
(5, "Smogon Gen 6 RU", 6, 100, 1, 6, 6),
(6, "Smogon Gen 6 NU", 6, 100, 1, 6, 6),
(7, "Smogon Gen 6 PU", 6, 100, 1, 6, 6),

(8, "Smogon Gen 6 Doubles Ubers", 6, 100, 2, 6, 6),
(9, "Smogon Gen 6 Doubles OU", 6, 100, 2, 6, 6),
(10, "Smogon Gen 6 Doubles UU", 6, 100, 2, 6, 6),

(11, "VGC 2014", 6, 50, 2, 6, 4),
(12, "VGC 2015", 6, 50, 2, 6, 4),
(13, "VGC 2016", 6, 50, 2, 6, 4),
(14, "VGC 2017", 7, 50, 2, 6, 4)

(15, "Smogon Gen 7 Anything Goes", 7, 100, 1, 6, 6),
(16, "Smogon Gen 7 Ubers", 7, 100, 1, 6, 6),
(17, "Smogon Gen 7 OU", 7, 100, 1, 6, 6),
(18, "Smogon Gen 7 UU", 7, 100, 1, 6, 6),
(19, "Smogon Gen 7 RU", 7, 100, 1, 6, 6),
(20, "Smogon Gen 7 NU", 7, 100, 1, 6, 6),
(21, "Smogon Gen 7 PU", 7, 100, 1, 6, 6),

(22, "Smogon Gen 7 Doubles Ubers", 7, 100, 2, 6, 6),
(23, "Smogon Gen 7 Doubles OU", 7, 100, 2, 6, 6),
(24, "Smogon Gen 7 Doubles UU", 7, 100, 2, 6, 6)
;


insert into `showdown_formats_to_import` (
	`name`,
	`format_id`
) values
("anythinggoes", 1),
("ubers", 2),
("ou", 3),
("uu", 4),
("ru", 5),
("nu", 6),
("pu", 7),

("smogondoublesubers", 8),
("doublesubers", 8),
("smogondoubles", 9),
("doublesou", 9),
("smogondoublesuu", 10),
("doublesuu", 10),

("vgc2014", 11),
("vgc2015", 12),
("vgc2016", 13),
("vgc2017", 14)

# TODO: add gen 7 format names
;


insert into `showdown_formats_to_ignore` (
	`name`
) values
("1v1"),
("2v2doubles"),
("350cup"),
("aaaubers"),
("abilityunity"),
("almostanyability"),
("averagemons"),
("balancedhackmons"),
("battlecup1v1"),
("battlefactory"),
("battleofhoenn"),
("battlespotdoubles"),
("battlespotsingles"),
("battlespotspecial10"),
("battlespotspecial11"),
("battlespotspecial12"),
("battlespotspecial13"),
("battlespotspecial17"),
("battlespotspecial7"),
("battlespotspecial8"),
("battlespottriples"),
("bhdoubles"),
("cap"),
("capcrucibelleplaytest"),
("capnaviathanplaytest"),
("capplasmantaplaytest"),
("challengecup"),
("challengecup1v1"),
("challengecup1vs1"),
("classichackmons"),
("custompower"),
("doublesoususpecttest"),
("dragoncup"),
("enchanteditems"),
("enterthedragontype"),
("extremetiershift"),
("festivefeud"),
("finaldestination"),
("flashclash"),
("followtheleader"),
("fu"),
("gen1ou"),
("gen1oubeta"),
("gen1randombattle"),
("gen1uu"),
("gen2ou"),
("gen2oubeta"),
("gen2uu"),
("gen3nu"),
("gen3ou"),
("gen3oubeta"),
("gen3ubers"),
("gen3ubersbeta"),
("gen4lc"),
("gen4ou"),
("gen4ubers"),
("gen4uu"),
("gen5doublesou"),
("gen5gbudoubles"),
("gen5gbusingles"),
("gen5lc"),
("gen5nu"),
("gen5ou"),
("gen5ru"),
("gen5smogondoubles"),
("gen5ubers"),
("gen5uu"),
("generationshowdown"),
("godsandfollowers"),
("gottalent"),
("hackmons1v1"),
("hackmonscup"),
("hiddentype"),
("higheststatmeta"),
("inheritance"),
("inversebattle"),
("johtoclassic"),
("kantoclassic"),
("lc"),
("lcextended"),
("lcsuspecttest"),
("lcuu"),
("linked"),
("megamons"),
("metagamiate"),
("mixandmega"),
("monogen"),
("monotype"),
("monsjustmons"),
("mrboneswildride"),
("natureswap"),
("noguardgalaxy"),
("nostatus"),
("nususpecttest"),
("ounomega"),
("oususpecttest"),
("pgllittlecup"),
("pikachucup"),
("primalbattle"),
("proteanpalace"),
("pususpecttest"),
("randombattle"),
("randomdoublesbattle"),
("randomtriplesbattle"),
("rususpecttest"),
("sametypestealthrock"),
("scrappyskirmish"),
("seasonaldimensiondoom"),
("seasonalhanvshun"),
("seasonalpolaropposites"),
("seasonalrainbowroad"),
("seasonalsleighshowdown"),
("seasonalspacetimefuntimes"),
("seasonalspoopyparty"),
("seasonalstrikesback"),
("seasonalsupersquadsmackdown"),
("seasonalsuperstaffbros"),
("seasonalyouarenotprepared"),
("sinnohclassic"),
("sketchmons"),
("smogondoublessuspecttest"),
("smogontriples"),
("spookycup"),
("stabmons"),
("statswitch"),
("tiershift"),
("typereflector"),
("uberssuspecttest"),
("unovaclassic"),
("unreleasedou"),
("uunoscald"),
("uususpecttest"),
("voltturnmayhem")
;
